source_file,source_page,source_row,reason,original_record
Drug_Products_Directory_Yemen.pdf,3,1,"Arabic source text extracted from PDF requires visual/source review; value was preserved without correction","َضالد انجشد"
Drug_Products_Directory_Yemen.pdf,3,2,"Arabic source text extracted from PDF requires visual/source review; value was preserved without correction","َضالد انجشد"
Drug_Products_Directory_Yemen.pdf,3,3,"Arabic source text extracted from PDF requires visual/source review; value was preserved without correction","Deficiency َمص ف ٍتبي ٍُبد"
Drug_Products_Directory_Yemen.pdf,3,5,"Arabic source text extracted from PDF requires visual/source review; value was preserved without correction","ٌ انشبئؼخ انذ ٌذا"
Drug_Products_Directory_Yemen.pdf,3,6,"Arabic source text extracted from PDF requires visual/source review; value was preserved without correction","اجهضح تشخ ٍص ٍخ"
Drug_Products_Directory_Yemen.pdf,3,7,"Arabic source text extracted from PDF requires visual/source review; value was preserved without correction","Asthma انشثى ً انشؼج"
Drug_Products_Directory_Yemen.pdf,4,1,"Arabic source text extracted from PDF requires visual/source review; value was preserved without correction","Infections األصبثبد انجكت ٍش ٌخ"
Drug_Products_Directory_Yemen.pdf,4,2,"Arabic source text extracted from PDF requires visual/source review; value was preserved without correction","Analgesic يهذئبد األوجبع وانح ًى"
Drug_Products_Directory_Yemen.pdf,4,3,"Arabic source text extracted from PDF requires visual/source review; value was preserved without correction","Disorders اضطشاثبد انجهبص ً انت ُفغ"
Drug_Products_Directory_Yemen.pdf,4,4,"Arabic source text extracted from PDF requires visual/source review; value was preserved without correction","األصبثبد انف ٍشوع ٍخ"
Drug_Products_Directory_Yemen.pdf,4,5,"Arabic source text extracted from PDF requires visual/source review; value was preserved without correction","انهضى"
Drug_Products_Directory_Yemen.pdf,4,6,"Arabic source text extracted from PDF requires visual/source review; value was preserved without correction","انهضى"
Drug_Products_Directory_Yemen.pdf,4,7,"Arabic source text extracted from PDF requires visual/source review; value was preserved without correction","انهضى"
Drug_Products_Directory_Yemen.pdf,5,1,"Arabic source text extracted from PDF requires visual/source review; value was preserved without correction","انهضى"
Drug_Products_Directory_Yemen.pdf,5,2,"Arabic source text extracted from PDF requires visual/source review; value was preserved without correction","انهضى"
Drug_Products_Directory_Yemen.pdf,5,4,"Arabic source text extracted from PDF requires visual/source review; value was preserved without correction","ان ًؼذح"
Drug_Products_Directory_Yemen.pdf,6,4,"Arabic source text extracted from PDF requires visual/source review; value was preserved without correction","أيشاض انغكشي"
Drug_Products_Directory_Yemen.pdf,6,5,"Arabic source text extracted from PDF requires visual/source review; value was preserved without correction","َضالد انجشد"
Drug_Products_Directory_Yemen.pdf,6,6,"Arabic source text extracted from PDF requires visual/source review; value was preserved without correction","َضالد انجشد"
Drug_Products_Directory_Yemen.pdf,6,7,"Arabic source text extracted from PDF requires visual/source review; value was preserved without correction","انهضى"
Drug_Products_Directory_Yemen.pdf,7,1,"Arabic source text extracted from PDF requires visual/source review; value was preserved without correction","أيشاض انغكشي"
Drug_Products_Directory_Yemen.pdf,7,2,"Arabic source text extracted from PDF requires visual/source review; value was preserved without correction","أيشاض انغكشي"
Drug_Products_Directory_Yemen.pdf,7,3,"Arabic source text extracted from PDF requires visual/source review; value was preserved without correction","أيشاض انغكشي"
Drug_Products_Directory_Yemen.pdf,7,4,"Arabic source text extracted from PDF requires visual/source review; value was preserved without correction","األوجبع"
Drug_Products_Directory_Yemen.pdf,7,5,"Arabic source text extracted from PDF requires visual/source review; value was preserved without correction","األصبثبد انف ٍشوع ٍخ"
Drug_Products_Directory_Yemen.pdf,7,6,"Arabic source text extracted from PDF requires visual/source review; value was preserved without correction","األصبثبد انف ٍشوع ٍخ"
Drug_Products_Directory_Yemen.pdf,7,7,"Arabic source text extracted from PDF requires visual/source review; value was preserved without correction","استفبع ضغظ انذو"
Drug_Products_Directory_Yemen.pdf,8,2,"Arabic source text extracted from PDF requires visual/source review; value was preserved without correction","ا َتظبو ضشثبد انمهت"
Drug_Products_Directory_Yemen.pdf,8,3,"Arabic source text extracted from PDF requires visual/source review; value was preserved without correction","ا َتظبو ضشثبد انمهت"
Drug_Products_Directory_Yemen.pdf,8,4,"Arabic source text extracted from PDF requires visual/source review; value was preserved without correction","Analgesic يهذئبد األوجبع وانح ًى"
Drug_Products_Directory_Yemen.pdf,8,5,"Arabic source text extracted from PDF requires visual/source review; value was preserved without correction","َضالد انجشد"
Drug_Products_Directory_Yemen.pdf,8,6,"Arabic source text extracted from PDF requires visual/source review; value was preserved without correction","Analgesic يهذئبد األوجبع وانح ًى"
Drug_Products_Directory_Yemen.pdf,8,7,"Arabic source text extracted from PDF requires visual/source review; value was preserved without correction","Analgesic يهذئبد األوجبع وانح ًى"
Drug_Products_Directory_Yemen.pdf,9,1,"Arabic source text extracted from PDF requires visual/source review; value was preserved without correction","Analgesic يهذئبد األوجبع وانح ًى"
Drug_Products_Directory_Yemen.pdf,9,2,"Arabic source text extracted from PDF requires visual/source review; value was preserved without correction","Analgesic يهذئبد األوجبع وانح ًى"
Drug_Products_Directory_Yemen.pdf,9,3,"Arabic source text extracted from PDF requires visual/source review; value was preserved without correction","Shock انصذيخ األغ ًبئ ٍخ"
Drug_Products_Directory_Yemen.pdf,9,4,"Arabic source text extracted from PDF requires visual/source review; value was preserved without correction","األوجبع"
Drug_Products_Directory_Yemen.pdf,9,5,"Arabic source text extracted from PDF requires visual/source review; value was preserved without correction","األوجبع"
Drug_Products_Directory_Yemen.pdf,9,6,"Arabic source text extracted from PDF requires visual/source review; value was preserved without correction","األوجبع"
Drug_Products_Directory_Yemen.pdf,9,7,"Arabic source text extracted from PDF requires visual/source review; value was preserved without correction","األوجبع"
Drug_Products_Directory_Yemen.pdf,10,2,"Arabic source text extracted from PDF requires visual/source review; value was preserved without correction","Asthma انشثى ً انشؼج"
Drug_Products_Directory_Yemen.pdf,10,3,"Arabic source text extracted from PDF requires visual/source review; value was preserved without correction","ان ًؼذح"
Drug_Products_Directory_Yemen.pdf,10,4,"Arabic source text extracted from PDF requires visual/source review; value was preserved without correction","َضالد انجشد"
Drug_Products_Directory_Yemen.pdf,10,5,"Arabic source text extracted from PDF requires visual/source review; value was preserved without correction","َضالد انجشد"
Drug_Products_Directory_Yemen.pdf,10,6,"Arabic source text extracted from PDF requires visual/source review; value was preserved without correction","َضالد انجشد"
Drug_Products_Directory_Yemen.pdf,10,7,"Arabic source text extracted from PDF requires visual/source review; value was preserved without correction","َضالد انجشد"
Drug_Products_Directory_Yemen.pdf,11,1,"Arabic source text extracted from PDF requires visual/source review; value was preserved without correction","َضالد انجشد"
Drug_Products_Directory_Yemen.pdf,11,2,"Arabic source text extracted from PDF requires visual/source review; value was preserved without correction","َضالد انجشد"
Drug_Products_Directory_Yemen.pdf,11,3,"Arabic source text extracted from PDF requires visual/source review; value was preserved without correction","َضالد انجشد"
Drug_Products_Directory_Yemen.pdf,11,4,"Arabic source text extracted from PDF requires visual/source review; value was preserved without correction","Insumnea األسق وانمهك"
Drug_Products_Directory_Yemen.pdf,11,5,"Arabic source text extracted from PDF requires visual/source review; value was preserved without correction","disease يشض انشػبػ"
Drug_Products_Directory_Yemen.pdf,11,6,"Arabic source text extracted from PDF requires visual/source review; value was preserved without correction","disease يشض انشػبػ"
Drug_Products_Directory_Yemen.pdf,11,7,"Arabic source text extracted from PDF requires visual/source review; value was preserved without correction","ٌ انشبئؼخ انذ ٌذا"
Drug_Products_Directory_Yemen.pdf,12,1,"Arabic source text extracted from PDF requires visual/source review; value was preserved without correction","ٌ انشبئؼخ انذ ٌذا"
Drug_Products_Directory_Yemen.pdf,12,2,"Arabic source text extracted from PDF requires visual/source review; value was preserved without correction","ٌ انشبئؼخ انذ ٌذا"
Drug_Products_Directory_Yemen.pdf,12,3,"Arabic source text extracted from PDF requires visual/source review; value was preserved without correction","ٌ انشبئؼخ انذ ٌذا"
Drug_Products_Directory_Yemen.pdf,12,5,"Arabic source text extracted from PDF requires visual/source review; value was preserved without correction","Infections األصبثبد انجكت ٍش ٌخ"
Drug_Products_Directory_Yemen.pdf,12,6,"Arabic source text extracted from PDF requires visual/source review; value was preserved without correction","Infections األصبثبد انجكت ٍش ٌخ"
Drug_Products_Directory_Yemen.pdf,12,7,"Arabic source text extracted from PDF requires visual/source review; value was preserved without correction","Infections األصبثبد انجكت ٍش ٌخ"
Drug_Products_Directory_Yemen.pdf,13,1,"Arabic source text extracted from PDF requires visual/source review; value was preserved without correction","Gardiasis جبسد ٌب واي ٍج ٍب"
Drug_Products_Directory_Yemen.pdf,13,2,"Arabic source text extracted from PDF requires visual/source review; value was preserved without correction","Gardiasis جبسد ٌب واي ٍج ٍب"
Drug_Products_Directory_Yemen.pdf,13,3,"Arabic source text extracted from PDF requires visual/source review; value was preserved without correction","Gardiasis جبسد ٌب واي ٍج ٍب"
Drug_Products_Directory_Yemen.pdf,13,4,"Arabic source text extracted from PDF requires visual/source review; value was preserved without correction","Gardiasis جبسد ٌب واي ٍج ٍب"
Drug_Products_Directory_Yemen.pdf,13,5,"Arabic source text extracted from PDF requires visual/source review; value was preserved without correction","Gardiasis جبسد ٌب واي ٍج ٍب"
Drug_Products_Directory_Yemen.pdf,13,6,"Arabic source text extracted from PDF requires visual/source review; value was preserved without correction","استفبع ضغظ انذو"
Drug_Products_Directory_Yemen.pdf,13,7,"Arabic source text extracted from PDF requires visual/source review; value was preserved without correction","استفبع ضغظ انذو"
Drug_Products_Directory_Yemen.pdf,14,1,"Arabic source text extracted from PDF requires visual/source review; value was preserved without correction","انتهبثبد انؼظبو"
Drug_Products_Directory_Yemen.pdf,14,4,"Arabic source text extracted from PDF requires visual/source review; value was preserved without correction","َضالد انجشد"
Drug_Products_Directory_Yemen.pdf,15,5,"Arabic source text extracted from PDF requires visual/source review; value was preserved without correction","األنتهبثبد انجذنذ ٌخ"
Drug_Products_Directory_Yemen.pdf,15,6,"Arabic source text extracted from PDF requires visual/source review; value was preserved without correction","General انتخذ ٌش انؼبو"
Drug_Products_Directory_Yemen.pdf,15,7,"Arabic source text extracted from PDF requires visual/source review; value was preserved without correction","األوجبع"
Drug_Products_Directory_Yemen.pdf,16,2,"Arabic source text extracted from PDF requires visual/source review; value was preserved without correction","Analgesic يهذئبد األوجبع وانح ًى"
Drug_Products_Directory_Yemen.pdf,16,3,"Arabic source text extracted from PDF requires visual/source review; value was preserved without correction","( E . N . T ) األ َف ٌ وانح ُجشح واألر"
Drug_Products_Directory_Yemen.pdf,16,4,"Arabic source text extracted from PDF requires visual/source review; value was preserved without correction","استفبع ضغظ انذو"
Drug_Products_Directory_Yemen.pdf,16,5,"Arabic source text extracted from PDF requires visual/source review; value was preserved without correction","انهضى"
Drug_Products_Directory_Yemen.pdf,17,2,"Arabic source text extracted from PDF requires visual/source review; value was preserved without correction","Spasm ٍ آالو انجط"
Drug_Products_Directory_Yemen.pdf,17,3,"Arabic source text extracted from PDF requires visual/source review; value was preserved without correction","Disorders اضطشاثبد انجهبص ً انت ُفغ"
Drug_Products_Directory_Yemen.pdf,17,4,"Arabic source text extracted from PDF requires visual/source review; value was preserved without correction","َضالد انجشد"
Drug_Products_Directory_Yemen.pdf,17,5,"Arabic source text extracted from PDF requires visual/source review; value was preserved without correction","ان ًؼذح"
Drug_Products_Directory_Yemen.pdf,17,6,"Arabic source text extracted from PDF requires visual/source review; value was preserved without correction","األوجبع"
Drug_Products_Directory_Yemen.pdf,17,7,"Arabic source text extracted from PDF requires visual/source review; value was preserved without correction","Disorders اضطشاثبد انكجذ"
Drug_Products_Directory_Yemen.pdf,18,1,"Arabic source text extracted from PDF requires visual/source review; value was preserved without correction","انغغىالد انف ًى ٌخ"
Drug_Products_Directory_Yemen.pdf,18,3,"Arabic source text extracted from PDF requires visual/source review; value was preserved without correction","Insumnea األسق وانمهك"
Drug_Products_Directory_Yemen.pdf,18,4,"Arabic source text extracted from PDF requires visual/source review; value was preserved without correction","األوجبع"
Drug_Products_Directory_Yemen.pdf,18,5,"Arabic source text extracted from PDF requires visual/source review; value was preserved without correction","األوجبع"
Drug_Products_Directory_Yemen.pdf,19,1,"Arabic source text extracted from PDF requires visual/source review; value was preserved without correction","Infections األصبثبد انجكت ٍش ٌخ"
Drug_Products_Directory_Yemen.pdf,19,2,"Arabic source text extracted from PDF requires visual/source review; value was preserved without correction","Insumnea األسق وانمهك"
Drug_Products_Directory_Yemen.pdf,19,3,"Arabic source text extracted from PDF requires visual/source review; value was preserved without correction","Insumnea األسق وانمهك"
Drug_Products_Directory_Yemen.pdf,19,4,"Arabic source text extracted from PDF requires visual/source review; value was preserved without correction","Insumnea األسق وانمهك"
Drug_Products_Directory_Yemen.pdf,19,5,"Arabic source text extracted from PDF requires visual/source review; value was preserved without correction","Insumnea األسق وانمهك"
Drug_Products_Directory_Yemen.pdf,19,6,"Arabic source text extracted from PDF requires visual/source review; value was preserved without correction","انجهطبد"
Drug_Products_Directory_Yemen.pdf,19,7,"Arabic source text extracted from PDF requires visual/source review; value was preserved without correction","استفبع ضغظ انذو"
Drug_Products_Directory_Yemen.pdf,20,1,"Arabic source text extracted from PDF requires visual/source review; value was preserved without correction","استفبع ضغظ انذو"
Drug_Products_Directory_Yemen.pdf,20,2,"Arabic source text extracted from PDF requires visual/source review; value was preserved without correction","ٌ انشبئؼخ انذ ٌذا"
Drug_Products_Directory_Yemen.pdf,20,3,"Arabic source text extracted from PDF requires visual/source review; value was preserved without correction","أيشاض انغكشي"
Drug_Products_Directory_Yemen.pdf,20,4,"Arabic source text extracted from PDF requires visual/source review; value was preserved without correction","أيشاض انغكشي"
Drug_Products_Directory_Yemen.pdf,20,5,"Arabic source text extracted from PDF requires visual/source review; value was preserved without correction","أيشاض انغكشي"
Drug_Products_Directory_Yemen.pdf,20,6,"Arabic source text extracted from PDF requires visual/source review; value was preserved without correction","أيشاض انغكشي"
Drug_Products_Directory_Yemen.pdf,20,7,"Arabic source text extracted from PDF requires visual/source review; value was preserved without correction","Disorders اضطشاثبد انجهبص ً انت ُفغ"
Drug_Products_Directory_Yemen.pdf,21,1,"Arabic source text extracted from PDF requires visual/source review; value was preserved without correction","Disorders اضطشاثبد انجهبص ً انت ُفغ"
Drug_Products_Directory_Yemen.pdf,21,2,"Arabic source text extracted from PDF requires visual/source review; value was preserved without correction","Gardiasis جبسد ٌب واي ٍج ٍب"
Drug_Products_Directory_Yemen.pdf,21,3,"Arabic source text extracted from PDF requires visual/source review; value was preserved without correction","Infections ًٍكشوث ٍخ األصبثبد ان انخط ٍشح"
Drug_Products_Directory_Yemen.pdf,21,4,"Arabic source text extracted from PDF requires visual/source review; value was preserved without correction","Infections ًٍكشوث ٍخ األصبثبد ان انخط ٍشح"
Drug_Products_Directory_Yemen.pdf,21,5,"Arabic source text extracted from PDF requires visual/source review; value was preserved without correction","Infections ًٍكشوث ٍخ األصبثبد ان انخط ٍشح"
Drug_Products_Directory_Yemen.pdf,21,6,"Arabic source text extracted from PDF requires visual/source review; value was preserved without correction","Infections ًٍكشوث ٍخ األصبثبد ان انخط ٍشح"
Drug_Products_Directory_Yemen.pdf,21,7,"Arabic source text extracted from PDF requires visual/source review; value was preserved without correction","Infections ًٍكشوث ٍخ األصبثبد ان انخط ٍشح"
Drug_Products_Directory_Yemen.pdf,22,1,"Arabic source text extracted from PDF requires visual/source review; value was preserved without correction","Deficiency َمص ف ٍتبي ٍُبد"
Drug_Products_Directory_Yemen.pdf,22,2,"Arabic source text extracted from PDF requires visual/source review; value was preserved without correction","Asthma انشثى ً انشؼج"
Drug_Products_Directory_Yemen.pdf,22,3,"Arabic source text extracted from PDF requires visual/source review; value was preserved without correction","ا َتظبو ضشثبد انمهت"
Drug_Products_Directory_Yemen.pdf,22,4,"Arabic source text extracted from PDF requires visual/source review; value was preserved without correction","األيشاض انؼمه ٍخ"
Drug_Products_Directory_Yemen.pdf,22,5,"Arabic source text extracted from PDF requires visual/source review; value was preserved without correction","استفبع ضغظ انذو"
Drug_Products_Directory_Yemen.pdf,22,6,"Arabic source text extracted from PDF requires visual/source review; value was preserved without correction","استفبع ضغظ انذو"
Drug_Products_Directory_Yemen.pdf,22,7,"Arabic source text extracted from PDF requires visual/source review; value was preserved without correction","استفبع ضغظ انذو"
Drug_Products_Directory_Yemen.pdf,23,1,"Arabic source text extracted from PDF requires visual/source review; value was preserved without correction","استفبع ضغظ انذو"
Drug_Products_Directory_Yemen.pdf,23,2,"Arabic source text extracted from PDF requires visual/source review; value was preserved without correction","استفبع ضغظ انذو"
Drug_Products_Directory_Yemen.pdf,23,3,"Arabic source text extracted from PDF requires visual/source review; value was preserved without correction","استفبع ضغظ انذو"
Drug_Products_Directory_Yemen.pdf,23,4,"Arabic source text extracted from PDF requires visual/source review; value was preserved without correction","استفبع ضغظ انذو"
Drug_Products_Directory_Yemen.pdf,23,5,"Arabic source text extracted from PDF requires visual/source review; value was preserved without correction","استفبع ضغظ انذو"
Drug_Products_Directory_Yemen.pdf,23,6,"Arabic source text extracted from PDF requires visual/source review; value was preserved without correction","استفبع ضغظ انذو"
Drug_Products_Directory_Yemen.pdf,23,7,"Arabic source text extracted from PDF requires visual/source review; value was preserved without correction","استفبع ضغظ انذو"
Drug_Products_Directory_Yemen.pdf,24,1,"Arabic source text extracted from PDF requires visual/source review; value was preserved without correction","استفبع ضغظ انذو"
Drug_Products_Directory_Yemen.pdf,24,3,"Arabic source text extracted from PDF requires visual/source review; value was preserved without correction","Analgesic يهذئبد األوجبع وانح ًى"
Drug_Products_Directory_Yemen.pdf,24,4,"Arabic source text extracted from PDF requires visual/source review; value was preserved without correction","Analgesic يهذئبد األوجبع وانح ًى"
Drug_Products_Directory_Yemen.pdf,24,5,"Arabic source text extracted from PDF requires visual/source review; value was preserved without correction","Analgesic يهذئبد األوجبع وانح ًى"
Drug_Products_Directory_Yemen.pdf,24,6,"Arabic source text extracted from PDF requires visual/source review; value was preserved without correction","Analgesic يهذئبد األوجبع وانح ًى"
Drug_Products_Directory_Yemen.pdf,24,7,"Arabic source text extracted from PDF requires visual/source review; value was preserved without correction","Analgesic يهذئبد األوجبع وانح ًى"
Drug_Products_Directory_Yemen.pdf,25,1,"Arabic source text extracted from PDF requires visual/source review; value was preserved without correction","Analgesic يهذئبد األوجبع وانح ًى"
Drug_Products_Directory_Yemen.pdf,25,2,"Arabic source text extracted from PDF requires visual/source review; value was preserved without correction","Analgesic يهذئبد األوجبع وانح ًى"
Drug_Products_Directory_Yemen.pdf,25,3,"Arabic source text extracted from PDF requires visual/source review; value was preserved without correction","َضالد انجشد"
Drug_Products_Directory_Yemen.pdf,25,4,"Arabic source text extracted from PDF requires visual/source review; value was preserved without correction","Analgesic يهذئبد األوجبع وانح ًى"
Drug_Products_Directory_Yemen.pdf,25,5,"Arabic source text extracted from PDF requires visual/source review; value was preserved without correction","Analgesic يهذئبد األوجبع وانح ًى"
Drug_Products_Directory_Yemen.pdf,28,1,"Arabic source text extracted from PDF requires visual/source review; value was preserved without correction","Deficiency َمص ف ٍتبي ٍُبد"
Drug_Products_Directory_Yemen.pdf,29,4,"Arabic source text extracted from PDF requires visual/source review; value was preserved without correction","ان ُض ٌف"
Drug_Products_Directory_Yemen.pdf,29,5,"Arabic source text extracted from PDF requires visual/source review; value was preserved without correction","Infections األصبثبد انجكت ٍش ٌخ"
Drug_Products_Directory_Yemen.pdf,29,6,"Arabic source text extracted from PDF requires visual/source review; value was preserved without correction","Gardiasis جبسد ٌب واي ٍج ٍب"
Drug_Products_Directory_Yemen.pdf,29,7,"Arabic source text extracted from PDF requires visual/source review; value was preserved without correction","Gardiasis جبسد ٌب واي ٍج ٍب"
Drug_Products_Directory_Yemen.pdf,30,1,"Arabic source text extracted from PDF requires visual/source review; value was preserved without correction","Gardiasis جبسد ٌب واي ٍج ٍب"
Drug_Products_Directory_Yemen.pdf,30,2,"Arabic source text extracted from PDF requires visual/source review; value was preserved without correction","انهضى"
Drug_Products_Directory_Yemen.pdf,30,3,"Arabic source text extracted from PDF requires visual/source review; value was preserved without correction","أيشاض انغكشي"
Drug_Products_Directory_Yemen.pdf,30,4,"Arabic source text extracted from PDF requires visual/source review; value was preserved without correction","أيشاض انغكشي"
Drug_Products_Directory_Yemen.pdf,30,5,"Arabic source text extracted from PDF requires visual/source review; value was preserved without correction","أيشاض انغكشي"
Drug_Products_Directory_Yemen.pdf,30,6,"Arabic source text extracted from PDF requires visual/source review; value was preserved without correction","األيشاض انؼمه ٍخ"
Drug_Products_Directory_Yemen.pdf,31,1,"Arabic source text extracted from PDF requires visual/source review; value was preserved without correction","األيشاض انؼمه ٍخ"
Drug_Products_Directory_Yemen.pdf,31,2,"Arabic source text extracted from PDF requires visual/source review; value was preserved without correction","األيشاض انؼمه ٍخ"
Drug_Products_Directory_Yemen.pdf,31,3,"Arabic source text extracted from PDF requires visual/source review; value was preserved without correction","األوجبع"
Drug_Products_Directory_Yemen.pdf,31,4,"Arabic source text extracted from PDF requires visual/source review; value was preserved without correction","األوجبع"
Drug_Products_Directory_Yemen.pdf,31,5,"Arabic source text extracted from PDF requires visual/source review; value was preserved without correction","انجهطبد"
Drug_Products_Directory_Yemen.pdf,31,6,"Arabic source text extracted from PDF requires visual/source review; value was preserved without correction","Insumnea األسق وانمهك"
Drug_Products_Directory_Yemen.pdf,31,7,"Arabic source text extracted from PDF requires visual/source review; value was preserved without correction","Insumnea األسق وانمهك"
Drug_Products_Directory_Yemen.pdf,32,1,"Arabic source text extracted from PDF requires visual/source review; value was preserved without correction","Insumnea األسق وانمهك"
Drug_Products_Directory_Yemen.pdf,32,2,"Arabic source text extracted from PDF requires visual/source review; value was preserved without correction","Gardiasis جبسد ٌب واي ٍج ٍب"
Drug_Products_Directory_Yemen.pdf,32,3,"Arabic source text extracted from PDF requires visual/source review; value was preserved without correction","Gardiasis جبسد ٌب واي ٍج ٍب"
Drug_Products_Directory_Yemen.pdf,32,4,"Arabic source text extracted from PDF requires visual/source review; value was preserved without correction","هشيى َبد ج ُغ ٍخ"
Drug_Products_Directory_Yemen.pdf,32,5,"Arabic source text extracted from PDF requires visual/source review; value was preserved without correction","استفبع ضغظ انذو"
Drug_Products_Directory_Yemen.pdf,32,6,"Arabic source text extracted from PDF requires visual/source review; value was preserved without correction","استفبع ضغظ انذو"
Drug_Products_Directory_Yemen.pdf,32,7,"Arabic source text extracted from PDF requires visual/source review; value was preserved without correction","استفبع ضغظ انذو"
Drug_Products_Directory_Yemen.pdf,33,1,"Arabic source text extracted from PDF requires visual/source review; value was preserved without correction","انصذس ٌخ"
Drug_Products_Directory_Yemen.pdf,33,2,"Arabic source text extracted from PDF requires visual/source review; value was preserved without correction","Infections األصبثبد انجكت ٍش ٌخ"
Drug_Products_Directory_Yemen.pdf,33,3,"Arabic source text extracted from PDF requires visual/source review; value was preserved without correction","األنتهبثبد انجذنذ ٌخ"
Drug_Products_Directory_Yemen.pdf,33,4,"Arabic source text extracted from PDF requires visual/source review; value was preserved without correction","انجىاع ٍش"
Drug_Products_Directory_Yemen.pdf,33,5,"Arabic source text extracted from PDF requires visual/source review; value was preserved without correction","Deficiency َمص ف ٍتبي ٍُبد"
Drug_Products_Directory_Yemen.pdf,33,6,"Arabic source text extracted from PDF requires visual/source review; value was preserved without correction","Deficiency َمص ف ٍتبي ٍُبد"
Drug_Products_Directory_Yemen.pdf,33,7,"Arabic source text extracted from PDF requires visual/source review; value was preserved without correction","األوجبع"
Drug_Products_Directory_Yemen.pdf,34,1,"Arabic source text extracted from PDF requires visual/source review; value was preserved without correction","األوجبع"
Drug_Products_Directory_Yemen.pdf,34,2,"Arabic source text extracted from PDF requires visual/source review; value was preserved without correction","األوجبع"
Drug_Products_Directory_Yemen.pdf,34,5,"Arabic source text extracted from PDF requires visual/source review; value was preserved without correction","َضالد انجشد"
Drug_Products_Directory_Yemen.pdf,34,6,"Arabic source text extracted from PDF requires visual/source review; value was preserved without correction","Deficiency َمص ف ٍتبي ٍُبد"
Drug_Products_Directory_Yemen.pdf,35,2,"Arabic source text extracted from PDF requires visual/source review; value was preserved without correction","Infections األصبثبد انجكت ٍش ٌخ"
Drug_Products_Directory_Yemen.pdf,35,3,"Arabic source text extracted from PDF requires visual/source review; value was preserved without correction","Stimulant ي ُشطبد انشه ٍخ"
Drug_Products_Directory_Yemen.pdf,35,4,"Arabic source text extracted from PDF requires visual/source review; value was preserved without correction","Stimulant ي ُشطبد انشه ٍخ"
Drug_Products_Directory_Yemen.pdf,35,5,"Arabic source text extracted from PDF requires visual/source review; value was preserved without correction","Stimulant ي ُشطبد انشه ٍخ"
Drug_Products_Directory_Yemen.pdf,35,6,"Arabic source text extracted from PDF requires visual/source review; value was preserved without correction","Deficiency َمص ف ٍتبي ٍُبد"
Drug_Products_Directory_Yemen.pdf,35,7,"Arabic source text extracted from PDF requires visual/source review; value was preserved without correction","Deficiency َمص ف ٍتبي ٍُبد"
Drug_Products_Directory_Yemen.pdf,36,1,"Arabic source text extracted from PDF requires visual/source review; value was preserved without correction","Suppressant عبداد انشه ٍخ"
Drug_Products_Directory_Yemen.pdf,36,2,"Arabic source text extracted from PDF requires visual/source review; value was preserved without correction","ان ًؼذح"
Drug_Products_Directory_Yemen.pdf,36,3,"Arabic source text extracted from PDF requires visual/source review; value was preserved without correction","ً انذو ٌ ف ص ٌبدح انذهى"
Drug_Products_Directory_Yemen.pdf,36,4,"Arabic source text extracted from PDF requires visual/source review; value was preserved without correction","ً انذو ٌ ف ص ٌبدح انذهى"
Drug_Products_Directory_Yemen.pdf,36,5,"Arabic source text extracted from PDF requires visual/source review; value was preserved without correction","األنتهبثبد انجذنذ ٌخ"
Drug_Products_Directory_Yemen.pdf,36,6,"Arabic source text extracted from PDF requires visual/source review; value was preserved without correction","انتهبثبد انؼظبو"
Drug_Products_Directory_Yemen.pdf,36,7,"Arabic source text extracted from PDF requires visual/source review; value was preserved without correction","انتهبثبد انؼظبو"
Drug_Products_Directory_Yemen.pdf,37,1,"Arabic source text extracted from PDF requires visual/source review; value was preserved without correction","انتهبثبد انؼظبو"
Drug_Products_Directory_Yemen.pdf,37,6,"Arabic source text extracted from PDF requires visual/source review; value was preserved without correction","انتهبثبد انؼظبو"
Drug_Products_Directory_Yemen.pdf,38,2,"Arabic source text extracted from PDF requires visual/source review; value was preserved without correction","األوجبع"
Drug_Products_Directory_Yemen.pdf,38,3,"Arabic source text extracted from PDF requires visual/source review; value was preserved without correction","األوجبع"
Drug_Products_Directory_Yemen.pdf,38,4,"Arabic source text extracted from PDF requires visual/source review; value was preserved without correction","ٌ انشبئؼخ انذ ٌذا"
Drug_Products_Directory_Yemen.pdf,38,5,"Arabic source text extracted from PDF requires visual/source review; value was preserved without correction","Deficiency َمص ف ٍتبي ٍُبد"
Drug_Products_Directory_Yemen.pdf,38,6,"Arabic source text extracted from PDF requires visual/source review; value was preserved without correction","َضالد انجشد"
Drug_Products_Directory_Yemen.pdf,38,7,"Arabic source text extracted from PDF requires visual/source review; value was preserved without correction","ي ُشطبد ج ُغ ٍخ"
Drug_Products_Directory_Yemen.pdf,39,1,"Arabic source text extracted from PDF requires visual/source review; value was preserved without correction","انجهطبد"
Drug_Products_Directory_Yemen.pdf,39,2,"Arabic source text extracted from PDF requires visual/source review; value was preserved without correction","Disorders اضطشاثبد انجهبص ً انت ُفغ"
Drug_Products_Directory_Yemen.pdf,39,3,"Arabic source text extracted from PDF requires visual/source review; value was preserved without correction","انجهطبد"
Drug_Products_Directory_Yemen.pdf,39,4,"Arabic source text extracted from PDF requires visual/source review; value was preserved without correction","األوجبع"
Drug_Products_Directory_Yemen.pdf,39,5,"Arabic source text extracted from PDF requires visual/source review; value was preserved without correction","انجهطبد"
Drug_Products_Directory_Yemen.pdf,39,6,"Arabic source text extracted from PDF requires visual/source review; value was preserved without correction","انجهطبد"
Drug_Products_Directory_Yemen.pdf,39,7,"Arabic source text extracted from PDF requires visual/source review; value was preserved without correction","انجهطبد"
Drug_Products_Directory_Yemen.pdf,40,1,"Arabic source text extracted from PDF requires visual/source review; value was preserved without correction","انجهطبد"
Drug_Products_Directory_Yemen.pdf,40,2,"Arabic source text extracted from PDF requires visual/source review; value was preserved without correction","األوجبع"
Drug_Products_Directory_Yemen.pdf,40,3,"Arabic source text extracted from PDF requires visual/source review; value was preserved without correction","انجهطبد"
Drug_Products_Directory_Yemen.pdf,40,4,"Arabic source text extracted from PDF requires visual/source review; value was preserved without correction","انجهطبد"
Drug_Products_Directory_Yemen.pdf,40,5,"Arabic source text extracted from PDF requires visual/source review; value was preserved without correction","األوجبع"
Drug_Products_Directory_Yemen.pdf,40,6,"Arabic source text extracted from PDF requires visual/source review; value was preserved without correction","انجهطبد"
Drug_Products_Directory_Yemen.pdf,40,7,"Arabic source text extracted from PDF requires visual/source review; value was preserved without correction","انجهطبد"
Drug_Products_Directory_Yemen.pdf,41,1,"Arabic source text extracted from PDF requires visual/source review; value was preserved without correction","األوجبع"
Drug_Products_Directory_Yemen.pdf,41,2,"Arabic source text extracted from PDF requires visual/source review; value was preserved without correction","األوجبع"
Drug_Products_Directory_Yemen.pdf,41,4,"Arabic source text extracted from PDF requires visual/source review; value was preserved without correction","Asthma انشثى ً انشؼج"
Drug_Products_Directory_Yemen.pdf,41,5,"Arabic source text extracted from PDF requires visual/source review; value was preserved without correction","Asthma انشثى ً انشؼج"
Drug_Products_Directory_Yemen.pdf,41,6,"Arabic source text extracted from PDF requires visual/source review; value was preserved without correction","Asthma انشثى ً انشؼج"
Drug_Products_Directory_Yemen.pdf,41,7,"Arabic source text extracted from PDF requires visual/source review; value was preserved without correction","Asthma انشثى ً انشؼج"
Drug_Products_Directory_Yemen.pdf,42,1,"Arabic source text extracted from PDF requires visual/source review; value was preserved without correction","Asthma انشثى ً انشؼج"
Drug_Products_Directory_Yemen.pdf,42,2,"Arabic source text extracted from PDF requires visual/source review; value was preserved without correction","انشؼت انهىائ ٍخ"
Drug_Products_Directory_Yemen.pdf,42,4,"Arabic source text extracted from PDF requires visual/source review; value was preserved without correction","استفبع ضغظ انذو"
Drug_Products_Directory_Yemen.pdf,43,1,"Arabic source text extracted from PDF requires visual/source review; value was preserved without correction","استفبع ضغظ انذو"
Drug_Products_Directory_Yemen.pdf,43,2,"Arabic source text extracted from PDF requires visual/source review; value was preserved without correction","استفبع ضغظ انذو"
Drug_Products_Directory_Yemen.pdf,43,3,"Arabic source text extracted from PDF requires visual/source review; value was preserved without correction","استفبع ضغظ انذو"
Drug_Products_Directory_Yemen.pdf,43,4,"Arabic source text extracted from PDF requires visual/source review; value was preserved without correction","استفبع ضغظ انذو"
Drug_Products_Directory_Yemen.pdf,43,5,"Arabic source text extracted from PDF requires visual/source review; value was preserved without correction","استفبع ضغظ انذو"
Drug_Products_Directory_Yemen.pdf,43,6,"Arabic source text extracted from PDF requires visual/source review; value was preserved without correction","استفبع ضغظ انذو"
Drug_Products_Directory_Yemen.pdf,43,7,"Arabic source text extracted from PDF requires visual/source review; value was preserved without correction","ً انذو ٌ ف ص ٌبدح انذهى"
Drug_Products_Directory_Yemen.pdf,44,1,"Arabic source text extracted from PDF requires visual/source review; value was preserved without correction","ً انذو ٌ ف ص ٌبدح انذهى"
Drug_Products_Directory_Yemen.pdf,44,2,"Arabic source text extracted from PDF requires visual/source review; value was preserved without correction","ً انذو ٌ ف ص ٌبدح انذهى"
Drug_Products_Directory_Yemen.pdf,44,3,"Arabic source text extracted from PDF requires visual/source review; value was preserved without correction","ً انذو ٌ ف ص ٌبدح انذهى"
Drug_Products_Directory_Yemen.pdf,44,4,"Arabic source text extracted from PDF requires visual/source review; value was preserved without correction","ً انذو ٌ ف ص ٌبدح انذهى"
Drug_Products_Directory_Yemen.pdf,44,5,"Arabic source text extracted from PDF requires visual/source review; value was preserved without correction","ً انذو ٌ ف ص ٌبدح انذهى"
Drug_Products_Directory_Yemen.pdf,44,6,"Arabic source text extracted from PDF requires visual/source review; value was preserved without correction","ً انذو ٌ ف ص ٌبدح انذهى"
Drug_Products_Directory_Yemen.pdf,44,7,"Arabic source text extracted from PDF requires visual/source review; value was preserved without correction","ً انذو ٌ ف ص ٌبدح انذهى"
Drug_Products_Directory_Yemen.pdf,45,1,"Arabic source text extracted from PDF requires visual/source review; value was preserved without correction","ً انذو ٌ ف ص ٌبدح انذهى"
Drug_Products_Directory_Yemen.pdf,45,2,"Arabic source text extracted from PDF requires visual/source review; value was preserved without correction","ً انذو ٌ ف ص ٌبدح انذهى"
Drug_Products_Directory_Yemen.pdf,45,3,"Arabic source text extracted from PDF requires visual/source review; value was preserved without correction","ً انذو ٌ ف ص ٌبدح انذهى"
Drug_Products_Directory_Yemen.pdf,45,4,"Arabic source text extracted from PDF requires visual/source review; value was preserved without correction","ً انذو ٌ ف ص ٌبدح انذهى"
Drug_Products_Directory_Yemen.pdf,45,5,"Arabic source text extracted from PDF requires visual/source review; value was preserved without correction","ً انذو ٌ ف ص ٌبدح انذهى"
Drug_Products_Directory_Yemen.pdf,45,6,"Arabic source text extracted from PDF requires visual/source review; value was preserved without correction","ً انذو ٌ ف ص ٌبدح انذهى"
Drug_Products_Directory_Yemen.pdf,45,7,"Arabic source text extracted from PDF requires visual/source review; value was preserved without correction","ً انذو ٌ ف ص ٌبدح انذهى"
Drug_Products_Directory_Yemen.pdf,46,1,"Arabic source text extracted from PDF requires visual/source review; value was preserved without correction","ً انذو ٌ ف ص ٌبدح انذهى"
Drug_Products_Directory_Yemen.pdf,46,2,"Arabic source text extracted from PDF requires visual/source review; value was preserved without correction","ً انذو ٌ ف ص ٌبدح انذهى"
Drug_Products_Directory_Yemen.pdf,46,3,"Arabic source text extracted from PDF requires visual/source review; value was preserved without correction","ً انذو ٌ ف ص ٌبدح انذهى"
Drug_Products_Directory_Yemen.pdf,46,4,"Arabic source text extracted from PDF requires visual/source review; value was preserved without correction","ً انذو ٌ ف ص ٌبدح انذهى"
Drug_Products_Directory_Yemen.pdf,46,5,"Arabic source text extracted from PDF requires visual/source review; value was preserved without correction","ً انذو ٌ ف ص ٌبدح انذهى"
Drug_Products_Directory_Yemen.pdf,46,6,"Arabic source text extracted from PDF requires visual/source review; value was preserved without correction","Infections األصبثبد انجكت ٍش ٌخ"
Drug_Products_Directory_Yemen.pdf,46,7,"Arabic source text extracted from PDF requires visual/source review; value was preserved without correction","General انتخذ ٌش انؼبو"
Drug_Products_Directory_Yemen.pdf,47,1,"Arabic source text extracted from PDF requires visual/source review; value was preserved without correction","ً انذو ٌ ف ص ٌبدح انذهى"
Drug_Products_Directory_Yemen.pdf,47,2,"Arabic source text extracted from PDF requires visual/source review; value was preserved without correction","ً انذو ٌ ف ص ٌبدح انذهى"
Drug_Products_Directory_Yemen.pdf,47,3,"Arabic source text extracted from PDF requires visual/source review; value was preserved without correction","ً انذو ٌ ف ص ٌبدح انذهى"
Drug_Products_Directory_Yemen.pdf,49,3,"Arabic source text extracted from PDF requires visual/source review; value was preserved without correction","َضالد انجشد"
Drug_Products_Directory_Yemen.pdf,51,1,"Arabic source text extracted from PDF requires visual/source review; value was preserved without correction","Infections األصبثبد انجكت ٍش ٌخ"
Drug_Products_Directory_Yemen.pdf,51,2,"Arabic source text extracted from PDF requires visual/source review; value was preserved without correction","Infections األصبثبد انجكت ٍش ٌخ"
Drug_Products_Directory_Yemen.pdf,51,3,"Arabic source text extracted from PDF requires visual/source review; value was preserved without correction","Infections األصبثبد انجكت ٍش ٌخ"
Drug_Products_Directory_Yemen.pdf,51,5,"Arabic source text extracted from PDF requires visual/source review; value was preserved without correction","Infections األصبثبد انجكت ٍش ٌخ"
Drug_Products_Directory_Yemen.pdf,51,6,"Arabic source text extracted from PDF requires visual/source review; value was preserved without correction","Gardiasis جبسد ٌب واي ٍج ٍب"
Drug_Products_Directory_Yemen.pdf,51,7,"Arabic source text extracted from PDF requires visual/source review; value was preserved without correction","Local انتخذ ٌش ً ان ًىضؼ"
Drug_Products_Directory_Yemen.pdf,52,2,"Arabic source text extracted from PDF requires visual/source review; value was preserved without correction","Infections األصبثبد انجكت ٍش ٌخ"
Drug_Products_Directory_Yemen.pdf,52,4,"Arabic source text extracted from PDF requires visual/source review; value was preserved without correction","ان ًؼذح"
Drug_Products_Directory_Yemen.pdf,53,7,"Arabic source text extracted from PDF requires visual/source review; value was preserved without correction","Asthma انشثى ً انشؼج"
Drug_Products_Directory_Yemen.pdf,54,1,"Arabic source text extracted from PDF requires visual/source review; value was preserved without correction","Asthma انشثى ً انشؼج"
Drug_Products_Directory_Yemen.pdf,54,2,"Arabic source text extracted from PDF requires visual/source review; value was preserved without correction","Disorders اضطشاثبد انجهبص ً انت ُفغ"
Drug_Products_Directory_Yemen.pdf,54,3,"Arabic source text extracted from PDF requires visual/source review; value was preserved without correction","Infections األصبثبد انجكت ٍش ٌخ"
Drug_Products_Directory_Yemen.pdf,54,4,"Arabic source text extracted from PDF requires visual/source review; value was preserved without correction","ٌ انشبئؼخ انذ ٌذا"
Drug_Products_Directory_Yemen.pdf,54,5,"Arabic source text extracted from PDF requires visual/source review; value was preserved without correction","ٌ انشبئؼخ انذ ٌذا"
Drug_Products_Directory_Yemen.pdf,54,6,"Arabic source text extracted from PDF requires visual/source review; value was preserved without correction","األنتهبثبد انجذنذ ٌخ"
Drug_Products_Directory_Yemen.pdf,56,1,"Arabic source text extracted from PDF requires visual/source review; value was preserved without correction","انهضى"
Drug_Products_Directory_Yemen.pdf,56,2,"Arabic source text extracted from PDF requires visual/source review; value was preserved without correction","األوجبع"
Drug_Products_Directory_Yemen.pdf,56,3,"Arabic source text extracted from PDF requires visual/source review; value was preserved without correction","Infections األصبثبد انجكت ٍش ٌخ"
Drug_Products_Directory_Yemen.pdf,56,5,"Arabic source text extracted from PDF requires visual/source review; value was preserved without correction","Infections األصبثبد انجكت ٍش ٌخ"
Drug_Products_Directory_Yemen.pdf,56,6,"Arabic source text extracted from PDF requires visual/source review; value was preserved without correction","Infections األصبثبد انجكت ٍش ٌخ"
Drug_Products_Directory_Yemen.pdf,56,7,"Arabic source text extracted from PDF requires visual/source review; value was preserved without correction","األنتهبثبد انجذنذ ٌخ"
Drug_Products_Directory_Yemen.pdf,57,1,"Arabic source text extracted from PDF requires visual/source review; value was preserved without correction","األيشاض انؼمه ٍخ"
Drug_Products_Directory_Yemen.pdf,57,2,"Arabic source text extracted from PDF requires visual/source review; value was preserved without correction","األيشاض انؼمه ٍخ"
Drug_Products_Directory_Yemen.pdf,57,3,"Arabic source text extracted from PDF requires visual/source review; value was preserved without correction","األوػ ٍخ انذيى ٌخ وانمهت"
Drug_Products_Directory_Yemen.pdf,57,4,"Arabic source text extracted from PDF requires visual/source review; value was preserved without correction","األنتهبثبد انجذنذ ٌخ"
Drug_Products_Directory_Yemen.pdf,57,5,"Arabic source text extracted from PDF requires visual/source review; value was preserved without correction","َضالد انجشد"
Drug_Products_Directory_Yemen.pdf,57,6,"Arabic source text extracted from PDF requires visual/source review; value was preserved without correction","Analgesic يهذئبد األوجبع وانح ًى"
Drug_Products_Directory_Yemen.pdf,57,7,"Arabic source text extracted from PDF requires visual/source review; value was preserved without correction","Spasm ٍ آالو انجط"
Drug_Products_Directory_Yemen.pdf,58,1,"Arabic source text extracted from PDF requires visual/source review; value was preserved without correction","disease يشض انشػبػ"
Drug_Products_Directory_Yemen.pdf,58,2,"Arabic source text extracted from PDF requires visual/source review; value was preserved without correction","disease يشض انشػبػ"
Drug_Products_Directory_Yemen.pdf,58,3,"Arabic source text extracted from PDF requires visual/source review; value was preserved without correction","األنتهبثبد انجذنذ ٌخ"
Drug_Products_Directory_Yemen.pdf,58,4,"Arabic source text extracted from PDF requires visual/source review; value was preserved without correction","Disorders اضطشاثبد انجهبص ً انت ُفغ"
Drug_Products_Directory_Yemen.pdf,58,5,"Arabic source text extracted from PDF requires visual/source review; value was preserved without correction","Infections األصبثبد انجكت ٍش ٌخ"
Drug_Products_Directory_Yemen.pdf,58,6,"Arabic source text extracted from PDF requires visual/source review; value was preserved without correction","Infections األصبثبد انجكت ٍش ٌخ"
Drug_Products_Directory_Yemen.pdf,58,7,"Arabic source text extracted from PDF requires visual/source review; value was preserved without correction","Infections األصبثبد انجكت ٍش ٌخ"
Drug_Products_Directory_Yemen.pdf,59,1,"Arabic source text extracted from PDF requires visual/source review; value was preserved without correction","استفبع ضغظ انذو"
Drug_Products_Directory_Yemen.pdf,59,4,"Arabic source text extracted from PDF requires visual/source review; value was preserved without correction","Asthma انشثى ً انشؼج"
Drug_Products_Directory_Yemen.pdf,59,5,"Arabic source text extracted from PDF requires visual/source review; value was preserved without correction","Asthma انشثى ً انشؼج"
Drug_Products_Directory_Yemen.pdf,59,6,"Arabic source text extracted from PDF requires visual/source review; value was preserved without correction","Asthma انشثى ً انشؼج"
Drug_Products_Directory_Yemen.pdf,59,7,"Arabic source text extracted from PDF requires visual/source review; value was preserved without correction","Deficiency َمص ف ٍتبي ٍُبد"
Drug_Products_Directory_Yemen.pdf,60,1,"Arabic source text extracted from PDF requires visual/source review; value was preserved without correction","Deficiency َمص ف ٍتبي ٍُبد"
Drug_Products_Directory_Yemen.pdf,60,2,"Arabic source text extracted from PDF requires visual/source review; value was preserved without correction","Deficiency َمص ف ٍتبي ٍُبد"
Drug_Products_Directory_Yemen.pdf,60,3,"Arabic source text extracted from PDF requires visual/source review; value was preserved without correction","Deficiency َمص ف ٍتبي ٍُبد"
Drug_Products_Directory_Yemen.pdf,60,4,"Arabic source text extracted from PDF requires visual/source review; value was preserved without correction","Deficiency َمص ف ٍتبي ٍُبد"
Drug_Products_Directory_Yemen.pdf,60,5,"Arabic source text extracted from PDF requires visual/source review; value was preserved without correction","انهضى"
Drug_Products_Directory_Yemen.pdf,60,6,"Arabic source text extracted from PDF requires visual/source review; value was preserved without correction","انهضى"
Drug_Products_Directory_Yemen.pdf,60,7,"Arabic source text extracted from PDF requires visual/source review; value was preserved without correction","( Bilharziasis ) انجههبسع ٍب"
Drug_Products_Directory_Yemen.pdf,61,1,"Arabic source text extracted from PDF requires visual/source review; value was preserved without correction","ٌ انشبئؼخ انذ ٌذا"
Drug_Products_Directory_Yemen.pdf,61,2,"Arabic source text extracted from PDF requires visual/source review; value was preserved without correction","ٌ انشبئؼخ انذ ٌذا"
Drug_Products_Directory_Yemen.pdf,61,3,"Arabic source text extracted from PDF requires visual/source review; value was preserved without correction","ٌ انشبئؼخ انذ ٌذا"
Drug_Products_Directory_Yemen.pdf,61,4,"Arabic source text extracted from PDF requires visual/source review; value was preserved without correction","ٌ انشبئؼخ انذ ٌذا"
Drug_Products_Directory_Yemen.pdf,61,5,"Arabic source text extracted from PDF requires visual/source review; value was preserved without correction","ٌ انشبئؼخ انذ ٌذا"
Drug_Products_Directory_Yemen.pdf,61,6,"Arabic source text extracted from PDF requires visual/source review; value was preserved without correction","Local انتخذ ٌش ً ان ًىضؼ"
Drug_Products_Directory_Yemen.pdf,62,1,"Arabic source text extracted from PDF requires visual/source review; value was preserved without correction","Analgesic يهذئبد األوجبع وانح ًى"
Drug_Products_Directory_Yemen.pdf,62,2,"Arabic source text extracted from PDF requires visual/source review; value was preserved without correction","Analgesic يهذئبد األوجبع وانح ًى"
Drug_Products_Directory_Yemen.pdf,62,5,"Arabic source text extracted from PDF requires visual/source review; value was preserved without correction","ٌ انشبئؼخ انذ ٌذا"
Drug_Products_Directory_Yemen.pdf,62,6,"Arabic source text extracted from PDF requires visual/source review; value was preserved without correction","ٌ انشبئؼخ انذ ٌذا"
Drug_Products_Directory_Yemen.pdf,63,2,"Arabic source text extracted from PDF requires visual/source review; value was preserved without correction","ان ًؼذح"
Drug_Products_Directory_Yemen.pdf,63,3,"Arabic source text extracted from PDF requires visual/source review; value was preserved without correction","Analgesic يهذئبد األوجبع وانح ًى"
Drug_Products_Directory_Yemen.pdf,63,4,"Arabic source text extracted from PDF requires visual/source review; value was preserved without correction","Analgesic يهذئبد األوجبع وانح ًى"
Drug_Products_Directory_Yemen.pdf,63,5,"Arabic source text extracted from PDF requires visual/source review; value was preserved without correction","األنتهبثبد انجذنذ ٌخ"
Drug_Products_Directory_Yemen.pdf,63,6,"Arabic source text extracted from PDF requires visual/source review; value was preserved without correction","األنتهبثبد انجذنذ ٌخ"
Drug_Products_Directory_Yemen.pdf,63,7,"Arabic source text extracted from PDF requires visual/source review; value was preserved without correction","األنتهبثبد انجذنذ ٌخ"
Drug_Products_Directory_Yemen.pdf,64,1,"Arabic source text extracted from PDF requires visual/source review; value was preserved without correction","األنتهبثبد انجذنذ ٌخ"
Drug_Products_Directory_Yemen.pdf,64,3,"Arabic source text extracted from PDF requires visual/source review; value was preserved without correction","استفبع ضغظ انذو"
Drug_Products_Directory_Yemen.pdf,64,4,"Arabic source text extracted from PDF requires visual/source review; value was preserved without correction","استفبع ضغظ انذو"
Drug_Products_Directory_Yemen.pdf,64,6,"Arabic source text extracted from PDF requires visual/source review; value was preserved without correction","انغغىالد األ َثى ٌخ"
Drug_Products_Directory_Yemen.pdf,64,7,"Arabic source text extracted from PDF requires visual/source review; value was preserved without correction","انذوخخ"
Drug_Products_Directory_Yemen.pdf,65,1,"Arabic source text extracted from PDF requires visual/source review; value was preserved without correction","انذوخخ"
Drug_Products_Directory_Yemen.pdf,65,2,"Arabic source text extracted from PDF requires visual/source review; value was preserved without correction","األنتهبثبد انجذنذ ٌخ"
Drug_Products_Directory_Yemen.pdf,65,3,"Arabic source text extracted from PDF requires visual/source review; value was preserved without correction","األنتهبثبد انجذنذ ٌخ"
Drug_Products_Directory_Yemen.pdf,65,4,"Arabic source text extracted from PDF requires visual/source review; value was preserved without correction","األنتهبثبد انجذنذ ٌخ"
Drug_Products_Directory_Yemen.pdf,65,5,"Arabic source text extracted from PDF requires visual/source review; value was preserved without correction","األنتهبثبد انجذنذ ٌخ"
Drug_Products_Directory_Yemen.pdf,65,6,"Arabic source text extracted from PDF requires visual/source review; value was preserved without correction","األنتهبثبد انجذنذ ٌخ"
Drug_Products_Directory_Yemen.pdf,65,7,"Arabic source text extracted from PDF requires visual/source review; value was preserved without correction","األنتهبثبد انجذنذ ٌخ"
Drug_Products_Directory_Yemen.pdf,66,1,"Arabic source text extracted from PDF requires visual/source review; value was preserved without correction","األنتهبثبد انجذنذ ٌخ"
Drug_Products_Directory_Yemen.pdf,66,2,"Arabic source text extracted from PDF requires visual/source review; value was preserved without correction","األنتهبثبد انجذنذ ٌخ"
Drug_Products_Directory_Yemen.pdf,66,3,"Arabic source text extracted from PDF requires visual/source review; value was preserved without correction","األنتهبثبد انجذنذ ٌخ"
Drug_Products_Directory_Yemen.pdf,66,4,"Arabic source text extracted from PDF requires visual/source review; value was preserved without correction","األنتهبثبد انجذنذ ٌخ"
Drug_Products_Directory_Yemen.pdf,66,5,"Arabic source text extracted from PDF requires visual/source review; value was preserved without correction","األنتهبثبد انجذنذ ٌخ"
Drug_Products_Directory_Yemen.pdf,66,6,"Arabic source text extracted from PDF requires visual/source review; value was preserved without correction","األنتهبثبد انجذنذ ٌخ"
Drug_Products_Directory_Yemen.pdf,66,7,"Arabic source text extracted from PDF requires visual/source review; value was preserved without correction","األنتهبثبد انجذنذ ٌخ"
Drug_Products_Directory_Yemen.pdf,67,1,"Arabic source text extracted from PDF requires visual/source review; value was preserved without correction","ٌ انشبئؼخ انذ ٌذا"
Drug_Products_Directory_Yemen.pdf,67,2,"Arabic source text extracted from PDF requires visual/source review; value was preserved without correction","ٌ انشبئؼخ انذ ٌذا"
Drug_Products_Directory_Yemen.pdf,67,3,"Arabic source text extracted from PDF requires visual/source review; value was preserved without correction","ٌ انشبئؼخ انذ ٌذا"
Drug_Products_Directory_Yemen.pdf,67,4,"Arabic source text extracted from PDF requires visual/source review; value was preserved without correction","َضالد انجشد"
Drug_Products_Directory_Yemen.pdf,67,5,"Arabic source text extracted from PDF requires visual/source review; value was preserved without correction","َضالد انجشد"
Drug_Products_Directory_Yemen.pdf,67,6,"Arabic source text extracted from PDF requires visual/source review; value was preserved without correction","َضالد انجشد"
Drug_Products_Directory_Yemen.pdf,67,7,"Arabic source text extracted from PDF requires visual/source review; value was preserved without correction","انهضى"
Drug_Products_Directory_Yemen.pdf,68,1,"Arabic source text extracted from PDF requires visual/source review; value was preserved without correction","انتهبثبد انؼظبو"
Drug_Products_Directory_Yemen.pdf,68,2,"Arabic source text extracted from PDF requires visual/source review; value was preserved without correction","انتهبثبد انؼظبو"
Drug_Products_Directory_Yemen.pdf,68,4,"Arabic source text extracted from PDF requires visual/source review; value was preserved without correction","Deficiency َمص ف ٍتبي ٍُبد"
Drug_Products_Directory_Yemen.pdf,68,5,"Arabic source text extracted from PDF requires visual/source review; value was preserved without correction","انتهبثبد انؼظبو"
Drug_Products_Directory_Yemen.pdf,68,6,"Arabic source text extracted from PDF requires visual/source review; value was preserved without correction","األوجبع"
Drug_Products_Directory_Yemen.pdf,68,7,"Arabic source text extracted from PDF requires visual/source review; value was preserved without correction","Infections األصبثبد انجكت ٍش ٌخ"
Drug_Products_Directory_Yemen.pdf,69,1,"Arabic source text extracted from PDF requires visual/source review; value was preserved without correction","Infections األصبثبد انجكت ٍش ٌخ"
Drug_Products_Directory_Yemen.pdf,69,2,"Arabic source text extracted from PDF requires visual/source review; value was preserved without correction","َضالد انجشد"
Drug_Products_Directory_Yemen.pdf,69,3,"Arabic source text extracted from PDF requires visual/source review; value was preserved without correction","َضالد انجشد"
Drug_Products_Directory_Yemen.pdf,69,4,"Arabic source text extracted from PDF requires visual/source review; value was preserved without correction","Infections ًٍكشوث ٍخ األصبثبد ان انخط ٍشح"
Drug_Products_Directory_Yemen.pdf,69,5,"Arabic source text extracted from PDF requires visual/source review; value was preserved without correction","ي ُشطبد ج ُغ ٍخ"
Drug_Products_Directory_Yemen.pdf,69,6,"Arabic source text extracted from PDF requires visual/source review; value was preserved without correction","Local انتخذ ٌش ً ان ًىضؼ"
Drug_Products_Directory_Yemen.pdf,69,7,"Arabic source text extracted from PDF requires visual/source review; value was preserved without correction","Infections ًٍكشوثبد انالهىائ ٍخ ان"
Drug_Products_Directory_Yemen.pdf,70,1,"Arabic source text extracted from PDF requires visual/source review; value was preserved without correction","Analgesic يهذئبد األوجبع وانح ًى"
Drug_Products_Directory_Yemen.pdf,70,2,"Arabic source text extracted from PDF requires visual/source review; value was preserved without correction","Analgesic يهذئبد األوجبع وانح ًى"
Drug_Products_Directory_Yemen.pdf,70,3,"Arabic source text extracted from PDF requires visual/source review; value was preserved without correction","Analgesic يهذئبد األوجبع وانح ًى"
Drug_Products_Directory_Yemen.pdf,70,4,"Arabic source text extracted from PDF requires visual/source review; value was preserved without correction","Analgesic يهذئبد األوجبع وانح ًى"
Drug_Products_Directory_Yemen.pdf,70,7,"Arabic source text extracted from PDF requires visual/source review; value was preserved without correction","أيشاض انغكشي"
Drug_Products_Directory_Yemen.pdf,71,1,"Arabic source text extracted from PDF requires visual/source review; value was preserved without correction","استفبع ضغظ انذو"
Drug_Products_Directory_Yemen.pdf,71,2,"Arabic source text extracted from PDF requires visual/source review; value was preserved without correction","Spasm ٍ آالو انجط"
Drug_Products_Directory_Yemen.pdf,71,3,"Arabic source text extracted from PDF requires visual/source review; value was preserved without correction","Spasm ٍ آالو انجط"
Drug_Products_Directory_Yemen.pdf,71,4,"Arabic source text extracted from PDF requires visual/source review; value was preserved without correction","األوجبع"
Drug_Products_Directory_Yemen.pdf,71,5,"Arabic source text extracted from PDF requires visual/source review; value was preserved without correction","انهضى"
Drug_Products_Directory_Yemen.pdf,71,6,"Arabic source text extracted from PDF requires visual/source review; value was preserved without correction","Infections األصبثبد انجكت ٍش ٌخ"
Drug_Products_Directory_Yemen.pdf,71,7,"Arabic source text extracted from PDF requires visual/source review; value was preserved without correction","Infections األصبثبد انجكت ٍش ٌخ"
Drug_Products_Directory_Yemen.pdf,72,1,"Arabic source text extracted from PDF requires visual/source review; value was preserved without correction","Infections األصبثبد انجكت ٍش ٌخ"
Drug_Products_Directory_Yemen.pdf,72,2,"Arabic source text extracted from PDF requires visual/source review; value was preserved without correction","األيغبن"
Drug_Products_Directory_Yemen.pdf,72,3,"Arabic source text extracted from PDF requires visual/source review; value was preserved without correction","األيغبن"
Drug_Products_Directory_Yemen.pdf,72,4,"Arabic source text extracted from PDF requires visual/source review; value was preserved without correction","األيغبن"
Drug_Products_Directory_Yemen.pdf,72,5,"Arabic source text extracted from PDF requires visual/source review; value was preserved without correction","استفبع ضغظ انذو"
Drug_Products_Directory_Yemen.pdf,72,6,"Arabic source text extracted from PDF requires visual/source review; value was preserved without correction","استفبع ضغظ انذو"
Drug_Products_Directory_Yemen.pdf,72,7,"Arabic source text extracted from PDF requires visual/source review; value was preserved without correction","استفبع ضغظ انذو"
Drug_Products_Directory_Yemen.pdf,73,1,"Arabic source text extracted from PDF requires visual/source review; value was preserved without correction","انهضى"
Drug_Products_Directory_Yemen.pdf,73,2,"Arabic source text extracted from PDF requires visual/source review; value was preserved without correction","Disorders اضطشاثبد انجهبص ً انت ُفغ"
Drug_Products_Directory_Yemen.pdf,73,3,"Arabic source text extracted from PDF requires visual/source review; value was preserved without correction","Disorders اضطشاثبد انجهبص ً انت ُفغ"
Drug_Products_Directory_Yemen.pdf,73,4,"Arabic source text extracted from PDF requires visual/source review; value was preserved without correction","استفبع ضغظ انذو"
Drug_Products_Directory_Yemen.pdf,73,5,"Arabic source text extracted from PDF requires visual/source review; value was preserved without correction","Disorders اضطشاثبد انجهبص ً انت ُفغ"
Drug_Products_Directory_Yemen.pdf,73,6,"Arabic source text extracted from PDF requires visual/source review; value was preserved without correction","Disorders اضطشاثبد انجهبص ً انت ُفغ"
Drug_Products_Directory_Yemen.pdf,73,7,"Arabic source text extracted from PDF requires visual/source review; value was preserved without correction","Disorders اضطشاثبد انجهبص ً انت ُفغ"
Drug_Products_Directory_Yemen.pdf,74,1,"Arabic source text extracted from PDF requires visual/source review; value was preserved without correction","Disorders اضطشاثبد انجهبص ً انت ُفغ"
Drug_Products_Directory_Yemen.pdf,74,2,"Arabic source text extracted from PDF requires visual/source review; value was preserved without correction","استفبع ضغظ انذو"
Drug_Products_Directory_Yemen.pdf,74,3,"Arabic source text extracted from PDF requires visual/source review; value was preserved without correction","استفبع ضغظ انذو"
Drug_Products_Directory_Yemen.pdf,74,4,"Arabic source text extracted from PDF requires visual/source review; value was preserved without correction","استفبع ضغظ انذو"
Drug_Products_Directory_Yemen.pdf,74,5,"Arabic source text extracted from PDF requires visual/source review; value was preserved without correction","استفبع ضغظ انذو"
Drug_Products_Directory_Yemen.pdf,74,6,"Arabic source text extracted from PDF requires visual/source review; value was preserved without correction","استفبع ضغظ انذو"
Drug_Products_Directory_Yemen.pdf,74,7,"Arabic source text extracted from PDF requires visual/source review; value was preserved without correction","استفبع ضغظ انذو"
Drug_Products_Directory_Yemen.pdf,75,1,"Arabic source text extracted from PDF requires visual/source review; value was preserved without correction","Deficiency َمص ف ٍتبي ٍُبد"
Drug_Products_Directory_Yemen.pdf,75,2,"Arabic source text extracted from PDF requires visual/source review; value was preserved without correction","Deficiency َمص ف ٍتبي ٍُبد"
Drug_Products_Directory_Yemen.pdf,75,3,"Arabic source text extracted from PDF requires visual/source review; value was preserved without correction","َضالد انجشد"
Drug_Products_Directory_Yemen.pdf,75,4,"Arabic source text extracted from PDF requires visual/source review; value was preserved without correction","َضالد انجشد"
Drug_Products_Directory_Yemen.pdf,75,5,"Arabic source text extracted from PDF requires visual/source review; value was preserved without correction","َضالد انجشد"
Drug_Products_Directory_Yemen.pdf,75,6,"Arabic source text extracted from PDF requires visual/source review; value was preserved without correction","َضالد انجشد"
Drug_Products_Directory_Yemen.pdf,75,7,"Arabic source text extracted from PDF requires visual/source review; value was preserved without correction","انتهبثبد انؼظبو"
Drug_Products_Directory_Yemen.pdf,76,1,"Arabic source text extracted from PDF requires visual/source review; value was preserved without correction","انؼبيخ"
Drug_Products_Directory_Yemen.pdf,76,2,"Arabic source text extracted from PDF requires visual/source review; value was preserved without correction","األنتهبثبد انجذنذ ٌخ"
Drug_Products_Directory_Yemen.pdf,76,3,"Arabic source text extracted from PDF requires visual/source review; value was preserved without correction","األنتهبثبد انجذنذ ٌخ"
Drug_Products_Directory_Yemen.pdf,76,4,"Arabic source text extracted from PDF requires visual/source review; value was preserved without correction","األنتهبثبد انجذنذ ٌخ"
Drug_Products_Directory_Yemen.pdf,76,6,"Arabic source text extracted from PDF requires visual/source review; value was preserved without correction","ان ًؼذح"
Drug_Products_Directory_Yemen.pdf,76,7,"Arabic source text extracted from PDF requires visual/source review; value was preserved without correction","استفبع ضغظ انذو"
Drug_Products_Directory_Yemen.pdf,77,1,"Arabic source text extracted from PDF requires visual/source review; value was preserved without correction","Analgesic يهذئبد األوجبع وانح ًى"
Drug_Products_Directory_Yemen.pdf,77,2,"Arabic source text extracted from PDF requires visual/source review; value was preserved without correction","األوجبع"
Drug_Products_Directory_Yemen.pdf,77,3,"Arabic source text extracted from PDF requires visual/source review; value was preserved without correction","َضالد انجشد"
Drug_Products_Directory_Yemen.pdf,77,4,"Arabic source text extracted from PDF requires visual/source review; value was preserved without correction","Insumnea األسق وانمهك"
Drug_Products_Directory_Yemen.pdf,77,5,"Arabic source text extracted from PDF requires visual/source review; value was preserved without correction","Disorders اضطشاثبد انجهبص ً انت ُفغ"
Drug_Products_Directory_Yemen.pdf,77,6,"Arabic source text extracted from PDF requires visual/source review; value was preserved without correction","Disorders اضطشاثبد انجهبص ً انت ُفغ"
Drug_Products_Directory_Yemen.pdf,77,7,"Arabic source text extracted from PDF requires visual/source review; value was preserved without correction","َضالد انجشد"
Drug_Products_Directory_Yemen.pdf,78,1,"Arabic source text extracted from PDF requires visual/source review; value was preserved without correction","َضالد انجشد"
Drug_Products_Directory_Yemen.pdf,78,2,"Arabic source text extracted from PDF requires visual/source review; value was preserved without correction","َضالد انجشد"
Drug_Products_Directory_Yemen.pdf,78,3,"Arabic source text extracted from PDF requires visual/source review; value was preserved without correction","َضالد انجشد"
Drug_Products_Directory_Yemen.pdf,78,4,"Arabic source text extracted from PDF requires visual/source review; value was preserved without correction","َضالد انجشد"
Drug_Products_Directory_Yemen.pdf,78,5,"Arabic source text extracted from PDF requires visual/source review; value was preserved without correction","َضالد انجشد"
Drug_Products_Directory_Yemen.pdf,78,6,"Arabic source text extracted from PDF requires visual/source review; value was preserved without correction","َضالد انجشد"
Drug_Products_Directory_Yemen.pdf,78,7,"Arabic source text extracted from PDF requires visual/source review; value was preserved without correction","َضالد انجشد"
Drug_Products_Directory_Yemen.pdf,79,1,"Arabic source text extracted from PDF requires visual/source review; value was preserved without correction","Disorders اضطشاثبد انجهبص ً انت ُفغ"
Drug_Products_Directory_Yemen.pdf,79,2,"Arabic source text extracted from PDF requires visual/source review; value was preserved without correction","َضالد انجشد"
Drug_Products_Directory_Yemen.pdf,79,3,"Arabic source text extracted from PDF requires visual/source review; value was preserved without correction","Disorders اضطشاثبد انجهبص ً انت ُفغ"
Drug_Products_Directory_Yemen.pdf,79,4,"Arabic source text extracted from PDF requires visual/source review; value was preserved without correction","انشؼت انهىائ ٍخ"
Drug_Products_Directory_Yemen.pdf,79,5,"Arabic source text extracted from PDF requires visual/source review; value was preserved without correction","انشؼت انهىائ ٍخ"
Drug_Products_Directory_Yemen.pdf,79,6,"Arabic source text extracted from PDF requires visual/source review; value was preserved without correction","األوجبع"
Drug_Products_Directory_Yemen.pdf,79,7,"Arabic source text extracted from PDF requires visual/source review; value was preserved without correction","األوجبع"
Drug_Products_Directory_Yemen.pdf,80,1,"Arabic source text extracted from PDF requires visual/source review; value was preserved without correction","األوجبع"
Drug_Products_Directory_Yemen.pdf,80,2,"Arabic source text extracted from PDF requires visual/source review; value was preserved without correction","األوجبع"
Drug_Products_Directory_Yemen.pdf,80,4,"Arabic source text extracted from PDF requires visual/source review; value was preserved without correction","Asthma انشثى ً انشؼج"
Drug_Products_Directory_Yemen.pdf,80,5,"Arabic source text extracted from PDF requires visual/source review; value was preserved without correction","Asthma انشثى ً انشؼج"
Drug_Products_Directory_Yemen.pdf,80,6,"Arabic source text extracted from PDF requires visual/source review; value was preserved without correction","Asthma انشثى ً انشؼج"
Drug_Products_Directory_Yemen.pdf,80,7,"Arabic source text extracted from PDF requires visual/source review; value was preserved without correction","Spasm ٍ آالو انجط"
Drug_Products_Directory_Yemen.pdf,81,1,"Arabic source text extracted from PDF requires visual/source review; value was preserved without correction","Spasm ٍ آالو انجط"
Drug_Products_Directory_Yemen.pdf,81,2,"Arabic source text extracted from PDF requires visual/source review; value was preserved without correction","Spasm ٍ آالو انجط"
Drug_Products_Directory_Yemen.pdf,81,3,"Arabic source text extracted from PDF requires visual/source review; value was preserved without correction","Spasm ٍ آالو انجط"
Drug_Products_Directory_Yemen.pdf,81,4,"Arabic source text extracted from PDF requires visual/source review; value was preserved without correction","Spasm ٍ آالو انجط"
Drug_Products_Directory_Yemen.pdf,81,5,"Arabic source text extracted from PDF requires visual/source review; value was preserved without correction","Spasm ٍ آالو انجط"
Drug_Products_Directory_Yemen.pdf,81,6,"Arabic source text extracted from PDF requires visual/source review; value was preserved without correction","Spasm ٍ آالو انجط"
Drug_Products_Directory_Yemen.pdf,81,7,"Arabic source text extracted from PDF requires visual/source review; value was preserved without correction","Spasm ٍ آالو انجط"
Drug_Products_Directory_Yemen.pdf,82,1,"Arabic source text extracted from PDF requires visual/source review; value was preserved without correction","Insumnea األسق وانمهك"
Drug_Products_Directory_Yemen.pdf,82,2,"Arabic source text extracted from PDF requires visual/source review; value was preserved without correction","Spasm ٍ آالو انجط"
Drug_Products_Directory_Yemen.pdf,82,3,"Arabic source text extracted from PDF requires visual/source review; value was preserved without correction","Spasm ٍ آالو انجط"
Drug_Products_Directory_Yemen.pdf,82,4,"Arabic source text extracted from PDF requires visual/source review; value was preserved without correction","Asthma انشثى ً انشؼج"
Drug_Products_Directory_Yemen.pdf,82,5,"Arabic source text extracted from PDF requires visual/source review; value was preserved without correction","Asthma انشثى ً انشؼج"
Drug_Products_Directory_Yemen.pdf,82,6,"Arabic source text extracted from PDF requires visual/source review; value was preserved without correction","َضالد انجشد"
Drug_Products_Directory_Yemen.pdf,82,7,"Arabic source text extracted from PDF requires visual/source review; value was preserved without correction","َضالد انجشد"
Drug_Products_Directory_Yemen.pdf,83,1,"Arabic source text extracted from PDF requires visual/source review; value was preserved without correction","انتهبثبد انؼظبو"
Drug_Products_Directory_Yemen.pdf,83,2,"Arabic source text extracted from PDF requires visual/source review; value was preserved without correction","األوجبع"
Drug_Products_Directory_Yemen.pdf,83,3,"Arabic source text extracted from PDF requires visual/source review; value was preserved without correction","األوجبع"
Drug_Products_Directory_Yemen.pdf,83,4,"Arabic source text extracted from PDF requires visual/source review; value was preserved without correction","األوجبع"
Drug_Products_Directory_Yemen.pdf,83,5,"Arabic source text extracted from PDF requires visual/source review; value was preserved without correction","َضالد انجشد"
Drug_Products_Directory_Yemen.pdf,83,6,"Arabic source text extracted from PDF requires visual/source review; value was preserved without correction","َضالد انجشد"
Drug_Products_Directory_Yemen.pdf,83,7,"Arabic source text extracted from PDF requires visual/source review; value was preserved without correction","َضالد انجشد"
Drug_Products_Directory_Yemen.pdf,84,1,"Arabic source text extracted from PDF requires visual/source review; value was preserved without correction","انتهبثبد انؼظبو"
Drug_Products_Directory_Yemen.pdf,84,2,"Arabic source text extracted from PDF requires visual/source review; value was preserved without correction","انتهبثبد انؼظبو"
Drug_Products_Directory_Yemen.pdf,84,3,"Arabic source text extracted from PDF requires visual/source review; value was preserved without correction","انتهبثبد انؼظبو"
Drug_Products_Directory_Yemen.pdf,84,4,"Arabic source text extracted from PDF requires visual/source review; value was preserved without correction","األنتهبثبد انجذنذ ٌخ"
Drug_Products_Directory_Yemen.pdf,84,6,"Arabic source text extracted from PDF requires visual/source review; value was preserved without correction","َضالد انجشد"
Drug_Products_Directory_Yemen.pdf,84,7,"Arabic source text extracted from PDF requires visual/source review; value was preserved without correction","َضالد انجشد"
Drug_Products_Directory_Yemen.pdf,85,1,"Arabic source text extracted from PDF requires visual/source review; value was preserved without correction","انتهبثبد انؼظبو"
Drug_Products_Directory_Yemen.pdf,85,2,"Arabic source text extracted from PDF requires visual/source review; value was preserved without correction","انتهبثبد انؼظبو"
Drug_Products_Directory_Yemen.pdf,85,3,"Arabic source text extracted from PDF requires visual/source review; value was preserved without correction","انتهبثبد انؼظبو"
Drug_Products_Directory_Yemen.pdf,85,4,"Arabic source text extracted from PDF requires visual/source review; value was preserved without correction","انتهبثبد انؼظبو"
Drug_Products_Directory_Yemen.pdf,85,5,"Arabic source text extracted from PDF requires visual/source review; value was preserved without correction","انتهبثبد انؼظبو"
Drug_Products_Directory_Yemen.pdf,85,6,"Arabic source text extracted from PDF requires visual/source review; value was preserved without correction","انتهبثبد انؼظبو"
Drug_Products_Directory_Yemen.pdf,85,7,"Arabic source text extracted from PDF requires visual/source review; value was preserved without correction","انتهبثبد انؼظبو"
Drug_Products_Directory_Yemen.pdf,86,1,"Arabic source text extracted from PDF requires visual/source review; value was preserved without correction","انتهبثبد انؼظبو"
Drug_Products_Directory_Yemen.pdf,86,2,"Arabic source text extracted from PDF requires visual/source review; value was preserved without correction","انتهبثبد انؼظبو"
Drug_Products_Directory_Yemen.pdf,86,3,"Arabic source text extracted from PDF requires visual/source review; value was preserved without correction","َضالد انجشد"
Drug_Products_Directory_Yemen.pdf,86,4,"Arabic source text extracted from PDF requires visual/source review; value was preserved without correction","انتهبثبد انؼظبو"
Drug_Products_Directory_Yemen.pdf,86,5,"Arabic source text extracted from PDF requires visual/source review; value was preserved without correction","انتهبثبد انؼظبو"
Drug_Products_Directory_Yemen.pdf,86,6,"Arabic source text extracted from PDF requires visual/source review; value was preserved without correction","Deficiency َمص ف ٍتبي ٍُبد"
Drug_Products_Directory_Yemen.pdf,86,7,"Arabic source text extracted from PDF requires visual/source review; value was preserved without correction","انتهبثبد انؼظبو"
Drug_Products_Directory_Yemen.pdf,87,1,"Arabic source text extracted from PDF requires visual/source review; value was preserved without correction","َضالد انجشد"
Drug_Products_Directory_Yemen.pdf,87,2,"Arabic source text extracted from PDF requires visual/source review; value was preserved without correction","َضالد انجشد"
Drug_Products_Directory_Yemen.pdf,87,3,"Arabic source text extracted from PDF requires visual/source review; value was preserved without correction","انتهبثبد انؼظبو"
Drug_Products_Directory_Yemen.pdf,87,4,"Arabic source text extracted from PDF requires visual/source review; value was preserved without correction","انتهبثبد انؼظبو"
Drug_Products_Directory_Yemen.pdf,87,5,"Arabic source text extracted from PDF requires visual/source review; value was preserved without correction","انتهبثبد انؼظبو"
Drug_Products_Directory_Yemen.pdf,87,6,"Arabic source text extracted from PDF requires visual/source review; value was preserved without correction","انتهبثبد انؼظبو"
Drug_Products_Directory_Yemen.pdf,87,7,"Arabic source text extracted from PDF requires visual/source review; value was preserved without correction","انتهبثبد انؼظبو"
Drug_Products_Directory_Yemen.pdf,88,1,"Arabic source text extracted from PDF requires visual/source review; value was preserved without correction","انتهبثبد انؼظبو"
Drug_Products_Directory_Yemen.pdf,88,2,"Arabic source text extracted from PDF requires visual/source review; value was preserved without correction","انتهبثبد انؼظبو"
Drug_Products_Directory_Yemen.pdf,88,3,"Arabic source text extracted from PDF requires visual/source review; value was preserved without correction","انتهبثبد انؼظبو"
Drug_Products_Directory_Yemen.pdf,88,4,"Arabic source text extracted from PDF requires visual/source review; value was preserved without correction","َضالد انجشد"
Drug_Products_Directory_Yemen.pdf,88,5,"Arabic source text extracted from PDF requires visual/source review; value was preserved without correction","انتهبثبد انؼظبو"
Drug_Products_Directory_Yemen.pdf,88,6,"Arabic source text extracted from PDF requires visual/source review; value was preserved without correction","األنتهبثبد انجذنذ ٌخ"
Drug_Products_Directory_Yemen.pdf,88,7,"Arabic source text extracted from PDF requires visual/source review; value was preserved without correction","َضالد انجشد"
Drug_Products_Directory_Yemen.pdf,89,1,"Arabic source text extracted from PDF requires visual/source review; value was preserved without correction","Analgesic يهذئبد األوجبع وانح ًى"
Drug_Products_Directory_Yemen.pdf,89,2,"Arabic source text extracted from PDF requires visual/source review; value was preserved without correction","Deficiency َمص ف ٍتبي ٍُبد"
Drug_Products_Directory_Yemen.pdf,89,3,"Arabic source text extracted from PDF requires visual/source review; value was preserved without correction","انتهبثبد انؼظبو"
Drug_Products_Directory_Yemen.pdf,89,4,"Arabic source text extracted from PDF requires visual/source review; value was preserved without correction","استفبع ضغظ انذو"
Drug_Products_Directory_Yemen.pdf,89,5,"Arabic source text extracted from PDF requires visual/source review; value was preserved without correction","استفبع ضغظ انذو"
Drug_Products_Directory_Yemen.pdf,89,6,"Arabic source text extracted from PDF requires visual/source review; value was preserved without correction","استفبع ضغظ انذو"
Drug_Products_Directory_Yemen.pdf,89,7,"Arabic source text extracted from PDF requires visual/source review; value was preserved without correction","األنتهبثبد انجذنذ ٌخ"
Drug_Products_Directory_Yemen.pdf,90,1,"Arabic source text extracted from PDF requires visual/source review; value was preserved without correction","( E . N . T ) األ َف ٌ وانح ُجشح واألر"
Drug_Products_Directory_Yemen.pdf,90,3,"Arabic source text extracted from PDF requires visual/source review; value was preserved without correction","األنتهبثبد انجذنذ ٌخ"
Drug_Products_Directory_Yemen.pdf,90,5,"Arabic source text extracted from PDF requires visual/source review; value was preserved without correction","األنتهبثبد انجذنذ ٌخ"
Drug_Products_Directory_Yemen.pdf,90,7,"Arabic source text extracted from PDF requires visual/source review; value was preserved without correction","األنتهبثبد انجذنذ ٌخ"
Drug_Products_Directory_Yemen.pdf,91,1,"Arabic source text extracted from PDF requires visual/source review; value was preserved without correction","األنتهبثبد انجذنذ ٌخ"
Drug_Products_Directory_Yemen.pdf,91,2,"Arabic source text extracted from PDF requires visual/source review; value was preserved without correction","األنتهبثبد انجذنذ ٌخ"
Drug_Products_Directory_Yemen.pdf,91,3,"Arabic source text extracted from PDF requires visual/source review; value was preserved without correction","األنتهبثبد انجذنذ ٌخ"
Drug_Products_Directory_Yemen.pdf,91,4,"Arabic source text extracted from PDF requires visual/source review; value was preserved without correction","استفبع ضغظ انذو"
Drug_Products_Directory_Yemen.pdf,91,5,"Arabic source text extracted from PDF requires visual/source review; value was preserved without correction","استفبع ضغظ انذو"
Drug_Products_Directory_Yemen.pdf,91,6,"Arabic source text extracted from PDF requires visual/source review; value was preserved without correction","استفبع ضغظ انذو"
Drug_Products_Directory_Yemen.pdf,91,7,"Arabic source text extracted from PDF requires visual/source review; value was preserved without correction","استفبع ضغظ انذو"
Drug_Products_Directory_Yemen.pdf,92,1,"Arabic source text extracted from PDF requires visual/source review; value was preserved without correction","استفبع ضغظ انذو"
Drug_Products_Directory_Yemen.pdf,92,2,"Arabic source text extracted from PDF requires visual/source review; value was preserved without correction","استفبع ضغظ انذو"
Drug_Products_Directory_Yemen.pdf,92,3,"Arabic source text extracted from PDF requires visual/source review; value was preserved without correction","استفبع ضغظ انذو"
Drug_Products_Directory_Yemen.pdf,92,4,"Arabic source text extracted from PDF requires visual/source review; value was preserved without correction","استفبع ضغظ انذو"
Drug_Products_Directory_Yemen.pdf,92,5,"Arabic source text extracted from PDF requires visual/source review; value was preserved without correction","استفبع ضغظ انذو"
Drug_Products_Directory_Yemen.pdf,92,6,"Arabic source text extracted from PDF requires visual/source review; value was preserved without correction","انصذس ٌخ"
Drug_Products_Directory_Yemen.pdf,92,7,"Arabic source text extracted from PDF requires visual/source review; value was preserved without correction","Deficiency َمص ف ٍتبي ٍُبد"
Drug_Products_Directory_Yemen.pdf,93,1,"Arabic source text extracted from PDF requires visual/source review; value was preserved without correction","انصذس ٌخ"
Drug_Products_Directory_Yemen.pdf,93,2,"Arabic source text extracted from PDF requires visual/source review; value was preserved without correction","استفبع ضغظ انذو"
Drug_Products_Directory_Yemen.pdf,93,3,"Arabic source text extracted from PDF requires visual/source review; value was preserved without correction","َضالد انجشد"
Drug_Products_Directory_Yemen.pdf,93,4,"Arabic source text extracted from PDF requires visual/source review; value was preserved without correction","انهضى"
Drug_Products_Directory_Yemen.pdf,93,5,"Arabic source text extracted from PDF requires visual/source review; value was preserved without correction","استفبع ضغظ انذو"
Drug_Products_Directory_Yemen.pdf,93,6,"Arabic source text extracted from PDF requires visual/source review; value was preserved without correction","انجهطبد"
Drug_Products_Directory_Yemen.pdf,93,7,"Arabic source text extracted from PDF requires visual/source review; value was preserved without correction","انجهطبد"
Drug_Products_Directory_Yemen.pdf,94,1,"Arabic source text extracted from PDF requires visual/source review; value was preserved without correction","انجهطبد"
Drug_Products_Directory_Yemen.pdf,94,2,"Arabic source text extracted from PDF requires visual/source review; value was preserved without correction","األيغبن"
Drug_Products_Directory_Yemen.pdf,94,3,"Arabic source text extracted from PDF requires visual/source review; value was preserved without correction","األيغبن"
Drug_Products_Directory_Yemen.pdf,94,4,"Arabic source text extracted from PDF requires visual/source review; value was preserved without correction","األيغبن"
Drug_Products_Directory_Yemen.pdf,94,5,"Arabic source text extracted from PDF requires visual/source review; value was preserved without correction","األوجبع"
Drug_Products_Directory_Yemen.pdf,94,6,"Arabic source text extracted from PDF requires visual/source review; value was preserved without correction","األوجبع"
Drug_Products_Directory_Yemen.pdf,94,7,"Arabic source text extracted from PDF requires visual/source review; value was preserved without correction","األيشاض انؼمه ٍخ"
Drug_Products_Directory_Yemen.pdf,95,1,"Arabic source text extracted from PDF requires visual/source review; value was preserved without correction","استفبع ضغظ انذو"
Drug_Products_Directory_Yemen.pdf,95,2,"Arabic source text extracted from PDF requires visual/source review; value was preserved without correction","األيشاض انؼمه ٍخ"
Drug_Products_Directory_Yemen.pdf,95,3,"Arabic source text extracted from PDF requires visual/source review; value was preserved without correction","األيشاض انؼمه ٍخ"
Drug_Products_Directory_Yemen.pdf,95,4,"Arabic source text extracted from PDF requires visual/source review; value was preserved without correction","األيشاض انؼمه ٍخ"
Drug_Products_Directory_Yemen.pdf,95,5,"Arabic source text extracted from PDF requires visual/source review; value was preserved without correction","األيشاض انؼمه ٍخ"
Drug_Products_Directory_Yemen.pdf,95,6,"Arabic source text extracted from PDF requires visual/source review; value was preserved without correction","األيشاض انؼمه ٍخ"
Drug_Products_Directory_Yemen.pdf,95,7,"Arabic source text extracted from PDF requires visual/source review; value was preserved without correction","األيشاض انؼمه ٍخ"
Drug_Products_Directory_Yemen.pdf,96,1,"Arabic source text extracted from PDF requires visual/source review; value was preserved without correction","األوجبع"
Drug_Products_Directory_Yemen.pdf,96,2,"Arabic source text extracted from PDF requires visual/source review; value was preserved without correction","Infections األصبثبد انجكت ٍش ٌخ"
Drug_Products_Directory_Yemen.pdf,96,3,"Arabic source text extracted from PDF requires visual/source review; value was preserved without correction","Infections األصبثبد انجكت ٍش ٌخ"
Drug_Products_Directory_Yemen.pdf,96,4,"Arabic source text extracted from PDF requires visual/source review; value was preserved without correction","Infections األصبثبد انجكت ٍش ٌخ"
Drug_Products_Directory_Yemen.pdf,96,5,"Arabic source text extracted from PDF requires visual/source review; value was preserved without correction","Infections األصبثبد انجكت ٍش ٌخ"
Drug_Products_Directory_Yemen.pdf,96,6,"Arabic source text extracted from PDF requires visual/source review; value was preserved without correction","Infections األصبثبد انجكت ٍش ٌخ"
Drug_Products_Directory_Yemen.pdf,96,7,"Arabic source text extracted from PDF requires visual/source review; value was preserved without correction","Infections األصبثبد انجكت ٍش ٌخ"
Drug_Products_Directory_Yemen.pdf,97,1,"Arabic source text extracted from PDF requires visual/source review; value was preserved without correction","Infections األصبثبد انجكت ٍش ٌخ"
Drug_Products_Directory_Yemen.pdf,97,2,"Arabic source text extracted from PDF requires visual/source review; value was preserved without correction","Infections األصبثبد انجكت ٍش ٌخ"
Drug_Products_Directory_Yemen.pdf,97,3,"Arabic source text extracted from PDF requires visual/source review; value was preserved without correction","Infections األصبثبد انجكت ٍش ٌخ"
Drug_Products_Directory_Yemen.pdf,97,4,"Arabic source text extracted from PDF requires visual/source review; value was preserved without correction","Infections األصبثبد انجكت ٍش ٌخ"
Drug_Products_Directory_Yemen.pdf,97,5,"Arabic source text extracted from PDF requires visual/source review; value was preserved without correction","Infections األصبثبد انجكت ٍش ٌخ"
Drug_Products_Directory_Yemen.pdf,97,6,"Arabic source text extracted from PDF requires visual/source review; value was preserved without correction","Infections األصبثبد انجكت ٍش ٌخ"
Drug_Products_Directory_Yemen.pdf,97,7,"Arabic source text extracted from PDF requires visual/source review; value was preserved without correction","Infections األصبثبد انجكت ٍش ٌخ"
Drug_Products_Directory_Yemen.pdf,98,1,"Arabic source text extracted from PDF requires visual/source review; value was preserved without correction","Infections األصبثبد انجكت ٍش ٌخ"
Drug_Products_Directory_Yemen.pdf,98,2,"Arabic source text extracted from PDF requires visual/source review; value was preserved without correction","Infections األصبثبد انجكت ٍش ٌخ"
Drug_Products_Directory_Yemen.pdf,98,3,"Arabic source text extracted from PDF requires visual/source review; value was preserved without correction","Infections األصبثبد انجكت ٍش ٌخ"
Drug_Products_Directory_Yemen.pdf,98,4,"Arabic source text extracted from PDF requires visual/source review; value was preserved without correction","Infections األصبثبد انجكت ٍش ٌخ"
Drug_Products_Directory_Yemen.pdf,98,5,"Arabic source text extracted from PDF requires visual/source review; value was preserved without correction","Infections األصبثبد انجكت ٍش ٌخ"
Drug_Products_Directory_Yemen.pdf,98,6,"Arabic source text extracted from PDF requires visual/source review; value was preserved without correction","Infections األصبثبد انجكت ٍش ٌخ"
Drug_Products_Directory_Yemen.pdf,98,7,"Arabic source text extracted from PDF requires visual/source review; value was preserved without correction","Infections األصبثبد انجكت ٍش ٌخ"
Drug_Products_Directory_Yemen.pdf,99,1,"Arabic source text extracted from PDF requires visual/source review; value was preserved without correction","Infections األصبثبد انجكت ٍش ٌخ"
Drug_Products_Directory_Yemen.pdf,99,2,"Arabic source text extracted from PDF requires visual/source review; value was preserved without correction","Infections األصبثبد انجكت ٍش ٌخ"
Drug_Products_Directory_Yemen.pdf,99,3,"Arabic source text extracted from PDF requires visual/source review; value was preserved without correction","Infections األصبثبد انجكت ٍش ٌخ"
Drug_Products_Directory_Yemen.pdf,99,4,"Arabic source text extracted from PDF requires visual/source review; value was preserved without correction","Infections األصبثبد انجكت ٍش ٌخ"
Drug_Products_Directory_Yemen.pdf,100,1,"Arabic source text extracted from PDF requires visual/source review; value was preserved without correction","Infections األصبثبد انجكت ٍش ٌخ"
Drug_Products_Directory_Yemen.pdf,100,2,"Arabic source text extracted from PDF requires visual/source review; value was preserved without correction","Infections األصبثبد انجكت ٍش ٌخ"
Drug_Products_Directory_Yemen.pdf,100,3,"Arabic source text extracted from PDF requires visual/source review; value was preserved without correction","Infections األصبثبد انجكت ٍش ٌخ"
Drug_Products_Directory_Yemen.pdf,100,4,"Arabic source text extracted from PDF requires visual/source review; value was preserved without correction","Infections األصبثبد انجكت ٍش ٌخ"
Drug_Products_Directory_Yemen.pdf,100,5,"Arabic source text extracted from PDF requires visual/source review; value was preserved without correction","Infections األصبثبد انجكت ٍش ٌخ"
Drug_Products_Directory_Yemen.pdf,100,6,"Arabic source text extracted from PDF requires visual/source review; value was preserved without correction","Infections األصبثبد انجكت ٍش ٌخ"
Drug_Products_Directory_Yemen.pdf,100,7,"Arabic source text extracted from PDF requires visual/source review; value was preserved without correction","Infections األصبثبد انجكت ٍش ٌخ"
Drug_Products_Directory_Yemen.pdf,101,1,"Arabic source text extracted from PDF requires visual/source review; value was preserved without correction","Infections األصبثبد انجكت ٍش ٌخ"
Drug_Products_Directory_Yemen.pdf,101,2,"Arabic source text extracted from PDF requires visual/source review; value was preserved without correction","Infections األصبثبد انجكت ٍش ٌخ"
Drug_Products_Directory_Yemen.pdf,101,3,"Arabic source text extracted from PDF requires visual/source review; value was preserved without correction","Infections األصبثبد انجكت ٍش ٌخ"
Drug_Products_Directory_Yemen.pdf,101,4,"Arabic source text extracted from PDF requires visual/source review; value was preserved without correction","Infections األصبثبد انجكت ٍش ٌخ"
Drug_Products_Directory_Yemen.pdf,101,5,"Arabic source text extracted from PDF requires visual/source review; value was preserved without correction","Infections األصبثبد انجكت ٍش ٌخ"
Drug_Products_Directory_Yemen.pdf,101,6,"Arabic source text extracted from PDF requires visual/source review; value was preserved without correction","Infections األصبثبد انجكت ٍش ٌخ"
Drug_Products_Directory_Yemen.pdf,101,7,"Arabic source text extracted from PDF requires visual/source review; value was preserved without correction","Infections األصبثبد انجكت ٍش ٌخ"
Drug_Products_Directory_Yemen.pdf,102,1,"Arabic source text extracted from PDF requires visual/source review; value was preserved without correction","Infections األصبثبد انجكت ٍش ٌخ"
Drug_Products_Directory_Yemen.pdf,102,2,"Arabic source text extracted from PDF requires visual/source review; value was preserved without correction","Infections األصبثبد انجكت ٍش ٌخ"
Drug_Products_Directory_Yemen.pdf,102,3,"Arabic source text extracted from PDF requires visual/source review; value was preserved without correction","Infections األصبثبد انجكت ٍش ٌخ"
Drug_Products_Directory_Yemen.pdf,102,4,"Arabic source text extracted from PDF requires visual/source review; value was preserved without correction","Infections األصبثبد انجكت ٍش ٌخ"
Drug_Products_Directory_Yemen.pdf,102,5,"Arabic source text extracted from PDF requires visual/source review; value was preserved without correction","Infections األصبثبد انجكت ٍش ٌخ"
Drug_Products_Directory_Yemen.pdf,102,6,"Arabic source text extracted from PDF requires visual/source review; value was preserved without correction","Infections األصبثبد انجكت ٍش ٌخ"
Drug_Products_Directory_Yemen.pdf,102,7,"Arabic source text extracted from PDF requires visual/source review; value was preserved without correction","األوجبع"
Drug_Products_Directory_Yemen.pdf,103,1,"Arabic source text extracted from PDF requires visual/source review; value was preserved without correction","األوجبع"
Drug_Products_Directory_Yemen.pdf,103,2,"Arabic source text extracted from PDF requires visual/source review; value was preserved without correction","Infections األصبثبد انجكت ٍش ٌخ"
Drug_Products_Directory_Yemen.pdf,103,3,"Arabic source text extracted from PDF requires visual/source review; value was preserved without correction","Infections األصبثبد انجكت ٍش ٌخ"
Drug_Products_Directory_Yemen.pdf,103,4,"Arabic source text extracted from PDF requires visual/source review; value was preserved without correction","Infections األصبثبد انجكت ٍش ٌخ"
Drug_Products_Directory_Yemen.pdf,103,5,"Arabic source text extracted from PDF requires visual/source review; value was preserved without correction","استفبع ضغظ انذو"
Drug_Products_Directory_Yemen.pdf,103,6,"Arabic source text extracted from PDF requires visual/source review; value was preserved without correction","Infections األصبثبد انجكت ٍش ٌخ"
Drug_Products_Directory_Yemen.pdf,103,7,"Arabic source text extracted from PDF requires visual/source review; value was preserved without correction","األيشاض انؼمه ٍخ"
Drug_Products_Directory_Yemen.pdf,104,3,"Arabic source text extracted from PDF requires visual/source review; value was preserved without correction","األيشاض انؼمه ٍخ"
Drug_Products_Directory_Yemen.pdf,104,4,"Arabic source text extracted from PDF requires visual/source review; value was preserved without correction","Analgesic يهذئبد األوجبع وانح ًى"
Drug_Products_Directory_Yemen.pdf,104,5,"Arabic source text extracted from PDF requires visual/source review; value was preserved without correction","Analgesic يهذئبد األوجبع وانح ًى"
Drug_Products_Directory_Yemen.pdf,104,6,"Arabic source text extracted from PDF requires visual/source review; value was preserved without correction","األنتهبثبد انجذنذ ٌخ"
Drug_Products_Directory_Yemen.pdf,105,1,"Arabic source text extracted from PDF requires visual/source review; value was preserved without correction","Analgesic يهذئبد األوجبع وانح ًى"
Drug_Products_Directory_Yemen.pdf,105,2,"Arabic source text extracted from PDF requires visual/source review; value was preserved without correction","األيشاض انؼمه ٍخ"
Drug_Products_Directory_Yemen.pdf,105,3,"Arabic source text extracted from PDF requires visual/source review; value was preserved without correction","يك ًالد غزائ ٍخ"
Drug_Products_Directory_Yemen.pdf,105,4,"Arabic source text extracted from PDF requires visual/source review; value was preserved without correction","( E . N . T ) األ َف ٌ وانح ُجشح واألر"
Drug_Products_Directory_Yemen.pdf,105,5,"Arabic source text extracted from PDF requires visual/source review; value was preserved without correction","َضالد انجشد"
Drug_Products_Directory_Yemen.pdf,106,2,"Arabic source text extracted from PDF requires visual/source review; value was preserved without correction","األيشاض انؼمه ٍخ"
Drug_Products_Directory_Yemen.pdf,106,3,"Arabic source text extracted from PDF requires visual/source review; value was preserved without correction","األيشاض انؼمه ٍخ"
Drug_Products_Directory_Yemen.pdf,106,4,"Arabic source text extracted from PDF requires visual/source review; value was preserved without correction","األيشاض انؼمه ٍخ"
Drug_Products_Directory_Yemen.pdf,106,5,"Arabic source text extracted from PDF requires visual/source review; value was preserved without correction","األيشاض انؼمه ٍخ"
Drug_Products_Directory_Yemen.pdf,106,7,"Arabic source text extracted from PDF requires visual/source review; value was preserved without correction","ي ُشطبد ج ُغ ٍخ"
Drug_Products_Directory_Yemen.pdf,107,1,"Arabic source text extracted from PDF requires visual/source review; value was preserved without correction","انهضى"
Drug_Products_Directory_Yemen.pdf,107,2,"Arabic source text extracted from PDF requires visual/source review; value was preserved without correction","يىا َغ انح ًم"
Drug_Products_Directory_Yemen.pdf,107,4,"Arabic source text extracted from PDF requires visual/source review; value was preserved without correction","األنتهبثبد انجذنذ ٌخ"
Drug_Products_Directory_Yemen.pdf,107,5,"Arabic source text extracted from PDF requires visual/source review; value was preserved without correction","انذوخخ"
Drug_Products_Directory_Yemen.pdf,107,6,"Arabic source text extracted from PDF requires visual/source review; value was preserved without correction","انذوخخ"
Drug_Products_Directory_Yemen.pdf,107,7,"Arabic source text extracted from PDF requires visual/source review; value was preserved without correction","األنتهبثبد انجذنذ ٌخ"
Drug_Products_Directory_Yemen.pdf,108,1,"Arabic source text extracted from PDF requires visual/source review; value was preserved without correction","Gardiasis جبسد ٌب واي ٍج ٍب"
Drug_Products_Directory_Yemen.pdf,108,2,"Arabic source text extracted from PDF requires visual/source review; value was preserved without correction","Gardiasis جبسد ٌب واي ٍج ٍب"
Drug_Products_Directory_Yemen.pdf,108,3,"Arabic source text extracted from PDF requires visual/source review; value was preserved without correction","Infections األصبثبد انجكت ٍش ٌخ"
Drug_Products_Directory_Yemen.pdf,108,4,"Arabic source text extracted from PDF requires visual/source review; value was preserved without correction","Infections األصبثبد انجكت ٍش ٌخ"
Drug_Products_Directory_Yemen.pdf,108,5,"Arabic source text extracted from PDF requires visual/source review; value was preserved without correction","Disorders اضطشاثبد انكجذ"
Drug_Products_Directory_Yemen.pdf,108,6,"Arabic source text extracted from PDF requires visual/source review; value was preserved without correction","Disorders اضطشاثبد انكجذ"
Drug_Products_Directory_Yemen.pdf,108,7,"Arabic source text extracted from PDF requires visual/source review; value was preserved without correction","استفبع ضغظ انذو"
Drug_Products_Directory_Yemen.pdf,109,1,"Arabic source text extracted from PDF requires visual/source review; value was preserved without correction","األصبثبد انف ٍشوع ٍخ"
Drug_Products_Directory_Yemen.pdf,109,2,"Arabic source text extracted from PDF requires visual/source review; value was preserved without correction","األصبثبد انف ٍشوع ٍخ"
Drug_Products_Directory_Yemen.pdf,109,3,"Arabic source text extracted from PDF requires visual/source review; value was preserved without correction","Infections األصبثبد انجكت ٍش ٌخ"
Drug_Products_Directory_Yemen.pdf,109,4,"Arabic source text extracted from PDF requires visual/source review; value was preserved without correction","Infections األصبثبد انجكت ٍش ٌخ"
Drug_Products_Directory_Yemen.pdf,109,5,"Arabic source text extracted from PDF requires visual/source review; value was preserved without correction","Infections األصبثبد انجكت ٍش ٌخ"
Drug_Products_Directory_Yemen.pdf,109,6,"Arabic source text extracted from PDF requires visual/source review; value was preserved without correction","Infections األصبثبد انجكت ٍش ٌخ"
Drug_Products_Directory_Yemen.pdf,110,1,"Arabic source text extracted from PDF requires visual/source review; value was preserved without correction","Infections األصبثبد انجكت ٍش ٌخ"
Drug_Products_Directory_Yemen.pdf,110,2,"Arabic source text extracted from PDF requires visual/source review; value was preserved without correction","األيشاض انؼمه ٍخ"
Drug_Products_Directory_Yemen.pdf,110,3,"Arabic source text extracted from PDF requires visual/source review; value was preserved without correction","األيشاض انؼمه ٍخ"
Drug_Products_Directory_Yemen.pdf,110,4,"Arabic source text extracted from PDF requires visual/source review; value was preserved without correction","استفبع ضغظ انذو"
Drug_Products_Directory_Yemen.pdf,110,5,"Arabic source text extracted from PDF requires visual/source review; value was preserved without correction","استفبع ضغظ انذو"
Drug_Products_Directory_Yemen.pdf,110,6,"Arabic source text extracted from PDF requires visual/source review; value was preserved without correction","استفبع ضغظ انذو"
Drug_Products_Directory_Yemen.pdf,110,7,"Arabic source text extracted from PDF requires visual/source review; value was preserved without correction","Infections األصبثبد انجكت ٍش ٌخ"
Drug_Products_Directory_Yemen.pdf,111,1,"Arabic source text extracted from PDF requires visual/source review; value was preserved without correction","Infections األصبثبد انجكت ٍش ٌخ"
Drug_Products_Directory_Yemen.pdf,111,2,"Arabic source text extracted from PDF requires visual/source review; value was preserved without correction","Infections األصبثبد انجكت ٍش ٌخ"
Drug_Products_Directory_Yemen.pdf,111,3,"Arabic source text extracted from PDF requires visual/source review; value was preserved without correction","Infections األصبثبد انجكت ٍش ٌخ"
Drug_Products_Directory_Yemen.pdf,111,4,"Arabic source text extracted from PDF requires visual/source review; value was preserved without correction","Infections األصبثبد انجكت ٍش ٌخ"
Drug_Products_Directory_Yemen.pdf,111,5,"Arabic source text extracted from PDF requires visual/source review; value was preserved without correction","Infections األصبثبد انجكت ٍش ٌخ"
Drug_Products_Directory_Yemen.pdf,111,6,"Arabic source text extracted from PDF requires visual/source review; value was preserved without correction","Infections األصبثبد انجكت ٍش ٌخ"
Drug_Products_Directory_Yemen.pdf,111,7,"Arabic source text extracted from PDF requires visual/source review; value was preserved without correction","Infections األصبثبد انجكت ٍش ٌخ"
Drug_Products_Directory_Yemen.pdf,112,1,"Arabic source text extracted from PDF requires visual/source review; value was preserved without correction","Infections األصبثبد انجكت ٍش ٌخ"
Drug_Products_Directory_Yemen.pdf,112,2,"Arabic source text extracted from PDF requires visual/source review; value was preserved without correction","Infections األصبثبد انجكت ٍش ٌخ"
Drug_Products_Directory_Yemen.pdf,112,3,"Arabic source text extracted from PDF requires visual/source review; value was preserved without correction","Infections األصبثبد انجكت ٍش ٌخ"
Drug_Products_Directory_Yemen.pdf,112,4,"Arabic source text extracted from PDF requires visual/source review; value was preserved without correction","Infections األصبثبد انجكت ٍش ٌخ"
Drug_Products_Directory_Yemen.pdf,112,5,"Arabic source text extracted from PDF requires visual/source review; value was preserved without correction","Infections األصبثبد انجكت ٍش ٌخ"
Drug_Products_Directory_Yemen.pdf,112,6,"Arabic source text extracted from PDF requires visual/source review; value was preserved without correction","Infections األصبثبد انجكت ٍش ٌخ"
Drug_Products_Directory_Yemen.pdf,112,7,"Arabic source text extracted from PDF requires visual/source review; value was preserved without correction","Infections األصبثبد انجكت ٍش ٌخ"
Drug_Products_Directory_Yemen.pdf,113,1,"Arabic source text extracted from PDF requires visual/source review; value was preserved without correction","Infections األصبثبد انجكت ٍش ٌخ"
Drug_Products_Directory_Yemen.pdf,113,2,"Arabic source text extracted from PDF requires visual/source review; value was preserved without correction","Infections األصبثبد انجكت ٍش ٌخ"
Drug_Products_Directory_Yemen.pdf,113,3,"Arabic source text extracted from PDF requires visual/source review; value was preserved without correction","Infections األصبثبد انجكت ٍش ٌخ"
Drug_Products_Directory_Yemen.pdf,113,4,"Arabic source text extracted from PDF requires visual/source review; value was preserved without correction","Infections األصبثبد انجكت ٍش ٌخ"
Drug_Products_Directory_Yemen.pdf,113,5,"Arabic source text extracted from PDF requires visual/source review; value was preserved without correction","Infections األصبثبد انجكت ٍش ٌخ"
Drug_Products_Directory_Yemen.pdf,113,6,"Arabic source text extracted from PDF requires visual/source review; value was preserved without correction","Infections األصبثبد انجكت ٍش ٌخ"
Drug_Products_Directory_Yemen.pdf,113,7,"Arabic source text extracted from PDF requires visual/source review; value was preserved without correction","Infections األصبثبد انجكت ٍش ٌخ"
Drug_Products_Directory_Yemen.pdf,114,1,"Arabic source text extracted from PDF requires visual/source review; value was preserved without correction","األيشاض انؼمه ٍخ"
Drug_Products_Directory_Yemen.pdf,114,2,"Arabic source text extracted from PDF requires visual/source review; value was preserved without correction","األيشاض انؼمه ٍخ"
Drug_Products_Directory_Yemen.pdf,114,3,"Arabic source text extracted from PDF requires visual/source review; value was preserved without correction","األيشاض انؼمه ٍخ"
Drug_Products_Directory_Yemen.pdf,114,4,"Arabic source text extracted from PDF requires visual/source review; value was preserved without correction","األيشاض انؼمه ٍخ"
Drug_Products_Directory_Yemen.pdf,114,5,"Arabic source text extracted from PDF requires visual/source review; value was preserved without correction","األيشاض انؼمه ٍخ"
Drug_Products_Directory_Yemen.pdf,114,6,"Arabic source text extracted from PDF requires visual/source review; value was preserved without correction","األيشاض انؼمه ٍخ"
Drug_Products_Directory_Yemen.pdf,114,7,"Arabic source text extracted from PDF requires visual/source review; value was preserved without correction","األيشاض انؼمه ٍخ"
Drug_Products_Directory_Yemen.pdf,115,1,"Arabic source text extracted from PDF requires visual/source review; value was preserved without correction","األيشاض انؼمه ٍخ"
Drug_Products_Directory_Yemen.pdf,115,2,"Arabic source text extracted from PDF requires visual/source review; value was preserved without correction","األيشاض انؼمه ٍخ"
Drug_Products_Directory_Yemen.pdf,115,3,"Arabic source text extracted from PDF requires visual/source review; value was preserved without correction","األيشاض انؼمه ٍخ"
Drug_Products_Directory_Yemen.pdf,115,4,"Arabic source text extracted from PDF requires visual/source review; value was preserved without correction","أيشاض انغكشي"
Drug_Products_Directory_Yemen.pdf,115,5,"Arabic source text extracted from PDF requires visual/source review; value was preserved without correction","Disorders اضطشاثبد انجهبص ً انت ُفغ"
Drug_Products_Directory_Yemen.pdf,115,6,"Arabic source text extracted from PDF requires visual/source review; value was preserved without correction","األوجبع"
Drug_Products_Directory_Yemen.pdf,115,7,"Arabic source text extracted from PDF requires visual/source review; value was preserved without correction","Infections األصبثبد انجكت ٍش ٌخ"
Drug_Products_Directory_Yemen.pdf,116,1,"Arabic source text extracted from PDF requires visual/source review; value was preserved without correction","انغغىالد انف ًى ٌخ"
Drug_Products_Directory_Yemen.pdf,116,3,"Arabic source text extracted from PDF requires visual/source review; value was preserved without correction","Disorders اضطشاثبد انجهبص ً انت ُفغ"
Drug_Products_Directory_Yemen.pdf,116,4,"Arabic source text extracted from PDF requires visual/source review; value was preserved without correction","Disorders اضطشاثبد انجهبص ً انت ُفغ"
Drug_Products_Directory_Yemen.pdf,116,5,"Arabic source text extracted from PDF requires visual/source review; value was preserved without correction","Disorders اضطشاثبد انجهبص ً انت ُفغ"
Drug_Products_Directory_Yemen.pdf,116,6,"Arabic source text extracted from PDF requires visual/source review; value was preserved without correction","Disorders اضطشاثبد انجهبص ً انت ُفغ"
Drug_Products_Directory_Yemen.pdf,116,7,"Arabic source text extracted from PDF requires visual/source review; value was preserved without correction","Disorders اضطشاثبد انجهبص ً انت ُفغ"
Drug_Products_Directory_Yemen.pdf,117,1,"Arabic source text extracted from PDF requires visual/source review; value was preserved without correction","Disorders اضطشاثبد انجهبص ً انت ُفغ"
Drug_Products_Directory_Yemen.pdf,117,2,"Arabic source text extracted from PDF requires visual/source review; value was preserved without correction","Disorders اضطشاثبد انجهبص ً انت ُفغ"
Drug_Products_Directory_Yemen.pdf,117,3,"Arabic source text extracted from PDF requires visual/source review; value was preserved without correction","Disorders اضطشاثبد انجهبص ً انت ُفغ"
Drug_Products_Directory_Yemen.pdf,117,4,"Arabic source text extracted from PDF requires visual/source review; value was preserved without correction","Disorders اضطشاثبد انجهبص ً انت ُفغ"
Drug_Products_Directory_Yemen.pdf,118,1,"Arabic source text extracted from PDF requires visual/source review; value was preserved without correction","َضالد انجشد"
Drug_Products_Directory_Yemen.pdf,118,3,"Arabic source text extracted from PDF requires visual/source review; value was preserved without correction","Disorders اضطشاثبد انجهبص ً انت ُفغ"
Drug_Products_Directory_Yemen.pdf,118,4,"Arabic source text extracted from PDF requires visual/source review; value was preserved without correction","Disorders اضطشاثبد انجهبص ً انت ُفغ"
Drug_Products_Directory_Yemen.pdf,118,5,"Arabic source text extracted from PDF requires visual/source review; value was preserved without correction","Disorders اضطشاثبد انجهبص ً انت ُفغ"
Drug_Products_Directory_Yemen.pdf,118,6,"Arabic source text extracted from PDF requires visual/source review; value was preserved without correction","Disorders اضطشاثبد انجهبص ً انت ُفغ"
Drug_Products_Directory_Yemen.pdf,118,7,"Arabic source text extracted from PDF requires visual/source review; value was preserved without correction","Disorders اضطشاثبد انجهبص ً انت ُفغ"
Drug_Products_Directory_Yemen.pdf,119,1,"Arabic source text extracted from PDF requires visual/source review; value was preserved without correction","Disorders اضطشاثبد انجهبص ً انت ُفغ"
Drug_Products_Directory_Yemen.pdf,119,6,"Arabic source text extracted from PDF requires visual/source review; value was preserved without correction","يىا َغ انح ًم"
Drug_Products_Directory_Yemen.pdf,119,7,"Arabic source text extracted from PDF requires visual/source review; value was preserved without correction","Disorders اضطشاثبد انجهبص ً انت ُفغ"
Drug_Products_Directory_Yemen.pdf,120,1,"Arabic source text extracted from PDF requires visual/source review; value was preserved without correction","انجهطبد"
Drug_Products_Directory_Yemen.pdf,120,2,"Arabic source text extracted from PDF requires visual/source review; value was preserved without correction","انجهطبد"
Drug_Products_Directory_Yemen.pdf,120,3,"Arabic source text extracted from PDF requires visual/source review; value was preserved without correction","Infections ًٍكشوثبد انالهىائ ٍخ ان"
Drug_Products_Directory_Yemen.pdf,120,4,"Arabic source text extracted from PDF requires visual/source review; value was preserved without correction","Infections ًٍكشوثبد انالهىائ ٍخ ان"
Drug_Products_Directory_Yemen.pdf,120,5,"Arabic source text extracted from PDF requires visual/source review; value was preserved without correction","Infections ًٍكشوثبد انالهىائ ٍخ ان"
Drug_Products_Directory_Yemen.pdf,120,6,"Arabic source text extracted from PDF requires visual/source review; value was preserved without correction","انجهطبد"
Drug_Products_Directory_Yemen.pdf,120,7,"Arabic source text extracted from PDF requires visual/source review; value was preserved without correction","األوجبع"
Drug_Products_Directory_Yemen.pdf,121,1,"Arabic source text extracted from PDF requires visual/source review; value was preserved without correction","األوجبع"
Drug_Products_Directory_Yemen.pdf,121,2,"Arabic source text extracted from PDF requires visual/source review; value was preserved without correction","األوجبع"
Drug_Products_Directory_Yemen.pdf,121,3,"Arabic source text extracted from PDF requires visual/source review; value was preserved without correction","األوجبع"
Drug_Products_Directory_Yemen.pdf,121,4,"Arabic source text extracted from PDF requires visual/source review; value was preserved without correction","األوجبع"
Drug_Products_Directory_Yemen.pdf,122,1,"Arabic source text extracted from PDF requires visual/source review; value was preserved without correction","األوجبع"
Drug_Products_Directory_Yemen.pdf,122,2,"Arabic source text extracted from PDF requires visual/source review; value was preserved without correction","األيشاض انؼمه ٍخ"
Drug_Products_Directory_Yemen.pdf,122,3,"Arabic source text extracted from PDF requires visual/source review; value was preserved without correction","انجهطبد"
Drug_Products_Directory_Yemen.pdf,122,4,"Arabic source text extracted from PDF requires visual/source review; value was preserved without correction","انجهطبد"
Drug_Products_Directory_Yemen.pdf,122,5,"Arabic source text extracted from PDF requires visual/source review; value was preserved without correction","انجهطبد"
Drug_Products_Directory_Yemen.pdf,122,6,"Arabic source text extracted from PDF requires visual/source review; value was preserved without correction","األيشاض انؼمه ٍخ"
Drug_Products_Directory_Yemen.pdf,122,7,"Arabic source text extracted from PDF requires visual/source review; value was preserved without correction","األيشاض انؼمه ٍخ"
Drug_Products_Directory_Yemen.pdf,123,1,"Arabic source text extracted from PDF requires visual/source review; value was preserved without correction","vomiting ٌ انغث ٍب وانطشػ"
Drug_Products_Directory_Yemen.pdf,123,2,"Arabic source text extracted from PDF requires visual/source review; value was preserved without correction","vomiting ٌ انغث ٍب وانطشػ"
Drug_Products_Directory_Yemen.pdf,123,3,"Arabic source text extracted from PDF requires visual/source review; value was preserved without correction","األنتهبثبد انجذنذ ٌخ"
Drug_Products_Directory_Yemen.pdf,123,4,"Arabic source text extracted from PDF requires visual/source review; value was preserved without correction","األنتهبثبد انجذنذ ٌخ"
Drug_Products_Directory_Yemen.pdf,123,5,"Arabic source text extracted from PDF requires visual/source review; value was preserved without correction","ً انذو ٌ ف ص ٌبدح انذهى"
Drug_Products_Directory_Yemen.pdf,123,6,"Arabic source text extracted from PDF requires visual/source review; value was preserved without correction","ً انذو ٌ ف ص ٌبدح انذهى"
Drug_Products_Directory_Yemen.pdf,123,7,"Arabic source text extracted from PDF requires visual/source review; value was preserved without correction","األنتهبثبد انجذنذ ٌخ"
Drug_Products_Directory_Yemen.pdf,124,1,"Arabic source text extracted from PDF requires visual/source review; value was preserved without correction","انجهطبد"
Drug_Products_Directory_Yemen.pdf,124,2,"Arabic source text extracted from PDF requires visual/source review; value was preserved without correction","انجهطبد"
Drug_Products_Directory_Yemen.pdf,124,6,"Arabic source text extracted from PDF requires visual/source review; value was preserved without correction","ان ًؼذح"
Drug_Products_Directory_Yemen.pdf,125,3,"Arabic source text extracted from PDF requires visual/source review; value was preserved without correction","يك ًالد غزائ ٍخ"
Drug_Products_Directory_Yemen.pdf,125,4,"Arabic source text extracted from PDF requires visual/source review; value was preserved without correction","Deficiency َمص ف ٍتبي ٍُبد"
Drug_Products_Directory_Yemen.pdf,125,5,"Arabic source text extracted from PDF requires visual/source review; value was preserved without correction","Deficiency َمص ف ٍتبي ٍُبد"
Drug_Products_Directory_Yemen.pdf,125,6,"Arabic source text extracted from PDF requires visual/source review; value was preserved without correction","Deficiency َمص ف ٍتبي ٍُبد"
Drug_Products_Directory_Yemen.pdf,125,7,"Arabic source text extracted from PDF requires visual/source review; value was preserved without correction","Deficiency َمص ف ٍتبي ٍُبد"
Drug_Products_Directory_Yemen.pdf,126,1,"Arabic source text extracted from PDF requires visual/source review; value was preserved without correction","Deficiency َمص ف ٍتبي ٍُبد"
Drug_Products_Directory_Yemen.pdf,126,2,"Arabic source text extracted from PDF requires visual/source review; value was preserved without correction","َضالد انجشد"
Drug_Products_Directory_Yemen.pdf,126,3,"Arabic source text extracted from PDF requires visual/source review; value was preserved without correction","َضالد انجشد"
Drug_Products_Directory_Yemen.pdf,126,4,"Arabic source text extracted from PDF requires visual/source review; value was preserved without correction","َضالد انجشد"
Drug_Products_Directory_Yemen.pdf,126,5,"Arabic source text extracted from PDF requires visual/source review; value was preserved without correction","َضالد انجشد"
Drug_Products_Directory_Yemen.pdf,126,6,"Arabic source text extracted from PDF requires visual/source review; value was preserved without correction","استفبع ضغظ انذو"
Drug_Products_Directory_Yemen.pdf,126,7,"Arabic source text extracted from PDF requires visual/source review; value was preserved without correction","َضالد انجشد"
Drug_Products_Directory_Yemen.pdf,127,2,"Arabic source text extracted from PDF requires visual/source review; value was preserved without correction","Analgesic يهذئبد األوجبع وانح ًى"
Drug_Products_Directory_Yemen.pdf,127,3,"Arabic source text extracted from PDF requires visual/source review; value was preserved without correction","َضالد انجشد"
Drug_Products_Directory_Yemen.pdf,127,4,"Arabic source text extracted from PDF requires visual/source review; value was preserved without correction","َضالد انجشد"
Drug_Products_Directory_Yemen.pdf,127,5,"Arabic source text extracted from PDF requires visual/source review; value was preserved without correction","انهضى"
Drug_Products_Directory_Yemen.pdf,127,6,"Arabic source text extracted from PDF requires visual/source review; value was preserved without correction","انتهبثبد انؼظبو"
Drug_Products_Directory_Yemen.pdf,128,2,"Arabic source text extracted from PDF requires visual/source review; value was preserved without correction","انهضى"
Drug_Products_Directory_Yemen.pdf,128,3,"Arabic source text extracted from PDF requires visual/source review; value was preserved without correction","ان ُتىء انصغ ٍشح"
Drug_Products_Directory_Yemen.pdf,128,4,"Arabic source text extracted from PDF requires visual/source review; value was preserved without correction","Analgesic يهذئبد األوجبع وانح ًى"
Drug_Products_Directory_Yemen.pdf,128,5,"Arabic source text extracted from PDF requires visual/source review; value was preserved without correction","Spasm ٍ آالو انجط"
Drug_Products_Directory_Yemen.pdf,128,6,"Arabic source text extracted from PDF requires visual/source review; value was preserved without correction","Spasm ٍ آالو انجط"
Drug_Products_Directory_Yemen.pdf,128,7,"Arabic source text extracted from PDF requires visual/source review; value was preserved without correction","Spasm ٍ آالو انجط"
Drug_Products_Directory_Yemen.pdf,129,1,"Arabic source text extracted from PDF requires visual/source review; value was preserved without correction","Spasm ٍ آالو انجط"
Drug_Products_Directory_Yemen.pdf,129,2,"Arabic source text extracted from PDF requires visual/source review; value was preserved without correction","Spasm ٍ آالو انجط"
Drug_Products_Directory_Yemen.pdf,129,3,"Arabic source text extracted from PDF requires visual/source review; value was preserved without correction","Asthma انشثى ً انشؼج"
Drug_Products_Directory_Yemen.pdf,129,4,"Arabic source text extracted from PDF requires visual/source review; value was preserved without correction","انهضى"
Drug_Products_Directory_Yemen.pdf,129,6,"Arabic source text extracted from PDF requires visual/source review; value was preserved without correction","يىا َغ انح ًم"
Drug_Products_Directory_Yemen.pdf,129,7,"Arabic source text extracted from PDF requires visual/source review; value was preserved without correction","استفبع ضغظ انذو"
Drug_Products_Directory_Yemen.pdf,130,2,"Arabic source text extracted from PDF requires visual/source review; value was preserved without correction","األوجبع"
Drug_Products_Directory_Yemen.pdf,132,1,"Arabic source text extracted from PDF requires visual/source review; value was preserved without correction","َضالد انجشد"
Drug_Products_Directory_Yemen.pdf,132,2,"Arabic source text extracted from PDF requires visual/source review; value was preserved without correction","َضالد انجشد"
Drug_Products_Directory_Yemen.pdf,132,3,"Arabic source text extracted from PDF requires visual/source review; value was preserved without correction","Deficiency َمص ف ٍتبي ٍُبد"
Drug_Products_Directory_Yemen.pdf,132,4,"Arabic source text extracted from PDF requires visual/source review; value was preserved without correction","استفبع ضغظ انذو"
Drug_Products_Directory_Yemen.pdf,132,5,"Arabic source text extracted from PDF requires visual/source review; value was preserved without correction","استفبع ضغظ انذو"
Drug_Products_Directory_Yemen.pdf,132,6,"Arabic source text extracted from PDF requires visual/source review; value was preserved without correction","ا َتظبو ضشثبد انمهت"
Drug_Products_Directory_Yemen.pdf,132,7,"Arabic source text extracted from PDF requires visual/source review; value was preserved without correction","استفبع ضغظ انذو"
Drug_Products_Directory_Yemen.pdf,133,2,"Arabic source text extracted from PDF requires visual/source review; value was preserved without correction","ان ُتىء انصغ ٍشح"
Drug_Products_Directory_Yemen.pdf,133,3,"Arabic source text extracted from PDF requires visual/source review; value was preserved without correction","استفبع ضغظ انذو"
Drug_Products_Directory_Yemen.pdf,133,4,"Arabic source text extracted from PDF requires visual/source review; value was preserved without correction","vomiting ٌ انغث ٍب وانطشػ"
Drug_Products_Directory_Yemen.pdf,133,5,"Arabic source text extracted from PDF requires visual/source review; value was preserved without correction","vomiting ٌ انغث ٍب وانطشػ"
Drug_Products_Directory_Yemen.pdf,133,6,"Arabic source text extracted from PDF requires visual/source review; value was preserved without correction","Infections األصبثبد انجكت ٍش ٌخ"
Drug_Products_Directory_Yemen.pdf,133,7,"Arabic source text extracted from PDF requires visual/source review; value was preserved without correction","Infections األصبثبد انجكت ٍش ٌخ"
Drug_Products_Directory_Yemen.pdf,134,1,"Arabic source text extracted from PDF requires visual/source review; value was preserved without correction","Infections األصبثبد انجكت ٍش ٌخ"
Drug_Products_Directory_Yemen.pdf,134,2,"Arabic source text extracted from PDF requires visual/source review; value was preserved without correction","األنتهبثبد انجذنذ ٌخ"
Drug_Products_Directory_Yemen.pdf,134,3,"Arabic source text extracted from PDF requires visual/source review; value was preserved without correction","استفبع ضغظ انذو"
Drug_Products_Directory_Yemen.pdf,134,4,"Arabic source text extracted from PDF requires visual/source review; value was preserved without correction","استفبع ضغظ انذو"
Drug_Products_Directory_Yemen.pdf,134,5,"Arabic source text extracted from PDF requires visual/source review; value was preserved without correction","Infections األصبثبد انجكت ٍش ٌخ"
Drug_Products_Directory_Yemen.pdf,134,6,"Arabic source text extracted from PDF requires visual/source review; value was preserved without correction","Infections األصبثبد انجكت ٍش ٌخ"
Drug_Products_Directory_Yemen.pdf,134,7,"Arabic source text extracted from PDF requires visual/source review; value was preserved without correction","Infections األصبثبد انجكت ٍش ٌخ"
Drug_Products_Directory_Yemen.pdf,135,1,"Arabic source text extracted from PDF requires visual/source review; value was preserved without correction","Infections األصبثبد انجكت ٍش ٌخ"
Drug_Products_Directory_Yemen.pdf,135,2,"Arabic source text extracted from PDF requires visual/source review; value was preserved without correction","َضالد انجشد"
Drug_Products_Directory_Yemen.pdf,135,3,"Arabic source text extracted from PDF requires visual/source review; value was preserved without correction","َضالد انجشد"
Drug_Products_Directory_Yemen.pdf,135,4,"Arabic source text extracted from PDF requires visual/source review; value was preserved without correction","انغغىالد انف ًى ٌخ"
Drug_Products_Directory_Yemen.pdf,135,5,"Arabic source text extracted from PDF requires visual/source review; value was preserved without correction","َضالد انجشد"
Drug_Products_Directory_Yemen.pdf,135,6,"Arabic source text extracted from PDF requires visual/source review; value was preserved without correction","َضالد انجشد"
Drug_Products_Directory_Yemen.pdf,135,7,"Arabic source text extracted from PDF requires visual/source review; value was preserved without correction","ً انذو ٌ ف ص ٌبدح انذهى"
Drug_Products_Directory_Yemen.pdf,136,1,"Arabic source text extracted from PDF requires visual/source review; value was preserved without correction","ً انذو ٌ ف ص ٌبدح انذهى"
Drug_Products_Directory_Yemen.pdf,136,2,"Arabic source text extracted from PDF requires visual/source review; value was preserved without correction","ً انذو ٌ ف ص ٌبدح انذهى"
Drug_Products_Directory_Yemen.pdf,136,3,"Arabic source text extracted from PDF requires visual/source review; value was preserved without correction","األنتهبثبد انجذنذ ٌخ"
Drug_Products_Directory_Yemen.pdf,136,4,"Arabic source text extracted from PDF requires visual/source review; value was preserved without correction","األنتهبثبد انجذنذ ٌخ"
Drug_Products_Directory_Yemen.pdf,136,5,"Arabic source text extracted from PDF requires visual/source review; value was preserved without correction","Infections األصبثبد انجكت ٍش ٌخ"
Drug_Products_Directory_Yemen.pdf,136,6,"Arabic source text extracted from PDF requires visual/source review; value was preserved without correction","Infections األصبثبد انجكت ٍش ٌخ"
Drug_Products_Directory_Yemen.pdf,137,4,"Arabic source text extracted from PDF requires visual/source review; value was preserved without correction","Deficiency َمص ف ٍتبي ٍُبد"
Drug_Products_Directory_Yemen.pdf,137,5,"Arabic source text extracted from PDF requires visual/source review; value was preserved without correction","Analgesic يهذئبد األوجبع وانح ًى"
Drug_Products_Directory_Yemen.pdf,137,6,"Arabic source text extracted from PDF requires visual/source review; value was preserved without correction","Deficiency َمص ف ٍتبي ٍُبد"
Drug_Products_Directory_Yemen.pdf,137,7,"Arabic source text extracted from PDF requires visual/source review; value was preserved without correction","Deficiency َمص ف ٍتبي ٍُبد"
Drug_Products_Directory_Yemen.pdf,138,1,"Arabic source text extracted from PDF requires visual/source review; value was preserved without correction","ٌ انشبئؼخ انذ ٌذا"
Drug_Products_Directory_Yemen.pdf,138,2,"Arabic source text extracted from PDF requires visual/source review; value was preserved without correction","Infection اصبثبد ً انجهبص انجىن"
Drug_Products_Directory_Yemen.pdf,138,4,"Arabic source text extracted from PDF requires visual/source review; value was preserved without correction","انصذس ٌخ"
Drug_Products_Directory_Yemen.pdf,138,5,"Arabic source text extracted from PDF requires visual/source review; value was preserved without correction","ٌ انغشطب ) ) انخج ٍثخ"
Drug_Products_Directory_Yemen.pdf,138,6,"Arabic source text extracted from PDF requires visual/source review; value was preserved without correction","Infections األصبثبد انجكت ٍش ٌخ"
Drug_Products_Directory_Yemen.pdf,138,7,"Arabic source text extracted from PDF requires visual/source review; value was preserved without correction","استفبع ضغظ انذو"
Drug_Products_Directory_Yemen.pdf,139,1,"Arabic source text extracted from PDF requires visual/source review; value was preserved without correction","استفبع ضغظ انذو"
Drug_Products_Directory_Yemen.pdf,139,2,"Arabic source text extracted from PDF requires visual/source review; value was preserved without correction","استفبع ضغظ انذو"
Drug_Products_Directory_Yemen.pdf,139,3,"Arabic source text extracted from PDF requires visual/source review; value was preserved without correction","استفبع ضغظ انذو"
Drug_Products_Directory_Yemen.pdf,139,6,"Arabic source text extracted from PDF requires visual/source review; value was preserved without correction","Deficiency َمص ف ٍتبي ٍُبد"
Drug_Products_Directory_Yemen.pdf,139,7,"Arabic source text extracted from PDF requires visual/source review; value was preserved without correction","األصبثبد انفطش ٌخ"
Drug_Products_Directory_Yemen.pdf,140,3,"Arabic source text extracted from PDF requires visual/source review; value was preserved without correction","انجىاع ٍش"
Drug_Products_Directory_Yemen.pdf,140,4,"Arabic source text extracted from PDF requires visual/source review; value was preserved without correction","األوػ ٍخ انذيى ٌخ وانمهت"
Drug_Products_Directory_Yemen.pdf,140,5,"Arabic source text extracted from PDF requires visual/source review; value was preserved without correction","انجىاع ٍش"
Drug_Products_Directory_Yemen.pdf,140,6,"Arabic source text extracted from PDF requires visual/source review; value was preserved without correction","Deficiency َمص ف ٍتبي ٍُبد"
Drug_Products_Directory_Yemen.pdf,141,2,"Arabic source text extracted from PDF requires visual/source review; value was preserved without correction","Infections ًٍكشوثبد انالهىائ ٍخ ان"
Drug_Products_Directory_Yemen.pdf,141,3,"Arabic source text extracted from PDF requires visual/source review; value was preserved without correction","أيشاض انغكشي"
Drug_Products_Directory_Yemen.pdf,141,4,"Arabic source text extracted from PDF requires visual/source review; value was preserved without correction","Analgesic يهذئبد األوجبع وانح ًى"
Drug_Products_Directory_Yemen.pdf,141,5,"Arabic source text extracted from PDF requires visual/source review; value was preserved without correction","ي ُشطبد ج ُغ ٍخ"
Drug_Products_Directory_Yemen.pdf,141,6,"Arabic source text extracted from PDF requires visual/source review; value was preserved without correction","ي ُشطبد ج ُغ ٍخ"
Drug_Products_Directory_Yemen.pdf,141,7,"Arabic source text extracted from PDF requires visual/source review; value was preserved without correction","Gardiasis جبسد ٌب واي ٍج ٍب"
Drug_Products_Directory_Yemen.pdf,142,1,"Arabic source text extracted from PDF requires visual/source review; value was preserved without correction","األيشاض انؼمه ٍخ"
Drug_Products_Directory_Yemen.pdf,142,2,"Arabic source text extracted from PDF requires visual/source review; value was preserved without correction","األيشاض انؼمه ٍخ"
Drug_Products_Directory_Yemen.pdf,142,3,"Arabic source text extracted from PDF requires visual/source review; value was preserved without correction","األنتهبثبد"
Drug_Products_Directory_Yemen.pdf,142,4,"Arabic source text extracted from PDF requires visual/source review; value was preserved without correction","انتهبثبد انؼظبو"
Drug_Products_Directory_Yemen.pdf,142,6,"Arabic source text extracted from PDF requires visual/source review; value was preserved without correction","األنتهبثبد انجذنذ ٌخ"
Drug_Products_Directory_Yemen.pdf,142,7,"Arabic source text extracted from PDF requires visual/source review; value was preserved without correction","األوجبع"
Drug_Products_Directory_Yemen.pdf,143,1,"Arabic source text extracted from PDF requires visual/source review; value was preserved without correction","األوجبع"
Drug_Products_Directory_Yemen.pdf,143,2,"Arabic source text extracted from PDF requires visual/source review; value was preserved without correction","األوجبع"
Drug_Products_Directory_Yemen.pdf,143,4,"Arabic source text extracted from PDF requires visual/source review; value was preserved without correction","انهضى"
Drug_Products_Directory_Yemen.pdf,143,6,"Arabic source text extracted from PDF requires visual/source review; value was preserved without correction","األنتهبثبد"
Drug_Products_Directory_Yemen.pdf,143,7,"Arabic source text extracted from PDF requires visual/source review; value was preserved without correction","األنتهبثبد"
Drug_Products_Directory_Yemen.pdf,144,1,"Arabic source text extracted from PDF requires visual/source review; value was preserved without correction","األصبثبد انف ٍشوع ٍخ"
Drug_Products_Directory_Yemen.pdf,144,2,"Arabic source text extracted from PDF requires visual/source review; value was preserved without correction","انهضى"
Drug_Products_Directory_Yemen.pdf,145,1,"Arabic source text extracted from PDF requires visual/source review; value was preserved without correction","انغغىالد انف ًى ٌخ"
Drug_Products_Directory_Yemen.pdf,145,2,"Arabic source text extracted from PDF requires visual/source review; value was preserved without correction","Spasm ٍ آالو انجط"
Drug_Products_Directory_Yemen.pdf,145,5,"Arabic source text extracted from PDF requires visual/source review; value was preserved without correction","انجهطبد"
Drug_Products_Directory_Yemen.pdf,145,6,"Arabic source text extracted from PDF requires visual/source review; value was preserved without correction","Deficiency َمص ف ٍتبي ٍُبد"
Drug_Products_Directory_Yemen.pdf,145,7,"Arabic source text extracted from PDF requires visual/source review; value was preserved without correction","َضالد انجشد"
Drug_Products_Directory_Yemen.pdf,146,1,"Arabic source text extracted from PDF requires visual/source review; value was preserved without correction","ا َمطبع انط ًث"
Drug_Products_Directory_Yemen.pdf,146,2,"Arabic source text extracted from PDF requires visual/source review; value was preserved without correction","األيشاض انؼمه ٍخ"
Drug_Products_Directory_Yemen.pdf,146,4,"Arabic source text extracted from PDF requires visual/source review; value was preserved without correction","األنتهبثبد انجذنذ ٌخ"
Drug_Products_Directory_Yemen.pdf,146,5,"Arabic source text extracted from PDF requires visual/source review; value was preserved without correction","األنتهبثبد انجذنذ ٌخ"
Drug_Products_Directory_Yemen.pdf,146,6,"Arabic source text extracted from PDF requires visual/source review; value was preserved without correction","األنتهبثبد انجذنذ ٌخ"
Drug_Products_Directory_Yemen.pdf,146,7,"Arabic source text extracted from PDF requires visual/source review; value was preserved without correction","األنتهبثبد انجذنذ ٌخ"
Drug_Products_Directory_Yemen.pdf,147,1,"Arabic source text extracted from PDF requires visual/source review; value was preserved without correction","األنتهبثبد انجذنذ ٌخ"
Drug_Products_Directory_Yemen.pdf,147,2,"Arabic source text extracted from PDF requires visual/source review; value was preserved without correction","األنتهبثبد انجذنذ ٌخ"
Drug_Products_Directory_Yemen.pdf,147,4,"Arabic source text extracted from PDF requires visual/source review; value was preserved without correction","Spasm ٍ آالو انجط"
Drug_Products_Directory_Yemen.pdf,147,5,"Arabic source text extracted from PDF requires visual/source review; value was preserved without correction","Spasm ٍ آالو انجط"
Drug_Products_Directory_Yemen.pdf,147,6,"Arabic source text extracted from PDF requires visual/source review; value was preserved without correction","Analgesic يهذئبد األوجبع وانح ًى"
Drug_Products_Directory_Yemen.pdf,147,7,"Arabic source text extracted from PDF requires visual/source review; value was preserved without correction","Deficiency َمص ف ٍتبي ٍُبد"
Drug_Products_Directory_Yemen.pdf,148,1,"Arabic source text extracted from PDF requires visual/source review; value was preserved without correction","األنتهبثبد"
Drug_Products_Directory_Yemen.pdf,148,2,"Arabic source text extracted from PDF requires visual/source review; value was preserved without correction","األنتهبثبد"
Drug_Products_Directory_Yemen.pdf,148,4,"Arabic source text extracted from PDF requires visual/source review; value was preserved without correction","األنتهبثبد"
Drug_Products_Directory_Yemen.pdf,148,5,"Arabic source text extracted from PDF requires visual/source review; value was preserved without correction","األنتهبثبد"
Drug_Products_Directory_Yemen.pdf,148,6,"Arabic source text extracted from PDF requires visual/source review; value was preserved without correction","األنتهبثبد"
Drug_Products_Directory_Yemen.pdf,148,7,"Arabic source text extracted from PDF requires visual/source review; value was preserved without correction","األنتهبثبد"
Drug_Products_Directory_Yemen.pdf,149,1,"Arabic source text extracted from PDF requires visual/source review; value was preserved without correction","األنتهبثبد"
Drug_Products_Directory_Yemen.pdf,149,2,"Arabic source text extracted from PDF requires visual/source review; value was preserved without correction","األنتهبثبد"
Drug_Products_Directory_Yemen.pdf,149,3,"Arabic source text extracted from PDF requires visual/source review; value was preserved without correction","األنتهبثبد"
Drug_Products_Directory_Yemen.pdf,149,4,"Arabic source text extracted from PDF requires visual/source review; value was preserved without correction","األنتهبثبد"
Drug_Products_Directory_Yemen.pdf,149,5,"Arabic source text extracted from PDF requires visual/source review; value was preserved without correction","األنتهبثبد انجذنذ ٌخ"
Drug_Products_Directory_Yemen.pdf,149,6,"Arabic source text extracted from PDF requires visual/source review; value was preserved without correction","األنتهبثبد"
Drug_Products_Directory_Yemen.pdf,149,7,"Arabic source text extracted from PDF requires visual/source review; value was preserved without correction","األنتهبثبد"
Drug_Products_Directory_Yemen.pdf,150,1,"Arabic source text extracted from PDF requires visual/source review; value was preserved without correction","َضالد انجشد"
Drug_Products_Directory_Yemen.pdf,150,2,"Arabic source text extracted from PDF requires visual/source review; value was preserved without correction","األنتهبثبد"
Drug_Products_Directory_Yemen.pdf,150,3,"Arabic source text extracted from PDF requires visual/source review; value was preserved without correction","َضالد انجشد"
Drug_Products_Directory_Yemen.pdf,150,4,"Arabic source text extracted from PDF requires visual/source review; value was preserved without correction","َضالد انجشد"
Drug_Products_Directory_Yemen.pdf,150,5,"Arabic source text extracted from PDF requires visual/source review; value was preserved without correction","أيشاض انغكشي"
Drug_Products_Directory_Yemen.pdf,150,6,"Arabic source text extracted from PDF requires visual/source review; value was preserved without correction","Deficiency َمص ف ٍتبي ٍُبد"
Drug_Products_Directory_Yemen.pdf,150,7,"Arabic source text extracted from PDF requires visual/source review; value was preserved without correction","أيشاض انغكشي"
Drug_Products_Directory_Yemen.pdf,151,2,"Arabic source text extracted from PDF requires visual/source review; value was preserved without correction","أيشاض انغكشي"
Drug_Products_Directory_Yemen.pdf,151,3,"Arabic source text extracted from PDF requires visual/source review; value was preserved without correction","أيشاض انغكشي"
Drug_Products_Directory_Yemen.pdf,151,5,"Arabic source text extracted from PDF requires visual/source review; value was preserved without correction","أيشاض انغكشي"
Drug_Products_Directory_Yemen.pdf,152,1,"Arabic source text extracted from PDF requires visual/source review; value was preserved without correction","أيشاض انغكشي"
Drug_Products_Directory_Yemen.pdf,152,2,"Arabic source text extracted from PDF requires visual/source review; value was preserved without correction","Insumnea األسق وانمهك"
Drug_Products_Directory_Yemen.pdf,152,3,"Arabic source text extracted from PDF requires visual/source review; value was preserved without correction","Insumnea األسق وانمهك"
Drug_Products_Directory_Yemen.pdf,152,4,"Arabic source text extracted from PDF requires visual/source review; value was preserved without correction","Insumnea األسق وانمهك"
Drug_Products_Directory_Yemen.pdf,152,5,"Arabic source text extracted from PDF requires visual/source review; value was preserved without correction","ان ُض ٌف"
Drug_Products_Directory_Yemen.pdf,152,6,"Arabic source text extracted from PDF requires visual/source review; value was preserved without correction","األوجبع"
Drug_Products_Directory_Yemen.pdf,152,7,"Arabic source text extracted from PDF requires visual/source review; value was preserved without correction","األوجبع"
Drug_Products_Directory_Yemen.pdf,153,1,"Arabic source text extracted from PDF requires visual/source review; value was preserved without correction","األوجبع"
Drug_Products_Directory_Yemen.pdf,153,2,"Arabic source text extracted from PDF requires visual/source review; value was preserved without correction","األوجبع"
Drug_Products_Directory_Yemen.pdf,153,3,"Arabic source text extracted from PDF requires visual/source review; value was preserved without correction","األوجبع"
Drug_Products_Directory_Yemen.pdf,153,4,"Arabic source text extracted from PDF requires visual/source review; value was preserved without correction","األوجبع"
Drug_Products_Directory_Yemen.pdf,153,5,"Arabic source text extracted from PDF requires visual/source review; value was preserved without correction","األوجبع"
Drug_Products_Directory_Yemen.pdf,153,6,"Arabic source text extracted from PDF requires visual/source review; value was preserved without correction","األوجبع"
Drug_Products_Directory_Yemen.pdf,153,7,"Arabic source text extracted from PDF requires visual/source review; value was preserved without correction","األوجبع"
Drug_Products_Directory_Yemen.pdf,154,1,"Arabic source text extracted from PDF requires visual/source review; value was preserved without correction","األوجبع"
Drug_Products_Directory_Yemen.pdf,154,2,"Arabic source text extracted from PDF requires visual/source review; value was preserved without correction","األوجبع"
Drug_Products_Directory_Yemen.pdf,154,3,"Arabic source text extracted from PDF requires visual/source review; value was preserved without correction","األوجبع"
Drug_Products_Directory_Yemen.pdf,154,4,"Arabic source text extracted from PDF requires visual/source review; value was preserved without correction","األوجبع"
Drug_Products_Directory_Yemen.pdf,154,5,"Arabic source text extracted from PDF requires visual/source review; value was preserved without correction","األوجبع"
Drug_Products_Directory_Yemen.pdf,154,6,"Arabic source text extracted from PDF requires visual/source review; value was preserved without correction","األوجبع"
Drug_Products_Directory_Yemen.pdf,154,7,"Arabic source text extracted from PDF requires visual/source review; value was preserved without correction","األوجبع"
Drug_Products_Directory_Yemen.pdf,155,1,"Arabic source text extracted from PDF requires visual/source review; value was preserved without correction","األوجبع"
Drug_Products_Directory_Yemen.pdf,155,2,"Arabic source text extracted from PDF requires visual/source review; value was preserved without correction","األوجبع"
Drug_Products_Directory_Yemen.pdf,155,3,"Arabic source text extracted from PDF requires visual/source review; value was preserved without correction","األوجبع"
Drug_Products_Directory_Yemen.pdf,155,4,"Arabic source text extracted from PDF requires visual/source review; value was preserved without correction","األوجبع"
Drug_Products_Directory_Yemen.pdf,155,5,"Arabic source text extracted from PDF requires visual/source review; value was preserved without correction","األوجبع"
Drug_Products_Directory_Yemen.pdf,155,6,"Arabic source text extracted from PDF requires visual/source review; value was preserved without correction","األوجبع"
Drug_Products_Directory_Yemen.pdf,155,7,"Arabic source text extracted from PDF requires visual/source review; value was preserved without correction","األوجبع"
Drug_Products_Directory_Yemen.pdf,156,1,"Arabic source text extracted from PDF requires visual/source review; value was preserved without correction","األوجبع"
Drug_Products_Directory_Yemen.pdf,156,2,"Arabic source text extracted from PDF requires visual/source review; value was preserved without correction","األوجبع"
Drug_Products_Directory_Yemen.pdf,156,3,"Arabic source text extracted from PDF requires visual/source review; value was preserved without correction","األوجبع"
Drug_Products_Directory_Yemen.pdf,156,4,"Arabic source text extracted from PDF requires visual/source review; value was preserved without correction","األوجبع"
Drug_Products_Directory_Yemen.pdf,156,5,"Arabic source text extracted from PDF requires visual/source review; value was preserved without correction","األوجبع"
Drug_Products_Directory_Yemen.pdf,156,6,"Arabic source text extracted from PDF requires visual/source review; value was preserved without correction","األوجبع"
Drug_Products_Directory_Yemen.pdf,156,7,"Arabic source text extracted from PDF requires visual/source review; value was preserved without correction","األوجبع"
Drug_Products_Directory_Yemen.pdf,157,1,"Arabic source text extracted from PDF requires visual/source review; value was preserved without correction","األوجبع"
Drug_Products_Directory_Yemen.pdf,157,2,"Arabic source text extracted from PDF requires visual/source review; value was preserved without correction","األوجبع"
Drug_Products_Directory_Yemen.pdf,157,3,"Arabic source text extracted from PDF requires visual/source review; value was preserved without correction","األوجبع"
Drug_Products_Directory_Yemen.pdf,157,4,"Arabic source text extracted from PDF requires visual/source review; value was preserved without correction","األوجبع"
Drug_Products_Directory_Yemen.pdf,157,5,"Arabic source text extracted from PDF requires visual/source review; value was preserved without correction","األوجبع"
Drug_Products_Directory_Yemen.pdf,157,6,"Arabic source text extracted from PDF requires visual/source review; value was preserved without correction","األوجبع"
Drug_Products_Directory_Yemen.pdf,157,7,"Arabic source text extracted from PDF requires visual/source review; value was preserved without correction","األوجبع"
Drug_Products_Directory_Yemen.pdf,158,1,"Arabic source text extracted from PDF requires visual/source review; value was preserved without correction","األوجبع"
Drug_Products_Directory_Yemen.pdf,158,2,"Arabic source text extracted from PDF requires visual/source review; value was preserved without correction","األوجبع"
Drug_Products_Directory_Yemen.pdf,158,3,"Arabic source text extracted from PDF requires visual/source review; value was preserved without correction","األوجبع"
Drug_Products_Directory_Yemen.pdf,158,4,"Arabic source text extracted from PDF requires visual/source review; value was preserved without correction","األوجبع"
Drug_Products_Directory_Yemen.pdf,158,5,"Arabic source text extracted from PDF requires visual/source review; value was preserved without correction","األوجبع"
Drug_Products_Directory_Yemen.pdf,158,6,"Arabic source text extracted from PDF requires visual/source review; value was preserved without correction","ان ُض ٌف"
Drug_Products_Directory_Yemen.pdf,158,7,"Arabic source text extracted from PDF requires visual/source review; value was preserved without correction","ان ُض ٌف"
Drug_Products_Directory_Yemen.pdf,159,1,"Arabic source text extracted from PDF requires visual/source review; value was preserved without correction","Disorders اضطشاثبد انكجذ"
Drug_Products_Directory_Yemen.pdf,159,2,"Arabic source text extracted from PDF requires visual/source review; value was preserved without correction","Disorders اضطشاثبد انكجذ"
Drug_Products_Directory_Yemen.pdf,159,3,"Arabic source text extracted from PDF requires visual/source review; value was preserved without correction","األنتهبثبد انجذنذ ٌخ"
Drug_Products_Directory_Yemen.pdf,159,4,"Arabic source text extracted from PDF requires visual/source review; value was preserved without correction","األنتهبثبد انجذنذ ٌخ"
Drug_Products_Directory_Yemen.pdf,159,5,"Arabic source text extracted from PDF requires visual/source review; value was preserved without correction","األنتهبثبد انجذنذ ٌخ"
Drug_Products_Directory_Yemen.pdf,159,6,"Arabic source text extracted from PDF requires visual/source review; value was preserved without correction","أيشاض انغكشي"
Drug_Products_Directory_Yemen.pdf,159,7,"Arabic source text extracted from PDF requires visual/source review; value was preserved without correction","انهضى"
Drug_Products_Directory_Yemen.pdf,160,1,"Arabic source text extracted from PDF requires visual/source review; value was preserved without correction","انهضى"
Drug_Products_Directory_Yemen.pdf,160,2,"Arabic source text extracted from PDF requires visual/source review; value was preserved without correction","supplementation ًٍه ٍخ تغز ٌخ تك"
Drug_Products_Directory_Yemen.pdf,160,3,"Arabic source text extracted from PDF requires visual/source review; value was preserved without correction","انهضى"
Drug_Products_Directory_Yemen.pdf,160,5,"Arabic source text extracted from PDF requires visual/source review; value was preserved without correction","األوجبع"
Drug_Products_Directory_Yemen.pdf,160,6,"Arabic source text extracted from PDF requires visual/source review; value was preserved without correction","استفبع ضغظ انذو"
Drug_Products_Directory_Yemen.pdf,160,7,"Arabic source text extracted from PDF requires visual/source review; value was preserved without correction","األوجبع"
Drug_Products_Directory_Yemen.pdf,161,1,"Arabic source text extracted from PDF requires visual/source review; value was preserved without correction","انجهطبد"
Drug_Products_Directory_Yemen.pdf,161,2,"Arabic source text extracted from PDF requires visual/source review; value was preserved without correction","استفبع ضغظ انذو"
Drug_Products_Directory_Yemen.pdf,161,3,"Arabic source text extracted from PDF requires visual/source review; value was preserved without correction","استفبع ضغظ انذو"
Drug_Products_Directory_Yemen.pdf,161,4,"Arabic source text extracted from PDF requires visual/source review; value was preserved without correction","أيشاض انغكشي"
Drug_Products_Directory_Yemen.pdf,161,5,"Arabic source text extracted from PDF requires visual/source review; value was preserved without correction","استفبع ضغظ انذو"
Drug_Products_Directory_Yemen.pdf,161,6,"Arabic source text extracted from PDF requires visual/source review; value was preserved without correction","انجىاع ٍش"
Drug_Products_Directory_Yemen.pdf,161,7,"Arabic source text extracted from PDF requires visual/source review; value was preserved without correction","استفبع ضغظ انذو"
Drug_Products_Directory_Yemen.pdf,162,1,"Arabic source text extracted from PDF requires visual/source review; value was preserved without correction","َضالد انجشد"
Drug_Products_Directory_Yemen.pdf,162,2,"Arabic source text extracted from PDF requires visual/source review; value was preserved without correction","َضالد انجشد"
Drug_Products_Directory_Yemen.pdf,162,3,"Arabic source text extracted from PDF requires visual/source review; value was preserved without correction","األنتهبثبد انجذنذ ٌخ"
Drug_Products_Directory_Yemen.pdf,162,4,"Arabic source text extracted from PDF requires visual/source review; value was preserved without correction","انهضى"
Drug_Products_Directory_Yemen.pdf,162,5,"Arabic source text extracted from PDF requires visual/source review; value was preserved without correction","انهضى"
Drug_Products_Directory_Yemen.pdf,162,6,"Arabic source text extracted from PDF requires visual/source review; value was preserved without correction","انهضى"
Drug_Products_Directory_Yemen.pdf,162,7,"Arabic source text extracted from PDF requires visual/source review; value was preserved without correction","انهضى"
Drug_Products_Directory_Yemen.pdf,163,1,"Arabic source text extracted from PDF requires visual/source review; value was preserved without correction","Analgesic يهذئبد األوجبع وانح ًى"
Drug_Products_Directory_Yemen.pdf,163,2,"Arabic source text extracted from PDF requires visual/source review; value was preserved without correction","Analgesic يهذئبد األوجبع وانح ًى"
Drug_Products_Directory_Yemen.pdf,163,3,"Arabic source text extracted from PDF requires visual/source review; value was preserved without correction","Analgesic يهذئبد األوجبع وانح ًى"
Drug_Products_Directory_Yemen.pdf,163,4,"Arabic source text extracted from PDF requires visual/source review; value was preserved without correction","Analgesic يهذئبد األوجبع وانح ًى"
Drug_Products_Directory_Yemen.pdf,163,5,"Arabic source text extracted from PDF requires visual/source review; value was preserved without correction","Analgesic يهذئبد األوجبع وانح ًى"
Drug_Products_Directory_Yemen.pdf,163,6,"Arabic source text extracted from PDF requires visual/source review; value was preserved without correction","( Bilharziasis ) انجههبسع ٍب"
Drug_Products_Directory_Yemen.pdf,163,7,"Arabic source text extracted from PDF requires visual/source review; value was preserved without correction","Infection اصبثبد ً انجهبص انجىن"
Drug_Products_Directory_Yemen.pdf,164,1,"Arabic source text extracted from PDF requires visual/source review; value was preserved without correction","أيشاض انغكشي"
Drug_Products_Directory_Yemen.pdf,164,2,"Arabic source text extracted from PDF requires visual/source review; value was preserved without correction","أيشاض انغكشي"
Drug_Products_Directory_Yemen.pdf,164,3,"Arabic source text extracted from PDF requires visual/source review; value was preserved without correction","vomiting ٌ انغث ٍب وانطشػ"
Drug_Products_Directory_Yemen.pdf,164,4,"Arabic source text extracted from PDF requires visual/source review; value was preserved without correction","vomiting ٌ انغث ٍب وانطشػ"
Drug_Products_Directory_Yemen.pdf,164,5,"Arabic source text extracted from PDF requires visual/source review; value was preserved without correction","vomiting ٌ انغث ٍب وانطشػ"
Drug_Products_Directory_Yemen.pdf,164,6,"Arabic source text extracted from PDF requires visual/source review; value was preserved without correction","vomiting ٌ انغث ٍب وانطشػ"
Drug_Products_Directory_Yemen.pdf,164,7,"Arabic source text extracted from PDF requires visual/source review; value was preserved without correction","Deficiency َمص ف ٍتبي ٍُبد"
Drug_Products_Directory_Yemen.pdf,165,1,"Arabic source text extracted from PDF requires visual/source review; value was preserved without correction","ٌ انشبئؼخ انذ ٌذا"
Drug_Products_Directory_Yemen.pdf,165,2,"Arabic source text extracted from PDF requires visual/source review; value was preserved without correction","األيشاض انؼمه ٍخ"
Drug_Products_Directory_Yemen.pdf,165,3,"Arabic source text extracted from PDF requires visual/source review; value was preserved without correction","األيشاض انؼمه ٍخ"
Drug_Products_Directory_Yemen.pdf,165,4,"Arabic source text extracted from PDF requires visual/source review; value was preserved without correction","األيشاض انؼمه ٍخ"
Drug_Products_Directory_Yemen.pdf,165,5,"Arabic source text extracted from PDF requires visual/source review; value was preserved without correction","Spasm ٍ آالو انجط"
Drug_Products_Directory_Yemen.pdf,165,6,"Arabic source text extracted from PDF requires visual/source review; value was preserved without correction","َضالد انجشد"
Drug_Products_Directory_Yemen.pdf,165,7,"Arabic source text extracted from PDF requires visual/source review; value was preserved without correction","َضالد انجشد"
Drug_Products_Directory_Yemen.pdf,166,1,"Arabic source text extracted from PDF requires visual/source review; value was preserved without correction","َضالد انجشد"
Drug_Products_Directory_Yemen.pdf,166,2,"Arabic source text extracted from PDF requires visual/source review; value was preserved without correction","َضالد انجشد"
Drug_Products_Directory_Yemen.pdf,166,3,"Arabic source text extracted from PDF requires visual/source review; value was preserved without correction","األوجبع"
Drug_Products_Directory_Yemen.pdf,166,4,"Arabic source text extracted from PDF requires visual/source review; value was preserved without correction","Deficiency َمص ف ٍتبي ٍُبد"
Drug_Products_Directory_Yemen.pdf,166,5,"Arabic source text extracted from PDF requires visual/source review; value was preserved without correction","األوجبع"
Drug_Products_Directory_Yemen.pdf,166,6,"Arabic source text extracted from PDF requires visual/source review; value was preserved without correction","األوجبع"
Drug_Products_Directory_Yemen.pdf,166,7,"Arabic source text extracted from PDF requires visual/source review; value was preserved without correction","األوجبع"
Drug_Products_Directory_Yemen.pdf,167,1,"Arabic source text extracted from PDF requires visual/source review; value was preserved without correction","األوجبع"
Drug_Products_Directory_Yemen.pdf,167,2,"Arabic source text extracted from PDF requires visual/source review; value was preserved without correction","vomiting ٌ انغث ٍب وانطشػ"
Drug_Products_Directory_Yemen.pdf,167,3,"Arabic source text extracted from PDF requires visual/source review; value was preserved without correction","vomiting ٌ انغث ٍب وانطشػ"
Drug_Products_Directory_Yemen.pdf,167,4,"Arabic source text extracted from PDF requires visual/source review; value was preserved without correction","vomiting ٌ انغث ٍب وانطشػ"
Drug_Products_Directory_Yemen.pdf,167,5,"Arabic source text extracted from PDF requires visual/source review; value was preserved without correction","vomiting ٌ انغث ٍب وانطشػ"
Drug_Products_Directory_Yemen.pdf,167,6,"Arabic source text extracted from PDF requires visual/source review; value was preserved without correction","vomiting ٌ انغث ٍب وانطشػ"
Drug_Products_Directory_Yemen.pdf,167,7,"Arabic source text extracted from PDF requires visual/source review; value was preserved without correction","vomiting ٌ انغث ٍب وانطشػ"
Drug_Products_Directory_Yemen.pdf,168,1,"Arabic source text extracted from PDF requires visual/source review; value was preserved without correction","vomiting ٌ انغث ٍب وانطشػ"
Drug_Products_Directory_Yemen.pdf,168,2,"Arabic source text extracted from PDF requires visual/source review; value was preserved without correction","vomiting ٌ انغث ٍب وانطشػ"
Drug_Products_Directory_Yemen.pdf,168,3,"Arabic source text extracted from PDF requires visual/source review; value was preserved without correction","vomiting ٌ انغث ٍب وانطشػ"
Drug_Products_Directory_Yemen.pdf,168,4,"Arabic source text extracted from PDF requires visual/source review; value was preserved without correction","vomiting ٌ انغث ٍب وانطشػ"
Drug_Products_Directory_Yemen.pdf,168,5,"Arabic source text extracted from PDF requires visual/source review; value was preserved without correction","Failure فشم انمهت انحبد"
Drug_Products_Directory_Yemen.pdf,168,6,"Arabic source text extracted from PDF requires visual/source review; value was preserved without correction","Analgesic يهذئبد األوجبع وانح ًى"
Drug_Products_Directory_Yemen.pdf,168,7,"Arabic source text extracted from PDF requires visual/source review; value was preserved without correction","General انتخذ ٌش انؼبو"
Drug_Products_Directory_Yemen.pdf,169,1,"Arabic source text extracted from PDF requires visual/source review; value was preserved without correction","General انتخذ ٌش انؼبو"
Drug_Products_Directory_Yemen.pdf,169,2,"Arabic source text extracted from PDF requires visual/source review; value was preserved without correction","Insumnea األسق وانمهك"
Drug_Products_Directory_Yemen.pdf,169,3,"Arabic source text extracted from PDF requires visual/source review; value was preserved without correction","Spasm ٍ آالو انجط"
Drug_Products_Directory_Yemen.pdf,169,4,"Arabic source text extracted from PDF requires visual/source review; value was preserved without correction","vomiting ٌ انغث ٍب وانطشػ"
Drug_Products_Directory_Yemen.pdf,169,5,"Arabic source text extracted from PDF requires visual/source review; value was preserved without correction","األنتهبثبد انجذنذ ٌخ"
Drug_Products_Directory_Yemen.pdf,170,2,"Arabic source text extracted from PDF requires visual/source review; value was preserved without correction","األنتهبثبد"
Drug_Products_Directory_Yemen.pdf,170,3,"Arabic source text extracted from PDF requires visual/source review; value was preserved without correction","انتهبثبد انؼظبو"
Drug_Products_Directory_Yemen.pdf,170,5,"Arabic source text extracted from PDF requires visual/source review; value was preserved without correction","ان ًضبداد انح ٍى ٌخ"
Drug_Products_Directory_Yemen.pdf,171,2,"Arabic source text extracted from PDF requires visual/source review; value was preserved without correction","vomiting ٌ انغث ٍب وانطشػ"
Drug_Products_Directory_Yemen.pdf,171,3,"Arabic source text extracted from PDF requires visual/source review; value was preserved without correction","األوجبع"
Drug_Products_Directory_Yemen.pdf,171,4,"Arabic source text extracted from PDF requires visual/source review; value was preserved without correction","Spasm ٍ آالو انجط"
Drug_Products_Directory_Yemen.pdf,171,5,"Arabic source text extracted from PDF requires visual/source review; value was preserved without correction","Spasm ٍ آالو انجط"
Drug_Products_Directory_Yemen.pdf,171,6,"Arabic source text extracted from PDF requires visual/source review; value was preserved without correction","Spasm ٍ آالو انجط"
Drug_Products_Directory_Yemen.pdf,171,7,"Arabic source text extracted from PDF requires visual/source review; value was preserved without correction","األيغبن"
Drug_Products_Directory_Yemen.pdf,172,3,"Arabic source text extracted from PDF requires visual/source review; value was preserved without correction","Asthma انشثى ً انشؼج"
Drug_Products_Directory_Yemen.pdf,172,4,"Arabic source text extracted from PDF requires visual/source review; value was preserved without correction","Asthma انشثى ً انشؼج"
Drug_Products_Directory_Yemen.pdf,172,7,"Arabic source text extracted from PDF requires visual/source review; value was preserved without correction","األيغبن"
Drug_Products_Directory_Yemen.pdf,173,1,"Arabic source text extracted from PDF requires visual/source review; value was preserved without correction","األيغبن"
Drug_Products_Directory_Yemen.pdf,173,2,"Arabic source text extracted from PDF requires visual/source review; value was preserved without correction","انط ًث"
Drug_Products_Directory_Yemen.pdf,173,3,"Arabic source text extracted from PDF requires visual/source review; value was preserved without correction","Failure فشم انمهت انحبد"
Drug_Products_Directory_Yemen.pdf,173,4,"Arabic source text extracted from PDF requires visual/source review; value was preserved without correction","Spasm ٍ آالو انجط"
Drug_Products_Directory_Yemen.pdf,173,5,"Arabic source text extracted from PDF requires visual/source review; value was preserved without correction","Spasm ٍ آالو انجط"
Drug_Products_Directory_Yemen.pdf,173,6,"Arabic source text extracted from PDF requires visual/source review; value was preserved without correction","Spasm ٍ آالو انجط"
Drug_Products_Directory_Yemen.pdf,173,7,"Arabic source text extracted from PDF requires visual/source review; value was preserved without correction","Spasm ٍ آالو انجط"
Drug_Products_Directory_Yemen.pdf,174,1,"Arabic source text extracted from PDF requires visual/source review; value was preserved without correction","Spasm ٍ آالو انجط"
Drug_Products_Directory_Yemen.pdf,174,2,"Arabic source text extracted from PDF requires visual/source review; value was preserved without correction","األيشاض انؼمه ٍخ"
Drug_Products_Directory_Yemen.pdf,174,3,"Arabic source text extracted from PDF requires visual/source review; value was preserved without correction","أيشاض انغكشي"
Drug_Products_Directory_Yemen.pdf,174,4,"Arabic source text extracted from PDF requires visual/source review; value was preserved without correction","ي ُشطبد ج ُغ ٍخ"
Drug_Products_Directory_Yemen.pdf,174,5,"Arabic source text extracted from PDF requires visual/source review; value was preserved without correction","ي ُشطبد ج ُغ ٍخ"
Drug_Products_Directory_Yemen.pdf,174,6,"Arabic source text extracted from PDF requires visual/source review; value was preserved without correction","استفبع ضغظ انذو"
Drug_Products_Directory_Yemen.pdf,174,7,"Arabic source text extracted from PDF requires visual/source review; value was preserved without correction","Spasm ٍ آالو انجط"
Drug_Products_Directory_Yemen.pdf,175,1,"Arabic source text extracted from PDF requires visual/source review; value was preserved without correction","Spasm ٍ آالو انجط"
Drug_Products_Directory_Yemen.pdf,175,2,"Arabic source text extracted from PDF requires visual/source review; value was preserved without correction","Spasm ٍ آالو انجط"
Drug_Products_Directory_Yemen.pdf,175,3,"Arabic source text extracted from PDF requires visual/source review; value was preserved without correction","Spasm ٍ آالو انجط"
Drug_Products_Directory_Yemen.pdf,175,4,"Arabic source text extracted from PDF requires visual/source review; value was preserved without correction","Spasm ٍ آالو انجط"
Drug_Products_Directory_Yemen.pdf,175,5,"Arabic source text extracted from PDF requires visual/source review; value was preserved without correction","Gardiasis جبسد ٌب واي ٍج ٍب"
Drug_Products_Directory_Yemen.pdf,175,6,"Arabic source text extracted from PDF requires visual/source review; value was preserved without correction","Gardiasis جبسد ٌب واي ٍج ٍب"
Drug_Products_Directory_Yemen.pdf,175,7,"Arabic source text extracted from PDF requires visual/source review; value was preserved without correction","األيشاض انؼمه ٍخ"
Drug_Products_Directory_Yemen.pdf,176,1,"Arabic source text extracted from PDF requires visual/source review; value was preserved without correction","األيشاض انؼمه ٍخ"
Drug_Products_Directory_Yemen.pdf,176,2,"Arabic source text extracted from PDF requires visual/source review; value was preserved without correction","األيشاض انؼمه ٍخ"
Drug_Products_Directory_Yemen.pdf,176,3,"Arabic source text extracted from PDF requires visual/source review; value was preserved without correction","األيشاض انؼمه ٍخ"
Drug_Products_Directory_Yemen.pdf,176,4,"Arabic source text extracted from PDF requires visual/source review; value was preserved without correction","Deficiency َمص ف ٍتبي ٍُبد"
Drug_Products_Directory_Yemen.pdf,176,6,"Arabic source text extracted from PDF requires visual/source review; value was preserved without correction","استفبع ضغظ انذو"
Drug_Products_Directory_Yemen.pdf,177,1,"Arabic source text extracted from PDF requires visual/source review; value was preserved without correction","Infections األصبثبد انجكت ٍش ٌخ"
Drug_Products_Directory_Yemen.pdf,177,2,"Arabic source text extracted from PDF requires visual/source review; value was preserved without correction","األيشاض انؼمه ٍخ"
Drug_Products_Directory_Yemen.pdf,177,3,"Arabic source text extracted from PDF requires visual/source review; value was preserved without correction","ا َخفبض ضغظ انذو"
Drug_Products_Directory_Yemen.pdf,177,4,"Arabic source text extracted from PDF requires visual/source review; value was preserved without correction","ا َخفبض ضغظ انذو"
Drug_Products_Directory_Yemen.pdf,177,5,"Arabic source text extracted from PDF requires visual/source review; value was preserved without correction","Gardiasis جبسد ٌب واي ٍج ٍب"
Drug_Products_Directory_Yemen.pdf,177,6,"Arabic source text extracted from PDF requires visual/source review; value was preserved without correction","Deficiency َمص ف ٍتبي ٍُبد"
Drug_Products_Directory_Yemen.pdf,178,1,"Arabic source text extracted from PDF requires visual/source review; value was preserved without correction","Deficiency َمص ف ٍتبي ٍُبد"
Drug_Products_Directory_Yemen.pdf,178,2,"Arabic source text extracted from PDF requires visual/source review; value was preserved without correction","األنتهبثبد انجذنذ ٌخ"
Drug_Products_Directory_Yemen.pdf,178,3,"Arabic source text extracted from PDF requires visual/source review; value was preserved without correction","األنتهبثبد انجذنذ ٌخ"
Drug_Products_Directory_Yemen.pdf,178,4,"Arabic source text extracted from PDF requires visual/source review; value was preserved without correction","األنتهبثبد انجذنذ ٌخ"
Drug_Products_Directory_Yemen.pdf,178,5,"Arabic source text extracted from PDF requires visual/source review; value was preserved without correction","األوجبع"
Drug_Products_Directory_Yemen.pdf,178,6,"Arabic source text extracted from PDF requires visual/source review; value was preserved without correction","َضالد انجشد"
Drug_Products_Directory_Yemen.pdf,178,7,"Arabic source text extracted from PDF requires visual/source review; value was preserved without correction","َضالد انجشد"
Drug_Products_Directory_Yemen.pdf,179,1,"Arabic source text extracted from PDF requires visual/source review; value was preserved without correction","َضالد انجشد"
Drug_Products_Directory_Yemen.pdf,179,2,"Arabic source text extracted from PDF requires visual/source review; value was preserved without correction","َضالد انجشد"
Drug_Products_Directory_Yemen.pdf,179,3,"Arabic source text extracted from PDF requires visual/source review; value was preserved without correction","انغذح انذسل ٍخ"
Drug_Products_Directory_Yemen.pdf,179,4,"Arabic source text extracted from PDF requires visual/source review; value was preserved without correction","انغذح انذسل ٍخ"
Drug_Products_Directory_Yemen.pdf,179,5,"Arabic source text extracted from PDF requires visual/source review; value was preserved without correction","انغغىالد انف ًى ٌخ"
Drug_Products_Directory_Yemen.pdf,179,6,"Arabic source text extracted from PDF requires visual/source review; value was preserved without correction","vomiting ٌ انغث ٍب وانطشػ"
Drug_Products_Directory_Yemen.pdf,179,7,"Arabic source text extracted from PDF requires visual/source review; value was preserved without correction","vomiting ٌ انغث ٍب وانطشػ"
Drug_Products_Directory_Yemen.pdf,180,1,"Arabic source text extracted from PDF requires visual/source review; value was preserved without correction","vomiting ٌ انغث ٍب وانطشػ"
Drug_Products_Directory_Yemen.pdf,180,2,"Arabic source text extracted from PDF requires visual/source review; value was preserved without correction","vomiting ٌ انغث ٍب وانطشػ"
Drug_Products_Directory_Yemen.pdf,180,3,"Arabic source text extracted from PDF requires visual/source review; value was preserved without correction","vomiting ٌ انغث ٍب وانطشػ"
Drug_Products_Directory_Yemen.pdf,180,4,"Arabic source text extracted from PDF requires visual/source review; value was preserved without correction","vomiting ٌ انغث ٍب وانطشػ"
Drug_Products_Directory_Yemen.pdf,180,5,"Arabic source text extracted from PDF requires visual/source review; value was preserved without correction","ان ًؼذح"
Drug_Products_Directory_Yemen.pdf,180,6,"Arabic source text extracted from PDF requires visual/source review; value was preserved without correction","Analgesic يهذئبد األوجبع وانح ًى"
Drug_Products_Directory_Yemen.pdf,180,7,"Arabic source text extracted from PDF requires visual/source review; value was preserved without correction","Analgesic يهذئبد األوجبع وانح ًى"
Drug_Products_Directory_Yemen.pdf,181,1,"Arabic source text extracted from PDF requires visual/source review; value was preserved without correction","Analgesic يهذئبد األوجبع وانح ًى"
Drug_Products_Directory_Yemen.pdf,181,2,"Arabic source text extracted from PDF requires visual/source review; value was preserved without correction","األوجبع"
Drug_Products_Directory_Yemen.pdf,181,3,"Arabic source text extracted from PDF requires visual/source review; value was preserved without correction","األوجبع"
Drug_Products_Directory_Yemen.pdf,181,4,"Arabic source text extracted from PDF requires visual/source review; value was preserved without correction","األوجبع"
Drug_Products_Directory_Yemen.pdf,181,6,"Arabic source text extracted from PDF requires visual/source review; value was preserved without correction","انغغىالد انف ًى ٌخ"
Drug_Products_Directory_Yemen.pdf,182,2,"Arabic source text extracted from PDF requires visual/source review; value was preserved without correction","يشخ ٍبد انؼضالد"
Drug_Products_Directory_Yemen.pdf,182,5,"Arabic source text extracted from PDF requires visual/source review; value was preserved without correction","استفبع ضغظ انذو"
Drug_Products_Directory_Yemen.pdf,182,6,"Arabic source text extracted from PDF requires visual/source review; value was preserved without correction","استفبع ضغظ انذو"
Drug_Products_Directory_Yemen.pdf,182,7,"Arabic source text extracted from PDF requires visual/source review; value was preserved without correction","استفبع ضغظ انذو"
Drug_Products_Directory_Yemen.pdf,183,1,"Arabic source text extracted from PDF requires visual/source review; value was preserved without correction","Deficiency َمص ف ٍتبي ٍُبد"
Drug_Products_Directory_Yemen.pdf,183,2,"Arabic source text extracted from PDF requires visual/source review; value was preserved without correction","Deficiency َمص ف ٍتبي ٍُبد"
Drug_Products_Directory_Yemen.pdf,183,3,"Arabic source text extracted from PDF requires visual/source review; value was preserved without correction","األوػ ٍخ انذيى ٌخ وانمهت"
Drug_Products_Directory_Yemen.pdf,183,4,"Arabic source text extracted from PDF requires visual/source review; value was preserved without correction","انجهطبد"
Drug_Products_Directory_Yemen.pdf,183,5,"Arabic source text extracted from PDF requires visual/source review; value was preserved without correction","انجهطبد"
Drug_Products_Directory_Yemen.pdf,183,6,"Arabic source text extracted from PDF requires visual/source review; value was preserved without correction","انجهطبد"
Drug_Products_Directory_Yemen.pdf,184,3,"Arabic source text extracted from PDF requires visual/source review; value was preserved without correction","Infections األصبثبد انجكت ٍش ٌخ"
Drug_Products_Directory_Yemen.pdf,184,4,"Arabic source text extracted from PDF requires visual/source review; value was preserved without correction","Infections األصبثبد انجكت ٍش ٌخ"
Drug_Products_Directory_Yemen.pdf,184,5,"Arabic source text extracted from PDF requires visual/source review; value was preserved without correction","Infections األصبثبد انجكت ٍش ٌخ"
Drug_Products_Directory_Yemen.pdf,184,6,"Arabic source text extracted from PDF requires visual/source review; value was preserved without correction","Gardiasis جبسد ٌب واي ٍج ٍب"
Drug_Products_Directory_Yemen.pdf,184,7,"Arabic source text extracted from PDF requires visual/source review; value was preserved without correction","انهضى"
Drug_Products_Directory_Yemen.pdf,185,2,"Arabic source text extracted from PDF requires visual/source review; value was preserved without correction","َضالد انجشد"
Drug_Products_Directory_Yemen.pdf,185,3,"Arabic source text extracted from PDF requires visual/source review; value was preserved without correction","Infections األصبثبد انجكت ٍش ٌخ"
Drug_Products_Directory_Yemen.pdf,185,5,"Arabic source text extracted from PDF requires visual/source review; value was preserved without correction","انهضى"
Drug_Products_Directory_Yemen.pdf,185,6,"Arabic source text extracted from PDF requires visual/source review; value was preserved without correction","Asthma انشثى ً انشؼج"
Drug_Products_Directory_Yemen.pdf,185,7,"Arabic source text extracted from PDF requires visual/source review; value was preserved without correction","Deficiency َمص ف ٍتبي ٍُبد"
Drug_Products_Directory_Yemen.pdf,186,1,"Arabic source text extracted from PDF requires visual/source review; value was preserved without correction","األوجبع"
Drug_Products_Directory_Yemen.pdf,186,2,"Arabic source text extracted from PDF requires visual/source review; value was preserved without correction","استفبع ضغظ انذو"
Drug_Products_Directory_Yemen.pdf,186,3,"Arabic source text extracted from PDF requires visual/source review; value was preserved without correction","استفبع ضغظ انذو"
Drug_Products_Directory_Yemen.pdf,186,4,"Arabic source text extracted from PDF requires visual/source review; value was preserved without correction","Infection اصبثبد ً انجهبص انجىن"
Drug_Products_Directory_Yemen.pdf,186,5,"Arabic source text extracted from PDF requires visual/source review; value was preserved without correction","Shock انصذيخ األغ ًبئ ٍخ"
Drug_Products_Directory_Yemen.pdf,186,6,"Arabic source text extracted from PDF requires visual/source review; value was preserved without correction","Infections األصبثبد انجكت ٍش ٌخ"
Drug_Products_Directory_Yemen.pdf,186,7,"Arabic source text extracted from PDF requires visual/source review; value was preserved without correction","ا َتظبو ضشثبد انمهت"
Drug_Products_Directory_Yemen.pdf,187,1,"Arabic source text extracted from PDF requires visual/source review; value was preserved without correction","ان ًؼذح"
Drug_Products_Directory_Yemen.pdf,187,2,"Arabic source text extracted from PDF requires visual/source review; value was preserved without correction","ان ًؼذح"
Drug_Products_Directory_Yemen.pdf,187,3,"Arabic source text extracted from PDF requires visual/source review; value was preserved without correction","ان ًؼذح"
Drug_Products_Directory_Yemen.pdf,187,7,"Arabic source text extracted from PDF requires visual/source review; value was preserved without correction","األنتهبثبد"
Drug_Products_Directory_Yemen.pdf,188,1,"Arabic source text extracted from PDF requires visual/source review; value was preserved without correction","ان ًؼذح"
Drug_Products_Directory_Yemen.pdf,188,2,"Arabic source text extracted from PDF requires visual/source review; value was preserved without correction","األيغبن"
Drug_Products_Directory_Yemen.pdf,188,3,"Arabic source text extracted from PDF requires visual/source review; value was preserved without correction","Disorders اضطشاثبد انجهبص ً انت ُفغ"
Drug_Products_Directory_Yemen.pdf,188,7,"Arabic source text extracted from PDF requires visual/source review; value was preserved without correction","Local انتخذ ٌش ً ان ًىضؼ"
Drug_Products_Directory_Yemen.pdf,190,3,"Arabic source text extracted from PDF requires visual/source review; value was preserved without correction","Deficiency َمص ف ٍتبي ٍُبد"
Drug_Products_Directory_Yemen.pdf,190,4,"Arabic source text extracted from PDF requires visual/source review; value was preserved without correction","األيشاض انؼمه ٍخ"
Drug_Products_Directory_Yemen.pdf,190,5,"Arabic source text extracted from PDF requires visual/source review; value was preserved without correction","ان ًؼذح"
Drug_Products_Directory_Yemen.pdf,190,6,"Arabic source text extracted from PDF requires visual/source review; value was preserved without correction","ان ًؼذح"
Drug_Products_Directory_Yemen.pdf,190,7,"Arabic source text extracted from PDF requires visual/source review; value was preserved without correction","ان ًؼذح"
Drug_Products_Directory_Yemen.pdf,191,1,"Arabic source text extracted from PDF requires visual/source review; value was preserved without correction","ان ًؼذح"
Drug_Products_Directory_Yemen.pdf,191,2,"Arabic source text extracted from PDF requires visual/source review; value was preserved without correction","ان ًؼذح"
Drug_Products_Directory_Yemen.pdf,191,3,"Arabic source text extracted from PDF requires visual/source review; value was preserved without correction","ان ًؼذح"
Drug_Products_Directory_Yemen.pdf,191,4,"Arabic source text extracted from PDF requires visual/source review; value was preserved without correction","ان ًؼذح"
Drug_Products_Directory_Yemen.pdf,191,5,"Arabic source text extracted from PDF requires visual/source review; value was preserved without correction","ان ًؼذح"
Drug_Products_Directory_Yemen.pdf,191,6,"Arabic source text extracted from PDF requires visual/source review; value was preserved without correction","ان ًؼذح"
Drug_Products_Directory_Yemen.pdf,191,7,"Arabic source text extracted from PDF requires visual/source review; value was preserved without correction","ان ًؼذح"
Drug_Products_Directory_Yemen.pdf,192,1,"Arabic source text extracted from PDF requires visual/source review; value was preserved without correction","ان ًؼذح"
Drug_Products_Directory_Yemen.pdf,192,2,"Arabic source text extracted from PDF requires visual/source review; value was preserved without correction","ان ًؼذح"
Drug_Products_Directory_Yemen.pdf,192,3,"Arabic source text extracted from PDF requires visual/source review; value was preserved without correction","ان ًؼذح"
Drug_Products_Directory_Yemen.pdf,192,4,"Arabic source text extracted from PDF requires visual/source review; value was preserved without correction","ان ًؼذح"
Drug_Products_Directory_Yemen.pdf,192,5,"Arabic source text extracted from PDF requires visual/source review; value was preserved without correction","ان ًؼذح"
Drug_Products_Directory_Yemen.pdf,192,6,"Arabic source text extracted from PDF requires visual/source review; value was preserved without correction","ان ًؼذح"
Drug_Products_Directory_Yemen.pdf,192,7,"Arabic source text extracted from PDF requires visual/source review; value was preserved without correction","ان ًؼذح"
Drug_Products_Directory_Yemen.pdf,193,1,"Arabic source text extracted from PDF requires visual/source review; value was preserved without correction","Disorders اضطشاثبد انكجذ"
Drug_Products_Directory_Yemen.pdf,193,2,"Arabic source text extracted from PDF requires visual/source review; value was preserved without correction","Disorders اضطشاثبد انكجذ"
Drug_Products_Directory_Yemen.pdf,193,3,"Arabic source text extracted from PDF requires visual/source review; value was preserved without correction","Disorders اضطشاثبد انكجذ"
Drug_Products_Directory_Yemen.pdf,193,5,"Arabic source text extracted from PDF requires visual/source review; value was preserved without correction","Infections األصبثبد انجكت ٍش ٌخ"
Drug_Products_Directory_Yemen.pdf,193,6,"Arabic source text extracted from PDF requires visual/source review; value was preserved without correction","Infections األصبثبد انجكت ٍش ٌخ"
Drug_Products_Directory_Yemen.pdf,193,7,"Arabic source text extracted from PDF requires visual/source review; value was preserved without correction","Infections األصبثبد انجكت ٍش ٌخ"
Drug_Products_Directory_Yemen.pdf,194,1,"Arabic source text extracted from PDF requires visual/source review; value was preserved without correction","األوجبع"
Drug_Products_Directory_Yemen.pdf,194,3,"Arabic source text extracted from PDF requires visual/source review; value was preserved without correction","Asthma انشثى ً انشؼج"
Drug_Products_Directory_Yemen.pdf,194,5,"Arabic source text extracted from PDF requires visual/source review; value was preserved without correction","Gardiasis جبسد ٌب واي ٍج ٍب"
Drug_Products_Directory_Yemen.pdf,194,6,"Arabic source text extracted from PDF requires visual/source review; value was preserved without correction","انغذح انذسل ٍخ"
Drug_Products_Directory_Yemen.pdf,194,7,"Arabic source text extracted from PDF requires visual/source review; value was preserved without correction","انغذح انذسل ٍخ"
Drug_Products_Directory_Yemen.pdf,195,1,"Arabic source text extracted from PDF requires visual/source review; value was preserved without correction","انغذح انذسل ٍخ"
Drug_Products_Directory_Yemen.pdf,195,2,"Arabic source text extracted from PDF requires visual/source review; value was preserved without correction","ان ُتىء انصغ ٍشح"
Drug_Products_Directory_Yemen.pdf,195,3,"Arabic source text extracted from PDF requires visual/source review; value was preserved without correction","Deficiency َمص ف ٍتبي ٍُبد"
Drug_Products_Directory_Yemen.pdf,195,4,"Arabic source text extracted from PDF requires visual/source review; value was preserved without correction","Disorders اضطشاثبد انجهبص ً انت ُفغ"
Drug_Products_Directory_Yemen.pdf,195,5,"Arabic source text extracted from PDF requires visual/source review; value was preserved without correction","Disorders اضطشاثبد انجهبص ً انت ُفغ"
Drug_Products_Directory_Yemen.pdf,195,6,"Arabic source text extracted from PDF requires visual/source review; value was preserved without correction","ان ًؼذح"
Drug_Products_Directory_Yemen.pdf,195,7,"Arabic source text extracted from PDF requires visual/source review; value was preserved without correction","األوجبع"
Drug_Products_Directory_Yemen.pdf,196,1,"Arabic source text extracted from PDF requires visual/source review; value was preserved without correction","األيغبن"
Drug_Products_Directory_Yemen.pdf,196,2,"Arabic source text extracted from PDF requires visual/source review; value was preserved without correction","األيغبن"
Drug_Products_Directory_Yemen.pdf,196,3,"Arabic source text extracted from PDF requires visual/source review; value was preserved without correction","ً انذو ٌ ف ص ٌبدح انذهى"
Drug_Products_Directory_Yemen.pdf,196,4,"Arabic source text extracted from PDF requires visual/source review; value was preserved without correction","ان ًؼذح"
Drug_Products_Directory_Yemen.pdf,196,5,"Arabic source text extracted from PDF requires visual/source review; value was preserved without correction","ان ًؼذح"
Drug_Products_Directory_Yemen.pdf,196,6,"Arabic source text extracted from PDF requires visual/source review; value was preserved without correction","األصبثبد انف ٍشوع ٍخ"
Drug_Products_Directory_Yemen.pdf,196,7,"Arabic source text extracted from PDF requires visual/source review; value was preserved without correction","األصبثبد انف ٍشوع ٍخ"
Drug_Products_Directory_Yemen.pdf,197,1,"Arabic source text extracted from PDF requires visual/source review; value was preserved without correction","األصبثبد انف ٍشوع ٍخ"
Drug_Products_Directory_Yemen.pdf,197,2,"Arabic source text extracted from PDF requires visual/source review; value was preserved without correction","ان ًؼذح"
Drug_Products_Directory_Yemen.pdf,197,3,"Arabic source text extracted from PDF requires visual/source review; value was preserved without correction","ان ًؼذح"
Drug_Products_Directory_Yemen.pdf,197,4,"Arabic source text extracted from PDF requires visual/source review; value was preserved without correction","ان ًؼذح"
Drug_Products_Directory_Yemen.pdf,197,5,"Arabic source text extracted from PDF requires visual/source review; value was preserved without correction","ان ًؼذح"
Drug_Products_Directory_Yemen.pdf,197,6,"Arabic source text extracted from PDF requires visual/source review; value was preserved without correction","األصبثبد انف ٍشوع ٍخ"
Drug_Products_Directory_Yemen.pdf,197,7,"Arabic source text extracted from PDF requires visual/source review; value was preserved without correction","األصبثبد انف ٍشوع ٍخ"
Drug_Products_Directory_Yemen.pdf,198,2,"Arabic source text extracted from PDF requires visual/source review; value was preserved without correction","Asthma انشثى ً انشؼج"
Drug_Products_Directory_Yemen.pdf,198,3,"Arabic source text extracted from PDF requires visual/source review; value was preserved without correction","Asthma انشثى ً انشؼج"
Drug_Products_Directory_Yemen.pdf,198,6,"Arabic source text extracted from PDF requires visual/source review; value was preserved without correction","استفبع ضغظ انذو"
Drug_Products_Directory_Yemen.pdf,198,7,"Arabic source text extracted from PDF requires visual/source review; value was preserved without correction","Disorders اضطشاثبد انجهبص ً انت ُفغ"
Drug_Products_Directory_Yemen.pdf,199,1,"Arabic source text extracted from PDF requires visual/source review; value was preserved without correction","Disorders اضطشاثبد انجهبص ً انت ُفغ"
Drug_Products_Directory_Yemen.pdf,199,2,"Arabic source text extracted from PDF requires visual/source review; value was preserved without correction","vomiting ٌ انغث ٍب وانطشػ"
Drug_Products_Directory_Yemen.pdf,199,3,"Arabic source text extracted from PDF requires visual/source review; value was preserved without correction","vomiting ٌ انغث ٍب وانطشػ"
Drug_Products_Directory_Yemen.pdf,199,4,"Arabic source text extracted from PDF requires visual/source review; value was preserved without correction","vomiting ٌ انغث ٍب وانطشػ"
Drug_Products_Directory_Yemen.pdf,199,5,"Arabic source text extracted from PDF requires visual/source review; value was preserved without correction","Infections األصبثبد انجكت ٍش ٌخ"
Drug_Products_Directory_Yemen.pdf,199,6,"Arabic source text extracted from PDF requires visual/source review; value was preserved without correction","Deficiency َمص ف ٍتبي ٍُبد"
Drug_Products_Directory_Yemen.pdf,199,7,"Arabic source text extracted from PDF requires visual/source review; value was preserved without correction","Insumnea األسق وانمهك"
Drug_Products_Directory_Yemen.pdf,200,1,"Arabic source text extracted from PDF requires visual/source review; value was preserved without correction","Gardiasis جبسد ٌب واي ٍج ٍب"
Drug_Products_Directory_Yemen.pdf,200,2,"Arabic source text extracted from PDF requires visual/source review; value was preserved without correction","انجهطبد"
Drug_Products_Directory_Yemen.pdf,200,3,"Arabic source text extracted from PDF requires visual/source review; value was preserved without correction","األيغبن"
Drug_Products_Directory_Yemen.pdf,200,4,"Arabic source text extracted from PDF requires visual/source review; value was preserved without correction","Analgesic يهذئبد األوجبع وانح ًى"
Drug_Products_Directory_Yemen.pdf,200,5,"Arabic source text extracted from PDF requires visual/source review; value was preserved without correction","Gardiasis جبسد ٌب واي ٍج ٍب"
Drug_Products_Directory_Yemen.pdf,200,6,"Arabic source text extracted from PDF requires visual/source review; value was preserved without correction","انتهبثبد انؼظبو"
Drug_Products_Directory_Yemen.pdf,200,7,"Arabic source text extracted from PDF requires visual/source review; value was preserved without correction","انتهبثبد انؼظبو"
Drug_Products_Directory_Yemen.pdf,201,1,"Arabic source text extracted from PDF requires visual/source review; value was preserved without correction","َضالد انجشد"
Drug_Products_Directory_Yemen.pdf,201,2,"Arabic source text extracted from PDF requires visual/source review; value was preserved without correction","األوجبع"
Drug_Products_Directory_Yemen.pdf,201,3,"Arabic source text extracted from PDF requires visual/source review; value was preserved without correction","األوجبع"
Drug_Products_Directory_Yemen.pdf,201,4,"Arabic source text extracted from PDF requires visual/source review; value was preserved without correction","األيشاض انؼمه ٍخ"
Drug_Products_Directory_Yemen.pdf,201,5,"Arabic source text extracted from PDF requires visual/source review; value was preserved without correction","األيشاض انؼمه ٍخ"
Drug_Products_Directory_Yemen.pdf,201,6,"Arabic source text extracted from PDF requires visual/source review; value was preserved without correction","األيشاض انؼمه ٍخ"
Drug_Products_Directory_Yemen.pdf,201,7,"Arabic source text extracted from PDF requires visual/source review; value was preserved without correction","انهضى"
Drug_Products_Directory_Yemen.pdf,202,1,"Arabic source text extracted from PDF requires visual/source review; value was preserved without correction","انهضى"
Drug_Products_Directory_Yemen.pdf,202,2,"Arabic source text extracted from PDF requires visual/source review; value was preserved without correction","انهضى"
Drug_Products_Directory_Yemen.pdf,202,5,"Arabic source text extracted from PDF requires visual/source review; value was preserved without correction","Disorders اضطشاثبد انجهبص ً انت ُفغ"
Drug_Products_Directory_Yemen.pdf,202,6,"Arabic source text extracted from PDF requires visual/source review; value was preserved without correction","انغغىالد األ َثى ٌخ"
Drug_Products_Directory_Yemen.pdf,202,7,"Arabic source text extracted from PDF requires visual/source review; value was preserved without correction","Analgesic يهذئبد األوجبع وانح ًى"
Drug_Products_Directory_Yemen.pdf,203,4,"Arabic source text extracted from PDF requires visual/source review; value was preserved without correction","Analgesic يهذئبد األوجبع وانح ًى"
Drug_Products_Directory_Yemen.pdf,203,5,"Arabic source text extracted from PDF requires visual/source review; value was preserved without correction","Analgesic يهذئبد األوجبع وانح ًى"
Drug_Products_Directory_Yemen.pdf,203,7,"Arabic source text extracted from PDF requires visual/source review; value was preserved without correction","األنتهبثبد انجذنذ ٌخ"
Drug_Products_Directory_Yemen.pdf,204,3,"Arabic source text extracted from PDF requires visual/source review; value was preserved without correction","األوجبع"
Drug_Products_Directory_Yemen.pdf,204,4,"Arabic source text extracted from PDF requires visual/source review; value was preserved without correction","األوجبع"
Drug_Products_Directory_Yemen.pdf,204,5,"Arabic source text extracted from PDF requires visual/source review; value was preserved without correction","األوجبع"
Drug_Products_Directory_Yemen.pdf,204,6,"Arabic source text extracted from PDF requires visual/source review; value was preserved without correction","األوجبع"
Drug_Products_Directory_Yemen.pdf,204,7,"Arabic source text extracted from PDF requires visual/source review; value was preserved without correction","األوجبع"
Drug_Products_Directory_Yemen.pdf,205,1,"Arabic source text extracted from PDF requires visual/source review; value was preserved without correction","األوجبع"
Drug_Products_Directory_Yemen.pdf,205,2,"Arabic source text extracted from PDF requires visual/source review; value was preserved without correction","األوجبع"
Drug_Products_Directory_Yemen.pdf,205,3,"Arabic source text extracted from PDF requires visual/source review; value was preserved without correction","األوجبع"
Drug_Products_Directory_Yemen.pdf,209,2,"Arabic source text extracted from PDF requires visual/source review; value was preserved without correction","َضالد انجشد"
Drug_Products_Directory_Yemen.pdf,209,3,"Arabic source text extracted from PDF requires visual/source review; value was preserved without correction","َضالد انجشد"
Drug_Products_Directory_Yemen.pdf,209,4,"Arabic source text extracted from PDF requires visual/source review; value was preserved without correction","Infections األصبثبد انجكت ٍش ٌخ"
Drug_Products_Directory_Yemen.pdf,209,5,"Arabic source text extracted from PDF requires visual/source review; value was preserved without correction","Analgesic يهذئبد األوجبع وانح ًى"
Drug_Products_Directory_Yemen.pdf,210,2,"Arabic source text extracted from PDF requires visual/source review; value was preserved without correction","األيغبن"
Drug_Products_Directory_Yemen.pdf,210,3,"Arabic source text extracted from PDF requires visual/source review; value was preserved without correction","Infections األصبثبد انجكت ٍش ٌخ"
Drug_Products_Directory_Yemen.pdf,210,5,"Arabic source text extracted from PDF requires visual/source review; value was preserved without correction","األنتهبثبد انجذنذ ٌخ"
Drug_Products_Directory_Yemen.pdf,210,6,"Arabic source text extracted from PDF requires visual/source review; value was preserved without correction","Infections األصبثبد انجكت ٍش ٌخ"
Drug_Products_Directory_Yemen.pdf,210,7,"Arabic source text extracted from PDF requires visual/source review; value was preserved without correction","Infections األصبثبد انجكت ٍش ٌخ"
Drug_Products_Directory_Yemen.pdf,211,1,"Arabic source text extracted from PDF requires visual/source review; value was preserved without correction","Gardiasis جبسد ٌب واي ٍج ٍب"
Drug_Products_Directory_Yemen.pdf,211,2,"Arabic source text extracted from PDF requires visual/source review; value was preserved without correction","Gardiasis جبسد ٌب واي ٍج ٍب"
Drug_Products_Directory_Yemen.pdf,211,3,"Arabic source text extracted from PDF requires visual/source review; value was preserved without correction","Gardiasis جبسد ٌب واي ٍج ٍب"
Drug_Products_Directory_Yemen.pdf,211,4,"Arabic source text extracted from PDF requires visual/source review; value was preserved without correction","Gardiasis جبسد ٌب واي ٍج ٍب"
Drug_Products_Directory_Yemen.pdf,211,5,"Arabic source text extracted from PDF requires visual/source review; value was preserved without correction","Gardiasis جبسد ٌب واي ٍج ٍب"
Drug_Products_Directory_Yemen.pdf,211,6,"Arabic source text extracted from PDF requires visual/source review; value was preserved without correction","Gardiasis جبسد ٌب واي ٍج ٍب"
Drug_Products_Directory_Yemen.pdf,211,7,"Arabic source text extracted from PDF requires visual/source review; value was preserved without correction","Gardiasis جبسد ٌب واي ٍج ٍب"
Drug_Products_Directory_Yemen.pdf,212,1,"Arabic source text extracted from PDF requires visual/source review; value was preserved without correction","انهضى"
Drug_Products_Directory_Yemen.pdf,212,2,"Arabic source text extracted from PDF requires visual/source review; value was preserved without correction","انهضى"
Drug_Products_Directory_Yemen.pdf,212,3,"Arabic source text extracted from PDF requires visual/source review; value was preserved without correction","Gardiasis جبسد ٌب واي ٍج ٍب"
Drug_Products_Directory_Yemen.pdf,212,4,"Arabic source text extracted from PDF requires visual/source review; value was preserved without correction","Gardiasis جبسد ٌب واي ٍج ٍب"
Drug_Products_Directory_Yemen.pdf,212,5,"Arabic source text extracted from PDF requires visual/source review; value was preserved without correction","Gardiasis جبسد ٌب واي ٍج ٍب"
Drug_Products_Directory_Yemen.pdf,212,6,"Arabic source text extracted from PDF requires visual/source review; value was preserved without correction","Gardiasis جبسد ٌب واي ٍج ٍب"
Drug_Products_Directory_Yemen.pdf,212,7,"Arabic source text extracted from PDF requires visual/source review; value was preserved without correction","Gardiasis جبسد ٌب واي ٍج ٍب"
Drug_Products_Directory_Yemen.pdf,213,1,"Arabic source text extracted from PDF requires visual/source review; value was preserved without correction","Disorders اضطشاثبد انجهبص ً انت ُفغ"
Drug_Products_Directory_Yemen.pdf,213,3,"Arabic source text extracted from PDF requires visual/source review; value was preserved without correction","األوجبع"
Drug_Products_Directory_Yemen.pdf,213,4,"Arabic source text extracted from PDF requires visual/source review; value was preserved without correction","َضالد انجشد"
Drug_Products_Directory_Yemen.pdf,213,5,"Arabic source text extracted from PDF requires visual/source review; value was preserved without correction","األوجبع"
Drug_Products_Directory_Yemen.pdf,213,6,"Arabic source text extracted from PDF requires visual/source review; value was preserved without correction","َضالد انجشد"
Drug_Products_Directory_Yemen.pdf,213,7,"Arabic source text extracted from PDF requires visual/source review; value was preserved without correction","َضالد انجشد"
Drug_Products_Directory_Yemen.pdf,214,1,"Arabic source text extracted from PDF requires visual/source review; value was preserved without correction","vomiting ٌ انغث ٍب وانطشػ"
Drug_Products_Directory_Yemen.pdf,214,4,"Arabic source text extracted from PDF requires visual/source review; value was preserved without correction","Infections األصبثبد انجكت ٍش ٌخ"
Drug_Products_Directory_Yemen.pdf,214,5,"Arabic source text extracted from PDF requires visual/source review; value was preserved without correction","Infections األصبثبد انجكت ٍش ٌخ"
Drug_Products_Directory_Yemen.pdf,214,6,"Arabic source text extracted from PDF requires visual/source review; value was preserved without correction","Infections األصبثبد انجكت ٍش ٌخ"
Drug_Products_Directory_Yemen.pdf,214,7,"Arabic source text extracted from PDF requires visual/source review; value was preserved without correction","األيشاض انؼمه ٍخ"
Drug_Products_Directory_Yemen.pdf,215,1,"Arabic source text extracted from PDF requires visual/source review; value was preserved without correction","َضالد انجشد"
Drug_Products_Directory_Yemen.pdf,215,2,"Arabic source text extracted from PDF requires visual/source review; value was preserved without correction","َضالد انجشد"
Drug_Products_Directory_Yemen.pdf,215,3,"Arabic source text extracted from PDF requires visual/source review; value was preserved without correction","األيشاض انؼمه ٍخ"
Drug_Products_Directory_Yemen.pdf,215,4,"Arabic source text extracted from PDF requires visual/source review; value was preserved without correction","األيشاض انؼمه ٍخ"
Drug_Products_Directory_Yemen.pdf,215,5,"Arabic source text extracted from PDF requires visual/source review; value was preserved without correction","األيشاض انؼمه ٍخ"
Drug_Products_Directory_Yemen.pdf,215,6,"Arabic source text extracted from PDF requires visual/source review; value was preserved without correction","ٌ انشبئؼخ انذ ٌذا"
Drug_Products_Directory_Yemen.pdf,216,1,"Arabic source text extracted from PDF requires visual/source review; value was preserved without correction","األنتهبثبد انجذنذ ٌخ"
Drug_Products_Directory_Yemen.pdf,216,2,"Arabic source text extracted from PDF requires visual/source review; value was preserved without correction","األنتهبثبد انجذنذ ٌخ"
Drug_Products_Directory_Yemen.pdf,216,3,"Arabic source text extracted from PDF requires visual/source review; value was preserved without correction","األنتهبثبد انجذنذ ٌخ"
Drug_Products_Directory_Yemen.pdf,216,4,"Arabic source text extracted from PDF requires visual/source review; value was preserved without correction","األنتهبثبد انجذنذ ٌخ"
Drug_Products_Directory_Yemen.pdf,216,5,"Arabic source text extracted from PDF requires visual/source review; value was preserved without correction","األنتهبثبد انجذنذ ٌخ"
Drug_Products_Directory_Yemen.pdf,216,6,"Arabic source text extracted from PDF requires visual/source review; value was preserved without correction","األنتهبثبد انجذنذ ٌخ"
Drug_Products_Directory_Yemen.pdf,216,7,"Arabic source text extracted from PDF requires visual/source review; value was preserved without correction","األنتهبثبد انجذنذ ٌخ"
Drug_Products_Directory_Yemen.pdf,217,1,"Arabic source text extracted from PDF requires visual/source review; value was preserved without correction","األنتهبثبد انجذنذ ٌخ"
Drug_Products_Directory_Yemen.pdf,217,2,"Arabic source text extracted from PDF requires visual/source review; value was preserved without correction","األنتهبثبد انجذنذ ٌخ"
Drug_Products_Directory_Yemen.pdf,217,3,"Arabic source text extracted from PDF requires visual/source review; value was preserved without correction","األنتهبثبد انجذنذ ٌخ"
Drug_Products_Directory_Yemen.pdf,217,4,"Arabic source text extracted from PDF requires visual/source review; value was preserved without correction","األنتهبثبد انجذنذ ٌخ"
Drug_Products_Directory_Yemen.pdf,217,5,"Arabic source text extracted from PDF requires visual/source review; value was preserved without correction","األنتهبثبد انجذنذ ٌخ"
Drug_Products_Directory_Yemen.pdf,217,6,"Arabic source text extracted from PDF requires visual/source review; value was preserved without correction","األيشاض انؼمه ٍخ"
Drug_Products_Directory_Yemen.pdf,217,7,"Arabic source text extracted from PDF requires visual/source review; value was preserved without correction","األيشاض انؼمه ٍخ"
Drug_Products_Directory_Yemen.pdf,218,1,"Arabic source text extracted from PDF requires visual/source review; value was preserved without correction","َضالد انجشد"
Drug_Products_Directory_Yemen.pdf,218,2,"Arabic source text extracted from PDF requires visual/source review; value was preserved without correction","َضالد انجشد"
Drug_Products_Directory_Yemen.pdf,218,3,"Arabic source text extracted from PDF requires visual/source review; value was preserved without correction","Disorders اضطشاثبد انجهبص ً انت ُفغ"
Drug_Products_Directory_Yemen.pdf,218,4,"Arabic source text extracted from PDF requires visual/source review; value was preserved without correction","األنتهبثبد انجذنذ ٌخ"
Drug_Products_Directory_Yemen.pdf,218,5,"Arabic source text extracted from PDF requires visual/source review; value was preserved without correction","َضالد انجشد"
Drug_Products_Directory_Yemen.pdf,218,6,"Arabic source text extracted from PDF requires visual/source review; value was preserved without correction","َضالد انجشد"
Drug_Products_Directory_Yemen.pdf,219,2,"Arabic source text extracted from PDF requires visual/source review; value was preserved without correction","َضالد انجشد"
Drug_Products_Directory_Yemen.pdf,219,3,"Arabic source text extracted from PDF requires visual/source review; value was preserved without correction","األيشاض انؼمه ٍخ"
Drug_Products_Directory_Yemen.pdf,219,4,"Arabic source text extracted from PDF requires visual/source review; value was preserved without correction","Analgesic يهذئبد األوجبع وانح ًى"
Drug_Products_Directory_Yemen.pdf,219,5,"Arabic source text extracted from PDF requires visual/source review; value was preserved without correction","َضالد انجشد"
Drug_Products_Directory_Yemen.pdf,219,6,"Arabic source text extracted from PDF requires visual/source review; value was preserved without correction","األيشاض انؼمه ٍخ"
Drug_Products_Directory_Yemen.pdf,221,2,"Arabic source text extracted from PDF requires visual/source review; value was preserved without correction","Deficiency َمص ف ٍتبي ٍُبد"
Drug_Products_Directory_Yemen.pdf,221,5,"Arabic source text extracted from PDF requires visual/source review; value was preserved without correction","Deficiency َمص ف ٍتبي ٍُبد"
Drug_Products_Directory_Yemen.pdf,221,6,"Arabic source text extracted from PDF requires visual/source review; value was preserved without correction","Asthma انشثى ً انشؼج"
Drug_Products_Directory_Yemen.pdf,221,7,"Arabic source text extracted from PDF requires visual/source review; value was preserved without correction","Asthma انشثى ً انشؼج"
Drug_Products_Directory_Yemen.pdf,222,1,"Arabic source text extracted from PDF requires visual/source review; value was preserved without correction","Asthma انشثى ً انشؼج"
Drug_Products_Directory_Yemen.pdf,222,2,"Arabic source text extracted from PDF requires visual/source review; value was preserved without correction","Infections األصبثبد انجكت ٍش ٌخ"
Drug_Products_Directory_Yemen.pdf,222,3,"Arabic source text extracted from PDF requires visual/source review; value was preserved without correction","األنتهبثبد انجذنذ ٌخ"
Drug_Products_Directory_Yemen.pdf,222,6,"Arabic source text extracted from PDF requires visual/source review; value was preserved without correction","Infections األصبثبد انجكت ٍش ٌخ"
Drug_Products_Directory_Yemen.pdf,222,7,"Arabic source text extracted from PDF requires visual/source review; value was preserved without correction","Infections األصبثبد انجكت ٍش ٌخ"
Drug_Products_Directory_Yemen.pdf,223,1,"Arabic source text extracted from PDF requires visual/source review; value was preserved without correction","Infections األصبثبد انجكت ٍش ٌخ"
Drug_Products_Directory_Yemen.pdf,223,2,"Arabic source text extracted from PDF requires visual/source review; value was preserved without correction","استفبع ضغظ انذو"
Drug_Products_Directory_Yemen.pdf,223,7,"Arabic source text extracted from PDF requires visual/source review; value was preserved without correction","انتهبثبد انؼظبو"
Drug_Products_Directory_Yemen.pdf,224,1,"Arabic source text extracted from PDF requires visual/source review; value was preserved without correction","َضالد انجشد"
Drug_Products_Directory_Yemen.pdf,224,2,"Arabic source text extracted from PDF requires visual/source review; value was preserved without correction","َضالد انجشد"
Drug_Products_Directory_Yemen.pdf,224,3,"Arabic source text extracted from PDF requires visual/source review; value was preserved without correction","Disorders اضطشاثبد انجهبص ً انت ُفغ"
Drug_Products_Directory_Yemen.pdf,224,4,"Arabic source text extracted from PDF requires visual/source review; value was preserved without correction","Disorders اضطشاثبد انجهبص ً انت ُفغ"
Drug_Products_Directory_Yemen.pdf,224,5,"Arabic source text extracted from PDF requires visual/source review; value was preserved without correction","انهضى"
Drug_Products_Directory_Yemen.pdf,224,6,"Arabic source text extracted from PDF requires visual/source review; value was preserved without correction","األنتهبثبد انجذنذ ٌخ"
Drug_Products_Directory_Yemen.pdf,224,7,"Arabic source text extracted from PDF requires visual/source review; value was preserved without correction","األنتهبثبد انجذنذ ٌخ"
Drug_Products_Directory_Yemen.pdf,225,1,"Arabic source text extracted from PDF requires visual/source review; value was preserved without correction","األنتهبثبد انجذنذ ٌخ"
Drug_Products_Directory_Yemen.pdf,225,2,"Arabic source text extracted from PDF requires visual/source review; value was preserved without correction","األنتهبثبد انجذنذ ٌخ"
Drug_Products_Directory_Yemen.pdf,225,3,"Arabic source text extracted from PDF requires visual/source review; value was preserved without correction","األنتهبثبد انجذنذ ٌخ"
Drug_Products_Directory_Yemen.pdf,225,6,"Arabic source text extracted from PDF requires visual/source review; value was preserved without correction","األنتهبثبد انجذنذ ٌخ"
Drug_Products_Directory_Yemen.pdf,225,7,"Arabic source text extracted from PDF requires visual/source review; value was preserved without correction","األنتهبثبد انجذنذ ٌخ"
Drug_Products_Directory_Yemen.pdf,226,1,"Arabic source text extracted from PDF requires visual/source review; value was preserved without correction","األنتهبثبد انجذنذ ٌخ"
Drug_Products_Directory_Yemen.pdf,226,2,"Arabic source text extracted from PDF requires visual/source review; value was preserved without correction","األنتهبثبد انجذنذ ٌخ"
Drug_Products_Directory_Yemen.pdf,226,3,"Arabic source text extracted from PDF requires visual/source review; value was preserved without correction","Gardiasis جبسد ٌب واي ٍج ٍب"
Drug_Products_Directory_Yemen.pdf,226,4,"Arabic source text extracted from PDF requires visual/source review; value was preserved without correction","Gardiasis جبسد ٌب واي ٍج ٍب"
Drug_Products_Directory_Yemen.pdf,226,5,"Arabic source text extracted from PDF requires visual/source review; value was preserved without correction","األنتهبثبد انجذنذ ٌخ"
Drug_Products_Directory_Yemen.pdf,226,6,"Arabic source text extracted from PDF requires visual/source review; value was preserved without correction","Gardiasis جبسد ٌب واي ٍج ٍب"
Drug_Products_Directory_Yemen.pdf,226,7,"Arabic source text extracted from PDF requires visual/source review; value was preserved without correction","Gardiasis جبسد ٌب واي ٍج ٍب"
Drug_Products_Directory_Yemen.pdf,227,2,"Arabic source text extracted from PDF requires visual/source review; value was preserved without correction","األنتهبثبد انجذنذ ٌخ"
Drug_Products_Directory_Yemen.pdf,227,3,"Arabic source text extracted from PDF requires visual/source review; value was preserved without correction","األنتهبثبد انجذنذ ٌخ"
Drug_Products_Directory_Yemen.pdf,227,4,"Arabic source text extracted from PDF requires visual/source review; value was preserved without correction","األنتهبثبد انجذنذ ٌخ"
Drug_Products_Directory_Yemen.pdf,227,5,"Arabic source text extracted from PDF requires visual/source review; value was preserved without correction","استفبع ضغظ انذو"
Drug_Products_Directory_Yemen.pdf,227,6,"Arabic source text extracted from PDF requires visual/source review; value was preserved without correction","األنتهبثبد انجذنذ ٌخ"
Drug_Products_Directory_Yemen.pdf,227,7,"Arabic source text extracted from PDF requires visual/source review; value was preserved without correction","األيغبن"
Drug_Products_Directory_Yemen.pdf,228,1,"Arabic source text extracted from PDF requires visual/source review; value was preserved without correction","األيغبن"
Drug_Products_Directory_Yemen.pdf,228,2,"Arabic source text extracted from PDF requires visual/source review; value was preserved without correction","األيغبن"
Drug_Products_Directory_Yemen.pdf,229,3,"Arabic source text extracted from PDF requires visual/source review; value was preserved without correction","أيشاض انغكشي"
Drug_Products_Directory_Yemen.pdf,229,5,"Arabic source text extracted from PDF requires visual/source review; value was preserved without correction","ان ًؼذح"
Drug_Products_Directory_Yemen.pdf,229,6,"Arabic source text extracted from PDF requires visual/source review; value was preserved without correction","انهضى"
Drug_Products_Directory_Yemen.pdf,229,7,"Arabic source text extracted from PDF requires visual/source review; value was preserved without correction","ان ًؼذح"
Drug_Products_Directory_Yemen.pdf,230,1,"Arabic source text extracted from PDF requires visual/source review; value was preserved without correction","Spasm ٍ آالو انجط"
Drug_Products_Directory_Yemen.pdf,230,2,"Arabic source text extracted from PDF requires visual/source review; value was preserved without correction","Spasm ٍ آالو انجط"
Drug_Products_Directory_Yemen.pdf,230,3,"Arabic source text extracted from PDF requires visual/source review; value was preserved without correction","ان ًؼذح"
Drug_Products_Directory_Yemen.pdf,230,4,"Arabic source text extracted from PDF requires visual/source review; value was preserved without correction","ان ًؼذح"
Drug_Products_Directory_Yemen.pdf,230,5,"Arabic source text extracted from PDF requires visual/source review; value was preserved without correction","ان ًؼذح"
Drug_Products_Directory_Yemen.pdf,231,1,"Arabic source text extracted from PDF requires visual/source review; value was preserved without correction","انهضى"
Drug_Products_Directory_Yemen.pdf,231,2,"Arabic source text extracted from PDF requires visual/source review; value was preserved without correction","انهضى"
Drug_Products_Directory_Yemen.pdf,231,3,"Arabic source text extracted from PDF requires visual/source review; value was preserved without correction","انهضى"
Drug_Products_Directory_Yemen.pdf,231,4,"Arabic source text extracted from PDF requires visual/source review; value was preserved without correction","َضالد انجشد"
Drug_Products_Directory_Yemen.pdf,231,5,"Arabic source text extracted from PDF requires visual/source review; value was preserved without correction","األوجبع"
Drug_Products_Directory_Yemen.pdf,231,6,"Arabic source text extracted from PDF requires visual/source review; value was preserved without correction","Analgesic يهذئبد األوجبع وانح ًى"
Drug_Products_Directory_Yemen.pdf,231,7,"Arabic source text extracted from PDF requires visual/source review; value was preserved without correction","األوجبع"
Drug_Products_Directory_Yemen.pdf,232,2,"Arabic source text extracted from PDF requires visual/source review; value was preserved without correction","Infections ًٍكشوث ٍخ األصبثبد ان انخط ٍشح"
Drug_Products_Directory_Yemen.pdf,232,3,"Arabic source text extracted from PDF requires visual/source review; value was preserved without correction","األنتهبثبد انجذنذ ٌخ"
Drug_Products_Directory_Yemen.pdf,232,5,"Arabic source text extracted from PDF requires visual/source review; value was preserved without correction","Infections ًٍكشوث ٍخ األصبثبد ان انخط ٍشح"
Drug_Products_Directory_Yemen.pdf,232,6,"Arabic source text extracted from PDF requires visual/source review; value was preserved without correction","Infections ًٍكشوث ٍخ األصبثبد ان انخط ٍشح"
Drug_Products_Directory_Yemen.pdf,232,7,"Arabic source text extracted from PDF requires visual/source review; value was preserved without correction","Infections ًٍكشوث ٍخ األصبثبد ان انخط ٍشح"
Drug_Products_Directory_Yemen.pdf,233,1,"Arabic source text extracted from PDF requires visual/source review; value was preserved without correction","Infections ًٍكشوث ٍخ األصبثبد ان انخط ٍشح"
Drug_Products_Directory_Yemen.pdf,233,2,"Arabic source text extracted from PDF requires visual/source review; value was preserved without correction","Infections ًٍكشوث ٍخ األصبثبد ان انخط ٍشح"
Drug_Products_Directory_Yemen.pdf,233,3,"Arabic source text extracted from PDF requires visual/source review; value was preserved without correction","Infections ًٍكشوث ٍخ األصبثبد ان انخط ٍشح"
Drug_Products_Directory_Yemen.pdf,233,4,"Arabic source text extracted from PDF requires visual/source review; value was preserved without correction","Infections ًٍكشوث ٍخ األصبثبد ان انخط ٍشح"
Drug_Products_Directory_Yemen.pdf,233,5,"Arabic source text extracted from PDF requires visual/source review; value was preserved without correction","Infections ًٍكشوث ٍخ األصبثبد ان انخط ٍشح"
Drug_Products_Directory_Yemen.pdf,233,6,"Arabic source text extracted from PDF requires visual/source review; value was preserved without correction","Infections ًٍكشوث ٍخ األصبثبد ان انخط ٍشح"
Drug_Products_Directory_Yemen.pdf,233,7,"Arabic source text extracted from PDF requires visual/source review; value was preserved without correction","Infections ًٍكشوث ٍخ األصبثبد ان انخط ٍشح"
Drug_Products_Directory_Yemen.pdf,234,2,"Arabic source text extracted from PDF requires visual/source review; value was preserved without correction","Infections ًٍكشوث ٍخ األصبثبد ان انخط ٍشح"
Drug_Products_Directory_Yemen.pdf,234,3,"Arabic source text extracted from PDF requires visual/source review; value was preserved without correction","Deficiency َمص ف ٍتبي ٍُبد"
Drug_Products_Directory_Yemen.pdf,234,4,"Arabic source text extracted from PDF requires visual/source review; value was preserved without correction","األوجبع"
Drug_Products_Directory_Yemen.pdf,234,5,"Arabic source text extracted from PDF requires visual/source review; value was preserved without correction","ا َمطبع انط ًث"
Drug_Products_Directory_Yemen.pdf,234,7,"Arabic source text extracted from PDF requires visual/source review; value was preserved without correction","Deficiency َمص ف ٍتبي ٍُبد"
Drug_Products_Directory_Yemen.pdf,235,1,"Arabic source text extracted from PDF requires visual/source review; value was preserved without correction","Deficiency َمص ف ٍتبي ٍُبد"
Drug_Products_Directory_Yemen.pdf,235,2,"Arabic source text extracted from PDF requires visual/source review; value was preserved without correction","Deficiency َمص ف ٍتبي ٍُبد"
Drug_Products_Directory_Yemen.pdf,235,3,"Arabic source text extracted from PDF requires visual/source review; value was preserved without correction","أيشاض انغكشي"
Drug_Products_Directory_Yemen.pdf,235,6,"Arabic source text extracted from PDF requires visual/source review; value was preserved without correction","ان ًؼذح"
Drug_Products_Directory_Yemen.pdf,235,7,"Arabic source text extracted from PDF requires visual/source review; value was preserved without correction","أيشاض انغكشي"
Drug_Products_Directory_Yemen.pdf,236,1,"Arabic source text extracted from PDF requires visual/source review; value was preserved without correction","أيشاض انغكشي"
Drug_Products_Directory_Yemen.pdf,236,2,"Arabic source text extracted from PDF requires visual/source review; value was preserved without correction","أيشاض انغكشي"
Drug_Products_Directory_Yemen.pdf,236,3,"Arabic source text extracted from PDF requires visual/source review; value was preserved without correction","أيشاض انغكشي"
Drug_Products_Directory_Yemen.pdf,236,4,"Arabic source text extracted from PDF requires visual/source review; value was preserved without correction","أيشاض انغكشي"
Drug_Products_Directory_Yemen.pdf,236,5,"Arabic source text extracted from PDF requires visual/source review; value was preserved without correction","أيشاض انغكشي"
Drug_Products_Directory_Yemen.pdf,236,6,"Arabic source text extracted from PDF requires visual/source review; value was preserved without correction","أيشاض انغكشي"
Drug_Products_Directory_Yemen.pdf,236,7,"Arabic source text extracted from PDF requires visual/source review; value was preserved without correction","أيشاض انغكشي"
Drug_Products_Directory_Yemen.pdf,237,1,"Arabic source text extracted from PDF requires visual/source review; value was preserved without correction","أيشاض انغكشي"
Drug_Products_Directory_Yemen.pdf,237,2,"Arabic source text extracted from PDF requires visual/source review; value was preserved without correction","أيشاض انغكشي"
Drug_Products_Directory_Yemen.pdf,237,3,"Arabic source text extracted from PDF requires visual/source review; value was preserved without correction","أيشاض انغكشي"
Drug_Products_Directory_Yemen.pdf,237,4,"Arabic source text extracted from PDF requires visual/source review; value was preserved without correction","أيشاض انغكشي"
Drug_Products_Directory_Yemen.pdf,237,5,"Arabic source text extracted from PDF requires visual/source review; value was preserved without correction","أيشاض انغكشي"
Drug_Products_Directory_Yemen.pdf,237,6,"Arabic source text extracted from PDF requires visual/source review; value was preserved without correction","أيشاض انغكشي"
Drug_Products_Directory_Yemen.pdf,237,7,"Arabic source text extracted from PDF requires visual/source review; value was preserved without correction","أيشاض انغكشي"
Drug_Products_Directory_Yemen.pdf,238,1,"Arabic source text extracted from PDF requires visual/source review; value was preserved without correction","أيشاض انغكشي"
Drug_Products_Directory_Yemen.pdf,238,2,"Arabic source text extracted from PDF requires visual/source review; value was preserved without correction","أيشاض انغكشي"
Drug_Products_Directory_Yemen.pdf,238,3,"Arabic source text extracted from PDF requires visual/source review; value was preserved without correction","أيشاض انغكشي"
Drug_Products_Directory_Yemen.pdf,238,4,"Arabic source text extracted from PDF requires visual/source review; value was preserved without correction","أيشاض انغكشي"
Drug_Products_Directory_Yemen.pdf,238,5,"Arabic source text extracted from PDF requires visual/source review; value was preserved without correction","أيشاض انغكشي"
Drug_Products_Directory_Yemen.pdf,238,6,"Arabic source text extracted from PDF requires visual/source review; value was preserved without correction","أيشاض انغكشي"
Drug_Products_Directory_Yemen.pdf,238,7,"Arabic source text extracted from PDF requires visual/source review; value was preserved without correction","أيشاض انغكشي"
Drug_Products_Directory_Yemen.pdf,239,1,"Arabic source text extracted from PDF requires visual/source review; value was preserved without correction","أيشاض انغكشي"
Drug_Products_Directory_Yemen.pdf,239,2,"Arabic source text extracted from PDF requires visual/source review; value was preserved without correction","أيشاض انغكشي"
Drug_Products_Directory_Yemen.pdf,239,3,"Arabic source text extracted from PDF requires visual/source review; value was preserved without correction","أيشاض انغكشي"
Drug_Products_Directory_Yemen.pdf,239,4,"Arabic source text extracted from PDF requires visual/source review; value was preserved without correction","أيشاض انغكشي"
Drug_Products_Directory_Yemen.pdf,239,5,"Arabic source text extracted from PDF requires visual/source review; value was preserved without correction","أيشاض انغكشي"
Drug_Products_Directory_Yemen.pdf,239,6,"Arabic source text extracted from PDF requires visual/source review; value was preserved without correction","أيشاض انغكشي"
Drug_Products_Directory_Yemen.pdf,239,7,"Arabic source text extracted from PDF requires visual/source review; value was preserved without correction","أيشاض انغكشي"
Drug_Products_Directory_Yemen.pdf,240,1,"Arabic source text extracted from PDF requires visual/source review; value was preserved without correction","أيشاض انغكشي"
Drug_Products_Directory_Yemen.pdf,240,2,"Arabic source text extracted from PDF requires visual/source review; value was preserved without correction","أيشاض انغكشي"
Drug_Products_Directory_Yemen.pdf,240,3,"Arabic source text extracted from PDF requires visual/source review; value was preserved without correction","أيشاض انغكشي"
Drug_Products_Directory_Yemen.pdf,240,4,"Arabic source text extracted from PDF requires visual/source review; value was preserved without correction","أيشاض انغكشي"
Drug_Products_Directory_Yemen.pdf,240,5,"Arabic source text extracted from PDF requires visual/source review; value was preserved without correction","أيشاض انغكشي"
Drug_Products_Directory_Yemen.pdf,240,6,"Arabic source text extracted from PDF requires visual/source review; value was preserved without correction","أيشاض انغكشي"
Drug_Products_Directory_Yemen.pdf,240,7,"Arabic source text extracted from PDF requires visual/source review; value was preserved without correction","األيشاض انؼمه ٍخ"
Drug_Products_Directory_Yemen.pdf,242,1,"Arabic source text extracted from PDF requires visual/source review; value was preserved without correction","أيشاض انغكشي"
Drug_Products_Directory_Yemen.pdf,242,2,"Arabic source text extracted from PDF requires visual/source review; value was preserved without correction","أيشاض انغكشي"
Drug_Products_Directory_Yemen.pdf,242,3,"Arabic source text extracted from PDF requires visual/source review; value was preserved without correction","أيشاض انغكشي"
Drug_Products_Directory_Yemen.pdf,242,4,"Arabic source text extracted from PDF requires visual/source review; value was preserved without correction","Infections األصبثبد انجكت ٍش ٌخ"
Drug_Products_Directory_Yemen.pdf,242,5,"Arabic source text extracted from PDF requires visual/source review; value was preserved without correction","استفبع ضغظ انذو"
Drug_Products_Directory_Yemen.pdf,242,6,"Arabic source text extracted from PDF requires visual/source review; value was preserved without correction","ان ًؼذح"
Drug_Products_Directory_Yemen.pdf,242,7,"Arabic source text extracted from PDF requires visual/source review; value was preserved without correction","Infections األصبثبد انجكت ٍش ٌخ"
Drug_Products_Directory_Yemen.pdf,243,1,"Arabic source text extracted from PDF requires visual/source review; value was preserved without correction","Infections األصبثبد انجكت ٍش ٌخ"
Drug_Products_Directory_Yemen.pdf,243,4,"Arabic source text extracted from PDF requires visual/source review; value was preserved without correction","Deficiency َمص ف ٍتبي ٍُبد"
Drug_Products_Directory_Yemen.pdf,243,5,"Arabic source text extracted from PDF requires visual/source review; value was preserved without correction","Deficiency َمص ف ٍتبي ٍُبد"
Drug_Products_Directory_Yemen.pdf,243,6,"Arabic source text extracted from PDF requires visual/source review; value was preserved without correction","Deficiency َمص ف ٍتبي ٍُبد"
Drug_Products_Directory_Yemen.pdf,243,7,"Arabic source text extracted from PDF requires visual/source review; value was preserved without correction","انتهبثبد انؼظبو"
Drug_Products_Directory_Yemen.pdf,244,2,"Arabic source text extracted from PDF requires visual/source review; value was preserved without correction","أيشاض انغكشي"
Drug_Products_Directory_Yemen.pdf,244,3,"Arabic source text extracted from PDF requires visual/source review; value was preserved without correction","أيشاض انغكشي"
Drug_Products_Directory_Yemen.pdf,244,5,"Arabic source text extracted from PDF requires visual/source review; value was preserved without correction","أيشاض انغكشي"
Drug_Products_Directory_Yemen.pdf,244,6,"Arabic source text extracted from PDF requires visual/source review; value was preserved without correction","أيشاض انغكشي"
Drug_Products_Directory_Yemen.pdf,244,7,"Arabic source text extracted from PDF requires visual/source review; value was preserved without correction","أيشاض انغكشي"
Drug_Products_Directory_Yemen.pdf,245,1,"Arabic source text extracted from PDF requires visual/source review; value was preserved without correction","أيشاض انغكشي"
Drug_Products_Directory_Yemen.pdf,245,2,"Arabic source text extracted from PDF requires visual/source review; value was preserved without correction","أيشاض انغكشي"
Drug_Products_Directory_Yemen.pdf,245,3,"Arabic source text extracted from PDF requires visual/source review; value was preserved without correction","أيشاض انغكشي"
Drug_Products_Directory_Yemen.pdf,245,4,"Arabic source text extracted from PDF requires visual/source review; value was preserved without correction","أيشاض انغكشي"
Drug_Products_Directory_Yemen.pdf,245,5,"Arabic source text extracted from PDF requires visual/source review; value was preserved without correction","أيشاض انغكشي"
Drug_Products_Directory_Yemen.pdf,245,6,"Arabic source text extracted from PDF requires visual/source review; value was preserved without correction","أيشاض انغكشي"
Drug_Products_Directory_Yemen.pdf,245,7,"Arabic source text extracted from PDF requires visual/source review; value was preserved without correction","أيشاض انغكشي"
Drug_Products_Directory_Yemen.pdf,246,1,"Arabic source text extracted from PDF requires visual/source review; value was preserved without correction","أيشاض انغكشي"
Drug_Products_Directory_Yemen.pdf,246,2,"Arabic source text extracted from PDF requires visual/source review; value was preserved without correction","أيشاض انغكشي"
Drug_Products_Directory_Yemen.pdf,246,3,"Arabic source text extracted from PDF requires visual/source review; value was preserved without correction","انتهبثبد انؼظبو"
Drug_Products_Directory_Yemen.pdf,246,4,"Arabic source text extracted from PDF requires visual/source review; value was preserved without correction","أيشاض انغكشي"
Drug_Products_Directory_Yemen.pdf,246,5,"Arabic source text extracted from PDF requires visual/source review; value was preserved without correction","انتهبثبد انؼظبو"
Drug_Products_Directory_Yemen.pdf,246,6,"Arabic source text extracted from PDF requires visual/source review; value was preserved without correction","انتهبثبد انؼظبو"
Drug_Products_Directory_Yemen.pdf,246,7,"Arabic source text extracted from PDF requires visual/source review; value was preserved without correction","انتهبثبد انؼظبو"
Drug_Products_Directory_Yemen.pdf,247,1,"Arabic source text extracted from PDF requires visual/source review; value was preserved without correction","انتهبثبد انؼظبو"
Drug_Products_Directory_Yemen.pdf,247,2,"Arabic source text extracted from PDF requires visual/source review; value was preserved without correction","انتهبثبد انؼظبو"
Drug_Products_Directory_Yemen.pdf,247,3,"Arabic source text extracted from PDF requires visual/source review; value was preserved without correction","انتهبثبد انؼظبو"
Drug_Products_Directory_Yemen.pdf,247,4,"Arabic source text extracted from PDF requires visual/source review; value was preserved without correction","أيشاض انغكشي"
Drug_Products_Directory_Yemen.pdf,247,5,"Arabic source text extracted from PDF requires visual/source review; value was preserved without correction","أيشاض انغكشي"
Drug_Products_Directory_Yemen.pdf,247,6,"Arabic source text extracted from PDF requires visual/source review; value was preserved without correction","انتهبثبد انؼظبو"
Drug_Products_Directory_Yemen.pdf,248,1,"Arabic source text extracted from PDF requires visual/source review; value was preserved without correction","انؼبيخ"
Drug_Products_Directory_Yemen.pdf,248,2,"Arabic source text extracted from PDF requires visual/source review; value was preserved without correction","األيغبن"
Drug_Products_Directory_Yemen.pdf,248,3,"Arabic source text extracted from PDF requires visual/source review; value was preserved without correction","انؼبيخ"
Drug_Products_Directory_Yemen.pdf,248,4,"Arabic source text extracted from PDF requires visual/source review; value was preserved without correction","انؼبيخ"
Drug_Products_Directory_Yemen.pdf,248,5,"Arabic source text extracted from PDF requires visual/source review; value was preserved without correction","األيغبن"
Drug_Products_Directory_Yemen.pdf,248,6,"Arabic source text extracted from PDF requires visual/source review; value was preserved without correction","األيغبن"
Drug_Products_Directory_Yemen.pdf,248,7,"Arabic source text extracted from PDF requires visual/source review; value was preserved without correction","أيشاض انغكشي"
Drug_Products_Directory_Yemen.pdf,249,7,"Arabic source text extracted from PDF requires visual/source review; value was preserved without correction","األوجبع"
Drug_Products_Directory_Yemen.pdf,250,1,"Arabic source text extracted from PDF requires visual/source review; value was preserved without correction","ي ُشطبد ج ُغ ٍخ"
Drug_Products_Directory_Yemen.pdf,250,2,"Arabic source text extracted from PDF requires visual/source review; value was preserved without correction","supplementation ًٍه ٍخ تغز ٌخ تك"
Drug_Products_Directory_Yemen.pdf,250,3,"Arabic source text extracted from PDF requires visual/source review; value was preserved without correction","Deficiency َمص ف ٍتبي ٍُبد"
Drug_Products_Directory_Yemen.pdf,250,4,"Arabic source text extracted from PDF requires visual/source review; value was preserved without correction","Deficiency َمص ف ٍتبي ٍُبد"
Drug_Products_Directory_Yemen.pdf,250,7,"Arabic source text extracted from PDF requires visual/source review; value was preserved without correction","Deficiency َمص ف ٍتبي ٍُبد"
Drug_Products_Directory_Yemen.pdf,251,1,"Arabic source text extracted from PDF requires visual/source review; value was preserved without correction","Deficiency َمص ف ٍتبي ٍُبد"
Drug_Products_Directory_Yemen.pdf,251,2,"Arabic source text extracted from PDF requires visual/source review; value was preserved without correction","Spasm ٍ آالو انجط"
Drug_Products_Directory_Yemen.pdf,251,3,"Arabic source text extracted from PDF requires visual/source review; value was preserved without correction","Spasm ٍ آالو انجط"
Drug_Products_Directory_Yemen.pdf,251,4,"Arabic source text extracted from PDF requires visual/source review; value was preserved without correction","األصبثبد انفطش ٌخ"
Drug_Products_Directory_Yemen.pdf,251,5,"Arabic source text extracted from PDF requires visual/source review; value was preserved without correction","األصبثبد انفطش ٌخ"
Drug_Products_Directory_Yemen.pdf,251,6,"Arabic source text extracted from PDF requires visual/source review; value was preserved without correction","األصبثبد انفطش ٌخ"
Drug_Products_Directory_Yemen.pdf,251,7,"Arabic source text extracted from PDF requires visual/source review; value was preserved without correction","األصبثبد انفطش ٌخ"
Drug_Products_Directory_Yemen.pdf,252,1,"Arabic source text extracted from PDF requires visual/source review; value was preserved without correction","َضالد انجشد"
Drug_Products_Directory_Yemen.pdf,252,2,"Arabic source text extracted from PDF requires visual/source review; value was preserved without correction","َضالد انجشد"
Drug_Products_Directory_Yemen.pdf,252,3,"Arabic source text extracted from PDF requires visual/source review; value was preserved without correction","َضالد انجشد"
Drug_Products_Directory_Yemen.pdf,252,4,"Arabic source text extracted from PDF requires visual/source review; value was preserved without correction","َضالد انجشد"
Drug_Products_Directory_Yemen.pdf,252,5,"Arabic source text extracted from PDF requires visual/source review; value was preserved without correction","َضالد انجشد"
Drug_Products_Directory_Yemen.pdf,252,6,"Arabic source text extracted from PDF requires visual/source review; value was preserved without correction","َضالد انجشد"
Drug_Products_Directory_Yemen.pdf,252,7,"Arabic source text extracted from PDF requires visual/source review; value was preserved without correction","األنتهبثبد"
Drug_Products_Directory_Yemen.pdf,253,1,"Arabic source text extracted from PDF requires visual/source review; value was preserved without correction","األنتهبثبد"
Drug_Products_Directory_Yemen.pdf,253,2,"Arabic source text extracted from PDF requires visual/source review; value was preserved without correction","يىا َغ انح ًم"
Drug_Products_Directory_Yemen.pdf,253,3,"Arabic source text extracted from PDF requires visual/source review; value was preserved without correction","يىا َغ انح ًم"
Drug_Products_Directory_Yemen.pdf,253,4,"Arabic source text extracted from PDF requires visual/source review; value was preserved without correction","األنتهبثبد انجذنذ ٌخ"
Drug_Products_Directory_Yemen.pdf,255,3,"Arabic source text extracted from PDF requires visual/source review; value was preserved without correction","Deficiency َمص ف ٍتبي ٍُبد"
Drug_Products_Directory_Yemen.pdf,255,4,"Arabic source text extracted from PDF requires visual/source review; value was preserved without correction","Deficiency َمص ف ٍتبي ٍُبد"
Drug_Products_Directory_Yemen.pdf,256,2,"Arabic source text extracted from PDF requires visual/source review; value was preserved without correction","Deficiency َمص ف ٍتبي ٍُبد"
Drug_Products_Directory_Yemen.pdf,256,3,"Arabic source text extracted from PDF requires visual/source review; value was preserved without correction","األيشاض انؼمه ٍخ"
Drug_Products_Directory_Yemen.pdf,256,4,"Arabic source text extracted from PDF requires visual/source review; value was preserved without correction","األيشاض انؼمه ٍخ"
Drug_Products_Directory_Yemen.pdf,256,7,"Arabic source text extracted from PDF requires visual/source review; value was preserved without correction","General انتخذ ٌش انؼبو"
Drug_Products_Directory_Yemen.pdf,257,1,"Arabic source text extracted from PDF requires visual/source review; value was preserved without correction","Infections األصبثبد انجكت ٍش ٌخ"
Drug_Products_Directory_Yemen.pdf,257,2,"Arabic source text extracted from PDF requires visual/source review; value was preserved without correction","ان ًؼذح"
Drug_Products_Directory_Yemen.pdf,257,3,"Arabic source text extracted from PDF requires visual/source review; value was preserved without correction","Infections األصبثبد انجكت ٍش ٌخ"
Drug_Products_Directory_Yemen.pdf,257,5,"Arabic source text extracted from PDF requires visual/source review; value was preserved without correction","ٌ انشبئؼخ انذ ٌذا"
Drug_Products_Directory_Yemen.pdf,257,6,"Arabic source text extracted from PDF requires visual/source review; value was preserved without correction","األيشاض انؼمه ٍخ"
Drug_Products_Directory_Yemen.pdf,257,7,"Arabic source text extracted from PDF requires visual/source review; value was preserved without correction","انتهبثبد انؼظبو"
Drug_Products_Directory_Yemen.pdf,258,3,"Arabic source text extracted from PDF requires visual/source review; value was preserved without correction","انجىاع ٍش"
Drug_Products_Directory_Yemen.pdf,258,4,"Arabic source text extracted from PDF requires visual/source review; value was preserved without correction","Deficiency َمص ف ٍتبي ٍُبد"
Drug_Products_Directory_Yemen.pdf,258,5,"Arabic source text extracted from PDF requires visual/source review; value was preserved without correction","Deficiency َمص ف ٍتبي ٍُبد"
Drug_Products_Directory_Yemen.pdf,258,6,"Arabic source text extracted from PDF requires visual/source review; value was preserved without correction","األنتهبثبد انجذنذ ٌخ"
Drug_Products_Directory_Yemen.pdf,258,7,"Arabic source text extracted from PDF requires visual/source review; value was preserved without correction","ان ُتىء انصغ ٍشح"
Drug_Products_Directory_Yemen.pdf,259,1,"Arabic source text extracted from PDF requires visual/source review; value was preserved without correction","ان ًؼذح"
Drug_Products_Directory_Yemen.pdf,259,4,"Arabic source text extracted from PDF requires visual/source review; value was preserved without correction","ان ُض ٌف"
Drug_Products_Directory_Yemen.pdf,259,5,"Arabic source text extracted from PDF requires visual/source review; value was preserved without correction","ان ُض ٌف"
Drug_Products_Directory_Yemen.pdf,259,6,"Arabic source text extracted from PDF requires visual/source review; value was preserved without correction","Disorders اضطشاثبد انكجذ"
Drug_Products_Directory_Yemen.pdf,259,7,"Arabic source text extracted from PDF requires visual/source review; value was preserved without correction","Disorders اضطشاثبد انكجذ"
Drug_Products_Directory_Yemen.pdf,260,1,"Arabic source text extracted from PDF requires visual/source review; value was preserved without correction","Disorders اضطشاثبد انكجذ"
Drug_Products_Directory_Yemen.pdf,260,2,"Arabic source text extracted from PDF requires visual/source review; value was preserved without correction","Disorders اضطشاثبد انكجذ"
Drug_Products_Directory_Yemen.pdf,260,3,"Arabic source text extracted from PDF requires visual/source review; value was preserved without correction","انجهطبد"
Drug_Products_Directory_Yemen.pdf,260,4,"Arabic source text extracted from PDF requires visual/source review; value was preserved without correction","انجهطبد"
Drug_Products_Directory_Yemen.pdf,260,5,"Arabic source text extracted from PDF requires visual/source review; value was preserved without correction","Disorders اضطشاثبد انكجذ"
Drug_Products_Directory_Yemen.pdf,260,6,"Arabic source text extracted from PDF requires visual/source review; value was preserved without correction","Disorders اضطشاثبد انكجذ"
Drug_Products_Directory_Yemen.pdf,260,7,"Arabic source text extracted from PDF requires visual/source review; value was preserved without correction","Disorders اضطشاثبد انكجذ"
Drug_Products_Directory_Yemen.pdf,261,1,"Arabic source text extracted from PDF requires visual/source review; value was preserved without correction","Disorders اضطشاثبد انكجذ"
Drug_Products_Directory_Yemen.pdf,261,2,"Arabic source text extracted from PDF requires visual/source review; value was preserved without correction","Disorders اضطشاثبد انكجذ"
Drug_Products_Directory_Yemen.pdf,261,4,"Arabic source text extracted from PDF requires visual/source review; value was preserved without correction","األنتهبثبد انجذنذ ٌخ"
Drug_Products_Directory_Yemen.pdf,261,5,"Arabic source text extracted from PDF requires visual/source review; value was preserved without correction","انغغىالد األ َثى ٌخ"
Drug_Products_Directory_Yemen.pdf,261,6,"Arabic source text extracted from PDF requires visual/source review; value was preserved without correction","Deficiency َمص ف ٍتبي ٍُبد"
Drug_Products_Directory_Yemen.pdf,261,7,"Arabic source text extracted from PDF requires visual/source review; value was preserved without correction","انغغىالد انف ًى ٌخ"
Drug_Products_Directory_Yemen.pdf,262,1,"Arabic source text extracted from PDF requires visual/source review; value was preserved without correction","انغغىالد انف ًى ٌخ"
Drug_Products_Directory_Yemen.pdf,262,2,"Arabic source text extracted from PDF requires visual/source review; value was preserved without correction","انغغىالد انف ًى ٌخ"
Drug_Products_Directory_Yemen.pdf,262,3,"Arabic source text extracted from PDF requires visual/source review; value was preserved without correction","استفبع ضغظ انذو"
Drug_Products_Directory_Yemen.pdf,262,4,"Arabic source text extracted from PDF requires visual/source review; value was preserved without correction","استفبع ضغظ انذو"
Drug_Products_Directory_Yemen.pdf,262,5,"Arabic source text extracted from PDF requires visual/source review; value was preserved without correction","Infections األصبثبد انجكت ٍش ٌخ"
Drug_Products_Directory_Yemen.pdf,262,6,"Arabic source text extracted from PDF requires visual/source review; value was preserved without correction","Infections األصبثبد انجكت ٍش ٌخ"
Drug_Products_Directory_Yemen.pdf,262,7,"Arabic source text extracted from PDF requires visual/source review; value was preserved without correction","Deficiency َمص ف ٍتبي ٍُبد"
Drug_Products_Directory_Yemen.pdf,263,1,"Arabic source text extracted from PDF requires visual/source review; value was preserved without correction","استفبع ضغظ انذو"
Drug_Products_Directory_Yemen.pdf,263,2,"Arabic source text extracted from PDF requires visual/source review; value was preserved without correction","ا َمطبع انط ًث"
Drug_Products_Directory_Yemen.pdf,263,3,"Arabic source text extracted from PDF requires visual/source review; value was preserved without correction","انجىاع ٍش"
Drug_Products_Directory_Yemen.pdf,263,4,"Arabic source text extracted from PDF requires visual/source review; value was preserved without correction","َضالد انجشد"
Drug_Products_Directory_Yemen.pdf,263,5,"Arabic source text extracted from PDF requires visual/source review; value was preserved without correction","َضالد انجشد"
Drug_Products_Directory_Yemen.pdf,263,6,"Arabic source text extracted from PDF requires visual/source review; value was preserved without correction","َضالد انجشد"
Drug_Products_Directory_Yemen.pdf,263,7,"Arabic source text extracted from PDF requires visual/source review; value was preserved without correction","َضالد انجشد"
Drug_Products_Directory_Yemen.pdf,264,1,"Arabic source text extracted from PDF requires visual/source review; value was preserved without correction","َضالد انجشد"
Drug_Products_Directory_Yemen.pdf,264,5,"Arabic source text extracted from PDF requires visual/source review; value was preserved without correction","َضالد انجشد"
Drug_Products_Directory_Yemen.pdf,264,6,"Arabic source text extracted from PDF requires visual/source review; value was preserved without correction","Deficiency َمص ف ٍتبي ٍُبد"
Drug_Products_Directory_Yemen.pdf,265,1,"Arabic source text extracted from PDF requires visual/source review; value was preserved without correction","األنتهبثبد"
Drug_Products_Directory_Yemen.pdf,265,2,"Arabic source text extracted from PDF requires visual/source review; value was preserved without correction","ان ًؼذح"
Drug_Products_Directory_Yemen.pdf,265,3,"Arabic source text extracted from PDF requires visual/source review; value was preserved without correction","Infections األصبثبد انجكت ٍش ٌخ"
Drug_Products_Directory_Yemen.pdf,265,4,"Arabic source text extracted from PDF requires visual/source review; value was preserved without correction","استفبع ضغظ انذو"
Drug_Products_Directory_Yemen.pdf,265,5,"Arabic source text extracted from PDF requires visual/source review; value was preserved without correction","استفبع ضغظ انذو"
Drug_Products_Directory_Yemen.pdf,265,6,"Arabic source text extracted from PDF requires visual/source review; value was preserved without correction","( E . N . T ) األ َف ٌ وانح ُجشح واألر"
Drug_Products_Directory_Yemen.pdf,265,7,"Arabic source text extracted from PDF requires visual/source review; value was preserved without correction","األنتهبثبد انجذنذ ٌخ"
Drug_Products_Directory_Yemen.pdf,266,1,"Arabic source text extracted from PDF requires visual/source review; value was preserved without correction","األنتهبثبد انجذنذ ٌخ"
Drug_Products_Directory_Yemen.pdf,266,2,"Arabic source text extracted from PDF requires visual/source review; value was preserved without correction","األنتهبثبد انجذنذ ٌخ"
Drug_Products_Directory_Yemen.pdf,266,5,"Arabic source text extracted from PDF requires visual/source review; value was preserved without correction","( E . N . T ) األ َف ٌ وانح ُجشح واألر"
Drug_Products_Directory_Yemen.pdf,267,5,"Arabic source text extracted from PDF requires visual/source review; value was preserved without correction","Spasm ٍ آالو انجط"
Drug_Products_Directory_Yemen.pdf,267,6,"Arabic source text extracted from PDF requires visual/source review; value was preserved without correction","Spasm ٍ آالو انجط"
Drug_Products_Directory_Yemen.pdf,267,7,"Arabic source text extracted from PDF requires visual/source review; value was preserved without correction","Spasm ٍ آالو انجط"
Drug_Products_Directory_Yemen.pdf,268,1,"Arabic source text extracted from PDF requires visual/source review; value was preserved without correction","انتئبو انجشوح"
Drug_Products_Directory_Yemen.pdf,268,2,"Arabic source text extracted from PDF requires visual/source review; value was preserved without correction","استفبع ضغظ انذو"
Drug_Products_Directory_Yemen.pdf,268,3,"Arabic source text extracted from PDF requires visual/source review; value was preserved without correction","ان ًؼذح"
Drug_Products_Directory_Yemen.pdf,268,4,"Arabic source text extracted from PDF requires visual/source review; value was preserved without correction","استفبع ضغظ انذو"
Drug_Products_Directory_Yemen.pdf,268,5,"Arabic source text extracted from PDF requires visual/source review; value was preserved without correction","استفبع ضغظ انذو"
Drug_Products_Directory_Yemen.pdf,268,6,"Arabic source text extracted from PDF requires visual/source review; value was preserved without correction","Infections األصبثبد انجكت ٍش ٌخ"
Drug_Products_Directory_Yemen.pdf,268,7,"Arabic source text extracted from PDF requires visual/source review; value was preserved without correction","Infections األصبثبد انجكت ٍش ٌخ"
Drug_Products_Directory_Yemen.pdf,269,1,"Arabic source text extracted from PDF requires visual/source review; value was preserved without correction","األوجبع"
Drug_Products_Directory_Yemen.pdf,269,2,"Arabic source text extracted from PDF requires visual/source review; value was preserved without correction","األوجبع"
Drug_Products_Directory_Yemen.pdf,269,3,"Arabic source text extracted from PDF requires visual/source review; value was preserved without correction","األوجبع"
Drug_Products_Directory_Yemen.pdf,269,4,"Arabic source text extracted from PDF requires visual/source review; value was preserved without correction","األوجبع"
Drug_Products_Directory_Yemen.pdf,269,5,"Arabic source text extracted from PDF requires visual/source review; value was preserved without correction","األوجبع"
Drug_Products_Directory_Yemen.pdf,269,6,"Arabic source text extracted from PDF requires visual/source review; value was preserved without correction","األوجبع"
Drug_Products_Directory_Yemen.pdf,269,7,"Arabic source text extracted from PDF requires visual/source review; value was preserved without correction","األوجبع"
Drug_Products_Directory_Yemen.pdf,270,1,"Arabic source text extracted from PDF requires visual/source review; value was preserved without correction","األوجبع"
Drug_Products_Directory_Yemen.pdf,270,2,"Arabic source text extracted from PDF requires visual/source review; value was preserved without correction","األوجبع"
Drug_Products_Directory_Yemen.pdf,270,3,"Arabic source text extracted from PDF requires visual/source review; value was preserved without correction","األوجبع"
Drug_Products_Directory_Yemen.pdf,270,4,"Arabic source text extracted from PDF requires visual/source review; value was preserved without correction","األوجبع"
Drug_Products_Directory_Yemen.pdf,270,5,"Arabic source text extracted from PDF requires visual/source review; value was preserved without correction","األوجبع"
Drug_Products_Directory_Yemen.pdf,270,6,"Arabic source text extracted from PDF requires visual/source review; value was preserved without correction","األوجبع"
Drug_Products_Directory_Yemen.pdf,270,7,"Arabic source text extracted from PDF requires visual/source review; value was preserved without correction","األوجبع"
Drug_Products_Directory_Yemen.pdf,271,1,"Arabic source text extracted from PDF requires visual/source review; value was preserved without correction","األوجبع"
Drug_Products_Directory_Yemen.pdf,271,2,"Arabic source text extracted from PDF requires visual/source review; value was preserved without correction","األوجبع"
Drug_Products_Directory_Yemen.pdf,271,3,"Arabic source text extracted from PDF requires visual/source review; value was preserved without correction","األوجبع"
Drug_Products_Directory_Yemen.pdf,271,4,"Arabic source text extracted from PDF requires visual/source review; value was preserved without correction","األوجبع"
Drug_Products_Directory_Yemen.pdf,271,5,"Arabic source text extracted from PDF requires visual/source review; value was preserved without correction","األوجبع"
Drug_Products_Directory_Yemen.pdf,271,6,"Arabic source text extracted from PDF requires visual/source review; value was preserved without correction","األوجبع"
Drug_Products_Directory_Yemen.pdf,271,7,"Arabic source text extracted from PDF requires visual/source review; value was preserved without correction","األوجبع"
Drug_Products_Directory_Yemen.pdf,272,1,"Arabic source text extracted from PDF requires visual/source review; value was preserved without correction","األنتهبثبد"
Drug_Products_Directory_Yemen.pdf,272,5,"Arabic source text extracted from PDF requires visual/source review; value was preserved without correction","األوجبع"
Drug_Products_Directory_Yemen.pdf,272,6,"Arabic source text extracted from PDF requires visual/source review; value was preserved without correction","ve ًُبػخ تثج ٍظ ان"
Drug_Products_Directory_Yemen.pdf,272,7,"Arabic source text extracted from PDF requires visual/source review; value was preserved without correction","األوجبع"
Drug_Products_Directory_Yemen.pdf,273,1,"Arabic source text extracted from PDF requires visual/source review; value was preserved without correction","استفبع ضغظ انذو"
Drug_Products_Directory_Yemen.pdf,273,2,"Arabic source text extracted from PDF requires visual/source review; value was preserved without correction","استفبع ضغظ انذو"
Drug_Products_Directory_Yemen.pdf,273,5,"Arabic source text extracted from PDF requires visual/source review; value was preserved without correction","األوجبع"
Drug_Products_Directory_Yemen.pdf,273,6,"Arabic source text extracted from PDF requires visual/source review; value was preserved without correction","األوجبع"
Drug_Products_Directory_Yemen.pdf,273,7,"Arabic source text extracted from PDF requires visual/source review; value was preserved without correction","األوجبع"
Drug_Products_Directory_Yemen.pdf,274,1,"Arabic source text extracted from PDF requires visual/source review; value was preserved without correction","األوجبع"
Drug_Products_Directory_Yemen.pdf,274,2,"Arabic source text extracted from PDF requires visual/source review; value was preserved without correction","األوجبع"
Drug_Products_Directory_Yemen.pdf,274,3,"Arabic source text extracted from PDF requires visual/source review; value was preserved without correction","األوجبع"
Drug_Products_Directory_Yemen.pdf,274,4,"Arabic source text extracted from PDF requires visual/source review; value was preserved without correction","األوجبع"
Drug_Products_Directory_Yemen.pdf,274,5,"Arabic source text extracted from PDF requires visual/source review; value was preserved without correction","انهضى"
Drug_Products_Directory_Yemen.pdf,274,6,"Arabic source text extracted from PDF requires visual/source review; value was preserved without correction","األوجبع"
Drug_Products_Directory_Yemen.pdf,274,7,"Arabic source text extracted from PDF requires visual/source review; value was preserved without correction","األوجبع"
Drug_Products_Directory_Yemen.pdf,275,1,"Arabic source text extracted from PDF requires visual/source review; value was preserved without correction","األوجبع"
Drug_Products_Directory_Yemen.pdf,275,2,"Arabic source text extracted from PDF requires visual/source review; value was preserved without correction","supplementation ًٍه ٍخ تغز ٌخ تك"
Drug_Products_Directory_Yemen.pdf,275,3,"Arabic source text extracted from PDF requires visual/source review; value was preserved without correction","انجهطبد"
Drug_Products_Directory_Yemen.pdf,275,4,"Arabic source text extracted from PDF requires visual/source review; value was preserved without correction","األيشاض انؼمه ٍخ"
Drug_Products_Directory_Yemen.pdf,275,5,"Arabic source text extracted from PDF requires visual/source review; value was preserved without correction","استفبع ضغظ انذو"
Drug_Products_Directory_Yemen.pdf,275,6,"Arabic source text extracted from PDF requires visual/source review; value was preserved without correction","استفبع ضغظ انذو"
Drug_Products_Directory_Yemen.pdf,275,7,"Arabic source text extracted from PDF requires visual/source review; value was preserved without correction","أيشاض انغكشي"
Drug_Products_Directory_Yemen.pdf,276,1,"Arabic source text extracted from PDF requires visual/source review; value was preserved without correction","أيشاض انغكشي"
Drug_Products_Directory_Yemen.pdf,276,2,"Arabic source text extracted from PDF requires visual/source review; value was preserved without correction","أيشاض انغكشي"
Drug_Products_Directory_Yemen.pdf,276,3,"Arabic source text extracted from PDF requires visual/source review; value was preserved without correction","أيشاض انغكشي"
Drug_Products_Directory_Yemen.pdf,276,4,"Arabic source text extracted from PDF requires visual/source review; value was preserved without correction","أيشاض انغكشي"
Drug_Products_Directory_Yemen.pdf,276,5,"Arabic source text extracted from PDF requires visual/source review; value was preserved without correction","أيشاض انغكشي"
Drug_Products_Directory_Yemen.pdf,276,6,"Arabic source text extracted from PDF requires visual/source review; value was preserved without correction","أيشاض انغكشي"
Drug_Products_Directory_Yemen.pdf,277,1,"Arabic source text extracted from PDF requires visual/source review; value was preserved without correction","استفبع ضغظ انذو"
Drug_Products_Directory_Yemen.pdf,277,3,"Arabic source text extracted from PDF requires visual/source review; value was preserved without correction","Infections األصبثبد انجكت ٍش ٌخ"
Drug_Products_Directory_Yemen.pdf,277,4,"Arabic source text extracted from PDF requires visual/source review; value was preserved without correction","Infections األصبثبد انجكت ٍش ٌخ"
Drug_Products_Directory_Yemen.pdf,277,5,"Arabic source text extracted from PDF requires visual/source review; value was preserved without correction","Infections األصبثبد انجكت ٍش ٌخ"
Drug_Products_Directory_Yemen.pdf,277,6,"Arabic source text extracted from PDF requires visual/source review; value was preserved without correction","Infections األصبثبد انجكت ٍش ٌخ"
Drug_Products_Directory_Yemen.pdf,277,7,"Arabic source text extracted from PDF requires visual/source review; value was preserved without correction","األنتهبثبد انجذنذ ٌخ"
Drug_Products_Directory_Yemen.pdf,278,1,"Arabic source text extracted from PDF requires visual/source review; value was preserved without correction","األنتهبثبد انجذنذ ٌخ"
Drug_Products_Directory_Yemen.pdf,278,2,"Arabic source text extracted from PDF requires visual/source review; value was preserved without correction","األوجبع"
Drug_Products_Directory_Yemen.pdf,278,5,"Arabic source text extracted from PDF requires visual/source review; value was preserved without correction","َضالد انجشد"
Drug_Products_Directory_Yemen.pdf,278,6,"Arabic source text extracted from PDF requires visual/source review; value was preserved without correction","األنتهبثبد انجذنذ ٌخ"
Drug_Products_Directory_Yemen.pdf,278,7,"Arabic source text extracted from PDF requires visual/source review; value was preserved without correction","Analgesic يهذئبد األوجبع وانح ًى"
Drug_Products_Directory_Yemen.pdf,279,1,"Arabic source text extracted from PDF requires visual/source review; value was preserved without correction","انصذس ٌخ"
Drug_Products_Directory_Yemen.pdf,279,2,"Arabic source text extracted from PDF requires visual/source review; value was preserved without correction","( T . B ) ٌ انذس"
Drug_Products_Directory_Yemen.pdf,279,3,"Arabic source text extracted from PDF requires visual/source review; value was preserved without correction","( T . B ) ٌ انذس"
Drug_Products_Directory_Yemen.pdf,279,4,"Arabic source text extracted from PDF requires visual/source review; value was preserved without correction","استفبع ضغظ انذو"
Drug_Products_Directory_Yemen.pdf,279,5,"Arabic source text extracted from PDF requires visual/source review; value was preserved without correction","استفبع ضغظ انذو"
Drug_Products_Directory_Yemen.pdf,279,6,"Arabic source text extracted from PDF requires visual/source review; value was preserved without correction","استفبع ضغظ انذو"
Drug_Products_Directory_Yemen.pdf,279,7,"Arabic source text extracted from PDF requires visual/source review; value was preserved without correction","انصذس ٌخ"
Drug_Products_Directory_Yemen.pdf,280,1,"Arabic source text extracted from PDF requires visual/source review; value was preserved without correction","انصذس ٌخ"
Drug_Products_Directory_Yemen.pdf,280,2,"Arabic source text extracted from PDF requires visual/source review; value was preserved without correction","استفبع ضغظ انذو"
Drug_Products_Directory_Yemen.pdf,280,3,"Arabic source text extracted from PDF requires visual/source review; value was preserved without correction","األنتهبثبد انجذنذ ٌخ"
Drug_Products_Directory_Yemen.pdf,280,4,"Arabic source text extracted from PDF requires visual/source review; value was preserved without correction","األنتهبثبد انجذنذ ٌخ"
Drug_Products_Directory_Yemen.pdf,280,5,"Arabic source text extracted from PDF requires visual/source review; value was preserved without correction","األنتهبثبد انجذنذ ٌخ"
Drug_Products_Directory_Yemen.pdf,280,6,"Arabic source text extracted from PDF requires visual/source review; value was preserved without correction","األنتهبثبد انجذنذ ٌخ"
Drug_Products_Directory_Yemen.pdf,280,7,"Arabic source text extracted from PDF requires visual/source review; value was preserved without correction","األنتهبثبد انجذنذ ٌخ"
Drug_Products_Directory_Yemen.pdf,281,1,"Arabic source text extracted from PDF requires visual/source review; value was preserved without correction","األنتهبثبد انجذنذ ٌخ"
Drug_Products_Directory_Yemen.pdf,281,2,"Arabic source text extracted from PDF requires visual/source review; value was preserved without correction","Gardiasis جبسد ٌب واي ٍج ٍب"
Drug_Products_Directory_Yemen.pdf,281,3,"Arabic source text extracted from PDF requires visual/source review; value was preserved without correction","انشؼت انهىائ ٍخ"
Drug_Products_Directory_Yemen.pdf,281,4,"Arabic source text extracted from PDF requires visual/source review; value was preserved without correction","انشؼت انهىائ ٍخ"
Drug_Products_Directory_Yemen.pdf,281,5,"Arabic source text extracted from PDF requires visual/source review; value was preserved without correction","انشؼت انهىائ ٍخ"
Drug_Products_Directory_Yemen.pdf,281,6,"Arabic source text extracted from PDF requires visual/source review; value was preserved without correction","َضالد انجشد"
Drug_Products_Directory_Yemen.pdf,281,7,"Arabic source text extracted from PDF requires visual/source review; value was preserved without correction","َضالد انجشد"
Drug_Products_Directory_Yemen.pdf,282,1,"Arabic source text extracted from PDF requires visual/source review; value was preserved without correction","Infections األصبثبد انجكت ٍش ٌخ"
Drug_Products_Directory_Yemen.pdf,282,2,"Arabic source text extracted from PDF requires visual/source review; value was preserved without correction","انتهبثبد انؼظبو"
Drug_Products_Directory_Yemen.pdf,282,3,"Arabic source text extracted from PDF requires visual/source review; value was preserved without correction","أيشاض انغكشي"
Drug_Products_Directory_Yemen.pdf,282,4,"Arabic source text extracted from PDF requires visual/source review; value was preserved without correction","أيشاض انغكشي"
Drug_Products_Directory_Yemen.pdf,282,5,"Arabic source text extracted from PDF requires visual/source review; value was preserved without correction","أيشاض انغكشي"
Drug_Products_Directory_Yemen.pdf,282,6,"Arabic source text extracted from PDF requires visual/source review; value was preserved without correction","أيشاض انغكشي"
Drug_Products_Directory_Yemen.pdf,282,7,"Arabic source text extracted from PDF requires visual/source review; value was preserved without correction","انتهبثبد انؼظبو"
Drug_Products_Directory_Yemen.pdf,283,1,"Arabic source text extracted from PDF requires visual/source review; value was preserved without correction","انتهبثبد انؼظبو"
Drug_Products_Directory_Yemen.pdf,283,2,"Arabic source text extracted from PDF requires visual/source review; value was preserved without correction","انتهبثبد انؼظبو"
Drug_Products_Directory_Yemen.pdf,283,3,"Arabic source text extracted from PDF requires visual/source review; value was preserved without correction","انتهبثبد انؼظبو"
Drug_Products_Directory_Yemen.pdf,283,4,"Arabic source text extracted from PDF requires visual/source review; value was preserved without correction","انتهبثبد انؼظبو"
Drug_Products_Directory_Yemen.pdf,283,5,"Arabic source text extracted from PDF requires visual/source review; value was preserved without correction","انتهبثبد انؼظبو"
Drug_Products_Directory_Yemen.pdf,283,6,"Arabic source text extracted from PDF requires visual/source review; value was preserved without correction","استفبع ضغظ انذو"
Drug_Products_Directory_Yemen.pdf,283,7,"Arabic source text extracted from PDF requires visual/source review; value was preserved without correction","استفبع ضغظ انذو"
Drug_Products_Directory_Yemen.pdf,284,1,"Arabic source text extracted from PDF requires visual/source review; value was preserved without correction","َضالد انجشد"
Drug_Products_Directory_Yemen.pdf,284,3,"Arabic source text extracted from PDF requires visual/source review; value was preserved without correction","أيشاض انغكشي"
Drug_Products_Directory_Yemen.pdf,284,4,"Arabic source text extracted from PDF requires visual/source review; value was preserved without correction","أيشاض انغكشي"
Drug_Products_Directory_Yemen.pdf,284,5,"Arabic source text extracted from PDF requires visual/source review; value was preserved without correction","األوجبع"
Drug_Products_Directory_Yemen.pdf,284,6,"Arabic source text extracted from PDF requires visual/source review; value was preserved without correction","انتهبثبد انؼظبو"
Drug_Products_Directory_Yemen.pdf,284,7,"Arabic source text extracted from PDF requires visual/source review; value was preserved without correction","supplementation ًٍه ٍخ تغز ٌخ تك"
Drug_Products_Directory_Yemen.pdf,285,1,"Arabic source text extracted from PDF requires visual/source review; value was preserved without correction","استفبع ضغظ انذو"
Drug_Products_Directory_Yemen.pdf,285,2,"Arabic source text extracted from PDF requires visual/source review; value was preserved without correction","َضالد انجشد"
Drug_Products_Directory_Yemen.pdf,285,3,"Arabic source text extracted from PDF requires visual/source review; value was preserved without correction","َضالد انجشد"
Drug_Products_Directory_Yemen.pdf,285,4,"Arabic source text extracted from PDF requires visual/source review; value was preserved without correction","األنتهبثبد انجذنذ ٌخ"
Drug_Products_Directory_Yemen.pdf,285,5,"Arabic source text extracted from PDF requires visual/source review; value was preserved without correction","استفبع ضغظ انذو"
Drug_Products_Directory_Yemen.pdf,285,6,"Arabic source text extracted from PDF requires visual/source review; value was preserved without correction","استفبع ضغظ انذو"
Drug_Products_Directory_Yemen.pdf,286,2,"Arabic source text extracted from PDF requires visual/source review; value was preserved without correction","disease يشض انشػبػ"
Drug_Products_Directory_Yemen.pdf,286,3,"Arabic source text extracted from PDF requires visual/source review; value was preserved without correction","disease يشض انشػبػ"
Drug_Products_Directory_Yemen.pdf,286,4,"Arabic source text extracted from PDF requires visual/source review; value was preserved without correction","األنتهبثبد انجذنذ ٌخ"
Drug_Products_Directory_Yemen.pdf,286,5,"Arabic source text extracted from PDF requires visual/source review; value was preserved without correction","األنتهبثبد انجذنذ ٌخ"
Drug_Products_Directory_Yemen.pdf,286,6,"Arabic source text extracted from PDF requires visual/source review; value was preserved without correction","األوجبع"
Drug_Products_Directory_Yemen.pdf,287,2,"Arabic source text extracted from PDF requires visual/source review; value was preserved without correction","Analgesic يهذئبد األوجبع وانح ًى"
Drug_Products_Directory_Yemen.pdf,287,3,"Arabic source text extracted from PDF requires visual/source review; value was preserved without correction","General انتخذ ٌش انؼبو"
Drug_Products_Directory_Yemen.pdf,287,4,"Arabic source text extracted from PDF requires visual/source review; value was preserved without correction","األوجبع"
Drug_Products_Directory_Yemen.pdf,287,5,"Arabic source text extracted from PDF requires visual/source review; value was preserved without correction","األوجبع"
Drug_Products_Directory_Yemen.pdf,287,6,"Arabic source text extracted from PDF requires visual/source review; value was preserved without correction","األوجبع"
Drug_Products_Directory_Yemen.pdf,287,7,"Arabic source text extracted from PDF requires visual/source review; value was preserved without correction","األوجبع"
Drug_Products_Directory_Yemen.pdf,288,1,"Arabic source text extracted from PDF requires visual/source review; value was preserved without correction","األوجبع"
Drug_Products_Directory_Yemen.pdf,288,2,"Arabic source text extracted from PDF requires visual/source review; value was preserved without correction","األوجبع"
Drug_Products_Directory_Yemen.pdf,288,3,"Arabic source text extracted from PDF requires visual/source review; value was preserved without correction","األوجبع"
Drug_Products_Directory_Yemen.pdf,288,4,"Arabic source text extracted from PDF requires visual/source review; value was preserved without correction","األوجبع"
Drug_Products_Directory_Yemen.pdf,288,5,"Arabic source text extracted from PDF requires visual/source review; value was preserved without correction","األوجبع"
Drug_Products_Directory_Yemen.pdf,288,6,"Arabic source text extracted from PDF requires visual/source review; value was preserved without correction","األوجبع"
Drug_Products_Directory_Yemen.pdf,288,7,"Arabic source text extracted from PDF requires visual/source review; value was preserved without correction","األوجبع"
Drug_Products_Directory_Yemen.pdf,289,1,"Arabic source text extracted from PDF requires visual/source review; value was preserved without correction","األوجبع"
Drug_Products_Directory_Yemen.pdf,289,2,"Arabic source text extracted from PDF requires visual/source review; value was preserved without correction","األوجبع"
Drug_Products_Directory_Yemen.pdf,289,3,"Arabic source text extracted from PDF requires visual/source review; value was preserved without correction","األوجبع"
Drug_Products_Directory_Yemen.pdf,289,4,"Arabic source text extracted from PDF requires visual/source review; value was preserved without correction","األوجبع"
Drug_Products_Directory_Yemen.pdf,289,5,"Arabic source text extracted from PDF requires visual/source review; value was preserved without correction","األنتهبثبد انجذنذ ٌخ"
Drug_Products_Directory_Yemen.pdf,289,6,"Arabic source text extracted from PDF requires visual/source review; value was preserved without correction","األنتهبثبد انجذنذ ٌخ"
Drug_Products_Directory_Yemen.pdf,289,7,"Arabic source text extracted from PDF requires visual/source review; value was preserved without correction","األنتهبثبد انجذنذ ٌخ"
Drug_Products_Directory_Yemen.pdf,290,1,"Arabic source text extracted from PDF requires visual/source review; value was preserved without correction","األنتهبثبد انجذنذ ٌخ"
Drug_Products_Directory_Yemen.pdf,290,2,"Arabic source text extracted from PDF requires visual/source review; value was preserved without correction","انشؼت انهىائ ٍخ"
Drug_Products_Directory_Yemen.pdf,290,3,"Arabic source text extracted from PDF requires visual/source review; value was preserved without correction","انشؼت انهىائ ٍخ"
Drug_Products_Directory_Yemen.pdf,290,4,"Arabic source text extracted from PDF requires visual/source review; value was preserved without correction","انشؼت انهىائ ٍخ"
Drug_Products_Directory_Yemen.pdf,290,5,"Arabic source text extracted from PDF requires visual/source review; value was preserved without correction","انشؼت انهىائ ٍخ"
Drug_Products_Directory_Yemen.pdf,290,6,"Arabic source text extracted from PDF requires visual/source review; value was preserved without correction","انشؼت انهىائ ٍخ"
Drug_Products_Directory_Yemen.pdf,290,7,"Arabic source text extracted from PDF requires visual/source review; value was preserved without correction","انشؼت انهىائ ٍخ"
Drug_Products_Directory_Yemen.pdf,291,1,"Arabic source text extracted from PDF requires visual/source review; value was preserved without correction","األيشاض انؼمه ٍخ"
Drug_Products_Directory_Yemen.pdf,291,2,"Arabic source text extracted from PDF requires visual/source review; value was preserved without correction","Deficiency َمص ف ٍتبي ٍُبد"
Drug_Products_Directory_Yemen.pdf,291,6,"Arabic source text extracted from PDF requires visual/source review; value was preserved without correction","Deficiency َمص ف ٍتبي ٍُبد"
Drug_Products_Directory_Yemen.pdf,291,7,"Arabic source text extracted from PDF requires visual/source review; value was preserved without correction","Deficiency َمص ف ٍتبي ٍُبد"
Drug_Products_Directory_Yemen.pdf,292,1,"Arabic source text extracted from PDF requires visual/source review; value was preserved without correction","( T . B ) ٌ انذس"
Drug_Products_Directory_Yemen.pdf,292,2,"Arabic source text extracted from PDF requires visual/source review; value was preserved without correction","disease يشض انشػبػ"
Drug_Products_Directory_Yemen.pdf,292,3,"Arabic source text extracted from PDF requires visual/source review; value was preserved without correction","disease يشض انشػبػ"
Drug_Products_Directory_Yemen.pdf,292,4,"Arabic source text extracted from PDF requires visual/source review; value was preserved without correction","Infections األصبثبد انجكت ٍش ٌخ"
Drug_Products_Directory_Yemen.pdf,292,5,"Arabic source text extracted from PDF requires visual/source review; value was preserved without correction","ان ًؼذح"
Drug_Products_Directory_Yemen.pdf,292,6,"Arabic source text extracted from PDF requires visual/source review; value was preserved without correction","ان ًؼذح"
Drug_Products_Directory_Yemen.pdf,292,7,"Arabic source text extracted from PDF requires visual/source review; value was preserved without correction","Disorders اضطشاثبد انجهبص ً انت ُفغ"
Drug_Products_Directory_Yemen.pdf,293,1,"Arabic source text extracted from PDF requires visual/source review; value was preserved without correction","Disorders اضطشاثبد انجهبص ً انت ُفغ"
Drug_Products_Directory_Yemen.pdf,293,2,"Arabic source text extracted from PDF requires visual/source review; value was preserved without correction","Disorders اضطشاثبد انجهبص ً انت ُفغ"
Drug_Products_Directory_Yemen.pdf,294,2,"Arabic source text extracted from PDF requires visual/source review; value was preserved without correction","Disorders اضطشاثبد انجهبص ً انت ُفغ"
Drug_Products_Directory_Yemen.pdf,294,3,"Arabic source text extracted from PDF requires visual/source review; value was preserved without correction","Disorders اضطشاثبد انجهبص ً انت ُفغ"
Drug_Products_Directory_Yemen.pdf,294,5,"Arabic source text extracted from PDF requires visual/source review; value was preserved without correction","األيغبن"
Drug_Products_Directory_Yemen.pdf,294,6,"Arabic source text extracted from PDF requires visual/source review; value was preserved without correction","األيغبن"
Drug_Products_Directory_Yemen.pdf,294,7,"Arabic source text extracted from PDF requires visual/source review; value was preserved without correction","Gardiasis جبسد ٌب واي ٍج ٍب"
Drug_Products_Directory_Yemen.pdf,295,2,"Arabic source text extracted from PDF requires visual/source review; value was preserved without correction","ان ًؼذح"
Drug_Products_Directory_Yemen.pdf,295,3,"Arabic source text extracted from PDF requires visual/source review; value was preserved without correction","Deficiency َمص ف ٍتبي ٍُبد"
Drug_Products_Directory_Yemen.pdf,295,4,"Arabic source text extracted from PDF requires visual/source review; value was preserved without correction","َضالد انجشد"
Drug_Products_Directory_Yemen.pdf,295,5,"Arabic source text extracted from PDF requires visual/source review; value was preserved without correction","َضالد انجشد"
Drug_Products_Directory_Yemen.pdf,295,6,"Arabic source text extracted from PDF requires visual/source review; value was preserved without correction","( E . N . T ) األ َف ٌ وانح ُجشح واألر"
Drug_Products_Directory_Yemen.pdf,296,1,"Arabic source text extracted from PDF requires visual/source review; value was preserved without correction","Asthma انشثى ً انشؼج"
Drug_Products_Directory_Yemen.pdf,296,2,"Arabic source text extracted from PDF requires visual/source review; value was preserved without correction","Asthma انشثى ً انشؼج"
Drug_Products_Directory_Yemen.pdf,296,3,"Arabic source text extracted from PDF requires visual/source review; value was preserved without correction","Asthma انشثى ً انشؼج"
Drug_Products_Directory_Yemen.pdf,296,4,"Arabic source text extracted from PDF requires visual/source review; value was preserved without correction","َضالد انجشد"
Drug_Products_Directory_Yemen.pdf,296,5,"Arabic source text extracted from PDF requires visual/source review; value was preserved without correction","َضالد انجشد"
Drug_Products_Directory_Yemen.pdf,296,6,"Arabic source text extracted from PDF requires visual/source review; value was preserved without correction","انذودح انشش ٌط ٍخ"
Drug_Products_Directory_Yemen.pdf,297,2,"Arabic source text extracted from PDF requires visual/source review; value was preserved without correction","األوجبع"
Drug_Products_Directory_Yemen.pdf,297,3,"Arabic source text extracted from PDF requires visual/source review; value was preserved without correction","األوجبع"
Drug_Products_Directory_Yemen.pdf,297,4,"Arabic source text extracted from PDF requires visual/source review; value was preserved without correction","ان ُض ٌف"
Drug_Products_Directory_Yemen.pdf,297,5,"Arabic source text extracted from PDF requires visual/source review; value was preserved without correction","ان ُض ٌف"
Drug_Products_Directory_Yemen.pdf,297,6,"Arabic source text extracted from PDF requires visual/source review; value was preserved without correction","األوجبع"
Drug_Products_Directory_Yemen.pdf,297,7,"Arabic source text extracted from PDF requires visual/source review; value was preserved without correction","األنتهبثبد انجذنذ ٌخ"
Drug_Products_Directory_Yemen.pdf,298,1,"Arabic source text extracted from PDF requires visual/source review; value was preserved without correction","Gardiasis جبسد ٌب واي ٍج ٍب"
Drug_Products_Directory_Yemen.pdf,298,4,"Arabic source text extracted from PDF requires visual/source review; value was preserved without correction","Gardiasis جبسد ٌب واي ٍج ٍب"
Drug_Products_Directory_Yemen.pdf,298,5,"Arabic source text extracted from PDF requires visual/source review; value was preserved without correction","استفبع ضغظ انذو"
Drug_Products_Directory_Yemen.pdf,298,6,"Arabic source text extracted from PDF requires visual/source review; value was preserved without correction","ان ًؼذح"
Drug_Products_Directory_Yemen.pdf,298,7,"Arabic source text extracted from PDF requires visual/source review; value was preserved without correction","انغغىالد انف ًى ٌخ"
Drug_Products_Directory_Yemen.pdf,299,1,"Arabic source text extracted from PDF requires visual/source review; value was preserved without correction","استفبع ضغظ انذو"
Drug_Products_Directory_Yemen.pdf,299,7,"Arabic source text extracted from PDF requires visual/source review; value was preserved without correction","األيغبن"
Drug_Products_Directory_Yemen.pdf,300,2,"Arabic source text extracted from PDF requires visual/source review; value was preserved without correction","األيغبن"
Drug_Products_Directory_Yemen.pdf,300,3,"Arabic source text extracted from PDF requires visual/source review; value was preserved without correction","األنتهبثبد انجذنذ ٌخ"
Drug_Products_Directory_Yemen.pdf,300,6,"Arabic source text extracted from PDF requires visual/source review; value was preserved without correction","األنتهبثبد انجذنذ ٌخ"
Drug_Products_Directory_Yemen.pdf,300,7,"Arabic source text extracted from PDF requires visual/source review; value was preserved without correction","Disorders اضطشاثبد انكجذ"
Drug_Products_Directory_Yemen.pdf,301,1,"Arabic source text extracted from PDF requires visual/source review; value was preserved without correction","Disorders اضطشاثبد انكجذ"
Drug_Products_Directory_Yemen.pdf,301,2,"Arabic source text extracted from PDF requires visual/source review; value was preserved without correction","ان ًؼذح"
Drug_Products_Directory_Yemen.pdf,301,3,"Arabic source text extracted from PDF requires visual/source review; value was preserved without correction","ان ًؼذح"
Drug_Products_Directory_Yemen.pdf,301,4,"Arabic source text extracted from PDF requires visual/source review; value was preserved without correction","ان ًؼذح"
Drug_Products_Directory_Yemen.pdf,301,5,"Arabic source text extracted from PDF requires visual/source review; value was preserved without correction","ان ًؼذح"
Drug_Products_Directory_Yemen.pdf,302,1,"Arabic source text extracted from PDF requires visual/source review; value was preserved without correction","ان ًؼذح"
Drug_Products_Directory_Yemen.pdf,302,2,"Arabic source text extracted from PDF requires visual/source review; value was preserved without correction","ان ًؼذح"
Drug_Products_Directory_Yemen.pdf,302,3,"Arabic source text extracted from PDF requires visual/source review; value was preserved without correction","ان ًؼذح"
Drug_Products_Directory_Yemen.pdf,302,4,"Arabic source text extracted from PDF requires visual/source review; value was preserved without correction","ان ًؼذح"
Drug_Products_Directory_Yemen.pdf,302,5,"Arabic source text extracted from PDF requires visual/source review; value was preserved without correction","ان ًؼذح"
Drug_Products_Directory_Yemen.pdf,302,6,"Arabic source text extracted from PDF requires visual/source review; value was preserved without correction","ان ًؼذح"
Drug_Products_Directory_Yemen.pdf,302,7,"Arabic source text extracted from PDF requires visual/source review; value was preserved without correction","ان ًؼذح"
Drug_Products_Directory_Yemen.pdf,303,1,"Arabic source text extracted from PDF requires visual/source review; value was preserved without correction","ان ًؼذح"
Drug_Products_Directory_Yemen.pdf,303,2,"Arabic source text extracted from PDF requires visual/source review; value was preserved without correction","ان ًؼذح"
Drug_Products_Directory_Yemen.pdf,303,3,"Arabic source text extracted from PDF requires visual/source review; value was preserved without correction","ان ًؼذح"
Drug_Products_Directory_Yemen.pdf,303,4,"Arabic source text extracted from PDF requires visual/source review; value was preserved without correction","ان ًؼذح"
Drug_Products_Directory_Yemen.pdf,303,5,"Arabic source text extracted from PDF requires visual/source review; value was preserved without correction","ان ًؼذح"
Drug_Products_Directory_Yemen.pdf,303,6,"Arabic source text extracted from PDF requires visual/source review; value was preserved without correction","ان ًؼذح"
Drug_Products_Directory_Yemen.pdf,303,7,"Arabic source text extracted from PDF requires visual/source review; value was preserved without correction","ان ًؼذح"
Drug_Products_Directory_Yemen.pdf,304,1,"Arabic source text extracted from PDF requires visual/source review; value was preserved without correction","ان ًؼذح"
Drug_Products_Directory_Yemen.pdf,304,2,"Arabic source text extracted from PDF requires visual/source review; value was preserved without correction","ان ًؼذح"
Drug_Products_Directory_Yemen.pdf,304,3,"Arabic source text extracted from PDF requires visual/source review; value was preserved without correction","ان ًؼذح"
Drug_Products_Directory_Yemen.pdf,304,5,"Arabic source text extracted from PDF requires visual/source review; value was preserved without correction","ان ًؼذح"
Drug_Products_Directory_Yemen.pdf,304,6,"Arabic source text extracted from PDF requires visual/source review; value was preserved without correction","ان ًؼذح"
Drug_Products_Directory_Yemen.pdf,304,7,"Arabic source text extracted from PDF requires visual/source review; value was preserved without correction","ان ًؼذح"
Drug_Products_Directory_Yemen.pdf,305,1,"Arabic source text extracted from PDF requires visual/source review; value was preserved without correction","استفبع ضغظ انذو"
Drug_Products_Directory_Yemen.pdf,305,4,"Arabic source text extracted from PDF requires visual/source review; value was preserved without correction","استفبع ضغظ انذو"
Drug_Products_Directory_Yemen.pdf,305,5,"Arabic source text extracted from PDF requires visual/source review; value was preserved without correction","استفبع ضغظ انذو"
Drug_Products_Directory_Yemen.pdf,305,6,"Arabic source text extracted from PDF requires visual/source review; value was preserved without correction","ان ًؼذح"
Drug_Products_Directory_Yemen.pdf,305,7,"Arabic source text extracted from PDF requires visual/source review; value was preserved without correction","ي ُشطبد ج ُغ ٍخ"
Drug_Products_Directory_Yemen.pdf,306,1,"Arabic source text extracted from PDF requires visual/source review; value was preserved without correction","األيغبن"
Drug_Products_Directory_Yemen.pdf,306,2,"Arabic source text extracted from PDF requires visual/source review; value was preserved without correction","األيغبن"
Drug_Products_Directory_Yemen.pdf,306,3,"Arabic source text extracted from PDF requires visual/source review; value was preserved without correction","األيغبن"
Drug_Products_Directory_Yemen.pdf,306,4,"Arabic source text extracted from PDF requires visual/source review; value was preserved without correction","األيغبن"
Drug_Products_Directory_Yemen.pdf,306,5,"Arabic source text extracted from PDF requires visual/source review; value was preserved without correction","األيغبن"
Drug_Products_Directory_Yemen.pdf,306,6,"Arabic source text extracted from PDF requires visual/source review; value was preserved without correction","األيغبن"
Drug_Products_Directory_Yemen.pdf,306,7,"Arabic source text extracted from PDF requires visual/source review; value was preserved without correction","األيغبن"
Drug_Products_Directory_Yemen.pdf,307,1,"Arabic source text extracted from PDF requires visual/source review; value was preserved without correction","األيغبن"
Drug_Products_Directory_Yemen.pdf,307,2,"Arabic source text extracted from PDF requires visual/source review; value was preserved without correction","األيغبن"
Drug_Products_Directory_Yemen.pdf,307,3,"Arabic source text extracted from PDF requires visual/source review; value was preserved without correction","األيغبن"
Drug_Products_Directory_Yemen.pdf,307,4,"Arabic source text extracted from PDF requires visual/source review; value was preserved without correction","Infections األصبثبد انجكت ٍش ٌخ"
Drug_Products_Directory_Yemen.pdf,307,5,"Arabic source text extracted from PDF requires visual/source review; value was preserved without correction","supplementation ًٍه ٍخ تغز ٌخ تك"
Drug_Products_Directory_Yemen.pdf,307,7,"Arabic source text extracted from PDF requires visual/source review; value was preserved without correction","األيشاض انؼمه ٍخ"
Drug_Products_Directory_Yemen.pdf,308,1,"Arabic source text extracted from PDF requires visual/source review; value was preserved without correction","Infections األصبثبد انجكت ٍش ٌخ"
Drug_Products_Directory_Yemen.pdf,308,2,"Arabic source text extracted from PDF requires visual/source review; value was preserved without correction","Infections األصبثبد انجكت ٍش ٌخ"
Drug_Products_Directory_Yemen.pdf,308,3,"Arabic source text extracted from PDF requires visual/source review; value was preserved without correction","Deficiency َمص ف ٍتبي ٍُبد"
Drug_Products_Directory_Yemen.pdf,308,4,"Arabic source text extracted from PDF requires visual/source review; value was preserved without correction","األوجبع"
Drug_Products_Directory_Yemen.pdf,308,5,"Arabic source text extracted from PDF requires visual/source review; value was preserved without correction","األوجبع"
Drug_Products_Directory_Yemen.pdf,309,1,"Arabic source text extracted from PDF requires visual/source review; value was preserved without correction","انغذح انذسل ٍخ"
Drug_Products_Directory_Yemen.pdf,309,2,"Arabic source text extracted from PDF requires visual/source review; value was preserved without correction","انغذح انذسل ٍخ"
Drug_Products_Directory_Yemen.pdf,309,3,"Arabic source text extracted from PDF requires visual/source review; value was preserved without correction","Infections األصبثبد انجكت ٍش ٌخ"
Drug_Products_Directory_Yemen.pdf,309,4,"Arabic source text extracted from PDF requires visual/source review; value was preserved without correction","Infections األصبثبد انجكت ٍش ٌخ"
Drug_Products_Directory_Yemen.pdf,309,7,"Arabic source text extracted from PDF requires visual/source review; value was preserved without correction","Infections األصبثبد انجكت ٍش ٌخ"
Drug_Products_Directory_Yemen.pdf,310,1,"Arabic source text extracted from PDF requires visual/source review; value was preserved without correction","Infections األصبثبد انجكت ٍش ٌخ"
Drug_Products_Directory_Yemen.pdf,310,2,"Arabic source text extracted from PDF requires visual/source review; value was preserved without correction","Infections األصبثبد انجكت ٍش ٌخ"
Drug_Products_Directory_Yemen.pdf,310,3,"Arabic source text extracted from PDF requires visual/source review; value was preserved without correction","disease يشض انشػبػ"
Drug_Products_Directory_Yemen.pdf,310,4,"Arabic source text extracted from PDF requires visual/source review; value was preserved without correction","Asthma انشثى ً انشؼج"
Drug_Products_Directory_Yemen.pdf,310,5,"Arabic source text extracted from PDF requires visual/source review; value was preserved without correction","Asthma انشثى ً انشؼج"
Drug_Products_Directory_Yemen.pdf,310,6,"Arabic source text extracted from PDF requires visual/source review; value was preserved without correction","Infections األصبثبد انجكت ٍش ٌخ"
Drug_Products_Directory_Yemen.pdf,311,1,"Arabic source text extracted from PDF requires visual/source review; value was preserved without correction","Infections األصبثبد انجكت ٍش ٌخ"
Drug_Products_Directory_Yemen.pdf,311,2,"Arabic source text extracted from PDF requires visual/source review; value was preserved without correction","Infections األصبثبد انجكت ٍش ٌخ"
Drug_Products_Directory_Yemen.pdf,311,3,"Arabic source text extracted from PDF requires visual/source review; value was preserved without correction","Infections األصبثبد انجكت ٍش ٌخ"
Drug_Products_Directory_Yemen.pdf,311,4,"Arabic source text extracted from PDF requires visual/source review; value was preserved without correction","Infections األصبثبد انجكت ٍش ٌخ"
Drug_Products_Directory_Yemen.pdf,311,7,"Arabic source text extracted from PDF requires visual/source review; value was preserved without correction","Insumnea األسق وانمهك"
Drug_Products_Directory_Yemen.pdf,312,2,"Arabic source text extracted from PDF requires visual/source review; value was preserved without correction","Spasm ٍ آالو انجط"
Drug_Products_Directory_Yemen.pdf,312,3,"Arabic source text extracted from PDF requires visual/source review; value was preserved without correction","ان ًؼذح"
Drug_Products_Directory_Yemen.pdf,312,4,"Arabic source text extracted from PDF requires visual/source review; value was preserved without correction","Spasm ٍ آالو انجط"
Drug_Products_Directory_Yemen.pdf,312,5,"Arabic source text extracted from PDF requires visual/source review; value was preserved without correction","Insumnea األسق وانمهك"
Drug_Products_Directory_Yemen.pdf,312,6,"Arabic source text extracted from PDF requires visual/source review; value was preserved without correction","ان ًؼذح"
Drug_Products_Directory_Yemen.pdf,312,7,"Arabic source text extracted from PDF requires visual/source review; value was preserved without correction","Infections األصبثبد انجكت ٍش ٌخ"
Drug_Products_Directory_Yemen.pdf,313,1,"Arabic source text extracted from PDF requires visual/source review; value was preserved without correction","Local انتخذ ٌش ً ان ًىضؼ"
Drug_Products_Directory_Yemen.pdf,313,2,"Arabic source text extracted from PDF requires visual/source review; value was preserved without correction","Local انتخذ ٌش ً ان ًىضؼ"
Drug_Products_Directory_Yemen.pdf,313,3,"Arabic source text extracted from PDF requires visual/source review; value was preserved without correction","Local انتخذ ٌش ً ان ًىضؼ"
Drug_Products_Directory_Yemen.pdf,313,4,"Arabic source text extracted from PDF requires visual/source review; value was preserved without correction","Local انتخذ ٌش ً ان ًىضؼ"
Drug_Products_Directory_Yemen.pdf,313,5,"Arabic source text extracted from PDF requires visual/source review; value was preserved without correction","Local انتخذ ٌش ً ان ًىضؼ"
Drug_Products_Directory_Yemen.pdf,313,6,"Arabic source text extracted from PDF requires visual/source review; value was preserved without correction","Local انتخذ ٌش ً ان ًىضؼ"
Drug_Products_Directory_Yemen.pdf,313,7,"Arabic source text extracted from PDF requires visual/source review; value was preserved without correction","األيشاض انؼمه ٍخ"
Drug_Products_Directory_Yemen.pdf,314,1,"Arabic source text extracted from PDF requires visual/source review; value was preserved without correction","Infections ًٍكشوثبد انالهىائ ٍخ ان"
Drug_Products_Directory_Yemen.pdf,314,2,"Arabic source text extracted from PDF requires visual/source review; value was preserved without correction","Infections ًٍكشوثبد انالهىائ ٍخ ان"
Drug_Products_Directory_Yemen.pdf,314,3,"Arabic source text extracted from PDF requires visual/source review; value was preserved without correction","Infections ًٍكشوثبد انالهىائ ٍخ ان"
Drug_Products_Directory_Yemen.pdf,314,4,"Arabic source text extracted from PDF requires visual/source review; value was preserved without correction","Infections ًٍكشوثبد انالهىائ ٍخ ان"
Drug_Products_Directory_Yemen.pdf,314,5,"Arabic source text extracted from PDF requires visual/source review; value was preserved without correction","Infections ًٍكشوثبد انالهىائ ٍخ ان"
Drug_Products_Directory_Yemen.pdf,314,6,"Arabic source text extracted from PDF requires visual/source review; value was preserved without correction","Infections ًٍكشوثبد انالهىائ ٍخ ان"
Drug_Products_Directory_Yemen.pdf,314,7,"Arabic source text extracted from PDF requires visual/source review; value was preserved without correction","Infections ًٍكشوثبد انالهىائ ٍخ ان"
Drug_Products_Directory_Yemen.pdf,315,1,"Arabic source text extracted from PDF requires visual/source review; value was preserved without correction","Infections ًٍكشوثبد انالهىائ ٍخ ان"
Drug_Products_Directory_Yemen.pdf,315,2,"Arabic source text extracted from PDF requires visual/source review; value was preserved without correction","Infections ًٍكشوثبد انالهىائ ٍخ ان"
Drug_Products_Directory_Yemen.pdf,315,3,"Arabic source text extracted from PDF requires visual/source review; value was preserved without correction","Infections ًٍكشوثبد انالهىائ ٍخ ان"
Drug_Products_Directory_Yemen.pdf,315,4,"Arabic source text extracted from PDF requires visual/source review; value was preserved without correction","Infections ًٍكشوثبد انالهىائ ٍخ ان"
Drug_Products_Directory_Yemen.pdf,315,5,"Arabic source text extracted from PDF requires visual/source review; value was preserved without correction","Infections ًٍكشوثبد انالهىائ ٍخ ان"
Drug_Products_Directory_Yemen.pdf,315,6,"Arabic source text extracted from PDF requires visual/source review; value was preserved without correction","Infections ًٍكشوثبد انالهىائ ٍخ ان"
Drug_Products_Directory_Yemen.pdf,315,7,"Arabic source text extracted from PDF requires visual/source review; value was preserved without correction","Infections ًٍكشوثبد انالهىائ ٍخ ان"
Drug_Products_Directory_Yemen.pdf,316,1,"Arabic source text extracted from PDF requires visual/source review; value was preserved without correction","Infections ًٍكشوثبد انالهىائ ٍخ ان"
Drug_Products_Directory_Yemen.pdf,316,2,"Arabic source text extracted from PDF requires visual/source review; value was preserved without correction","Infections ًٍكشوثبد انالهىائ ٍخ ان"
Drug_Products_Directory_Yemen.pdf,316,3,"Arabic source text extracted from PDF requires visual/source review; value was preserved without correction","Infections ًٍكشوثبد انالهىائ ٍخ ان"
Drug_Products_Directory_Yemen.pdf,316,4,"Arabic source text extracted from PDF requires visual/source review; value was preserved without correction","يىا َغ انح ًم"
Drug_Products_Directory_Yemen.pdf,316,5,"Arabic source text extracted from PDF requires visual/source review; value was preserved without correction","يىا َغ انح ًم"
Drug_Products_Directory_Yemen.pdf,316,6,"Arabic source text extracted from PDF requires visual/source review; value was preserved without correction","Infections ًٍكشوثبد انالهىائ ٍخ ان"
Drug_Products_Directory_Yemen.pdf,316,7,"Arabic source text extracted from PDF requires visual/source review; value was preserved without correction","استفبع ضغظ انذو"
Drug_Products_Directory_Yemen.pdf,317,1,"Arabic source text extracted from PDF requires visual/source review; value was preserved without correction","استفبع ضغظ انذو"
Drug_Products_Directory_Yemen.pdf,317,2,"Arabic source text extracted from PDF requires visual/source review; value was preserved without correction","Local انتخذ ٌش ً ان ًىضؼ"
Drug_Products_Directory_Yemen.pdf,317,3,"Arabic source text extracted from PDF requires visual/source review; value was preserved without correction","انفىاق"
Drug_Products_Directory_Yemen.pdf,317,4,"Arabic source text extracted from PDF requires visual/source review; value was preserved without correction","انفىاق"
Drug_Products_Directory_Yemen.pdf,317,5,"Arabic source text extracted from PDF requires visual/source review; value was preserved without correction","ً انذو ٌ ف ص ٌبدح انذهى"
Drug_Products_Directory_Yemen.pdf,317,6,"Arabic source text extracted from PDF requires visual/source review; value was preserved without correction","ً انذو ٌ ف ص ٌبدح انذهى"
Drug_Products_Directory_Yemen.pdf,317,7,"Arabic source text extracted from PDF requires visual/source review; value was preserved without correction","ً انذو ٌ ف ص ٌبدح انذهى"
Drug_Products_Directory_Yemen.pdf,318,1,"Arabic source text extracted from PDF requires visual/source review; value was preserved without correction","( E . N . T ) األ َف ٌ وانح ُجشح واألر"
Drug_Products_Directory_Yemen.pdf,318,2,"Arabic source text extracted from PDF requires visual/source review; value was preserved without correction","ً انذو ٌ ف ص ٌبدح انذهى"
Drug_Products_Directory_Yemen.pdf,318,3,"Arabic source text extracted from PDF requires visual/source review; value was preserved without correction","األيغبن"
Drug_Products_Directory_Yemen.pdf,318,4,"Arabic source text extracted from PDF requires visual/source review; value was preserved without correction","األيغبن"
Drug_Products_Directory_Yemen.pdf,318,5,"Arabic source text extracted from PDF requires visual/source review; value was preserved without correction","Disorders اضطشاثبد انكجذ"
Drug_Products_Directory_Yemen.pdf,318,6,"Arabic source text extracted from PDF requires visual/source review; value was preserved without correction","استفبع ضغظ انذو"
Drug_Products_Directory_Yemen.pdf,318,7,"Arabic source text extracted from PDF requires visual/source review; value was preserved without correction","استفبع ضغظ انذو"
Drug_Products_Directory_Yemen.pdf,319,1,"Arabic source text extracted from PDF requires visual/source review; value was preserved without correction","استفبع ضغظ انذو"
Drug_Products_Directory_Yemen.pdf,319,2,"Arabic source text extracted from PDF requires visual/source review; value was preserved without correction","استفبع ضغظ انذو"
Drug_Products_Directory_Yemen.pdf,319,3,"Arabic source text extracted from PDF requires visual/source review; value was preserved without correction","استفبع ضغظ انذو"
Drug_Products_Directory_Yemen.pdf,319,4,"Arabic source text extracted from PDF requires visual/source review; value was preserved without correction","استفبع ضغظ انذو"
Drug_Products_Directory_Yemen.pdf,319,5,"Arabic source text extracted from PDF requires visual/source review; value was preserved without correction","ً انذو ٌ ف ص ٌبدح انذهى"
Drug_Products_Directory_Yemen.pdf,319,6,"Arabic source text extracted from PDF requires visual/source review; value was preserved without correction","ً انذو ٌ ف ص ٌبدح انذهى"
Drug_Products_Directory_Yemen.pdf,319,7,"Arabic source text extracted from PDF requires visual/source review; value was preserved without correction","Disorders اضطشاثبد انكجذ"
Drug_Products_Directory_Yemen.pdf,320,1,"Arabic source text extracted from PDF requires visual/source review; value was preserved without correction","Disorders اضطشاثبد انكجذ"
Drug_Products_Directory_Yemen.pdf,320,2,"Arabic source text extracted from PDF requires visual/source review; value was preserved without correction","Disorders اضطشاثبد انكجذ"
Drug_Products_Directory_Yemen.pdf,320,3,"Arabic source text extracted from PDF requires visual/source review; value was preserved without correction","Disorders اضطشاثبد انكجذ"
Drug_Products_Directory_Yemen.pdf,320,4,"Arabic source text extracted from PDF requires visual/source review; value was preserved without correction","Disorders اضطشاثبد انكجذ"
Drug_Products_Directory_Yemen.pdf,320,5,"Arabic source text extracted from PDF requires visual/source review; value was preserved without correction","Disorders اضطشاثبد انكجذ"
Drug_Products_Directory_Yemen.pdf,320,6,"Arabic source text extracted from PDF requires visual/source review; value was preserved without correction","Disorders اضطشاثبد انكجذ"
Drug_Products_Directory_Yemen.pdf,320,7,"Arabic source text extracted from PDF requires visual/source review; value was preserved without correction","Disorders اضطشاثبد انكجذ"
Drug_Products_Directory_Yemen.pdf,321,1,"Arabic source text extracted from PDF requires visual/source review; value was preserved without correction","Disorders اضطشاثبد انكجذ"
Drug_Products_Directory_Yemen.pdf,321,2,"Arabic source text extracted from PDF requires visual/source review; value was preserved without correction","Disorders اضطشاثبد انكجذ"
Drug_Products_Directory_Yemen.pdf,321,3,"Arabic source text extracted from PDF requires visual/source review; value was preserved without correction","استفبع ضغظ انذو"
Drug_Products_Directory_Yemen.pdf,321,4,"Arabic source text extracted from PDF requires visual/source review; value was preserved without correction","استفبع ضغظ انذو"
Drug_Products_Directory_Yemen.pdf,321,5,"Arabic source text extracted from PDF requires visual/source review; value was preserved without correction","استفبع ضغظ انذو"
Drug_Products_Directory_Yemen.pdf,321,6,"Arabic source text extracted from PDF requires visual/source review; value was preserved without correction","Local انتخذ ٌش ً ان ًىضؼ"
Drug_Products_Directory_Yemen.pdf,321,7,"Arabic source text extracted from PDF requires visual/source review; value was preserved without correction","استفبع ضغظ انذو"
Drug_Products_Directory_Yemen.pdf,322,4,"Arabic source text extracted from PDF requires visual/source review; value was preserved without correction","ان ًؼذح"
Drug_Products_Directory_Yemen.pdf,322,5,"Arabic source text extracted from PDF requires visual/source review; value was preserved without correction","ان ًؼذح"
Drug_Products_Directory_Yemen.pdf,322,6,"Arabic source text extracted from PDF requires visual/source review; value was preserved without correction","ان ًؼذح"
Drug_Products_Directory_Yemen.pdf,322,7,"Arabic source text extracted from PDF requires visual/source review; value was preserved without correction","ان ًؼذح"
Drug_Products_Directory_Yemen.pdf,323,1,"Arabic source text extracted from PDF requires visual/source review; value was preserved without correction","Infections األصبثبد انجكت ٍش ٌخ"
Drug_Products_Directory_Yemen.pdf,323,2,"Arabic source text extracted from PDF requires visual/source review; value was preserved without correction","األنتهبثبد انجذنذ ٌخ"
Drug_Products_Directory_Yemen.pdf,323,3,"Arabic source text extracted from PDF requires visual/source review; value was preserved without correction","األنتهبثبد انجذنذ ٌخ"
Drug_Products_Directory_Yemen.pdf,323,4,"Arabic source text extracted from PDF requires visual/source review; value was preserved without correction","األنتهبثبد انجذنذ ٌخ"
Drug_Products_Directory_Yemen.pdf,323,5,"Arabic source text extracted from PDF requires visual/source review; value was preserved without correction","األنتهبثبد انجذنذ ٌخ"
Drug_Products_Directory_Yemen.pdf,323,6,"Arabic source text extracted from PDF requires visual/source review; value was preserved without correction","Infections األصبثبد انجكت ٍش ٌخ"
Drug_Products_Directory_Yemen.pdf,323,7,"Arabic source text extracted from PDF requires visual/source review; value was preserved without correction","األنتهبثبد انجذنذ ٌخ"
Drug_Products_Directory_Yemen.pdf,324,1,"Arabic source text extracted from PDF requires visual/source review; value was preserved without correction","Infections األصبثبد انجكت ٍش ٌخ"
Drug_Products_Directory_Yemen.pdf,324,2,"Arabic source text extracted from PDF requires visual/source review; value was preserved without correction","Infections األصبثبد انجكت ٍش ٌخ"
Drug_Products_Directory_Yemen.pdf,324,3,"Arabic source text extracted from PDF requires visual/source review; value was preserved without correction","ً انذو ٌ ف ص ٌبدح انذهى"
Drug_Products_Directory_Yemen.pdf,324,4,"Arabic source text extracted from PDF requires visual/source review; value was preserved without correction","Infections األصبثبد انجكت ٍش ٌخ"
Drug_Products_Directory_Yemen.pdf,324,5,"Arabic source text extracted from PDF requires visual/source review; value was preserved without correction","Infections األصبثبد انجكت ٍش ٌخ"
Drug_Products_Directory_Yemen.pdf,324,6,"Arabic source text extracted from PDF requires visual/source review; value was preserved without correction","Infections األصبثبد انجكت ٍش ٌخ"
Drug_Products_Directory_Yemen.pdf,324,7,"Arabic source text extracted from PDF requires visual/source review; value was preserved without correction","استفبع ضغظ انذو"
Drug_Products_Directory_Yemen.pdf,325,2,"Arabic source text extracted from PDF requires visual/source review; value was preserved without correction","Disorders اضطشاثبد انجهبص ً انت ُفغ"
Drug_Products_Directory_Yemen.pdf,325,3,"Arabic source text extracted from PDF requires visual/source review; value was preserved without correction","Disorders اضطشاثبد انجهبص ً انت ُفغ"
Drug_Products_Directory_Yemen.pdf,325,4,"Arabic source text extracted from PDF requires visual/source review; value was preserved without correction","Insumnea األسق وانمهك"
Drug_Products_Directory_Yemen.pdf,325,6,"Arabic source text extracted from PDF requires visual/source review; value was preserved without correction","Infections األصبثبد انجكت ٍش ٌخ"
Drug_Products_Directory_Yemen.pdf,325,7,"Arabic source text extracted from PDF requires visual/source review; value was preserved without correction","استفبع ضغظ انذو"
Drug_Products_Directory_Yemen.pdf,326,1,"Arabic source text extracted from PDF requires visual/source review; value was preserved without correction","ان ًؼذح"
Drug_Products_Directory_Yemen.pdf,326,2,"Arabic source text extracted from PDF requires visual/source review; value was preserved without correction","استفبع ضغظ انذو"
Drug_Products_Directory_Yemen.pdf,326,3,"Arabic source text extracted from PDF requires visual/source review; value was preserved without correction","استفبع ضغظ انذو"
Drug_Products_Directory_Yemen.pdf,326,4,"Arabic source text extracted from PDF requires visual/source review; value was preserved without correction","استفبع ضغظ انذو"
Drug_Products_Directory_Yemen.pdf,326,5,"Arabic source text extracted from PDF requires visual/source review; value was preserved without correction","استفبع ضغظ انذو"
Drug_Products_Directory_Yemen.pdf,326,6,"Arabic source text extracted from PDF requires visual/source review; value was preserved without correction","استفبع ضغظ انذو"
Drug_Products_Directory_Yemen.pdf,326,7,"Arabic source text extracted from PDF requires visual/source review; value was preserved without correction","استفبع ضغظ انذو"
Drug_Products_Directory_Yemen.pdf,327,1,"Arabic source text extracted from PDF requires visual/source review; value was preserved without correction","استفبع ضغظ انذو"
Drug_Products_Directory_Yemen.pdf,327,2,"Arabic source text extracted from PDF requires visual/source review; value was preserved without correction","استفبع ضغظ انذو"
Drug_Products_Directory_Yemen.pdf,327,3,"Arabic source text extracted from PDF requires visual/source review; value was preserved without correction","Spasm ٍ آالو انجط"
Drug_Products_Directory_Yemen.pdf,327,4,"Arabic source text extracted from PDF requires visual/source review; value was preserved without correction","األيشاض انؼمه ٍخ"
Drug_Products_Directory_Yemen.pdf,327,5,"Arabic source text extracted from PDF requires visual/source review; value was preserved without correction","األيشاض انؼمه ٍخ"
Drug_Products_Directory_Yemen.pdf,327,6,"Arabic source text extracted from PDF requires visual/source review; value was preserved without correction","األيشاض انؼمه ٍخ"
Drug_Products_Directory_Yemen.pdf,328,2,"Arabic source text extracted from PDF requires visual/source review; value was preserved without correction","استفبع ضغظ انذو"
Drug_Products_Directory_Yemen.pdf,328,3,"Arabic source text extracted from PDF requires visual/source review; value was preserved without correction","استفبع ضغظ انذو"
Drug_Products_Directory_Yemen.pdf,328,4,"Arabic source text extracted from PDF requires visual/source review; value was preserved without correction","استفبع ضغظ انذو"
Drug_Products_Directory_Yemen.pdf,328,5,"Arabic source text extracted from PDF requires visual/source review; value was preserved without correction","استفبع ضغظ انذو"
Drug_Products_Directory_Yemen.pdf,328,6,"Arabic source text extracted from PDF requires visual/source review; value was preserved without correction","استفبع ضغظ انذو"
Drug_Products_Directory_Yemen.pdf,328,7,"Arabic source text extracted from PDF requires visual/source review; value was preserved without correction","استفبع ضغظ انذو"
Drug_Products_Directory_Yemen.pdf,329,1,"Arabic source text extracted from PDF requires visual/source review; value was preserved without correction","األنتهبثبد انجذنذ ٌخ"
Drug_Products_Directory_Yemen.pdf,329,2,"Arabic source text extracted from PDF requires visual/source review; value was preserved without correction","ي ُشطبد ج ُغ ٍخ"
Drug_Products_Directory_Yemen.pdf,329,3,"Arabic source text extracted from PDF requires visual/source review; value was preserved without correction","استفبع ضغظ انذو"
Drug_Products_Directory_Yemen.pdf,329,4,"Arabic source text extracted from PDF requires visual/source review; value was preserved without correction","Infections األصبثبد انجكت ٍش ٌخ"
Drug_Products_Directory_Yemen.pdf,329,5,"Arabic source text extracted from PDF requires visual/source review; value was preserved without correction","ان ًؼذح"
Drug_Products_Directory_Yemen.pdf,330,1,"Arabic source text extracted from PDF requires visual/source review; value was preserved without correction","Disorders اضطشاثبد انكجذ"
Drug_Products_Directory_Yemen.pdf,330,5,"Arabic source text extracted from PDF requires visual/source review; value was preserved without correction","انهضى"
Drug_Products_Directory_Yemen.pdf,330,6,"Arabic source text extracted from PDF requires visual/source review; value was preserved without correction","انهضى"
Drug_Products_Directory_Yemen.pdf,330,7,"Arabic source text extracted from PDF requires visual/source review; value was preserved without correction","ان ًؼذح"
Drug_Products_Directory_Yemen.pdf,331,1,"Arabic source text extracted from PDF requires visual/source review; value was preserved without correction","Infections األصبثبد انجكت ٍش ٌخ"
Drug_Products_Directory_Yemen.pdf,331,2,"Arabic source text extracted from PDF requires visual/source review; value was preserved without correction","Infections األصبثبد انجكت ٍش ٌخ"
Drug_Products_Directory_Yemen.pdf,331,4,"Arabic source text extracted from PDF requires visual/source review; value was preserved without correction","Infections األصبثبد انجكت ٍش ٌخ"
Drug_Products_Directory_Yemen.pdf,331,5,"Arabic source text extracted from PDF requires visual/source review; value was preserved without correction","األيغبن"
Drug_Products_Directory_Yemen.pdf,331,6,"Arabic source text extracted from PDF requires visual/source review; value was preserved without correction","األيغبن"
Drug_Products_Directory_Yemen.pdf,331,7,"Arabic source text extracted from PDF requires visual/source review; value was preserved without correction","األيغبن"
Drug_Products_Directory_Yemen.pdf,332,1,"Arabic source text extracted from PDF requires visual/source review; value was preserved without correction","Deficiency َمص ف ٍتبي ٍُبد"
Drug_Products_Directory_Yemen.pdf,332,2,"Arabic source text extracted from PDF requires visual/source review; value was preserved without correction","Deficiency َمص ف ٍتبي ٍُبد"
Drug_Products_Directory_Yemen.pdf,332,3,"Arabic source text extracted from PDF requires visual/source review; value was preserved without correction","األيغبن"
Drug_Products_Directory_Yemen.pdf,333,4,"Arabic source text extracted from PDF requires visual/source review; value was preserved without correction","Deficiency َمص ف ٍتبي ٍُبد"
Drug_Products_Directory_Yemen.pdf,334,2,"Arabic source text extracted from PDF requires visual/source review; value was preserved without correction","انجهطبد"
Drug_Products_Directory_Yemen.pdf,334,3,"Arabic source text extracted from PDF requires visual/source review; value was preserved without correction","انجهطبد"
Drug_Products_Directory_Yemen.pdf,334,4,"Arabic source text extracted from PDF requires visual/source review; value was preserved without correction","Disorders اضطشاثبد انكجذ"
Drug_Products_Directory_Yemen.pdf,334,5,"Arabic source text extracted from PDF requires visual/source review; value was preserved without correction","Disorders اضطشاثبد انكجذ"
Drug_Products_Directory_Yemen.pdf,334,6,"Arabic source text extracted from PDF requires visual/source review; value was preserved without correction","يىا َغ انح ًم"
Drug_Products_Directory_Yemen.pdf,335,3,"Arabic source text extracted from PDF requires visual/source review; value was preserved without correction","انتهبثبد انؼظبو"
Drug_Products_Directory_Yemen.pdf,335,4,"Arabic source text extracted from PDF requires visual/source review; value was preserved without correction","انتهبثبد انؼظبو"
Drug_Products_Directory_Yemen.pdf,335,6,"Arabic source text extracted from PDF requires visual/source review; value was preserved without correction","Infections األصبثبد انجكت ٍش ٌخ"
Drug_Products_Directory_Yemen.pdf,335,7,"Arabic source text extracted from PDF requires visual/source review; value was preserved without correction","األوجبع"
Drug_Products_Directory_Yemen.pdf,336,1,"Arabic source text extracted from PDF requires visual/source review; value was preserved without correction","انتهبثبد انؼظبو"
Drug_Products_Directory_Yemen.pdf,336,2,"Arabic source text extracted from PDF requires visual/source review; value was preserved without correction","األنتهبثبد"
Drug_Products_Directory_Yemen.pdf,336,7,"Arabic source text extracted from PDF requires visual/source review; value was preserved without correction","انتئبو انجشوح"
Drug_Products_Directory_Yemen.pdf,337,2,"Arabic source text extracted from PDF requires visual/source review; value was preserved without correction","األوجبع"
Drug_Products_Directory_Yemen.pdf,337,3,"Arabic source text extracted from PDF requires visual/source review; value was preserved without correction","األوجبع"
Drug_Products_Directory_Yemen.pdf,337,4,"Arabic source text extracted from PDF requires visual/source review; value was preserved without correction","vomiting ٌ انغث ٍب وانطشػ"
Drug_Products_Directory_Yemen.pdf,338,1,"Arabic source text extracted from PDF requires visual/source review; value was preserved without correction","Infections ًٍكشوثبد انالهىائ ٍخ ان"
Drug_Products_Directory_Yemen.pdf,338,2,"Arabic source text extracted from PDF requires visual/source review; value was preserved without correction","األوجبع"
Drug_Products_Directory_Yemen.pdf,338,3,"Arabic source text extracted from PDF requires visual/source review; value was preserved without correction","ٌ انشبئؼخ انذ ٌذا"
Drug_Products_Directory_Yemen.pdf,338,4,"Arabic source text extracted from PDF requires visual/source review; value was preserved without correction","Gardiasis جبسد ٌب واي ٍج ٍب"
Drug_Products_Directory_Yemen.pdf,338,5,"Arabic source text extracted from PDF requires visual/source review; value was preserved without correction","Gardiasis جبسد ٌب واي ٍج ٍب"
Drug_Products_Directory_Yemen.pdf,339,1,"Arabic source text extracted from PDF requires visual/source review; value was preserved without correction","انجىاع ٍش"
Drug_Products_Directory_Yemen.pdf,339,2,"Arabic source text extracted from PDF requires visual/source review; value was preserved without correction","ان ًؼذح"
Drug_Products_Directory_Yemen.pdf,339,4,"Arabic source text extracted from PDF requires visual/source review; value was preserved without correction","Disorders اضطشاثبد انجهبص ً انت ُفغ"
Drug_Products_Directory_Yemen.pdf,339,5,"Arabic source text extracted from PDF requires visual/source review; value was preserved without correction","األوجبع"
Drug_Products_Directory_Yemen.pdf,339,6,"Arabic source text extracted from PDF requires visual/source review; value was preserved without correction","األوجبع"
Drug_Products_Directory_Yemen.pdf,339,7,"Arabic source text extracted from PDF requires visual/source review; value was preserved without correction","األوجبع"
Drug_Products_Directory_Yemen.pdf,340,1,"Arabic source text extracted from PDF requires visual/source review; value was preserved without correction","Deficiency َمص ف ٍتبي ٍُبد"
Drug_Products_Directory_Yemen.pdf,340,5,"Arabic source text extracted from PDF requires visual/source review; value was preserved without correction","األوجبع"
Drug_Products_Directory_Yemen.pdf,340,6,"Arabic source text extracted from PDF requires visual/source review; value was preserved without correction","األوجبع"
Drug_Products_Directory_Yemen.pdf,340,7,"Arabic source text extracted from PDF requires visual/source review; value was preserved without correction","انفىاق"
Drug_Products_Directory_Yemen.pdf,341,1,"Arabic source text extracted from PDF requires visual/source review; value was preserved without correction","األوجبع"
Drug_Products_Directory_Yemen.pdf,341,2,"Arabic source text extracted from PDF requires visual/source review; value was preserved without correction","األوجبع"
Drug_Products_Directory_Yemen.pdf,341,3,"Arabic source text extracted from PDF requires visual/source review; value was preserved without correction","األوجبع"
Drug_Products_Directory_Yemen.pdf,341,4,"Arabic source text extracted from PDF requires visual/source review; value was preserved without correction","األوجبع"
Drug_Products_Directory_Yemen.pdf,341,6,"Arabic source text extracted from PDF requires visual/source review; value was preserved without correction","األنتهبثبد انجذنذ ٌخ"
Drug_Products_Directory_Yemen.pdf,341,7,"Arabic source text extracted from PDF requires visual/source review; value was preserved without correction","األوجبع"
Drug_Products_Directory_Yemen.pdf,342,1,"Arabic source text extracted from PDF requires visual/source review; value was preserved without correction","األوجبع"
Drug_Products_Directory_Yemen.pdf,342,2,"Arabic source text extracted from PDF requires visual/source review; value was preserved without correction","األوجبع"
Drug_Products_Directory_Yemen.pdf,342,3,"Arabic source text extracted from PDF requires visual/source review; value was preserved without correction","األوجبع"
Drug_Products_Directory_Yemen.pdf,342,4,"Arabic source text extracted from PDF requires visual/source review; value was preserved without correction","األوجبع"
Drug_Products_Directory_Yemen.pdf,342,5,"Arabic source text extracted from PDF requires visual/source review; value was preserved without correction","األوجبع"
Drug_Products_Directory_Yemen.pdf,342,6,"Arabic source text extracted from PDF requires visual/source review; value was preserved without correction","األوجبع"
Drug_Products_Directory_Yemen.pdf,342,7,"Arabic source text extracted from PDF requires visual/source review; value was preserved without correction","َضالد انجشد"
Drug_Products_Directory_Yemen.pdf,343,1,"Arabic source text extracted from PDF requires visual/source review; value was preserved without correction","َضالد انجشد"
Drug_Products_Directory_Yemen.pdf,343,3,"Arabic source text extracted from PDF requires visual/source review; value was preserved without correction","األيغبن"
Drug_Products_Directory_Yemen.pdf,343,4,"Arabic source text extracted from PDF requires visual/source review; value was preserved without correction","األيغبن"
Drug_Products_Directory_Yemen.pdf,343,5,"Arabic source text extracted from PDF requires visual/source review; value was preserved without correction","األيغبن"
Drug_Products_Directory_Yemen.pdf,343,7,"Arabic source text extracted from PDF requires visual/source review; value was preserved without correction","Disorders اضطشاثبد انكجذ"
Drug_Products_Directory_Yemen.pdf,344,1,"Arabic source text extracted from PDF requires visual/source review; value was preserved without correction","Disorders اضطشاثبد انكجذ"
Drug_Products_Directory_Yemen.pdf,344,2,"Arabic source text extracted from PDF requires visual/source review; value was preserved without correction","Disorders اضطشاثبد انكجذ"
Drug_Products_Directory_Yemen.pdf,344,3,"Arabic source text extracted from PDF requires visual/source review; value was preserved without correction","Disorders اضطشاثبد انكجذ"
Drug_Products_Directory_Yemen.pdf,344,4,"Arabic source text extracted from PDF requires visual/source review; value was preserved without correction","Disorders اضطشاثبد انكجذ"
Drug_Products_Directory_Yemen.pdf,344,5,"Arabic source text extracted from PDF requires visual/source review; value was preserved without correction","Disorders اضطشاثبد انكجذ"
Drug_Products_Directory_Yemen.pdf,344,7,"Arabic source text extracted from PDF requires visual/source review; value was preserved without correction","ان ًؼذح"
Drug_Products_Directory_Yemen.pdf,345,1,"Arabic source text extracted from PDF requires visual/source review; value was preserved without correction","انصذس ٌخ"
Drug_Products_Directory_Yemen.pdf,345,2,"Arabic source text extracted from PDF requires visual/source review; value was preserved without correction","َضالد انجشد"
Drug_Products_Directory_Yemen.pdf,345,3,"Arabic source text extracted from PDF requires visual/source review; value was preserved without correction","Gardiasis جبسد ٌب واي ٍج ٍب"
Drug_Products_Directory_Yemen.pdf,345,4,"Arabic source text extracted from PDF requires visual/source review; value was preserved without correction","Gardiasis جبسد ٌب واي ٍج ٍب"
Drug_Products_Directory_Yemen.pdf,345,5,"Arabic source text extracted from PDF requires visual/source review; value was preserved without correction","Gardiasis جبسد ٌب واي ٍج ٍب"
Drug_Products_Directory_Yemen.pdf,345,6,"Arabic source text extracted from PDF requires visual/source review; value was preserved without correction","Gardiasis جبسد ٌب واي ٍج ٍب"
Drug_Products_Directory_Yemen.pdf,345,7,"Arabic source text extracted from PDF requires visual/source review; value was preserved without correction","Gardiasis جبسد ٌب واي ٍج ٍب"
Drug_Products_Directory_Yemen.pdf,346,1,"Arabic source text extracted from PDF requires visual/source review; value was preserved without correction","Gardiasis جبسد ٌب واي ٍج ٍب"
Drug_Products_Directory_Yemen.pdf,346,2,"Arabic source text extracted from PDF requires visual/source review; value was preserved without correction","أيشاض انغكشي"
Drug_Products_Directory_Yemen.pdf,346,3,"Arabic source text extracted from PDF requires visual/source review; value was preserved without correction","أيشاض انغكشي"
Drug_Products_Directory_Yemen.pdf,346,4,"Arabic source text extracted from PDF requires visual/source review; value was preserved without correction","أيشاض انغكشي"
Drug_Products_Directory_Yemen.pdf,346,5,"Arabic source text extracted from PDF requires visual/source review; value was preserved without correction","أيشاض انغكشي"
Drug_Products_Directory_Yemen.pdf,346,6,"Arabic source text extracted from PDF requires visual/source review; value was preserved without correction","أيشاض انغكشي"
Drug_Products_Directory_Yemen.pdf,346,7,"Arabic source text extracted from PDF requires visual/source review; value was preserved without correction","أيشاض انغكشي"
Drug_Products_Directory_Yemen.pdf,347,1,"Arabic source text extracted from PDF requires visual/source review; value was preserved without correction","أيشاض انغكشي"
Drug_Products_Directory_Yemen.pdf,347,2,"Arabic source text extracted from PDF requires visual/source review; value was preserved without correction","أيشاض انغكشي"
Drug_Products_Directory_Yemen.pdf,347,3,"Arabic source text extracted from PDF requires visual/source review; value was preserved without correction","أيشاض انغكشي"
Drug_Products_Directory_Yemen.pdf,347,4,"Arabic source text extracted from PDF requires visual/source review; value was preserved without correction","أيشاض انغكشي"
Drug_Products_Directory_Yemen.pdf,347,5,"Arabic source text extracted from PDF requires visual/source review; value was preserved without correction","أيشاض انغكشي"
Drug_Products_Directory_Yemen.pdf,348,1,"Arabic source text extracted from PDF requires visual/source review; value was preserved without correction","ان ُض ٌف"
Drug_Products_Directory_Yemen.pdf,348,2,"Arabic source text extracted from PDF requires visual/source review; value was preserved without correction","ٌ انغشطب ) ) انخج ٍثخ"
Drug_Products_Directory_Yemen.pdf,348,3,"Arabic source text extracted from PDF requires visual/source review; value was preserved without correction","ٌ انغشطب ) ) انخج ٍثخ"
Drug_Products_Directory_Yemen.pdf,348,7,"Arabic source text extracted from PDF requires visual/source review; value was preserved without correction","أيشاض انغكشي"
Drug_Products_Directory_Yemen.pdf,349,1,"Arabic source text extracted from PDF requires visual/source review; value was preserved without correction","vomiting ٌ انغث ٍب وانطشػ"
Drug_Products_Directory_Yemen.pdf,349,2,"Arabic source text extracted from PDF requires visual/source review; value was preserved without correction","vomiting ٌ انغث ٍب وانطشػ"
Drug_Products_Directory_Yemen.pdf,349,3,"Arabic source text extracted from PDF requires visual/source review; value was preserved without correction","vomiting ٌ انغث ٍب وانطشػ"
Drug_Products_Directory_Yemen.pdf,349,4,"Arabic source text extracted from PDF requires visual/source review; value was preserved without correction","vomiting ٌ انغث ٍب وانطشػ"
Drug_Products_Directory_Yemen.pdf,349,6,"Arabic source text extracted from PDF requires visual/source review; value was preserved without correction","استفبع ضغظ انذو"
Drug_Products_Directory_Yemen.pdf,350,2,"Arabic source text extracted from PDF requires visual/source review; value was preserved without correction","Gardiasis جبسد ٌب واي ٍج ٍب"
Drug_Products_Directory_Yemen.pdf,350,3,"Arabic source text extracted from PDF requires visual/source review; value was preserved without correction","Gardiasis جبسد ٌب واي ٍج ٍب"
Drug_Products_Directory_Yemen.pdf,350,4,"Arabic source text extracted from PDF requires visual/source review; value was preserved without correction","Gardiasis جبسد ٌب واي ٍج ٍب"
Drug_Products_Directory_Yemen.pdf,350,6,"Arabic source text extracted from PDF requires visual/source review; value was preserved without correction","Gardiasis جبسد ٌب واي ٍج ٍب"
Drug_Products_Directory_Yemen.pdf,350,7,"Arabic source text extracted from PDF requires visual/source review; value was preserved without correction","Gardiasis جبسد ٌب واي ٍج ٍب"
Drug_Products_Directory_Yemen.pdf,351,1,"Arabic source text extracted from PDF requires visual/source review; value was preserved without correction","Gardiasis جبسد ٌب واي ٍج ٍب"
Drug_Products_Directory_Yemen.pdf,351,2,"Arabic source text extracted from PDF requires visual/source review; value was preserved without correction","Gardiasis جبسد ٌب واي ٍج ٍب"
Drug_Products_Directory_Yemen.pdf,351,3,"Arabic source text extracted from PDF requires visual/source review; value was preserved without correction","Gardiasis جبسد ٌب واي ٍج ٍب"
Drug_Products_Directory_Yemen.pdf,351,4,"Arabic source text extracted from PDF requires visual/source review; value was preserved without correction","Spasm ٍ آالو انجط"
Drug_Products_Directory_Yemen.pdf,351,6,"Arabic source text extracted from PDF requires visual/source review; value was preserved without correction","General انتخذ ٌش انؼبو"
Drug_Products_Directory_Yemen.pdf,351,7,"Arabic source text extracted from PDF requires visual/source review; value was preserved without correction","األصبثبد انفطش ٌخ"
Drug_Products_Directory_Yemen.pdf,352,1,"Arabic source text extracted from PDF requires visual/source review; value was preserved without correction","األصبثبد انفطش ٌخ"
Drug_Products_Directory_Yemen.pdf,352,2,"Arabic source text extracted from PDF requires visual/source review; value was preserved without correction","األصبثبد انفطش ٌخ"
Drug_Products_Directory_Yemen.pdf,352,4,"Arabic source text extracted from PDF requires visual/source review; value was preserved without correction","يىا َغ انح ًم"
Drug_Products_Directory_Yemen.pdf,352,5,"Arabic source text extracted from PDF requires visual/source review; value was preserved without correction","Gardiasis جبسد ٌب واي ٍج ٍب"
Drug_Products_Directory_Yemen.pdf,352,6,"Arabic source text extracted from PDF requires visual/source review; value was preserved without correction","Gardiasis جبسد ٌب واي ٍج ٍب"
Drug_Products_Directory_Yemen.pdf,353,1,"Arabic source text extracted from PDF requires visual/source review; value was preserved without correction","Infections ًٍكشوث ٍخ األصبثبد ان انخط ٍشح"
Drug_Products_Directory_Yemen.pdf,353,3,"Arabic source text extracted from PDF requires visual/source review; value was preserved without correction","Disorders اضطشاثبد انكجذ"
Drug_Products_Directory_Yemen.pdf,353,5,"Arabic source text extracted from PDF requires visual/source review; value was preserved without correction","Deficiency َمص ف ٍتبي ٍُبد"
Drug_Products_Directory_Yemen.pdf,353,6,"Arabic source text extracted from PDF requires visual/source review; value was preserved without correction","Deficiency َمص ف ٍتبي ٍُبد"
Drug_Products_Directory_Yemen.pdf,353,7,"Arabic source text extracted from PDF requires visual/source review; value was preserved without correction","َضالد انجشد"
Drug_Products_Directory_Yemen.pdf,354,1,"Arabic source text extracted from PDF requires visual/source review; value was preserved without correction","األنتهبثبد انجذنذ ٌخ"
Drug_Products_Directory_Yemen.pdf,354,2,"Arabic source text extracted from PDF requires visual/source review; value was preserved without correction","Asthma انشثى ً انشؼج"
Drug_Products_Directory_Yemen.pdf,354,3,"Arabic source text extracted from PDF requires visual/source review; value was preserved without correction","انؼبيخ"
Drug_Products_Directory_Yemen.pdf,354,4,"Arabic source text extracted from PDF requires visual/source review; value was preserved without correction","انؼبيخ"
Drug_Products_Directory_Yemen.pdf,354,5,"Arabic source text extracted from PDF requires visual/source review; value was preserved without correction","األيشاض انؼمه ٍخ"
Drug_Products_Directory_Yemen.pdf,354,6,"Arabic source text extracted from PDF requires visual/source review; value was preserved without correction","disease يشض انشػبػ"
Drug_Products_Directory_Yemen.pdf,354,7,"Arabic source text extracted from PDF requires visual/source review; value was preserved without correction","ان ًؼذح"
Drug_Products_Directory_Yemen.pdf,355,1,"Arabic source text extracted from PDF requires visual/source review; value was preserved without correction","األنتهبثبد انجذنذ ٌخ"
Drug_Products_Directory_Yemen.pdf,355,2,"Arabic source text extracted from PDF requires visual/source review; value was preserved without correction","أيشاض انغكشي"
Drug_Products_Directory_Yemen.pdf,355,3,"Arabic source text extracted from PDF requires visual/source review; value was preserved without correction","أيشاض انغكشي"
Drug_Products_Directory_Yemen.pdf,355,4,"Arabic source text extracted from PDF requires visual/source review; value was preserved without correction","أيشاض انغكشي"
Drug_Products_Directory_Yemen.pdf,355,5,"Arabic source text extracted from PDF requires visual/source review; value was preserved without correction","أيشاض انغكشي"
Drug_Products_Directory_Yemen.pdf,355,6,"Arabic source text extracted from PDF requires visual/source review; value was preserved without correction","أيشاض انغكشي"
Drug_Products_Directory_Yemen.pdf,355,7,"Arabic source text extracted from PDF requires visual/source review; value was preserved without correction","Disorders اضطشاثبد انجهبص ً انت ُفغ"
Drug_Products_Directory_Yemen.pdf,356,1,"Arabic source text extracted from PDF requires visual/source review; value was preserved without correction","األوجبع"
Drug_Products_Directory_Yemen.pdf,356,2,"Arabic source text extracted from PDF requires visual/source review; value was preserved without correction","األوجبع"
Drug_Products_Directory_Yemen.pdf,356,3,"Arabic source text extracted from PDF requires visual/source review; value was preserved without correction","األوجبع"
Drug_Products_Directory_Yemen.pdf,356,4,"Arabic source text extracted from PDF requires visual/source review; value was preserved without correction","األوجبع"
Drug_Products_Directory_Yemen.pdf,356,5,"Arabic source text extracted from PDF requires visual/source review; value was preserved without correction","األوجبع"
Drug_Products_Directory_Yemen.pdf,356,6,"Arabic source text extracted from PDF requires visual/source review; value was preserved without correction","األوجبع"
Drug_Products_Directory_Yemen.pdf,356,7,"Arabic source text extracted from PDF requires visual/source review; value was preserved without correction","األوجبع"
Drug_Products_Directory_Yemen.pdf,357,1,"Arabic source text extracted from PDF requires visual/source review; value was preserved without correction","األوجبع"
Drug_Products_Directory_Yemen.pdf,357,2,"Arabic source text extracted from PDF requires visual/source review; value was preserved without correction","األوجبع"
Drug_Products_Directory_Yemen.pdf,357,3,"Arabic source text extracted from PDF requires visual/source review; value was preserved without correction","األوجبع"
Drug_Products_Directory_Yemen.pdf,357,4,"Arabic source text extracted from PDF requires visual/source review; value was preserved without correction","األوجبع"
Drug_Products_Directory_Yemen.pdf,357,5,"Arabic source text extracted from PDF requires visual/source review; value was preserved without correction","استفبع ضغظ انذو"
Drug_Products_Directory_Yemen.pdf,357,6,"Arabic source text extracted from PDF requires visual/source review; value was preserved without correction","Infections األصبثبد انجكت ٍش ٌخ"
Drug_Products_Directory_Yemen.pdf,357,7,"Arabic source text extracted from PDF requires visual/source review; value was preserved without correction","Infections األصبثبد انجكت ٍش ٌخ"
Drug_Products_Directory_Yemen.pdf,358,1,"Arabic source text extracted from PDF requires visual/source review; value was preserved without correction","استفبع ضغظ انذو"
Drug_Products_Directory_Yemen.pdf,358,2,"Arabic source text extracted from PDF requires visual/source review; value was preserved without correction","استفبع ضغظ انذو"
Drug_Products_Directory_Yemen.pdf,358,3,"Arabic source text extracted from PDF requires visual/source review; value was preserved without correction","األنتهبثبد انجذنذ ٌخ"
Drug_Products_Directory_Yemen.pdf,358,5,"Arabic source text extracted from PDF requires visual/source review; value was preserved without correction","انصذس ٌخ"
Drug_Products_Directory_Yemen.pdf,358,6,"Arabic source text extracted from PDF requires visual/source review; value was preserved without correction","Asthma انشثى ً انشؼج"
Drug_Products_Directory_Yemen.pdf,358,7,"Arabic source text extracted from PDF requires visual/source review; value was preserved without correction","Asthma انشثى ً انشؼج"
Drug_Products_Directory_Yemen.pdf,359,2,"Arabic source text extracted from PDF requires visual/source review; value was preserved without correction","Stimulant ي ُشطبد انشه ٍخ"
Drug_Products_Directory_Yemen.pdf,359,3,"Arabic source text extracted from PDF requires visual/source review; value was preserved without correction","vomiting ٌ انغث ٍب وانطشػ"
Drug_Products_Directory_Yemen.pdf,359,4,"Arabic source text extracted from PDF requires visual/source review; value was preserved without correction","vomiting ٌ انغث ٍب وانطشػ"
Drug_Products_Directory_Yemen.pdf,359,5,"Arabic source text extracted from PDF requires visual/source review; value was preserved without correction","vomiting ٌ انغث ٍب وانطشػ"
Drug_Products_Directory_Yemen.pdf,359,6,"Arabic source text extracted from PDF requires visual/source review; value was preserved without correction","vomiting ٌ انغث ٍب وانطشػ"
Drug_Products_Directory_Yemen.pdf,359,7,"Arabic source text extracted from PDF requires visual/source review; value was preserved without correction","vomiting ٌ انغث ٍب وانطشػ"
Drug_Products_Directory_Yemen.pdf,360,1,"Arabic source text extracted from PDF requires visual/source review; value was preserved without correction","vomiting ٌ انغث ٍب وانطشػ"
Drug_Products_Directory_Yemen.pdf,360,2,"Arabic source text extracted from PDF requires visual/source review; value was preserved without correction","vomiting ٌ انغث ٍب وانطشػ"
Drug_Products_Directory_Yemen.pdf,360,3,"Arabic source text extracted from PDF requires visual/source review; value was preserved without correction","vomiting ٌ انغث ٍب وانطشػ"
Drug_Products_Directory_Yemen.pdf,360,4,"Arabic source text extracted from PDF requires visual/source review; value was preserved without correction","vomiting ٌ انغث ٍب وانطشػ"
Drug_Products_Directory_Yemen.pdf,360,5,"Arabic source text extracted from PDF requires visual/source review; value was preserved without correction","vomiting ٌ انغث ٍب وانطشػ"
Drug_Products_Directory_Yemen.pdf,360,6,"Arabic source text extracted from PDF requires visual/source review; value was preserved without correction","vomiting ٌ انغث ٍب وانطشػ"
Drug_Products_Directory_Yemen.pdf,360,7,"Arabic source text extracted from PDF requires visual/source review; value was preserved without correction","vomiting ٌ انغث ٍب وانطشػ"
Drug_Products_Directory_Yemen.pdf,361,1,"Arabic source text extracted from PDF requires visual/source review; value was preserved without correction","vomiting ٌ انغث ٍب وانطشػ"
Drug_Products_Directory_Yemen.pdf,361,2,"Arabic source text extracted from PDF requires visual/source review; value was preserved without correction","vomiting ٌ انغث ٍب وانطشػ"
Drug_Products_Directory_Yemen.pdf,361,3,"Arabic source text extracted from PDF requires visual/source review; value was preserved without correction","vomiting ٌ انغث ٍب وانطشػ"
Drug_Products_Directory_Yemen.pdf,361,4,"Arabic source text extracted from PDF requires visual/source review; value was preserved without correction","vomiting ٌ انغث ٍب وانطشػ"
Drug_Products_Directory_Yemen.pdf,361,5,"Arabic source text extracted from PDF requires visual/source review; value was preserved without correction","vomiting ٌ انغث ٍب وانطشػ"
Drug_Products_Directory_Yemen.pdf,361,6,"Arabic source text extracted from PDF requires visual/source review; value was preserved without correction","vomiting ٌ انغث ٍب وانطشػ"
Drug_Products_Directory_Yemen.pdf,361,7,"Arabic source text extracted from PDF requires visual/source review; value was preserved without correction","vomiting ٌ انغث ٍب وانطشػ"
Drug_Products_Directory_Yemen.pdf,362,1,"Arabic source text extracted from PDF requires visual/source review; value was preserved without correction","vomiting ٌ انغث ٍب وانطشػ"
Drug_Products_Directory_Yemen.pdf,362,2,"Arabic source text extracted from PDF requires visual/source review; value was preserved without correction","Infections األصبثبد انجكت ٍش ٌخ"
Drug_Products_Directory_Yemen.pdf,362,3,"Arabic source text extracted from PDF requires visual/source review; value was preserved without correction","انهضى"
Drug_Products_Directory_Yemen.pdf,362,4,"Arabic source text extracted from PDF requires visual/source review; value was preserved without correction","انهضى"
Drug_Products_Directory_Yemen.pdf,363,3,"Arabic source text extracted from PDF requires visual/source review; value was preserved without correction","Infections األصبثبد انجكت ٍش ٌخ"
Drug_Products_Directory_Yemen.pdf,363,7,"Arabic source text extracted from PDF requires visual/source review; value was preserved without correction","Infections األصبثبد انجكت ٍش ٌخ"
Drug_Products_Directory_Yemen.pdf,364,1,"Arabic source text extracted from PDF requires visual/source review; value was preserved without correction","Infections األصبثبد انجكت ٍش ٌخ"
Drug_Products_Directory_Yemen.pdf,364,2,"Arabic source text extracted from PDF requires visual/source review; value was preserved without correction","Infections األصبثبد انجكت ٍش ٌخ"
Drug_Products_Directory_Yemen.pdf,364,4,"Arabic source text extracted from PDF requires visual/source review; value was preserved without correction","Infections األصبثبد انجكت ٍش ٌخ"
Drug_Products_Directory_Yemen.pdf,364,5,"Arabic source text extracted from PDF requires visual/source review; value was preserved without correction","انهضى"
Drug_Products_Directory_Yemen.pdf,364,6,"Arabic source text extracted from PDF requires visual/source review; value was preserved without correction","Disorders اضطشاثبد انجهبص ً انت ُفغ"
Drug_Products_Directory_Yemen.pdf,364,7,"Arabic source text extracted from PDF requires visual/source review; value was preserved without correction","Disorders اضطشاثبد انجهبص ً انت ُفغ"
Drug_Products_Directory_Yemen.pdf,365,1,"Arabic source text extracted from PDF requires visual/source review; value was preserved without correction","Disorders اضطشاثبد انجهبص ً انت ُفغ"
Drug_Products_Directory_Yemen.pdf,365,2,"Arabic source text extracted from PDF requires visual/source review; value was preserved without correction","Disorders اضطشاثبد انجهبص ً انت ُفغ"
Drug_Products_Directory_Yemen.pdf,365,3,"Arabic source text extracted from PDF requires visual/source review; value was preserved without correction","Disorders اضطشاثبد انجهبص ً انت ُفغ"
Drug_Products_Directory_Yemen.pdf,365,4,"Arabic source text extracted from PDF requires visual/source review; value was preserved without correction","Disorders اضطشاثبد انجهبص ً انت ُفغ"
Drug_Products_Directory_Yemen.pdf,365,5,"Arabic source text extracted from PDF requires visual/source review; value was preserved without correction","Disorders اضطشاثبد انجهبص ً انت ُفغ"
Drug_Products_Directory_Yemen.pdf,365,6,"Arabic source text extracted from PDF requires visual/source review; value was preserved without correction","Disorders اضطشاثبد انجهبص ً انت ُفغ"
Drug_Products_Directory_Yemen.pdf,365,7,"Arabic source text extracted from PDF requires visual/source review; value was preserved without correction","األوجبع"
Drug_Products_Directory_Yemen.pdf,366,1,"Arabic source text extracted from PDF requires visual/source review; value was preserved without correction","األوجبع"
Drug_Products_Directory_Yemen.pdf,366,2,"Arabic source text extracted from PDF requires visual/source review; value was preserved without correction","Deficiency َمص ف ٍتبي ٍُبد"
Drug_Products_Directory_Yemen.pdf,366,3,"Arabic source text extracted from PDF requires visual/source review; value was preserved without correction","Deficiency َمص ف ٍتبي ٍُبد"
Drug_Products_Directory_Yemen.pdf,366,4,"Arabic source text extracted from PDF requires visual/source review; value was preserved without correction","Deficiency َمص ف ٍتبي ٍُبد"
Drug_Products_Directory_Yemen.pdf,366,5,"Arabic source text extracted from PDF requires visual/source review; value was preserved without correction","Deficiency َمص ف ٍتبي ٍُبد"
Drug_Products_Directory_Yemen.pdf,366,6,"Arabic source text extracted from PDF requires visual/source review; value was preserved without correction","Deficiency َمص ف ٍتبي ٍُبد"
Drug_Products_Directory_Yemen.pdf,366,7,"Arabic source text extracted from PDF requires visual/source review; value was preserved without correction","Deficiency َمص ف ٍتبي ٍُبد"
Drug_Products_Directory_Yemen.pdf,367,1,"Arabic source text extracted from PDF requires visual/source review; value was preserved without correction","Deficiency َمص ف ٍتبي ٍُبد"
Drug_Products_Directory_Yemen.pdf,367,2,"Arabic source text extracted from PDF requires visual/source review; value was preserved without correction","Deficiency َمص ف ٍتبي ٍُبد"
Drug_Products_Directory_Yemen.pdf,367,3,"Arabic source text extracted from PDF requires visual/source review; value was preserved without correction","Deficiency َمص ف ٍتبي ٍُبد"
Drug_Products_Directory_Yemen.pdf,367,4,"Arabic source text extracted from PDF requires visual/source review; value was preserved without correction","Disorders اضطشاثبد انجهبص ً انت ُفغ"
Drug_Products_Directory_Yemen.pdf,367,5,"Arabic source text extracted from PDF requires visual/source review; value was preserved without correction","Disorders اضطشاثبد انجهبص ً انت ُفغ"
Drug_Products_Directory_Yemen.pdf,367,6,"Arabic source text extracted from PDF requires visual/source review; value was preserved without correction","Deficiency َمص ف ٍتبي ٍُبد"
Drug_Products_Directory_Yemen.pdf,367,7,"Arabic source text extracted from PDF requires visual/source review; value was preserved without correction","Deficiency َمص ف ٍتبي ٍُبد"
Drug_Products_Directory_Yemen.pdf,368,1,"Arabic source text extracted from PDF requires visual/source review; value was preserved without correction","انتهبثبد انؼظبو"
Drug_Products_Directory_Yemen.pdf,368,2,"Arabic source text extracted from PDF requires visual/source review; value was preserved without correction","Deficiency َمص ف ٍتبي ٍُبد"
Drug_Products_Directory_Yemen.pdf,368,3,"Arabic source text extracted from PDF requires visual/source review; value was preserved without correction","َضالد انجشد"
Drug_Products_Directory_Yemen.pdf,368,4,"Arabic source text extracted from PDF requires visual/source review; value was preserved without correction","األنتهبثبد انجذنذ ٌخ"
Drug_Products_Directory_Yemen.pdf,368,6,"Arabic source text extracted from PDF requires visual/source review; value was preserved without correction","األصبثبد انفطش ٌخ"
Drug_Products_Directory_Yemen.pdf,368,7,"Arabic source text extracted from PDF requires visual/source review; value was preserved without correction","األصبثبد انفطش ٌخ"
Drug_Products_Directory_Yemen.pdf,369,1,"Arabic source text extracted from PDF requires visual/source review; value was preserved without correction","األنتهبثبد انجذنذ ٌخ"
Drug_Products_Directory_Yemen.pdf,369,4,"Arabic source text extracted from PDF requires visual/source review; value was preserved without correction","يشخ ٍبد انؼضالد"
Drug_Products_Directory_Yemen.pdf,369,5,"Arabic source text extracted from PDF requires visual/source review; value was preserved without correction","يشخ ٍبد انؼضالد"
Drug_Products_Directory_Yemen.pdf,369,6,"Arabic source text extracted from PDF requires visual/source review; value was preserved without correction","انفىاق"
Drug_Products_Directory_Yemen.pdf,369,7,"Arabic source text extracted from PDF requires visual/source review; value was preserved without correction","َضالد انجشد"
Drug_Products_Directory_Yemen.pdf,370,1,"Arabic source text extracted from PDF requires visual/source review; value was preserved without correction","َضالد انجشد"
Drug_Products_Directory_Yemen.pdf,370,2,"Arabic source text extracted from PDF requires visual/source review; value was preserved without correction","انجهطبد"
Drug_Products_Directory_Yemen.pdf,370,3,"Arabic source text extracted from PDF requires visual/source review; value was preserved without correction","disease يشض انشػبػ"
Drug_Products_Directory_Yemen.pdf,370,4,"Arabic source text extracted from PDF requires visual/source review; value was preserved without correction","disease يشض انشػبػ"
Drug_Products_Directory_Yemen.pdf,370,5,"Arabic source text extracted from PDF requires visual/source review; value was preserved without correction","األوجبع"
Drug_Products_Directory_Yemen.pdf,370,6,"Arabic source text extracted from PDF requires visual/source review; value was preserved without correction","يشخ ٍبد انؼضالد"
Drug_Products_Directory_Yemen.pdf,370,7,"Arabic source text extracted from PDF requires visual/source review; value was preserved without correction","يشخ ٍبد انؼضالد"
Drug_Products_Directory_Yemen.pdf,371,1,"Arabic source text extracted from PDF requires visual/source review; value was preserved without correction","ان ًؼذح"
Drug_Products_Directory_Yemen.pdf,371,2,"Arabic source text extracted from PDF requires visual/source review; value was preserved without correction","األوجبع"
Drug_Products_Directory_Yemen.pdf,371,3,"Arabic source text extracted from PDF requires visual/source review; value was preserved without correction","األوجبع"
Drug_Products_Directory_Yemen.pdf,371,7,"Arabic source text extracted from PDF requires visual/source review; value was preserved without correction","األوجبع"
Drug_Products_Directory_Yemen.pdf,372,1,"Arabic source text extracted from PDF requires visual/source review; value was preserved without correction","األوجبع"
Drug_Products_Directory_Yemen.pdf,372,2,"Arabic source text extracted from PDF requires visual/source review; value was preserved without correction","ان ًؼذح"
Drug_Products_Directory_Yemen.pdf,372,4,"Arabic source text extracted from PDF requires visual/source review; value was preserved without correction","َضالد انجشد"
Drug_Products_Directory_Yemen.pdf,372,5,"Arabic source text extracted from PDF requires visual/source review; value was preserved without correction","( E . N . T ) األ َف ٌ وانح ُجشح واألر"
Drug_Products_Directory_Yemen.pdf,372,6,"Arabic source text extracted from PDF requires visual/source review; value was preserved without correction","( E . N . T ) األ َف ٌ وانح ُجشح واألر"
Drug_Products_Directory_Yemen.pdf,372,7,"Arabic source text extracted from PDF requires visual/source review; value was preserved without correction","( E . N . T ) األ َف ٌ وانح ُجشح واألر"
Drug_Products_Directory_Yemen.pdf,373,1,"Arabic source text extracted from PDF requires visual/source review; value was preserved without correction","( E . N . T ) األ َف ٌ وانح ُجشح واألر"
Drug_Products_Directory_Yemen.pdf,373,2,"Arabic source text extracted from PDF requires visual/source review; value was preserved without correction","( E . N . T ) األ َف ٌ وانح ُجشح واألر"
Drug_Products_Directory_Yemen.pdf,373,4,"Arabic source text extracted from PDF requires visual/source review; value was preserved without correction","انتهبثبد انؼظبو"
Drug_Products_Directory_Yemen.pdf,373,6,"Arabic source text extracted from PDF requires visual/source review; value was preserved without correction","vomiting ٌ انغث ٍب وانطشػ"
Drug_Products_Directory_Yemen.pdf,373,7,"Arabic source text extracted from PDF requires visual/source review; value was preserved without correction","vomiting ٌ انغث ٍب وانطشػ"
Drug_Products_Directory_Yemen.pdf,374,1,"Arabic source text extracted from PDF requires visual/source review; value was preserved without correction","ان ًؼذح"
Drug_Products_Directory_Yemen.pdf,374,2,"Arabic source text extracted from PDF requires visual/source review; value was preserved without correction","استفبع ضغظ انذو"
Drug_Products_Directory_Yemen.pdf,374,3,"Arabic source text extracted from PDF requires visual/source review; value was preserved without correction","استفبع ضغظ انذو"
Drug_Products_Directory_Yemen.pdf,374,4,"Arabic source text extracted from PDF requires visual/source review; value was preserved without correction","انجىاع ٍش"
Drug_Products_Directory_Yemen.pdf,374,5,"Arabic source text extracted from PDF requires visual/source review; value was preserved without correction","Gardiasis جبسد ٌب واي ٍج ٍب"
Drug_Products_Directory_Yemen.pdf,375,5,"Arabic source text extracted from PDF requires visual/source review; value was preserved without correction","األوجبع"
Drug_Products_Directory_Yemen.pdf,375,6,"Arabic source text extracted from PDF requires visual/source review; value was preserved without correction","انهضى"
Drug_Products_Directory_Yemen.pdf,375,7,"Arabic source text extracted from PDF requires visual/source review; value was preserved without correction","Gardiasis جبسد ٌب واي ٍج ٍب"
Drug_Products_Directory_Yemen.pdf,376,1,"Arabic source text extracted from PDF requires visual/source review; value was preserved without correction","األيغبن"
Drug_Products_Directory_Yemen.pdf,376,2,"Arabic source text extracted from PDF requires visual/source review; value was preserved without correction","انغذح انذسل ٍخ"
Drug_Products_Directory_Yemen.pdf,376,3,"Arabic source text extracted from PDF requires visual/source review; value was preserved without correction","أيشاض انغكشي"
Drug_Products_Directory_Yemen.pdf,376,6,"Arabic source text extracted from PDF requires visual/source review; value was preserved without correction","Infections ًٍكشوث ٍخ األصبثبد ان انخط ٍشح"
Drug_Products_Directory_Yemen.pdf,377,1,"Arabic source text extracted from PDF requires visual/source review; value was preserved without correction","ان ًؼذح"
Drug_Products_Directory_Yemen.pdf,377,2,"Arabic source text extracted from PDF requires visual/source review; value was preserved without correction","استفبع ضغظ انذو"
Drug_Products_Directory_Yemen.pdf,377,3,"Arabic source text extracted from PDF requires visual/source review; value was preserved without correction","األوجبع"
Drug_Products_Directory_Yemen.pdf,377,6,"Arabic source text extracted from PDF requires visual/source review; value was preserved without correction","ان ًؼذح"
Drug_Products_Directory_Yemen.pdf,378,1,"Arabic source text extracted from PDF requires visual/source review; value was preserved without correction","Deficiency َمص ف ٍتبي ٍُبد"
Drug_Products_Directory_Yemen.pdf,378,2,"Arabic source text extracted from PDF requires visual/source review; value was preserved without correction","Deficiency َمص ف ٍتبي ٍُبد"
Drug_Products_Directory_Yemen.pdf,378,3,"Arabic source text extracted from PDF requires visual/source review; value was preserved without correction","Deficiency َمص ف ٍتبي ٍُبد"
Drug_Products_Directory_Yemen.pdf,378,4,"Arabic source text extracted from PDF requires visual/source review; value was preserved without correction","Deficiency َمص ف ٍتبي ٍُبد"
Drug_Products_Directory_Yemen.pdf,378,6,"Arabic source text extracted from PDF requires visual/source review; value was preserved without correction","Deficiency َمص ف ٍتبي ٍُبد"
Drug_Products_Directory_Yemen.pdf,378,7,"Arabic source text extracted from PDF requires visual/source review; value was preserved without correction","Deficiency َمص ف ٍتبي ٍُبد"
Drug_Products_Directory_Yemen.pdf,379,1,"Arabic source text extracted from PDF requires visual/source review; value was preserved without correction","Deficiency َمص ف ٍتبي ٍُبد"
Drug_Products_Directory_Yemen.pdf,379,2,"Arabic source text extracted from PDF requires visual/source review; value was preserved without correction","Deficiency َمص ف ٍتبي ٍُبد"
Drug_Products_Directory_Yemen.pdf,379,5,"Arabic source text extracted from PDF requires visual/source review; value was preserved without correction","Deficiency َمص ف ٍتبي ٍُبد"
Drug_Products_Directory_Yemen.pdf,379,6,"Arabic source text extracted from PDF requires visual/source review; value was preserved without correction","Deficiency َمص ف ٍتبي ٍُبد"
Drug_Products_Directory_Yemen.pdf,379,7,"Arabic source text extracted from PDF requires visual/source review; value was preserved without correction","Deficiency َمص ف ٍتبي ٍُبد"
Drug_Products_Directory_Yemen.pdf,380,2,"Arabic source text extracted from PDF requires visual/source review; value was preserved without correction","Analgesic يهذئبد األوجبع وانح ًى"
Drug_Products_Directory_Yemen.pdf,380,3,"Arabic source text extracted from PDF requires visual/source review; value was preserved without correction","Analgesic يهذئبد األوجبع وانح ًى"
Drug_Products_Directory_Yemen.pdf,380,4,"Arabic source text extracted from PDF requires visual/source review; value was preserved without correction","Analgesic يهذئبد األوجبع وانح ًى"
Drug_Products_Directory_Yemen.pdf,380,5,"Arabic source text extracted from PDF requires visual/source review; value was preserved without correction","Analgesic يهذئبد األوجبع وانح ًى"
Drug_Products_Directory_Yemen.pdf,380,6,"Arabic source text extracted from PDF requires visual/source review; value was preserved without correction","Analgesic يهذئبد األوجبع وانح ًى"
Drug_Products_Directory_Yemen.pdf,380,7,"Arabic source text extracted from PDF requires visual/source review; value was preserved without correction","َضالد انجشد"
Drug_Products_Directory_Yemen.pdf,381,1,"Arabic source text extracted from PDF requires visual/source review; value was preserved without correction","Analgesic يهذئبد األوجبع وانح ًى"
Drug_Products_Directory_Yemen.pdf,381,2,"Arabic source text extracted from PDF requires visual/source review; value was preserved without correction","Analgesic يهذئبد األوجبع وانح ًى"
Drug_Products_Directory_Yemen.pdf,381,3,"Arabic source text extracted from PDF requires visual/source review; value was preserved without correction","Analgesic يهذئبد األوجبع وانح ًى"
Drug_Products_Directory_Yemen.pdf,381,4,"Arabic source text extracted from PDF requires visual/source review; value was preserved without correction","ي ُشطبد ج ُغ ٍخ"
Drug_Products_Directory_Yemen.pdf,381,5,"Arabic source text extracted from PDF requires visual/source review; value was preserved without correction","ي ُشطبد ج ُغ ٍخ"
Drug_Products_Directory_Yemen.pdf,381,6,"Arabic source text extracted from PDF requires visual/source review; value was preserved without correction","ان ًؼذح"
Drug_Products_Directory_Yemen.pdf,381,7,"Arabic source text extracted from PDF requires visual/source review; value was preserved without correction","ان ًؼذح"
Drug_Products_Directory_Yemen.pdf,382,1,"Arabic source text extracted from PDF requires visual/source review; value was preserved without correction","األيشاض انؼمه ٍخ"
Drug_Products_Directory_Yemen.pdf,382,2,"Arabic source text extracted from PDF requires visual/source review; value was preserved without correction","ان ًؼذح"
Drug_Products_Directory_Yemen.pdf,382,3,"Arabic source text extracted from PDF requires visual/source review; value was preserved without correction","ان ًؼذح"
Drug_Products_Directory_Yemen.pdf,382,4,"Arabic source text extracted from PDF requires visual/source review; value was preserved without correction","ان ًؼذح"
Drug_Products_Directory_Yemen.pdf,382,5,"Arabic source text extracted from PDF requires visual/source review; value was preserved without correction","ان ًؼذح"
Drug_Products_Directory_Yemen.pdf,382,6,"Arabic source text extracted from PDF requires visual/source review; value was preserved without correction","ان ًؼذح"
Drug_Products_Directory_Yemen.pdf,382,7,"Arabic source text extracted from PDF requires visual/source review; value was preserved without correction","ان ًؼذح"
Drug_Products_Directory_Yemen.pdf,383,1,"Arabic source text extracted from PDF requires visual/source review; value was preserved without correction","ان ًؼذح"
Drug_Products_Directory_Yemen.pdf,383,2,"Arabic source text extracted from PDF requires visual/source review; value was preserved without correction","األنتهبثبد انجذنذ ٌخ"
Drug_Products_Directory_Yemen.pdf,383,3,"Arabic source text extracted from PDF requires visual/source review; value was preserved without correction","األنتهبثبد انجذنذ ٌخ"
Drug_Products_Directory_Yemen.pdf,383,4,"Arabic source text extracted from PDF requires visual/source review; value was preserved without correction","انذودح انشش ٌط ٍخ"
Drug_Products_Directory_Yemen.pdf,383,5,"Arabic source text extracted from PDF requires visual/source review; value was preserved without correction","استفبع ضغظ انذو"
Drug_Products_Directory_Yemen.pdf,383,6,"Arabic source text extracted from PDF requires visual/source review; value was preserved without correction","َضالد انجشد"
Drug_Products_Directory_Yemen.pdf,383,7,"Arabic source text extracted from PDF requires visual/source review; value was preserved without correction","األصبثبد انفطش ٌخ"
Drug_Products_Directory_Yemen.pdf,384,1,"Arabic source text extracted from PDF requires visual/source review; value was preserved without correction","استفبع ضغظ انذو"
Drug_Products_Directory_Yemen.pdf,384,2,"Arabic source text extracted from PDF requires visual/source review; value was preserved without correction","األصبثبد انفطش ٌخ"
Drug_Products_Directory_Yemen.pdf,384,3,"Arabic source text extracted from PDF requires visual/source review; value was preserved without correction","Insumnea األسق وانمهك"
Drug_Products_Directory_Yemen.pdf,384,4,"Arabic source text extracted from PDF requires visual/source review; value was preserved without correction","انصذس ٌخ"
Drug_Products_Directory_Yemen.pdf,384,5,"Arabic source text extracted from PDF requires visual/source review; value was preserved without correction","انصذس ٌخ"
Drug_Products_Directory_Yemen.pdf,384,6,"Arabic source text extracted from PDF requires visual/source review; value was preserved without correction","انصذس ٌخ"
Drug_Products_Directory_Yemen.pdf,384,7,"Arabic source text extracted from PDF requires visual/source review; value was preserved without correction","األنتهبثبد انجذنذ ٌخ"
Drug_Products_Directory_Yemen.pdf,385,1,"Arabic source text extracted from PDF requires visual/source review; value was preserved without correction","األنتهبثبد انجذنذ ٌخ"
Drug_Products_Directory_Yemen.pdf,385,2,"Arabic source text extracted from PDF requires visual/source review; value was preserved without correction","َضالد انجشد"
Drug_Products_Directory_Yemen.pdf,385,4,"Arabic source text extracted from PDF requires visual/source review; value was preserved without correction","األيشاض انؼمه ٍخ"
Drug_Products_Directory_Yemen.pdf,385,5,"Arabic source text extracted from PDF requires visual/source review; value was preserved without correction","األيشاض انؼمه ٍخ"
Drug_Products_Directory_Yemen.pdf,385,6,"Arabic source text extracted from PDF requires visual/source review; value was preserved without correction","ا َخفبض ضغظ انذو"
Drug_Products_Directory_Yemen.pdf,385,7,"Arabic source text extracted from PDF requires visual/source review; value was preserved without correction","األيشاض انؼمه ٍخ"
Drug_Products_Directory_Yemen.pdf,386,1,"Arabic source text extracted from PDF requires visual/source review; value was preserved without correction","األيشاض انؼمه ٍخ"
Drug_Products_Directory_Yemen.pdf,386,2,"Arabic source text extracted from PDF requires visual/source review; value was preserved without correction","األيشاض انؼمه ٍخ"
Drug_Products_Directory_Yemen.pdf,386,3,"Arabic source text extracted from PDF requires visual/source review; value was preserved without correction","يىا َغ انح ًم"
Drug_Products_Directory_Yemen.pdf,386,4,"Arabic source text extracted from PDF requires visual/source review; value was preserved without correction","يىا َغ انح ًم"
Drug_Products_Directory_Yemen.pdf,386,5,"Arabic source text extracted from PDF requires visual/source review; value was preserved without correction","يىا َغ انح ًم"
Drug_Products_Directory_Yemen.pdf,386,6,"Arabic source text extracted from PDF requires visual/source review; value was preserved without correction","Infections األصبثبد انجكت ٍش ٌخ"
Drug_Products_Directory_Yemen.pdf,386,7,"Arabic source text extracted from PDF requires visual/source review; value was preserved without correction","Infections األصبثبد انجكت ٍش ٌخ"
Drug_Products_Directory_Yemen.pdf,387,1,"Arabic source text extracted from PDF requires visual/source review; value was preserved without correction","األيغبن"
Drug_Products_Directory_Yemen.pdf,387,2,"Arabic source text extracted from PDF requires visual/source review; value was preserved without correction","استفبع ضغظ انذو"
Drug_Products_Directory_Yemen.pdf,387,3,"Arabic source text extracted from PDF requires visual/source review; value was preserved without correction","يىا َغ انح ًم"
Drug_Products_Directory_Yemen.pdf,387,4,"Arabic source text extracted from PDF requires visual/source review; value was preserved without correction","Deficiency َمص ف ٍتبي ٍُبد"
Drug_Products_Directory_Yemen.pdf,387,5,"Arabic source text extracted from PDF requires visual/source review; value was preserved without correction","Infections األصبثبد انجكت ٍش ٌخ"
Drug_Products_Directory_Yemen.pdf,387,6,"Arabic source text extracted from PDF requires visual/source review; value was preserved without correction","انجهطبد"
Drug_Products_Directory_Yemen.pdf,387,7,"Arabic source text extracted from PDF requires visual/source review; value was preserved without correction","األيشاض انؼمه ٍخ"
Drug_Products_Directory_Yemen.pdf,388,1,"Arabic source text extracted from PDF requires visual/source review; value was preserved without correction","استفبع ضغظ انذو"
Drug_Products_Directory_Yemen.pdf,388,2,"Arabic source text extracted from PDF requires visual/source review; value was preserved without correction","Gardiasis جبسد ٌب واي ٍج ٍب"
Drug_Products_Directory_Yemen.pdf,388,3,"Arabic source text extracted from PDF requires visual/source review; value was preserved without correction","Spasm ٍ آالو انجط"
Drug_Products_Directory_Yemen.pdf,388,4,"Arabic source text extracted from PDF requires visual/source review; value was preserved without correction","Spasm ٍ آالو انجط"
Drug_Products_Directory_Yemen.pdf,388,5,"Arabic source text extracted from PDF requires visual/source review; value was preserved without correction","Spasm ٍ آالو انجط"
Drug_Products_Directory_Yemen.pdf,388,6,"Arabic source text extracted from PDF requires visual/source review; value was preserved without correction","Spasm ٍ آالو انجط"
Drug_Products_Directory_Yemen.pdf,388,7,"Arabic source text extracted from PDF requires visual/source review; value was preserved without correction","Spasm ٍ آالو انجط"
Drug_Products_Directory_Yemen.pdf,389,3,"Arabic source text extracted from PDF requires visual/source review; value was preserved without correction","األيشاض انؼمه ٍخ"
Drug_Products_Directory_Yemen.pdf,389,4,"Arabic source text extracted from PDF requires visual/source review; value was preserved without correction","Infections األصبثبد انجكت ٍش ٌخ"
Drug_Products_Directory_Yemen.pdf,389,5,"Arabic source text extracted from PDF requires visual/source review; value was preserved without correction","Infections األصبثبد انجكت ٍش ٌخ"
Drug_Products_Directory_Yemen.pdf,389,6,"Arabic source text extracted from PDF requires visual/source review; value was preserved without correction","Insumnea األسق وانمهك"
Drug_Products_Directory_Yemen.pdf,389,7,"Arabic source text extracted from PDF requires visual/source review; value was preserved without correction","Insumnea األسق وانمهك"
Drug_Products_Directory_Yemen.pdf,390,1,"Arabic source text extracted from PDF requires visual/source review; value was preserved without correction","انجهطبد"
Drug_Products_Directory_Yemen.pdf,390,2,"Arabic source text extracted from PDF requires visual/source review; value was preserved without correction","أيشاض انغكشي"
Drug_Products_Directory_Yemen.pdf,390,4,"Arabic source text extracted from PDF requires visual/source review; value was preserved without correction","أيشاض انغكشي"
Drug_Products_Directory_Yemen.pdf,390,5,"Arabic source text extracted from PDF requires visual/source review; value was preserved without correction","أيشاض انغكشي"
Drug_Products_Directory_Yemen.pdf,390,6,"Arabic source text extracted from PDF requires visual/source review; value was preserved without correction","يىا َغ انح ًم"
Drug_Products_Directory_Yemen.pdf,390,7,"Arabic source text extracted from PDF requires visual/source review; value was preserved without correction","األصبثبد انفطش ٌخ"
Drug_Products_Directory_Yemen.pdf,391,1,"Arabic source text extracted from PDF requires visual/source review; value was preserved without correction","انجهطبد"
Drug_Products_Directory_Yemen.pdf,391,3,"Arabic source text extracted from PDF requires visual/source review; value was preserved without correction","األنتهبثبد انجذنذ ٌخ"
Drug_Products_Directory_Yemen.pdf,391,4,"Arabic source text extracted from PDF requires visual/source review; value was preserved without correction","Spasm ٍ آالو انجط"
Drug_Products_Directory_Yemen.pdf,391,5,"Arabic source text extracted from PDF requires visual/source review; value was preserved without correction","supplementation ًٍه ٍخ تغز ٌخ تك"
Drug_Products_Directory_Yemen.pdf,391,6,"Arabic source text extracted from PDF requires visual/source review; value was preserved without correction","Deficiency َمص ف ٍتبي ٍُبد"
Drug_Products_Directory_Yemen.pdf,391,7,"Arabic source text extracted from PDF requires visual/source review; value was preserved without correction","Deficiency َمص ف ٍتبي ٍُبد"
Drug_Products_Directory_Yemen.pdf,392,1,"Arabic source text extracted from PDF requires visual/source review; value was preserved without correction","األيشاض انؼمه ٍخ"
Drug_Products_Directory_Yemen.pdf,392,2,"Arabic source text extracted from PDF requires visual/source review; value was preserved without correction","األيشاض انؼمه ٍخ"
Drug_Products_Directory_Yemen.pdf,392,3,"Arabic source text extracted from PDF requires visual/source review; value was preserved without correction","ي ُشطبد ج ُغ ٍخ"
Drug_Products_Directory_Yemen.pdf,392,4,"Arabic source text extracted from PDF requires visual/source review; value was preserved without correction","األنتهبثبد انجذنذ ٌخ"
Drug_Products_Directory_Yemen.pdf,392,5,"Arabic source text extracted from PDF requires visual/source review; value was preserved without correction","األنتهبثبد انجذنذ ٌخ"
Drug_Products_Directory_Yemen.pdf,392,6,"Arabic source text extracted from PDF requires visual/source review; value was preserved without correction","األنتهبثبد انجذنذ ٌخ"
Drug_Products_Directory_Yemen.pdf,392,7,"Arabic source text extracted from PDF requires visual/source review; value was preserved without correction","األصبثبد انفطش ٌخ"
Drug_Products_Directory_Yemen.pdf,393,1,"Arabic source text extracted from PDF requires visual/source review; value was preserved without correction","األصبثبد انفطش ٌخ"
Drug_Products_Directory_Yemen.pdf,393,2,"Arabic source text extracted from PDF requires visual/source review; value was preserved without correction","األصبثبد انفطش ٌخ"
Drug_Products_Directory_Yemen.pdf,393,3,"Arabic source text extracted from PDF requires visual/source review; value was preserved without correction","األصبثبد انفطش ٌخ"
Drug_Products_Directory_Yemen.pdf,393,4,"Arabic source text extracted from PDF requires visual/source review; value was preserved without correction","األصبثبد انفطش ٌخ"
Drug_Products_Directory_Yemen.pdf,393,5,"Arabic source text extracted from PDF requires visual/source review; value was preserved without correction","األصبثبد انفطش ٌخ"
Drug_Products_Directory_Yemen.pdf,393,6,"Arabic source text extracted from PDF requires visual/source review; value was preserved without correction","األصبثبد انفطش ٌخ"
Drug_Products_Directory_Yemen.pdf,393,7,"Arabic source text extracted from PDF requires visual/source review; value was preserved without correction","األصبثبد انفطش ٌخ"
Drug_Products_Directory_Yemen.pdf,394,1,"Arabic source text extracted from PDF requires visual/source review; value was preserved without correction","ان ًؼذح"
Drug_Products_Directory_Yemen.pdf,394,2,"Arabic source text extracted from PDF requires visual/source review; value was preserved without correction","Infections األصبثبد انجكت ٍش ٌخ"
Drug_Products_Directory_Yemen.pdf,394,3,"Arabic source text extracted from PDF requires visual/source review; value was preserved without correction","Asthma انشثى ً انشؼج"
Drug_Products_Directory_Yemen.pdf,394,4,"Arabic source text extracted from PDF requires visual/source review; value was preserved without correction","Infections األصبثبد انجكت ٍش ٌخ"
Drug_Products_Directory_Yemen.pdf,394,5,"Arabic source text extracted from PDF requires visual/source review; value was preserved without correction","Infections األصبثبد انجكت ٍش ٌخ"
Drug_Products_Directory_Yemen.pdf,394,6,"Arabic source text extracted from PDF requires visual/source review; value was preserved without correction","( E . N . T ) األ َف ٌ وانح ُجشح واألر"
Drug_Products_Directory_Yemen.pdf,394,7,"Arabic source text extracted from PDF requires visual/source review; value was preserved without correction","Asthma انشثى ً انشؼج"
Drug_Products_Directory_Yemen.pdf,395,3,"Arabic source text extracted from PDF requires visual/source review; value was preserved without correction","Deficiency َمص ف ٍتبي ٍُبد"
Drug_Products_Directory_Yemen.pdf,395,4,"Arabic source text extracted from PDF requires visual/source review; value was preserved without correction","انغغىالد انف ًى ٌخ"
Drug_Products_Directory_Yemen.pdf,395,5,"Arabic source text extracted from PDF requires visual/source review; value was preserved without correction","Infections األصبثبد انجكت ٍش ٌخ"
Drug_Products_Directory_Yemen.pdf,395,6,"Arabic source text extracted from PDF requires visual/source review; value was preserved without correction","Infections األصبثبد انجكت ٍش ٌخ"
Drug_Products_Directory_Yemen.pdf,395,7,"Arabic source text extracted from PDF requires visual/source review; value was preserved without correction","Infections األصبثبد انجكت ٍش ٌخ"
Drug_Products_Directory_Yemen.pdf,396,1,"Arabic source text extracted from PDF requires visual/source review; value was preserved without correction","( E . N . T ) األ َف ٌ وانح ُجشح واألر"
Drug_Products_Directory_Yemen.pdf,396,2,"Arabic source text extracted from PDF requires visual/source review; value was preserved without correction","Infections األصبثبد انجكت ٍش ٌخ"
Drug_Products_Directory_Yemen.pdf,396,3,"Arabic source text extracted from PDF requires visual/source review; value was preserved without correction","Infections األصبثبد انجكت ٍش ٌخ"
Drug_Products_Directory_Yemen.pdf,396,4,"Arabic source text extracted from PDF requires visual/source review; value was preserved without correction","Infections األصبثبد انجكت ٍش ٌخ"
Drug_Products_Directory_Yemen.pdf,396,5,"Arabic source text extracted from PDF requires visual/source review; value was preserved without correction","Infections األصبثبد انجكت ٍش ٌخ"
Drug_Products_Directory_Yemen.pdf,396,6,"Arabic source text extracted from PDF requires visual/source review; value was preserved without correction","Infections األصبثبد انجكت ٍش ٌخ"
Drug_Products_Directory_Yemen.pdf,396,7,"Arabic source text extracted from PDF requires visual/source review; value was preserved without correction","Infections األصبثبد انجكت ٍش ٌخ"
Drug_Products_Directory_Yemen.pdf,397,3,"Arabic source text extracted from PDF requires visual/source review; value was preserved without correction","انتهبثبد انؼظبو"
Drug_Products_Directory_Yemen.pdf,397,4,"Arabic source text extracted from PDF requires visual/source review; value was preserved without correction","األيشاض انؼمه ٍخ"
Drug_Products_Directory_Yemen.pdf,397,5,"Arabic source text extracted from PDF requires visual/source review; value was preserved without correction","األيشاض انؼمه ٍخ"
Drug_Products_Directory_Yemen.pdf,397,6,"Arabic source text extracted from PDF requires visual/source review; value was preserved without correction","األيشاض انؼمه ٍخ"
Drug_Products_Directory_Yemen.pdf,397,7,"Arabic source text extracted from PDF requires visual/source review; value was preserved without correction","Deficiency َمص ف ٍتبي ٍُبد"
Drug_Products_Directory_Yemen.pdf,398,1,"Arabic source text extracted from PDF requires visual/source review; value was preserved without correction","استفبع ضغظ انذو"
Drug_Products_Directory_Yemen.pdf,398,2,"Arabic source text extracted from PDF requires visual/source review; value was preserved without correction","استفبع ضغظ انذو"
Drug_Products_Directory_Yemen.pdf,398,3,"Arabic source text extracted from PDF requires visual/source review; value was preserved without correction","استفبع ضغظ انذو"
Drug_Products_Directory_Yemen.pdf,398,4,"Arabic source text extracted from PDF requires visual/source review; value was preserved without correction","األوجبع"
Drug_Products_Directory_Yemen.pdf,398,5,"Arabic source text extracted from PDF requires visual/source review; value was preserved without correction","األوجبع"
Drug_Products_Directory_Yemen.pdf,398,6,"Arabic source text extracted from PDF requires visual/source review; value was preserved without correction","ان ًؼذح"
Drug_Products_Directory_Yemen.pdf,398,7,"Arabic source text extracted from PDF requires visual/source review; value was preserved without correction","ان ًؼذح"
Drug_Products_Directory_Yemen.pdf,399,1,"Arabic source text extracted from PDF requires visual/source review; value was preserved without correction","ً انذو ٌ ف ص ٌبدح انذهى"
Drug_Products_Directory_Yemen.pdf,399,2,"Arabic source text extracted from PDF requires visual/source review; value was preserved without correction","ً انذو ٌ ف ص ٌبدح انذهى"
Drug_Products_Directory_Yemen.pdf,399,3,"Arabic source text extracted from PDF requires visual/source review; value was preserved without correction","ً انذو ٌ ف ص ٌبدح انذهى"
Drug_Products_Directory_Yemen.pdf,399,4,"Arabic source text extracted from PDF requires visual/source review; value was preserved without correction","ً انذو ٌ ف ص ٌبدح انذهى"
Drug_Products_Directory_Yemen.pdf,399,5,"Arabic source text extracted from PDF requires visual/source review; value was preserved without correction","ً انذو ٌ ف ص ٌبدح انذهى"
Drug_Products_Directory_Yemen.pdf,399,6,"Arabic source text extracted from PDF requires visual/source review; value was preserved without correction","ان ًؼذح"
Drug_Products_Directory_Yemen.pdf,399,7,"Arabic source text extracted from PDF requires visual/source review; value was preserved without correction","ان ًؼذح"
Drug_Products_Directory_Yemen.pdf,400,1,"Arabic source text extracted from PDF requires visual/source review; value was preserved without correction","ان ًؼذح"
Drug_Products_Directory_Yemen.pdf,400,2,"Arabic source text extracted from PDF requires visual/source review; value was preserved without correction","ان ًؼذح"
Drug_Products_Directory_Yemen.pdf,400,3,"Arabic source text extracted from PDF requires visual/source review; value was preserved without correction","ان ًؼذح"
Drug_Products_Directory_Yemen.pdf,400,4,"Arabic source text extracted from PDF requires visual/source review; value was preserved without correction","ان ًؼذح"
Drug_Products_Directory_Yemen.pdf,400,5,"Arabic source text extracted from PDF requires visual/source review; value was preserved without correction","ان ًؼذح"
Drug_Products_Directory_Yemen.pdf,400,6,"Arabic source text extracted from PDF requires visual/source review; value was preserved without correction","ان ًؼذح"
Drug_Products_Directory_Yemen.pdf,400,7,"Arabic source text extracted from PDF requires visual/source review; value was preserved without correction","ان ًؼذح"
Drug_Products_Directory_Yemen.pdf,401,1,"Arabic source text extracted from PDF requires visual/source review; value was preserved without correction","ان ًؼذح"
Drug_Products_Directory_Yemen.pdf,401,2,"Arabic source text extracted from PDF requires visual/source review; value was preserved without correction","ان ًؼذح"
Drug_Products_Directory_Yemen.pdf,401,3,"Arabic source text extracted from PDF requires visual/source review; value was preserved without correction","Infection اصبثبد ً انجهبص انجىن"
Drug_Products_Directory_Yemen.pdf,401,4,"Arabic source text extracted from PDF requires visual/source review; value was preserved without correction","Infections األصبثبد انجكت ٍش ٌخ"
Drug_Products_Directory_Yemen.pdf,401,5,"Arabic source text extracted from PDF requires visual/source review; value was preserved without correction","Infection اصبثبد ً انجهبص انجىن"
Drug_Products_Directory_Yemen.pdf,401,6,"Arabic source text extracted from PDF requires visual/source review; value was preserved without correction","Infections األصبثبد انجكت ٍش ٌخ"
Drug_Products_Directory_Yemen.pdf,401,7,"Arabic source text extracted from PDF requires visual/source review; value was preserved without correction","Asthma انشثى ً انشؼج"
Drug_Products_Directory_Yemen.pdf,402,1,"Arabic source text extracted from PDF requires visual/source review; value was preserved without correction","انتهبثبد انؼظبو"
Drug_Products_Directory_Yemen.pdf,402,3,"Arabic source text extracted from PDF requires visual/source review; value was preserved without correction","vomiting ٌ انغث ٍب وانطشػ"
Drug_Products_Directory_Yemen.pdf,402,4,"Arabic source text extracted from PDF requires visual/source review; value was preserved without correction","ان ًؼذح"
Drug_Products_Directory_Yemen.pdf,402,5,"Arabic source text extracted from PDF requires visual/source review; value was preserved without correction","األنتهبثبد انجذنذ ٌخ"
Drug_Products_Directory_Yemen.pdf,402,6,"Arabic source text extracted from PDF requires visual/source review; value was preserved without correction","األنتهبثبد"
Drug_Products_Directory_Yemen.pdf,403,6,"Arabic source text extracted from PDF requires visual/source review; value was preserved without correction","Deficiency َمص ف ٍتبي ٍُبد"
Drug_Products_Directory_Yemen.pdf,403,7,"Arabic source text extracted from PDF requires visual/source review; value was preserved without correction","Local انتخذ ٌش ً ان ًىضؼ"
Drug_Products_Directory_Yemen.pdf,404,1,"Arabic source text extracted from PDF requires visual/source review; value was preserved without correction","انغغىالد انف ًى ٌخ"
Drug_Products_Directory_Yemen.pdf,404,2,"Arabic source text extracted from PDF requires visual/source review; value was preserved without correction","يىا َغ انح ًم"
Drug_Products_Directory_Yemen.pdf,404,5,"Arabic source text extracted from PDF requires visual/source review; value was preserved without correction","Deficiency َمص ف ٍتبي ٍُبد"
Drug_Products_Directory_Yemen.pdf,404,6,"Arabic source text extracted from PDF requires visual/source review; value was preserved without correction","َضالد انجشد"
Drug_Products_Directory_Yemen.pdf,405,2,"Arabic source text extracted from PDF requires visual/source review; value was preserved without correction","األنتهبثبد"
Drug_Products_Directory_Yemen.pdf,405,5,"Arabic source text extracted from PDF requires visual/source review; value was preserved without correction","Gardiasis جبسد ٌب واي ٍج ٍب"
Drug_Products_Directory_Yemen.pdf,405,6,"Arabic source text extracted from PDF requires visual/source review; value was preserved without correction","َضالد انجشد"
Drug_Products_Directory_Yemen.pdf,405,7,"Arabic source text extracted from PDF requires visual/source review; value was preserved without correction","Infections األصبثبد انجكت ٍش ٌخ"
Drug_Products_Directory_Yemen.pdf,406,1,"Arabic source text extracted from PDF requires visual/source review; value was preserved without correction","Infections األصبثبد انجكت ٍش ٌخ"
Drug_Products_Directory_Yemen.pdf,406,2,"Arabic source text extracted from PDF requires visual/source review; value was preserved without correction","Infections األصبثبد انجكت ٍش ٌخ"
Drug_Products_Directory_Yemen.pdf,406,3,"Arabic source text extracted from PDF requires visual/source review; value was preserved without correction","Gardiasis جبسد ٌب واي ٍج ٍب"
Drug_Products_Directory_Yemen.pdf,406,4,"Arabic source text extracted from PDF requires visual/source review; value was preserved without correction","Gardiasis جبسد ٌب واي ٍج ٍب"
Drug_Products_Directory_Yemen.pdf,406,7,"Arabic source text extracted from PDF requires visual/source review; value was preserved without correction","Deficiency َمص ف ٍتبي ٍُبد"
Drug_Products_Directory_Yemen.pdf,407,1,"Arabic source text extracted from PDF requires visual/source review; value was preserved without correction","Local انتخذ ٌش ً ان ًىضؼ"
Drug_Products_Directory_Yemen.pdf,407,2,"Arabic source text extracted from PDF requires visual/source review; value was preserved without correction","انغغىالد انف ًى ٌخ"
Drug_Products_Directory_Yemen.pdf,407,3,"Arabic source text extracted from PDF requires visual/source review; value was preserved without correction","disease يشض انشػبػ"
Drug_Products_Directory_Yemen.pdf,407,5,"Arabic source text extracted from PDF requires visual/source review; value was preserved without correction","انتهبثبد انؼظبو"
Drug_Products_Directory_Yemen.pdf,407,7,"Arabic source text extracted from PDF requires visual/source review; value was preserved without correction","Disorders اضطشاثبد انكجذ"
Drug_Products_Directory_Yemen.pdf,408,2,"Arabic source text extracted from PDF requires visual/source review; value was preserved without correction","Infection اصبثبد ً انجهبص انجىن"
Drug_Products_Directory_Yemen.pdf,408,3,"Arabic source text extracted from PDF requires visual/source review; value was preserved without correction","انتهبثبد انؼظبو"
Drug_Products_Directory_Yemen.pdf,408,5,"Arabic source text extracted from PDF requires visual/source review; value was preserved without correction","انتهبثبد انؼظبو"
Drug_Products_Directory_Yemen.pdf,408,6,"Arabic source text extracted from PDF requires visual/source review; value was preserved without correction","انتهبثبد انؼظبو"
Drug_Products_Directory_Yemen.pdf,408,7,"Arabic source text extracted from PDF requires visual/source review; value was preserved without correction","انتهبثبد انؼظبو"
Drug_Products_Directory_Yemen.pdf,409,1,"Arabic source text extracted from PDF requires visual/source review; value was preserved without correction","انتهبثبد انؼظبو"
Drug_Products_Directory_Yemen.pdf,409,2,"Arabic source text extracted from PDF requires visual/source review; value was preserved without correction","انتهبثبد انؼظبو"
Drug_Products_Directory_Yemen.pdf,409,3,"Arabic source text extracted from PDF requires visual/source review; value was preserved without correction","انتهبثبد انؼظبو"
Drug_Products_Directory_Yemen.pdf,409,4,"Arabic source text extracted from PDF requires visual/source review; value was preserved without correction","انتهبثبد انؼظبو"
Drug_Products_Directory_Yemen.pdf,409,5,"Arabic source text extracted from PDF requires visual/source review; value was preserved without correction","انتهبثبد انؼظبو"
Drug_Products_Directory_Yemen.pdf,409,6,"Arabic source text extracted from PDF requires visual/source review; value was preserved without correction","انتهبثبد انؼظبو"
Drug_Products_Directory_Yemen.pdf,409,7,"Arabic source text extracted from PDF requires visual/source review; value was preserved without correction","( E . N . T ) األ َف ٌ وانح ُجشح واألر"
Drug_Products_Directory_Yemen.pdf,410,1,"Arabic source text extracted from PDF requires visual/source review; value was preserved without correction","َضالد انجشد"
Drug_Products_Directory_Yemen.pdf,410,2,"Arabic source text extracted from PDF requires visual/source review; value was preserved without correction","َضالد انجشد"
Drug_Products_Directory_Yemen.pdf,410,3,"Arabic source text extracted from PDF requires visual/source review; value was preserved without correction","( E . N . T ) األ َف ٌ وانح ُجشح واألر"
Drug_Products_Directory_Yemen.pdf,410,6,"Arabic source text extracted from PDF requires visual/source review; value was preserved without correction","األيشاض انؼمه ٍخ"
Drug_Products_Directory_Yemen.pdf,411,1,"Arabic source text extracted from PDF requires visual/source review; value was preserved without correction","األيشاض انؼمه ٍخ"
Drug_Products_Directory_Yemen.pdf,411,2,"Arabic source text extracted from PDF requires visual/source review; value was preserved without correction","( T . B ) ٌ انذس"
Drug_Products_Directory_Yemen.pdf,411,3,"Arabic source text extracted from PDF requires visual/source review; value was preserved without correction","Analgesic يهذئبد األوجبع وانح ًى"
Drug_Products_Directory_Yemen.pdf,411,4,"Arabic source text extracted from PDF requires visual/source review; value was preserved without correction","األوجبع"
Drug_Products_Directory_Yemen.pdf,411,5,"Arabic source text extracted from PDF requires visual/source review; value was preserved without correction","األوجبع"
Drug_Products_Directory_Yemen.pdf,411,6,"Arabic source text extracted from PDF requires visual/source review; value was preserved without correction","Analgesic يهذئبد األوجبع وانح ًى"
Drug_Products_Directory_Yemen.pdf,411,7,"Arabic source text extracted from PDF requires visual/source review; value was preserved without correction","َضالد انجشد"
Drug_Products_Directory_Yemen.pdf,412,1,"Arabic source text extracted from PDF requires visual/source review; value was preserved without correction","Analgesic يهذئبد األوجبع وانح ًى"
Drug_Products_Directory_Yemen.pdf,412,2,"Arabic source text extracted from PDF requires visual/source review; value was preserved without correction","َضالد انجشد"
Drug_Products_Directory_Yemen.pdf,412,3,"Arabic source text extracted from PDF requires visual/source review; value was preserved without correction","Analgesic يهذئبد األوجبع وانح ًى"
Drug_Products_Directory_Yemen.pdf,412,4,"Arabic source text extracted from PDF requires visual/source review; value was preserved without correction","Analgesic يهذئبد األوجبع وانح ًى"
Drug_Products_Directory_Yemen.pdf,412,5,"Arabic source text extracted from PDF requires visual/source review; value was preserved without correction","Analgesic يهذئبد األوجبع وانح ًى"
Drug_Products_Directory_Yemen.pdf,412,6,"Arabic source text extracted from PDF requires visual/source review; value was preserved without correction","Analgesic يهذئبد األوجبع وانح ًى"
Drug_Products_Directory_Yemen.pdf,412,7,"Arabic source text extracted from PDF requires visual/source review; value was preserved without correction","Analgesic يهذئبد األوجبع وانح ًى"
Drug_Products_Directory_Yemen.pdf,413,1,"Arabic source text extracted from PDF requires visual/source review; value was preserved without correction","َضالد انجشد"
Drug_Products_Directory_Yemen.pdf,413,2,"Arabic source text extracted from PDF requires visual/source review; value was preserved without correction","Analgesic يهذئبد األوجبع وانح ًى"
Drug_Products_Directory_Yemen.pdf,413,3,"Arabic source text extracted from PDF requires visual/source review; value was preserved without correction","Analgesic يهذئبد األوجبع وانح ًى"
Drug_Products_Directory_Yemen.pdf,413,4,"Arabic source text extracted from PDF requires visual/source review; value was preserved without correction","َضالد انجشد"
Drug_Products_Directory_Yemen.pdf,413,5,"Arabic source text extracted from PDF requires visual/source review; value was preserved without correction","Analgesic يهذئبد األوجبع وانح ًى"
Drug_Products_Directory_Yemen.pdf,413,6,"Arabic source text extracted from PDF requires visual/source review; value was preserved without correction","Analgesic يهذئبد األوجبع وانح ًى"
Drug_Products_Directory_Yemen.pdf,413,7,"Arabic source text extracted from PDF requires visual/source review; value was preserved without correction","Analgesic يهذئبد األوجبع وانح ًى"
Drug_Products_Directory_Yemen.pdf,414,1,"Arabic source text extracted from PDF requires visual/source review; value was preserved without correction","َضالد انجشد"
Drug_Products_Directory_Yemen.pdf,414,2,"Arabic source text extracted from PDF requires visual/source review; value was preserved without correction","Analgesic يهذئبد األوجبع وانح ًى"
Drug_Products_Directory_Yemen.pdf,414,3,"Arabic source text extracted from PDF requires visual/source review; value was preserved without correction","Analgesic يهذئبد األوجبع وانح ًى"
Drug_Products_Directory_Yemen.pdf,414,4,"Arabic source text extracted from PDF requires visual/source review; value was preserved without correction","Analgesic يهذئبد األوجبع وانح ًى"
Drug_Products_Directory_Yemen.pdf,414,5,"Arabic source text extracted from PDF requires visual/source review; value was preserved without correction","Analgesic يهذئبد األوجبع وانح ًى"
Drug_Products_Directory_Yemen.pdf,414,6,"Arabic source text extracted from PDF requires visual/source review; value was preserved without correction","Analgesic يهذئبد األوجبع وانح ًى"
Drug_Products_Directory_Yemen.pdf,414,7,"Arabic source text extracted from PDF requires visual/source review; value was preserved without correction","ٌ انشبئؼخ انذ ٌذا"
Drug_Products_Directory_Yemen.pdf,415,3,"Arabic source text extracted from PDF requires visual/source review; value was preserved without correction","األنتهبثبد انجذنذ ٌخ"
Drug_Products_Directory_Yemen.pdf,415,4,"Arabic source text extracted from PDF requires visual/source review; value was preserved without correction","األنتهبثبد انجذنذ ٌخ"
Drug_Products_Directory_Yemen.pdf,415,5,"Arabic source text extracted from PDF requires visual/source review; value was preserved without correction","Infections ًٍكشوث ٍخ األصبثبد ان انخط ٍشح"
Drug_Products_Directory_Yemen.pdf,415,6,"Arabic source text extracted from PDF requires visual/source review; value was preserved without correction","األوجبع"
Drug_Products_Directory_Yemen.pdf,415,7,"Arabic source text extracted from PDF requires visual/source review; value was preserved without correction","انهضى"
Drug_Products_Directory_Yemen.pdf,416,3,"Arabic source text extracted from PDF requires visual/source review; value was preserved without correction","ان ًؼذح"
Drug_Products_Directory_Yemen.pdf,416,4,"Arabic source text extracted from PDF requires visual/source review; value was preserved without correction","ان ًؼذح"
Drug_Products_Directory_Yemen.pdf,416,5,"Arabic source text extracted from PDF requires visual/source review; value was preserved without correction","ان ًؼذح"
Drug_Products_Directory_Yemen.pdf,416,6,"Arabic source text extracted from PDF requires visual/source review; value was preserved without correction","ان ًؼذح"
Drug_Products_Directory_Yemen.pdf,416,7,"Arabic source text extracted from PDF requires visual/source review; value was preserved without correction","األنتهبثبد انجذنذ ٌخ"
Drug_Products_Directory_Yemen.pdf,417,1,"Arabic source text extracted from PDF requires visual/source review; value was preserved without correction","األنتهبثبد انجذنذ ٌخ"
Drug_Products_Directory_Yemen.pdf,417,2,"Arabic source text extracted from PDF requires visual/source review; value was preserved without correction","األنتهبثبد انجذنذ ٌخ"
Drug_Products_Directory_Yemen.pdf,417,3,"Arabic source text extracted from PDF requires visual/source review; value was preserved without correction","ان ًؼذح"
Drug_Products_Directory_Yemen.pdf,417,4,"Arabic source text extracted from PDF requires visual/source review; value was preserved without correction","ان ًؼذح"
Drug_Products_Directory_Yemen.pdf,417,5,"Arabic source text extracted from PDF requires visual/source review; value was preserved without correction","ان ًؼذح"
Drug_Products_Directory_Yemen.pdf,417,6,"Arabic source text extracted from PDF requires visual/source review; value was preserved without correction","ان ًؼذح"
Drug_Products_Directory_Yemen.pdf,417,7,"Arabic source text extracted from PDF requires visual/source review; value was preserved without correction","األنتهبثبد انجذنذ ٌخ"
Drug_Products_Directory_Yemen.pdf,418,1,"Arabic source text extracted from PDF requires visual/source review; value was preserved without correction","ان ًؼذح"
Drug_Products_Directory_Yemen.pdf,418,2,"Arabic source text extracted from PDF requires visual/source review; value was preserved without correction","ان ًؼذح"
Drug_Products_Directory_Yemen.pdf,418,3,"Arabic source text extracted from PDF requires visual/source review; value was preserved without correction","ان ًؼذح"
Drug_Products_Directory_Yemen.pdf,418,4,"Arabic source text extracted from PDF requires visual/source review; value was preserved without correction","ان ًؼذح"
Drug_Products_Directory_Yemen.pdf,418,5,"Arabic source text extracted from PDF requires visual/source review; value was preserved without correction","ان ًؼذح"
Drug_Products_Directory_Yemen.pdf,418,6,"Arabic source text extracted from PDF requires visual/source review; value was preserved without correction","ان ًؼذح"
Drug_Products_Directory_Yemen.pdf,418,7,"Arabic source text extracted from PDF requires visual/source review; value was preserved without correction","ان ًؼذح"
Drug_Products_Directory_Yemen.pdf,419,1,"Arabic source text extracted from PDF requires visual/source review; value was preserved without correction","ان ًؼذح"
Drug_Products_Directory_Yemen.pdf,419,2,"Arabic source text extracted from PDF requires visual/source review; value was preserved without correction","ان ًؼذح"
Drug_Products_Directory_Yemen.pdf,419,3,"Arabic source text extracted from PDF requires visual/source review; value was preserved without correction","Analgesic يهذئبد األوجبع وانح ًى"
Drug_Products_Directory_Yemen.pdf,419,4,"Arabic source text extracted from PDF requires visual/source review; value was preserved without correction","Analgesic يهذئبد األوجبع وانح ًى"
Drug_Products_Directory_Yemen.pdf,419,5,"Arabic source text extracted from PDF requires visual/source review; value was preserved without correction","Analgesic يهذئبد األوجبع وانح ًى"
Drug_Products_Directory_Yemen.pdf,419,6,"Arabic source text extracted from PDF requires visual/source review; value was preserved without correction","Analgesic يهذئبد األوجبع وانح ًى"
Drug_Products_Directory_Yemen.pdf,419,7,"Arabic source text extracted from PDF requires visual/source review; value was preserved without correction","Analgesic يهذئبد األوجبع وانح ًى"
Drug_Products_Directory_Yemen.pdf,420,1,"Arabic source text extracted from PDF requires visual/source review; value was preserved without correction","Analgesic يهذئبد األوجبع وانح ًى"
Drug_Products_Directory_Yemen.pdf,420,2,"Arabic source text extracted from PDF requires visual/source review; value was preserved without correction","Analgesic يهذئبد األوجبع وانح ًى"
Drug_Products_Directory_Yemen.pdf,420,3,"Arabic source text extracted from PDF requires visual/source review; value was preserved without correction","Analgesic يهذئبد األوجبع وانح ًى"
Drug_Products_Directory_Yemen.pdf,420,4,"Arabic source text extracted from PDF requires visual/source review; value was preserved without correction","َضالد انجشد"
Drug_Products_Directory_Yemen.pdf,420,5,"Arabic source text extracted from PDF requires visual/source review; value was preserved without correction","Analgesic يهذئبد األوجبع وانح ًى"
Drug_Products_Directory_Yemen.pdf,420,6,"Arabic source text extracted from PDF requires visual/source review; value was preserved without correction","Analgesic يهذئبد األوجبع وانح ًى"
Drug_Products_Directory_Yemen.pdf,420,7,"Arabic source text extracted from PDF requires visual/source review; value was preserved without correction","Analgesic يهذئبد األوجبع وانح ًى"
Drug_Products_Directory_Yemen.pdf,421,1,"Arabic source text extracted from PDF requires visual/source review; value was preserved without correction","Analgesic يهذئبد األوجبع وانح ًى"
Drug_Products_Directory_Yemen.pdf,421,2,"Arabic source text extracted from PDF requires visual/source review; value was preserved without correction","Analgesic يهذئبد األوجبع وانح ًى"
Drug_Products_Directory_Yemen.pdf,421,3,"Arabic source text extracted from PDF requires visual/source review; value was preserved without correction","Analgesic يهذئبد األوجبع وانح ًى"
Drug_Products_Directory_Yemen.pdf,421,4,"Arabic source text extracted from PDF requires visual/source review; value was preserved without correction","Analgesic يهذئبد األوجبع وانح ًى"
Drug_Products_Directory_Yemen.pdf,421,5,"Arabic source text extracted from PDF requires visual/source review; value was preserved without correction","ٌ انشبئؼخ انذ ٌذا"
Drug_Products_Directory_Yemen.pdf,421,6,"Arabic source text extracted from PDF requires visual/source review; value was preserved without correction","ان ًؼذح"
Drug_Products_Directory_Yemen.pdf,421,7,"Arabic source text extracted from PDF requires visual/source review; value was preserved without correction","disease يشض انشػبػ"
Drug_Products_Directory_Yemen.pdf,422,1,"Arabic source text extracted from PDF requires visual/source review; value was preserved without correction","disease يشض انشػبػ"
Drug_Products_Directory_Yemen.pdf,422,2,"Arabic source text extracted from PDF requires visual/source review; value was preserved without correction","األيشاض انؼمه ٍخ"
Drug_Products_Directory_Yemen.pdf,422,3,"Arabic source text extracted from PDF requires visual/source review; value was preserved without correction","األيشاض انؼمه ٍخ"
Drug_Products_Directory_Yemen.pdf,422,5,"Arabic source text extracted from PDF requires visual/source review; value was preserved without correction","Analgesic يهذئبد األوجبع وانح ًى"
Drug_Products_Directory_Yemen.pdf,422,6,"Arabic source text extracted from PDF requires visual/source review; value was preserved without correction","Analgesic يهذئبد األوجبع وانح ًى"
Drug_Products_Directory_Yemen.pdf,422,7,"Arabic source text extracted from PDF requires visual/source review; value was preserved without correction","َضالد انجشد"
Drug_Products_Directory_Yemen.pdf,423,1,"Arabic source text extracted from PDF requires visual/source review; value was preserved without correction","انتهبثبد انؼظبو"
Drug_Products_Directory_Yemen.pdf,423,2,"Arabic source text extracted from PDF requires visual/source review; value was preserved without correction","األنتهبثبد"
Drug_Products_Directory_Yemen.pdf,423,3,"Arabic source text extracted from PDF requires visual/source review; value was preserved without correction","Analgesic يهذئبد األوجبع وانح ًى"
Drug_Products_Directory_Yemen.pdf,423,4,"Arabic source text extracted from PDF requires visual/source review; value was preserved without correction","Infections األصبثبد انجكت ٍش ٌخ"
Drug_Products_Directory_Yemen.pdf,423,5,"Arabic source text extracted from PDF requires visual/source review; value was preserved without correction","Analgesic يهذئبد األوجبع وانح ًى"
Drug_Products_Directory_Yemen.pdf,423,6,"Arabic source text extracted from PDF requires visual/source review; value was preserved without correction","َضالد انجشد"
Drug_Products_Directory_Yemen.pdf,423,7,"Arabic source text extracted from PDF requires visual/source review; value was preserved without correction","Analgesic يهذئبد األوجبع وانح ًى"
Drug_Products_Directory_Yemen.pdf,424,1,"Arabic source text extracted from PDF requires visual/source review; value was preserved without correction","Analgesic يهذئبد األوجبع وانح ًى"
Drug_Products_Directory_Yemen.pdf,424,5,"Arabic source text extracted from PDF requires visual/source review; value was preserved without correction","ان ًؼذح"
Drug_Products_Directory_Yemen.pdf,424,6,"Arabic source text extracted from PDF requires visual/source review; value was preserved without correction","ان ًؼذح"
Drug_Products_Directory_Yemen.pdf,424,7,"Arabic source text extracted from PDF requires visual/source review; value was preserved without correction","ان ًؼذح"
Drug_Products_Directory_Yemen.pdf,425,1,"Arabic source text extracted from PDF requires visual/source review; value was preserved without correction","ان ًؼذح"
Drug_Products_Directory_Yemen.pdf,425,2,"Arabic source text extracted from PDF requires visual/source review; value was preserved without correction","ان ًؼذح"
Drug_Products_Directory_Yemen.pdf,425,3,"Arabic source text extracted from PDF requires visual/source review; value was preserved without correction","ان ًؼذح"
Drug_Products_Directory_Yemen.pdf,425,4,"Arabic source text extracted from PDF requires visual/source review; value was preserved without correction","vomiting ٌ انغث ٍب وانطشػ"
Drug_Products_Directory_Yemen.pdf,425,5,"Arabic source text extracted from PDF requires visual/source review; value was preserved without correction","Analgesic يهذئبد األوجبع وانح ًى"
Drug_Products_Directory_Yemen.pdf,425,6,"Arabic source text extracted from PDF requires visual/source review; value was preserved without correction","األنتهبثبد انجذنذ ٌخ"
Drug_Products_Directory_Yemen.pdf,425,7,"Arabic source text extracted from PDF requires visual/source review; value was preserved without correction","Disorders اضطشاثبد انكجذ"
Drug_Products_Directory_Yemen.pdf,426,1,"Arabic source text extracted from PDF requires visual/source review; value was preserved without correction","ٌ انشبئؼخ انذ ٌذا"
Drug_Products_Directory_Yemen.pdf,426,2,"Arabic source text extracted from PDF requires visual/source review; value was preserved without correction","ٌ انشبئؼخ انذ ٌذا"
Drug_Products_Directory_Yemen.pdf,426,3,"Arabic source text extracted from PDF requires visual/source review; value was preserved without correction","انجهطبد"
Drug_Products_Directory_Yemen.pdf,426,4,"Arabic source text extracted from PDF requires visual/source review; value was preserved without correction","انؼبيخ"
Drug_Products_Directory_Yemen.pdf,426,5,"Arabic source text extracted from PDF requires visual/source review; value was preserved without correction","vomiting ٌ انغث ٍب وانطشػ"
Drug_Products_Directory_Yemen.pdf,426,7,"Arabic source text extracted from PDF requires visual/source review; value was preserved without correction","Spasm ٍ آالو انجط"
Drug_Products_Directory_Yemen.pdf,427,2,"Arabic source text extracted from PDF requires visual/source review; value was preserved without correction","Deficiency َمص ف ٍتبي ٍُبد"
Drug_Products_Directory_Yemen.pdf,427,3,"Arabic source text extracted from PDF requires visual/source review; value was preserved without correction","األنتهبثبد انجذنذ ٌخ"
Drug_Products_Directory_Yemen.pdf,427,4,"Arabic source text extracted from PDF requires visual/source review; value was preserved without correction","األنتهبثبد انجذنذ ٌخ"
Drug_Products_Directory_Yemen.pdf,427,5,"Arabic source text extracted from PDF requires visual/source review; value was preserved without correction","انهضى"
Drug_Products_Directory_Yemen.pdf,427,7,"Arabic source text extracted from PDF requires visual/source review; value was preserved without correction","انهضى"
Drug_Products_Directory_Yemen.pdf,428,2,"Arabic source text extracted from PDF requires visual/source review; value was preserved without correction","Infections األصبثبد انجكت ٍش ٌخ"
Drug_Products_Directory_Yemen.pdf,428,3,"Arabic source text extracted from PDF requires visual/source review; value was preserved without correction","انش ًظ"
Drug_Products_Directory_Yemen.pdf,428,4,"Arabic source text extracted from PDF requires visual/source review; value was preserved without correction","األنتهبثبد انجذنذ ٌخ"
Drug_Products_Directory_Yemen.pdf,428,5,"Arabic source text extracted from PDF requires visual/source review; value was preserved without correction","انش ًظ"
Drug_Products_Directory_Yemen.pdf,428,6,"Arabic source text extracted from PDF requires visual/source review; value was preserved without correction","ان ُض ٌف"
Drug_Products_Directory_Yemen.pdf,428,7,"Arabic source text extracted from PDF requires visual/source review; value was preserved without correction","األيغبن"
Drug_Products_Directory_Yemen.pdf,429,1,"Arabic source text extracted from PDF requires visual/source review; value was preserved without correction","األيغبن"
Drug_Products_Directory_Yemen.pdf,429,2,"Arabic source text extracted from PDF requires visual/source review; value was preserved without correction","األنتهبثبد انجذنذ ٌخ"
Drug_Products_Directory_Yemen.pdf,429,3,"Arabic source text extracted from PDF requires visual/source review; value was preserved without correction","انجىاع ٍش"
Drug_Products_Directory_Yemen.pdf,429,4,"Arabic source text extracted from PDF requires visual/source review; value was preserved without correction","أيشاض انغكشي"
Drug_Products_Directory_Yemen.pdf,429,6,"Arabic source text extracted from PDF requires visual/source review; value was preserved without correction","Stimulant ي ُشطبد انشه ٍخ"
Drug_Products_Directory_Yemen.pdf,429,7,"Arabic source text extracted from PDF requires visual/source review; value was preserved without correction","Stimulant ي ُشطبد انشه ٍخ"
Drug_Products_Directory_Yemen.pdf,430,1,"Arabic source text extracted from PDF requires visual/source review; value was preserved without correction","disease يشض انشػبػ"
Drug_Products_Directory_Yemen.pdf,430,2,"Arabic source text extracted from PDF requires visual/source review; value was preserved without correction","انجهطبد"
Drug_Products_Directory_Yemen.pdf,430,3,"Arabic source text extracted from PDF requires visual/source review; value was preserved without correction","انجهطبد"
Drug_Products_Directory_Yemen.pdf,430,4,"Arabic source text extracted from PDF requires visual/source review; value was preserved without correction","انجهطبد"
Drug_Products_Directory_Yemen.pdf,430,5,"Arabic source text extracted from PDF requires visual/source review; value was preserved without correction","انجهطبد"
Drug_Products_Directory_Yemen.pdf,430,6,"Arabic source text extracted from PDF requires visual/source review; value was preserved without correction","انجهطبد"
Drug_Products_Directory_Yemen.pdf,430,7,"Arabic source text extracted from PDF requires visual/source review; value was preserved without correction","انجهطبد"
Drug_Products_Directory_Yemen.pdf,431,1,"Arabic source text extracted from PDF requires visual/source review; value was preserved without correction","انجهطبد"
Drug_Products_Directory_Yemen.pdf,431,2,"Arabic source text extracted from PDF requires visual/source review; value was preserved without correction","انجهطبد"
Drug_Products_Directory_Yemen.pdf,431,3,"Arabic source text extracted from PDF requires visual/source review; value was preserved without correction","انجهطبد"
Drug_Products_Directory_Yemen.pdf,431,4,"Arabic source text extracted from PDF requires visual/source review; value was preserved without correction","انجهطبد"
Drug_Products_Directory_Yemen.pdf,431,5,"Arabic source text extracted from PDF requires visual/source review; value was preserved without correction","vomiting ٌ انغث ٍب وانطشػ"
Drug_Products_Directory_Yemen.pdf,431,6,"Arabic source text extracted from PDF requires visual/source review; value was preserved without correction","vomiting ٌ انغث ٍب وانطشػ"
Drug_Products_Directory_Yemen.pdf,431,7,"Arabic source text extracted from PDF requires visual/source review; value was preserved without correction","vomiting ٌ انغث ٍب وانطشػ"
Drug_Products_Directory_Yemen.pdf,432,1,"Arabic source text extracted from PDF requires visual/source review; value was preserved without correction","vomiting ٌ انغث ٍب وانطشػ"
Drug_Products_Directory_Yemen.pdf,432,2,"Arabic source text extracted from PDF requires visual/source review; value was preserved without correction","vomiting ٌ انغث ٍب وانطشػ"
Drug_Products_Directory_Yemen.pdf,432,3,"Arabic source text extracted from PDF requires visual/source review; value was preserved without correction","vomiting ٌ انغث ٍب وانطشػ"
Drug_Products_Directory_Yemen.pdf,432,4,"Arabic source text extracted from PDF requires visual/source review; value was preserved without correction","vomiting ٌ انغث ٍب وانطشػ"
Drug_Products_Directory_Yemen.pdf,432,5,"Arabic source text extracted from PDF requires visual/source review; value was preserved without correction","vomiting ٌ انغث ٍب وانطشػ"
Drug_Products_Directory_Yemen.pdf,432,6,"Arabic source text extracted from PDF requires visual/source review; value was preserved without correction","استفبع ضغظ انذو"
Drug_Products_Directory_Yemen.pdf,432,7,"Arabic source text extracted from PDF requires visual/source review; value was preserved without correction","انجهطبد"
Drug_Products_Directory_Yemen.pdf,433,2,"Arabic source text extracted from PDF requires visual/source review; value was preserved without correction","( E . N . T ) األ َف ٌ وانح ُجشح واألر"
Drug_Products_Directory_Yemen.pdf,433,4,"Arabic source text extracted from PDF requires visual/source review; value was preserved without correction","استفبع ضغظ انذو"
Drug_Products_Directory_Yemen.pdf,433,5,"Arabic source text extracted from PDF requires visual/source review; value was preserved without correction","األوجبع"
Drug_Products_Directory_Yemen.pdf,433,6,"Arabic source text extracted from PDF requires visual/source review; value was preserved without correction","األوجبع"
Drug_Products_Directory_Yemen.pdf,433,7,"Arabic source text extracted from PDF requires visual/source review; value was preserved without correction","األوجبع"
Drug_Products_Directory_Yemen.pdf,434,1,"Arabic source text extracted from PDF requires visual/source review; value was preserved without correction","األوجبع"
Drug_Products_Directory_Yemen.pdf,434,2,"Arabic source text extracted from PDF requires visual/source review; value was preserved without correction","األوجبع"
Drug_Products_Directory_Yemen.pdf,434,3,"Arabic source text extracted from PDF requires visual/source review; value was preserved without correction","األوجبع"
Drug_Products_Directory_Yemen.pdf,434,4,"Arabic source text extracted from PDF requires visual/source review; value was preserved without correction","يىا َغ انح ًم"
Drug_Products_Directory_Yemen.pdf,434,6,"Arabic source text extracted from PDF requires visual/source review; value was preserved without correction","انتئبو انجشوح"
Drug_Products_Directory_Yemen.pdf,434,7,"Arabic source text extracted from PDF requires visual/source review; value was preserved without correction","انتئبو انجشوح"
Drug_Products_Directory_Yemen.pdf,435,1,"Arabic source text extracted from PDF requires visual/source review; value was preserved without correction","انتئبو انجشوح"
Drug_Products_Directory_Yemen.pdf,435,2,"Arabic source text extracted from PDF requires visual/source review; value was preserved without correction","Deficiency َمص ف ٍتبي ٍُبد"
Drug_Products_Directory_Yemen.pdf,435,3,"Arabic source text extracted from PDF requires visual/source review; value was preserved without correction","األنتهبثبد انجذنذ ٌخ"
Drug_Products_Directory_Yemen.pdf,435,5,"Arabic source text extracted from PDF requires visual/source review; value was preserved without correction","Insumnea األسق وانمهك"
Drug_Products_Directory_Yemen.pdf,435,6,"Arabic source text extracted from PDF requires visual/source review; value was preserved without correction","Insumnea األسق وانمهك"
Drug_Products_Directory_Yemen.pdf,435,7,"Arabic source text extracted from PDF requires visual/source review; value was preserved without correction","Insumnea األسق وانمهك"
Drug_Products_Directory_Yemen.pdf,436,1,"Arabic source text extracted from PDF requires visual/source review; value was preserved without correction","Insumnea األسق وانمهك"
Drug_Products_Directory_Yemen.pdf,436,2,"Arabic source text extracted from PDF requires visual/source review; value was preserved without correction","Insumnea األسق وانمهك"
Drug_Products_Directory_Yemen.pdf,436,3,"Arabic source text extracted from PDF requires visual/source review; value was preserved without correction","Insumnea األسق وانمهك"
Drug_Products_Directory_Yemen.pdf,436,5,"Arabic source text extracted from PDF requires visual/source review; value was preserved without correction","األنتهبثبد"
Drug_Products_Directory_Yemen.pdf,436,6,"Arabic source text extracted from PDF requires visual/source review; value was preserved without correction","األنتهبثبد"
Drug_Products_Directory_Yemen.pdf,436,7,"Arabic source text extracted from PDF requires visual/source review; value was preserved without correction","األنتهبثبد"
Drug_Products_Directory_Yemen.pdf,437,1,"Arabic source text extracted from PDF requires visual/source review; value was preserved without correction","األنتهبثبد"
Drug_Products_Directory_Yemen.pdf,437,2,"Arabic source text extracted from PDF requires visual/source review; value was preserved without correction","األنتهبثبد"
Drug_Products_Directory_Yemen.pdf,437,3,"Arabic source text extracted from PDF requires visual/source review; value was preserved without correction","Deficiency َمص ف ٍتبي ٍُبد"
Drug_Products_Directory_Yemen.pdf,437,4,"Arabic source text extracted from PDF requires visual/source review; value was preserved without correction","Deficiency َمص ف ٍتبي ٍُبد"
Drug_Products_Directory_Yemen.pdf,437,5,"Arabic source text extracted from PDF requires visual/source review; value was preserved without correction","Deficiency َمص ف ٍتبي ٍُبد"
Drug_Products_Directory_Yemen.pdf,437,6,"Arabic source text extracted from PDF requires visual/source review; value was preserved without correction","Deficiency َمص ف ٍتبي ٍُبد"
Drug_Products_Directory_Yemen.pdf,438,1,"Arabic source text extracted from PDF requires visual/source review; value was preserved without correction","Deficiency َمص ف ٍتبي ٍُبد"
Drug_Products_Directory_Yemen.pdf,438,3,"Arabic source text extracted from PDF requires visual/source review; value was preserved without correction","Deficiency َمص ف ٍتبي ٍُبد"
Drug_Products_Directory_Yemen.pdf,438,4,"Arabic source text extracted from PDF requires visual/source review; value was preserved without correction","Deficiency َمص ف ٍتبي ٍُبد"
Drug_Products_Directory_Yemen.pdf,438,5,"Arabic source text extracted from PDF requires visual/source review; value was preserved without correction","Deficiency َمص ف ٍتبي ٍُبد"
Drug_Products_Directory_Yemen.pdf,438,6,"Arabic source text extracted from PDF requires visual/source review; value was preserved without correction","Deficiency َمص ف ٍتبي ٍُبد"
Drug_Products_Directory_Yemen.pdf,438,7,"Arabic source text extracted from PDF requires visual/source review; value was preserved without correction","Deficiency َمص ف ٍتبي ٍُبد"
Drug_Products_Directory_Yemen.pdf,439,1,"Arabic source text extracted from PDF requires visual/source review; value was preserved without correction","Deficiency َمص ف ٍتبي ٍُبد"
Drug_Products_Directory_Yemen.pdf,439,2,"Arabic source text extracted from PDF requires visual/source review; value was preserved without correction","Disorders اضطشاثبد انكجذ"
Drug_Products_Directory_Yemen.pdf,439,3,"Arabic source text extracted from PDF requires visual/source review; value was preserved without correction","vomiting ٌ انغث ٍب وانطشػ"
Drug_Products_Directory_Yemen.pdf,439,4,"Arabic source text extracted from PDF requires visual/source review; value was preserved without correction","Deficiency َمص ف ٍتبي ٍُبد"
Drug_Products_Directory_Yemen.pdf,439,5,"Arabic source text extracted from PDF requires visual/source review; value was preserved without correction","األيشاض انؼمه ٍخ"
Drug_Products_Directory_Yemen.pdf,439,6,"Arabic source text extracted from PDF requires visual/source review; value was preserved without correction","يىا َغ انح ًم"
Drug_Products_Directory_Yemen.pdf,439,7,"Arabic source text extracted from PDF requires visual/source review; value was preserved without correction","يىا َغ انح ًم"
Drug_Products_Directory_Yemen.pdf,440,1,"Arabic source text extracted from PDF requires visual/source review; value was preserved without correction","َضالد انجشد"
Drug_Products_Directory_Yemen.pdf,440,2,"Arabic source text extracted from PDF requires visual/source review; value was preserved without correction","Disorders اضطشاثبد انجهبص ً انت ُفغ"
Drug_Products_Directory_Yemen.pdf,440,5,"Arabic source text extracted from PDF requires visual/source review; value was preserved without correction","انجىاع ٍش"
Drug_Products_Directory_Yemen.pdf,440,6,"Arabic source text extracted from PDF requires visual/source review; value was preserved without correction","انجىاع ٍش"
Drug_Products_Directory_Yemen.pdf,440,7,"Arabic source text extracted from PDF requires visual/source review; value was preserved without correction","انجىاع ٍش"
Drug_Products_Directory_Yemen.pdf,441,1,"Arabic source text extracted from PDF requires visual/source review; value was preserved without correction","انجىاع ٍش"
Drug_Products_Directory_Yemen.pdf,441,2,"Arabic source text extracted from PDF requires visual/source review; value was preserved without correction","انجىاع ٍش"
Drug_Products_Directory_Yemen.pdf,441,3,"Arabic source text extracted from PDF requires visual/source review; value was preserved without correction","األوجبع"
Drug_Products_Directory_Yemen.pdf,441,4,"Arabic source text extracted from PDF requires visual/source review; value was preserved without correction","األوجبع"
Drug_Products_Directory_Yemen.pdf,441,5,"Arabic source text extracted from PDF requires visual/source review; value was preserved without correction","األوجبع"
Drug_Products_Directory_Yemen.pdf,441,6,"Arabic source text extracted from PDF requires visual/source review; value was preserved without correction","األوجبع"
Drug_Products_Directory_Yemen.pdf,441,7,"Arabic source text extracted from PDF requires visual/source review; value was preserved without correction","األوجبع"
Drug_Products_Directory_Yemen.pdf,442,1,"Arabic source text extracted from PDF requires visual/source review; value was preserved without correction","األوجبع"
Drug_Products_Directory_Yemen.pdf,442,2,"Arabic source text extracted from PDF requires visual/source review; value was preserved without correction","األوجبع"
Drug_Products_Directory_Yemen.pdf,442,3,"Arabic source text extracted from PDF requires visual/source review; value was preserved without correction","انشؼت انهىائ ٍخ"
Drug_Products_Directory_Yemen.pdf,442,4,"Arabic source text extracted from PDF requires visual/source review; value was preserved without correction","انشؼت انهىائ ٍخ"
Drug_Products_Directory_Yemen.pdf,442,5,"Arabic source text extracted from PDF requires visual/source review; value was preserved without correction","األوجبع"
Drug_Products_Directory_Yemen.pdf,442,6,"Arabic source text extracted from PDF requires visual/source review; value was preserved without correction","األوجبع"
Drug_Products_Directory_Yemen.pdf,443,1,"Arabic source text extracted from PDF requires visual/source review; value was preserved without correction","يىا َغ انح ًم"
Drug_Products_Directory_Yemen.pdf,443,2,"Arabic source text extracted from PDF requires visual/source review; value was preserved without correction","استفبع ضغظ انذو"
Drug_Products_Directory_Yemen.pdf,443,3,"Arabic source text extracted from PDF requires visual/source review; value was preserved without correction","ا َمطبع انط ًث"
Drug_Products_Directory_Yemen.pdf,443,5,"Arabic source text extracted from PDF requires visual/source review; value was preserved without correction","Deficiency َمص ف ٍتبي ٍُبد"
Drug_Products_Directory_Yemen.pdf,443,6,"Arabic source text extracted from PDF requires visual/source review; value was preserved without correction","Deficiency َمص ف ٍتبي ٍُبد"
Drug_Products_Directory_Yemen.pdf,443,7,"Arabic source text extracted from PDF requires visual/source review; value was preserved without correction","األوجبع"
Drug_Products_Directory_Yemen.pdf,444,1,"Arabic source text extracted from PDF requires visual/source review; value was preserved without correction","األوجبع"
Drug_Products_Directory_Yemen.pdf,444,2,"Arabic source text extracted from PDF requires visual/source review; value was preserved without correction","األوجبع"
Drug_Products_Directory_Yemen.pdf,444,3,"Arabic source text extracted from PDF requires visual/source review; value was preserved without correction","انشؼت انهىائ ٍخ"
Drug_Products_Directory_Yemen.pdf,444,4,"Arabic source text extracted from PDF requires visual/source review; value was preserved without correction","استفبع ضغظ انذو"
Drug_Products_Directory_Yemen.pdf,444,5,"Arabic source text extracted from PDF requires visual/source review; value was preserved without correction","َضالد انجشد"
Drug_Products_Directory_Yemen.pdf,444,6,"Arabic source text extracted from PDF requires visual/source review; value was preserved without correction","َضالد انجشد"
Drug_Products_Directory_Yemen.pdf,444,7,"Arabic source text extracted from PDF requires visual/source review; value was preserved without correction","َضالد انجشد"
Drug_Products_Directory_Yemen.pdf,445,1,"Arabic source text extracted from PDF requires visual/source review; value was preserved without correction","يىا َغ انح ًم"
Drug_Products_Directory_Yemen.pdf,445,2,"Arabic source text extracted from PDF requires visual/source review; value was preserved without correction","يىا َغ انح ًم"
Drug_Products_Directory_Yemen.pdf,445,3,"Arabic source text extracted from PDF requires visual/source review; value was preserved without correction","يىا َغ انح ًم"
Drug_Products_Directory_Yemen.pdf,445,4,"Arabic source text extracted from PDF requires visual/source review; value was preserved without correction","انهضى"
Drug_Products_Directory_Yemen.pdf,445,5,"Arabic source text extracted from PDF requires visual/source review; value was preserved without correction","انهضى"
Drug_Products_Directory_Yemen.pdf,445,6,"Arabic source text extracted from PDF requires visual/source review; value was preserved without correction","Gardiasis جبسد ٌب واي ٍج ٍب"
Drug_Products_Directory_Yemen.pdf,445,7,"Arabic source text extracted from PDF requires visual/source review; value was preserved without correction","Gardiasis جبسد ٌب واي ٍج ٍب"
Drug_Products_Directory_Yemen.pdf,446,1,"Arabic source text extracted from PDF requires visual/source review; value was preserved without correction","Gardiasis جبسد ٌب واي ٍج ٍب"
Drug_Products_Directory_Yemen.pdf,446,2,"Arabic source text extracted from PDF requires visual/source review; value was preserved without correction","Gardiasis جبسد ٌب واي ٍج ٍب"
Drug_Products_Directory_Yemen.pdf,446,3,"Arabic source text extracted from PDF requires visual/source review; value was preserved without correction","Gardiasis جبسد ٌب واي ٍج ٍب"
Drug_Products_Directory_Yemen.pdf,446,4,"Arabic source text extracted from PDF requires visual/source review; value was preserved without correction","Gardiasis جبسد ٌب واي ٍج ٍب"
Drug_Products_Directory_Yemen.pdf,446,5,"Arabic source text extracted from PDF requires visual/source review; value was preserved without correction","Gardiasis جبسد ٌب واي ٍج ٍب"
Drug_Products_Directory_Yemen.pdf,446,6,"Arabic source text extracted from PDF requires visual/source review; value was preserved without correction","ان ًؼذح"
Drug_Products_Directory_Yemen.pdf,446,7,"Arabic source text extracted from PDF requires visual/source review; value was preserved without correction","Gardiasis جبسد ٌب واي ٍج ٍب"
Drug_Products_Directory_Yemen.pdf,447,1,"Arabic source text extracted from PDF requires visual/source review; value was preserved without correction","Gardiasis جبسد ٌب واي ٍج ٍب"
Drug_Products_Directory_Yemen.pdf,447,2,"Arabic source text extracted from PDF requires visual/source review; value was preserved without correction","األيشاض انؼمه ٍخ"
Drug_Products_Directory_Yemen.pdf,447,3,"Arabic source text extracted from PDF requires visual/source review; value was preserved without correction","األيشاض انؼمه ٍخ"
Drug_Products_Directory_Yemen.pdf,447,4,"Arabic source text extracted from PDF requires visual/source review; value was preserved without correction","هشيى َبد ج ُغ ٍخ"
Drug_Products_Directory_Yemen.pdf,447,5,"Arabic source text extracted from PDF requires visual/source review; value was preserved without correction","األوجبع"
Drug_Products_Directory_Yemen.pdf,447,6,"Arabic source text extracted from PDF requires visual/source review; value was preserved without correction","األوجبع"
Drug_Products_Directory_Yemen.pdf,447,7,"Arabic source text extracted from PDF requires visual/source review; value was preserved without correction","األوجبع"
Drug_Products_Directory_Yemen.pdf,448,1,"Arabic source text extracted from PDF requires visual/source review; value was preserved without correction","األوجبع"
Drug_Products_Directory_Yemen.pdf,448,2,"Arabic source text extracted from PDF requires visual/source review; value was preserved without correction","ان ًؼذح"
Drug_Products_Directory_Yemen.pdf,448,3,"Arabic source text extracted from PDF requires visual/source review; value was preserved without correction","ان ًؼذح"
Drug_Products_Directory_Yemen.pdf,448,4,"Arabic source text extracted from PDF requires visual/source review; value was preserved without correction","َضالد انجشد"
Drug_Products_Directory_Yemen.pdf,448,5,"Arabic source text extracted from PDF requires visual/source review; value was preserved without correction","األنتهبثبد انجذنذ ٌخ"
Drug_Products_Directory_Yemen.pdf,448,6,"Arabic source text extracted from PDF requires visual/source review; value was preserved without correction","Deficiency َمص ف ٍتبي ٍُبد"
Drug_Products_Directory_Yemen.pdf,448,7,"Arabic source text extracted from PDF requires visual/source review; value was preserved without correction","األيغبن"
Drug_Products_Directory_Yemen.pdf,449,1,"Arabic source text extracted from PDF requires visual/source review; value was preserved without correction","Analgesic يهذئبد األوجبع وانح ًى"
Drug_Products_Directory_Yemen.pdf,449,2,"Arabic source text extracted from PDF requires visual/source review; value was preserved without correction","ٌ انشبئؼخ انذ ٌذا"
Drug_Products_Directory_Yemen.pdf,449,3,"Arabic source text extracted from PDF requires visual/source review; value was preserved without correction","ٌ انشبئؼخ انذ ٌذا"
Drug_Products_Directory_Yemen.pdf,449,6,"Arabic source text extracted from PDF requires visual/source review; value was preserved without correction","vomiting ٌ انغث ٍب وانطشػ"
Drug_Products_Directory_Yemen.pdf,450,1,"Arabic source text extracted from PDF requires visual/source review; value was preserved without correction","Asthma انشثى ً انشؼج"
Drug_Products_Directory_Yemen.pdf,450,2,"Arabic source text extracted from PDF requires visual/source review; value was preserved without correction","Asthma انشثى ً انشؼج"
Drug_Products_Directory_Yemen.pdf,450,3,"Arabic source text extracted from PDF requires visual/source review; value was preserved without correction","األيشاض انؼمه ٍخ"
Drug_Products_Directory_Yemen.pdf,450,7,"Arabic source text extracted from PDF requires visual/source review; value was preserved without correction","ان ًؼذح"
Drug_Products_Directory_Yemen.pdf,451,1,"Arabic source text extracted from PDF requires visual/source review; value was preserved without correction","ان ًؼذح"
Drug_Products_Directory_Yemen.pdf,451,2,"Arabic source text extracted from PDF requires visual/source review; value was preserved without correction","األوجبع"
Drug_Products_Directory_Yemen.pdf,451,5,"Arabic source text extracted from PDF requires visual/source review; value was preserved without correction","Infections األصبثبد انجكت ٍش ٌخ"
Drug_Products_Directory_Yemen.pdf,451,6,"Arabic source text extracted from PDF requires visual/source review; value was preserved without correction","Infections األصبثبد انجكت ٍش ٌخ"
Drug_Products_Directory_Yemen.pdf,451,7,"Arabic source text extracted from PDF requires visual/source review; value was preserved without correction","استفبع ضغظ انذو"
Drug_Products_Directory_Yemen.pdf,452,1,"Arabic source text extracted from PDF requires visual/source review; value was preserved without correction","استفبع ضغظ انذو"
Drug_Products_Directory_Yemen.pdf,452,2,"Arabic source text extracted from PDF requires visual/source review; value was preserved without correction","استفبع ضغظ انذو"
Drug_Products_Directory_Yemen.pdf,452,3,"Arabic source text extracted from PDF requires visual/source review; value was preserved without correction","استفبع ضغظ انذو"
Drug_Products_Directory_Yemen.pdf,452,4,"Arabic source text extracted from PDF requires visual/source review; value was preserved without correction","Analgesic يهذئبد األوجبع وانح ًى"
Drug_Products_Directory_Yemen.pdf,452,5,"Arabic source text extracted from PDF requires visual/source review; value was preserved without correction","Analgesic يهذئبد األوجبع وانح ًى"
Drug_Products_Directory_Yemen.pdf,452,6,"Arabic source text extracted from PDF requires visual/source review; value was preserved without correction","Analgesic يهذئبد األوجبع وانح ًى"
Drug_Products_Directory_Yemen.pdf,452,7,"Arabic source text extracted from PDF requires visual/source review; value was preserved without correction","Analgesic يهذئبد األوجبع وانح ًى"
Drug_Products_Directory_Yemen.pdf,453,1,"Arabic source text extracted from PDF requires visual/source review; value was preserved without correction","Analgesic يهذئبد األوجبع وانح ًى"
Drug_Products_Directory_Yemen.pdf,453,2,"Arabic source text extracted from PDF requires visual/source review; value was preserved without correction","Analgesic يهذئبد األوجبع وانح ًى"
Drug_Products_Directory_Yemen.pdf,453,3,"Arabic source text extracted from PDF requires visual/source review; value was preserved without correction","Analgesic يهذئبد األوجبع وانح ًى"
Drug_Products_Directory_Yemen.pdf,453,4,"Arabic source text extracted from PDF requires visual/source review; value was preserved without correction","َضالد انجشد"
Drug_Products_Directory_Yemen.pdf,453,5,"Arabic source text extracted from PDF requires visual/source review; value was preserved without correction","َضالد انجشد"
Drug_Products_Directory_Yemen.pdf,453,6,"Arabic source text extracted from PDF requires visual/source review; value was preserved without correction","Analgesic يهذئبد األوجبع وانح ًى"
Drug_Products_Directory_Yemen.pdf,453,7,"Arabic source text extracted from PDF requires visual/source review; value was preserved without correction","األيغبن"
Drug_Products_Directory_Yemen.pdf,454,1,"Arabic source text extracted from PDF requires visual/source review; value was preserved without correction","األيغبن"
Drug_Products_Directory_Yemen.pdf,454,2,"Arabic source text extracted from PDF requires visual/source review; value was preserved without correction","ان ًؼذح"
Drug_Products_Directory_Yemen.pdf,454,3,"Arabic source text extracted from PDF requires visual/source review; value was preserved without correction","ان ًؼذح"
Drug_Products_Directory_Yemen.pdf,454,4,"Arabic source text extracted from PDF requires visual/source review; value was preserved without correction","ان ًؼذح"
Drug_Products_Directory_Yemen.pdf,454,5,"Arabic source text extracted from PDF requires visual/source review; value was preserved without correction","ان ًؼذح"
Drug_Products_Directory_Yemen.pdf,454,6,"Arabic source text extracted from PDF requires visual/source review; value was preserved without correction","ان ًؼذح"
Drug_Products_Directory_Yemen.pdf,454,7,"Arabic source text extracted from PDF requires visual/source review; value was preserved without correction","ان ًؼذح"
Drug_Products_Directory_Yemen.pdf,455,1,"Arabic source text extracted from PDF requires visual/source review; value was preserved without correction","ان ًؼذح"
Drug_Products_Directory_Yemen.pdf,455,2,"Arabic source text extracted from PDF requires visual/source review; value was preserved without correction","ان ًؼذح"
Drug_Products_Directory_Yemen.pdf,455,3,"Arabic source text extracted from PDF requires visual/source review; value was preserved without correction","ان ًؼذح"
Drug_Products_Directory_Yemen.pdf,455,4,"Arabic source text extracted from PDF requires visual/source review; value was preserved without correction","ان ًؼذح"
Drug_Products_Directory_Yemen.pdf,455,5,"Arabic source text extracted from PDF requires visual/source review; value was preserved without correction","ان ًؼذح"
Drug_Products_Directory_Yemen.pdf,455,6,"Arabic source text extracted from PDF requires visual/source review; value was preserved without correction","ان ًؼذح"
Drug_Products_Directory_Yemen.pdf,455,7,"Arabic source text extracted from PDF requires visual/source review; value was preserved without correction","ان ًؼذح"
Drug_Products_Directory_Yemen.pdf,456,1,"Arabic source text extracted from PDF requires visual/source review; value was preserved without correction","ان ًؼذح"
Drug_Products_Directory_Yemen.pdf,456,2,"Arabic source text extracted from PDF requires visual/source review; value was preserved without correction","ان ًؼذح"
Drug_Products_Directory_Yemen.pdf,456,3,"Arabic source text extracted from PDF requires visual/source review; value was preserved without correction","ان ًؼذح"
Drug_Products_Directory_Yemen.pdf,456,4,"Arabic source text extracted from PDF requires visual/source review; value was preserved without correction","ان ًؼذح"
Drug_Products_Directory_Yemen.pdf,456,5,"Arabic source text extracted from PDF requires visual/source review; value was preserved without correction","استفبع ضغظ انذو"
Drug_Products_Directory_Yemen.pdf,456,6,"Arabic source text extracted from PDF requires visual/source review; value was preserved without correction","األوجبع"
Drug_Products_Directory_Yemen.pdf,456,7,"Arabic source text extracted from PDF requires visual/source review; value was preserved without correction","األنتهبثبد انجذنذ ٌخ"
Drug_Products_Directory_Yemen.pdf,457,1,"Arabic source text extracted from PDF requires visual/source review; value was preserved without correction","استفبع ضغظ انذو"
Drug_Products_Directory_Yemen.pdf,457,2,"Arabic source text extracted from PDF requires visual/source review; value was preserved without correction","األيشاض انؼمه ٍخ"
Drug_Products_Directory_Yemen.pdf,457,3,"Arabic source text extracted from PDF requires visual/source review; value was preserved without correction","األيشاض انؼمه ٍخ"
Drug_Products_Directory_Yemen.pdf,457,4,"Arabic source text extracted from PDF requires visual/source review; value was preserved without correction","ان ًؼذح"
Drug_Products_Directory_Yemen.pdf,457,5,"Arabic source text extracted from PDF requires visual/source review; value was preserved without correction","ان ًؼذح"
Drug_Products_Directory_Yemen.pdf,457,6,"Arabic source text extracted from PDF requires visual/source review; value was preserved without correction","Deficiency َمص ف ٍتبي ٍُبد"
Drug_Products_Directory_Yemen.pdf,458,1,"Arabic source text extracted from PDF requires visual/source review; value was preserved without correction","انهضى"
Drug_Products_Directory_Yemen.pdf,458,2,"Arabic source text extracted from PDF requires visual/source review; value was preserved without correction","يىا َغ انح ًم"
Drug_Products_Directory_Yemen.pdf,458,3,"Arabic source text extracted from PDF requires visual/source review; value was preserved without correction","Analgesic يهذئبد األوجبع وانح ًى"
Drug_Products_Directory_Yemen.pdf,458,4,"Arabic source text extracted from PDF requires visual/source review; value was preserved without correction","يشخ ٍبد انؼضالد"
Drug_Products_Directory_Yemen.pdf,458,5,"Arabic source text extracted from PDF requires visual/source review; value was preserved without correction","يشخ ٍبد انؼضالد"
Drug_Products_Directory_Yemen.pdf,458,6,"Arabic source text extracted from PDF requires visual/source review; value was preserved without correction","انهضى"
Drug_Products_Directory_Yemen.pdf,458,7,"Arabic source text extracted from PDF requires visual/source review; value was preserved without correction","Local انتخذ ٌش ً ان ًىضؼ"
Drug_Products_Directory_Yemen.pdf,459,2,"Arabic source text extracted from PDF requires visual/source review; value was preserved without correction","ان ًؼذح"
Drug_Products_Directory_Yemen.pdf,459,3,"Arabic source text extracted from PDF requires visual/source review; value was preserved without correction","Infection اصبثبد ً انجهبص انجىن"
Drug_Products_Directory_Yemen.pdf,459,4,"Arabic source text extracted from PDF requires visual/source review; value was preserved without correction","ان ًؼذح"
Drug_Products_Directory_Yemen.pdf,459,5,"Arabic source text extracted from PDF requires visual/source review; value was preserved without correction","انهضى"
Drug_Products_Directory_Yemen.pdf,459,6,"Arabic source text extracted from PDF requires visual/source review; value was preserved without correction","انهضى"
Drug_Products_Directory_Yemen.pdf,459,7,"Arabic source text extracted from PDF requires visual/source review; value was preserved without correction","انهضى"
Drug_Products_Directory_Yemen.pdf,460,1,"Arabic source text extracted from PDF requires visual/source review; value was preserved without correction","استفبع ضغظ انذو"
Drug_Products_Directory_Yemen.pdf,460,2,"Arabic source text extracted from PDF requires visual/source review; value was preserved without correction","استفبع ضغظ انذو"
Drug_Products_Directory_Yemen.pdf,460,3,"Arabic source text extracted from PDF requires visual/source review; value was preserved without correction","األوػ ٍخ انذيى ٌخ وانمهت"
Drug_Products_Directory_Yemen.pdf,460,4,"Arabic source text extracted from PDF requires visual/source review; value was preserved without correction","األوػ ٍخ انذيى ٌخ وانمهت"
Drug_Products_Directory_Yemen.pdf,460,5,"Arabic source text extracted from PDF requires visual/source review; value was preserved without correction","Disorders اضطشاثبد انجهبص ً انت ُفغ"
Drug_Products_Directory_Yemen.pdf,460,6,"Arabic source text extracted from PDF requires visual/source review; value was preserved without correction","األيشاض انؼمه ٍخ"
Drug_Products_Directory_Yemen.pdf,460,7,"Arabic source text extracted from PDF requires visual/source review; value was preserved without correction","األيشاض انؼمه ٍخ"
Drug_Products_Directory_Yemen.pdf,461,1,"Arabic source text extracted from PDF requires visual/source review; value was preserved without correction","األيشاض انؼمه ٍخ"
Drug_Products_Directory_Yemen.pdf,461,2,"Arabic source text extracted from PDF requires visual/source review; value was preserved without correction","استفبع ضغظ انذو"
Drug_Products_Directory_Yemen.pdf,461,3,"Arabic source text extracted from PDF requires visual/source review; value was preserved without correction","supplementation ًٍه ٍخ تغز ٌخ تك"
Drug_Products_Directory_Yemen.pdf,461,4,"Arabic source text extracted from PDF requires visual/source review; value was preserved without correction","األيشاض انؼمه ٍخ"
Drug_Products_Directory_Yemen.pdf,461,5,"Arabic source text extracted from PDF requires visual/source review; value was preserved without correction","vomiting ٌ انغث ٍب وانطشػ"
Drug_Products_Directory_Yemen.pdf,461,6,"Arabic source text extracted from PDF requires visual/source review; value was preserved without correction","األيشاض انؼمه ٍخ"
Drug_Products_Directory_Yemen.pdf,461,7,"Arabic source text extracted from PDF requires visual/source review; value was preserved without correction","األيشاض انؼمه ٍخ"
Drug_Products_Directory_Yemen.pdf,462,1,"Arabic source text extracted from PDF requires visual/source review; value was preserved without correction","Insumnea األسق وانمهك"
Drug_Products_Directory_Yemen.pdf,462,3,"Arabic source text extracted from PDF requires visual/source review; value was preserved without correction","Disorders اضطشاثبد انجهبص ً انت ُفغ"
Drug_Products_Directory_Yemen.pdf,462,4,"Arabic source text extracted from PDF requires visual/source review; value was preserved without correction","األيشاض انؼمه ٍخ"
Drug_Products_Directory_Yemen.pdf,462,7,"Arabic source text extracted from PDF requires visual/source review; value was preserved without correction","Analgesic يهذئبد األوجبع وانح ًى"
Drug_Products_Directory_Yemen.pdf,463,1,"Arabic source text extracted from PDF requires visual/source review; value was preserved without correction","األيشاض انؼمه ٍخ"
Drug_Products_Directory_Yemen.pdf,463,2,"Arabic source text extracted from PDF requires visual/source review; value was preserved without correction","األيشاض انؼمه ٍخ"
Drug_Products_Directory_Yemen.pdf,463,3,"Arabic source text extracted from PDF requires visual/source review; value was preserved without correction","األيشاض انؼمه ٍخ"
Drug_Products_Directory_Yemen.pdf,463,4,"Arabic source text extracted from PDF requires visual/source review; value was preserved without correction","األيشاض انؼمه ٍخ"
Drug_Products_Directory_Yemen.pdf,463,5,"Arabic source text extracted from PDF requires visual/source review; value was preserved without correction","األيشاض انؼمه ٍخ"
Drug_Products_Directory_Yemen.pdf,463,7,"Arabic source text extracted from PDF requires visual/source review; value was preserved without correction","َضالد انجشد"
Drug_Products_Directory_Yemen.pdf,464,1,"Arabic source text extracted from PDF requires visual/source review; value was preserved without correction","Analgesic يهذئبد األوجبع وانح ًى"
Drug_Products_Directory_Yemen.pdf,464,2,"Arabic source text extracted from PDF requires visual/source review; value was preserved without correction","Analgesic يهذئبد األوجبع وانح ًى"
Drug_Products_Directory_Yemen.pdf,464,3,"Arabic source text extracted from PDF requires visual/source review; value was preserved without correction","َضالد انجشد"
Drug_Products_Directory_Yemen.pdf,464,4,"Arabic source text extracted from PDF requires visual/source review; value was preserved without correction","ي ُشطبد ج ُغ ٍخ"
Drug_Products_Directory_Yemen.pdf,464,5,"Arabic source text extracted from PDF requires visual/source review; value was preserved without correction","ي ُشطبد ج ُغ ٍخ"
Drug_Products_Directory_Yemen.pdf,464,6,"Arabic source text extracted from PDF requires visual/source review; value was preserved without correction","األيشاض انؼمه ٍخ"
Drug_Products_Directory_Yemen.pdf,464,7,"Arabic source text extracted from PDF requires visual/source review; value was preserved without correction","Analgesic يهذئبد األوجبع وانح ًى"
Drug_Products_Directory_Yemen.pdf,465,1,"Arabic source text extracted from PDF requires visual/source review; value was preserved without correction","Analgesic يهذئبد األوجبع وانح ًى"
Drug_Products_Directory_Yemen.pdf,465,2,"Arabic source text extracted from PDF requires visual/source review; value was preserved without correction","Analgesic يهذئبد األوجبع وانح ًى"
Drug_Products_Directory_Yemen.pdf,465,3,"Arabic source text extracted from PDF requires visual/source review; value was preserved without correction","Analgesic يهذئبد األوجبع وانح ًى"
Drug_Products_Directory_Yemen.pdf,465,4,"Arabic source text extracted from PDF requires visual/source review; value was preserved without correction","Analgesic يهذئبد األوجبع وانح ًى"
Drug_Products_Directory_Yemen.pdf,465,5,"Arabic source text extracted from PDF requires visual/source review; value was preserved without correction","Analgesic يهذئبد األوجبع وانح ًى"
Drug_Products_Directory_Yemen.pdf,465,6,"Arabic source text extracted from PDF requires visual/source review; value was preserved without correction","Analgesic يهذئبد األوجبع وانح ًى"
Drug_Products_Directory_Yemen.pdf,465,7,"Arabic source text extracted from PDF requires visual/source review; value was preserved without correction","َضالد انجشد"
Drug_Products_Directory_Yemen.pdf,466,1,"Arabic source text extracted from PDF requires visual/source review; value was preserved without correction","َضالد انجشد"
Drug_Products_Directory_Yemen.pdf,466,2,"Arabic source text extracted from PDF requires visual/source review; value was preserved without correction","Analgesic يهذئبد األوجبع وانح ًى"
Drug_Products_Directory_Yemen.pdf,466,3,"Arabic source text extracted from PDF requires visual/source review; value was preserved without correction","Analgesic يهذئبد األوجبع وانح ًى"
Drug_Products_Directory_Yemen.pdf,466,4,"Arabic source text extracted from PDF requires visual/source review; value was preserved without correction","Analgesic يهذئبد األوجبع وانح ًى"
Drug_Products_Directory_Yemen.pdf,466,5,"Arabic source text extracted from PDF requires visual/source review; value was preserved without correction","Analgesic يهذئبد األوجبع وانح ًى"
Drug_Products_Directory_Yemen.pdf,466,6,"Arabic source text extracted from PDF requires visual/source review; value was preserved without correction","Analgesic يهذئبد األوجبع وانح ًى"
Drug_Products_Directory_Yemen.pdf,467,4,"Arabic source text extracted from PDF requires visual/source review; value was preserved without correction","األيشاض انؼمه ٍخ"
Drug_Products_Directory_Yemen.pdf,467,5,"Arabic source text extracted from PDF requires visual/source review; value was preserved without correction","األيشاض انؼمه ٍخ"
Drug_Products_Directory_Yemen.pdf,467,6,"Arabic source text extracted from PDF requires visual/source review; value was preserved without correction","استفبع ضغظ انذو"
Drug_Products_Directory_Yemen.pdf,467,7,"Arabic source text extracted from PDF requires visual/source review; value was preserved without correction","استفبع ضغظ انذو"
Drug_Products_Directory_Yemen.pdf,468,1,"Arabic source text extracted from PDF requires visual/source review; value was preserved without correction","استفبع ضغظ انذو"
Drug_Products_Directory_Yemen.pdf,468,3,"Arabic source text extracted from PDF requires visual/source review; value was preserved without correction","األوجبع"
Drug_Products_Directory_Yemen.pdf,468,4,"Arabic source text extracted from PDF requires visual/source review; value was preserved without correction","األوجبع"
Drug_Products_Directory_Yemen.pdf,468,5,"Arabic source text extracted from PDF requires visual/source review; value was preserved without correction","األوجبع"
Drug_Products_Directory_Yemen.pdf,468,6,"Arabic source text extracted from PDF requires visual/source review; value was preserved without correction","َضالد انجشد"
Drug_Products_Directory_Yemen.pdf,468,7,"Arabic source text extracted from PDF requires visual/source review; value was preserved without correction","Spasm ٍ آالو انجط"
Drug_Products_Directory_Yemen.pdf,469,1,"Arabic source text extracted from PDF requires visual/source review; value was preserved without correction","Spasm ٍ آالو انجط"
Drug_Products_Directory_Yemen.pdf,469,2,"Arabic source text extracted from PDF requires visual/source review; value was preserved without correction","Analgesic يهذئبد األوجبع وانح ًى"
Drug_Products_Directory_Yemen.pdf,469,3,"Arabic source text extracted from PDF requires visual/source review; value was preserved without correction","َضالد انجشد"
Drug_Products_Directory_Yemen.pdf,469,4,"Arabic source text extracted from PDF requires visual/source review; value was preserved without correction","Analgesic يهذئبد األوجبع وانح ًى"
Drug_Products_Directory_Yemen.pdf,469,5,"Arabic source text extracted from PDF requires visual/source review; value was preserved without correction","األوجبع"
Drug_Products_Directory_Yemen.pdf,469,6,"Arabic source text extracted from PDF requires visual/source review; value was preserved without correction","األوجبع"
Drug_Products_Directory_Yemen.pdf,469,7,"Arabic source text extracted from PDF requires visual/source review; value was preserved without correction","األوجبع"
Drug_Products_Directory_Yemen.pdf,470,1,"Arabic source text extracted from PDF requires visual/source review; value was preserved without correction","األوجبع"
Drug_Products_Directory_Yemen.pdf,470,2,"Arabic source text extracted from PDF requires visual/source review; value was preserved without correction","َضالد انجشد"
Drug_Products_Directory_Yemen.pdf,470,3,"Arabic source text extracted from PDF requires visual/source review; value was preserved without correction","َضالد انجشد"
Drug_Products_Directory_Yemen.pdf,470,4,"Arabic source text extracted from PDF requires visual/source review; value was preserved without correction","( E . N . T ) األ َف ٌ وانح ُجشح واألر"
Drug_Products_Directory_Yemen.pdf,470,5,"Arabic source text extracted from PDF requires visual/source review; value was preserved without correction","َضالد انجشد"
Drug_Products_Directory_Yemen.pdf,470,6,"Arabic source text extracted from PDF requires visual/source review; value was preserved without correction","َضالد انجشد"
Drug_Products_Directory_Yemen.pdf,470,7,"Arabic source text extracted from PDF requires visual/source review; value was preserved without correction","( E . N . T ) األ َف ٌ وانح ُجشح واألر"
Drug_Products_Directory_Yemen.pdf,471,1,"Arabic source text extracted from PDF requires visual/source review; value was preserved without correction","َضالد انجشد"
Drug_Products_Directory_Yemen.pdf,471,2,"Arabic source text extracted from PDF requires visual/source review; value was preserved without correction","َضالد انجشد"
Drug_Products_Directory_Yemen.pdf,471,3,"Arabic source text extracted from PDF requires visual/source review; value was preserved without correction","َضالد انجشد"
Drug_Products_Directory_Yemen.pdf,471,4,"Arabic source text extracted from PDF requires visual/source review; value was preserved without correction","األصبثبد انف ٍشوع ٍخ"
Drug_Products_Directory_Yemen.pdf,471,5,"Arabic source text extracted from PDF requires visual/source review; value was preserved without correction","Gardiasis جبسد ٌب واي ٍج ٍب"
Drug_Products_Directory_Yemen.pdf,471,6,"Arabic source text extracted from PDF requires visual/source review; value was preserved without correction","( T . B ) ٌ انذس"
Drug_Products_Directory_Yemen.pdf,471,7,"Arabic source text extracted from PDF requires visual/source review; value was preserved without correction","( T . B ) ٌ انذس"
Drug_Products_Directory_Yemen.pdf,472,1,"Arabic source text extracted from PDF requires visual/source review; value was preserved without correction","( T . B ) ٌ انذس"
Drug_Products_Directory_Yemen.pdf,472,2,"Arabic source text extracted from PDF requires visual/source review; value was preserved without correction","يىا َغ انح ًم"
Drug_Products_Directory_Yemen.pdf,472,3,"Arabic source text extracted from PDF requires visual/source review; value was preserved without correction","َضالد انجشد"
Drug_Products_Directory_Yemen.pdf,472,4,"Arabic source text extracted from PDF requires visual/source review; value was preserved without correction","َضالد انجشد"
Drug_Products_Directory_Yemen.pdf,472,5,"Arabic source text extracted from PDF requires visual/source review; value was preserved without correction","َضالد انجشد"
Drug_Products_Directory_Yemen.pdf,472,6,"Arabic source text extracted from PDF requires visual/source review; value was preserved without correction","َضالد انجشد"
Drug_Products_Directory_Yemen.pdf,472,7,"Arabic source text extracted from PDF requires visual/source review; value was preserved without correction","َضالد انجشد"
Drug_Products_Directory_Yemen.pdf,473,1,"Arabic source text extracted from PDF requires visual/source review; value was preserved without correction","َضالد انجشد"
Drug_Products_Directory_Yemen.pdf,473,2,"Arabic source text extracted from PDF requires visual/source review; value was preserved without correction","َضالد انجشد"
Drug_Products_Directory_Yemen.pdf,473,3,"Arabic source text extracted from PDF requires visual/source review; value was preserved without correction","َضالد انجشد"
Drug_Products_Directory_Yemen.pdf,473,4,"Arabic source text extracted from PDF requires visual/source review; value was preserved without correction","األيشاض انؼمه ٍخ"
Drug_Products_Directory_Yemen.pdf,473,5,"Arabic source text extracted from PDF requires visual/source review; value was preserved without correction","األيشاض انؼمه ٍخ"
Drug_Products_Directory_Yemen.pdf,473,6,"Arabic source text extracted from PDF requires visual/source review; value was preserved without correction","ان ًؼذح"
Drug_Products_Directory_Yemen.pdf,473,7,"Arabic source text extracted from PDF requires visual/source review; value was preserved without correction","ان ًؼذح"
Drug_Products_Directory_Yemen.pdf,474,1,"Arabic source text extracted from PDF requires visual/source review; value was preserved without correction","األيشاض انؼمه ٍخ"
Drug_Products_Directory_Yemen.pdf,474,2,"Arabic source text extracted from PDF requires visual/source review; value was preserved without correction","األيشاض انؼمه ٍخ"
Drug_Products_Directory_Yemen.pdf,474,3,"Arabic source text extracted from PDF requires visual/source review; value was preserved without correction","األيشاض انؼمه ٍخ"
Drug_Products_Directory_Yemen.pdf,474,4,"Arabic source text extracted from PDF requires visual/source review; value was preserved without correction","األيشاض انؼمه ٍخ"
Drug_Products_Directory_Yemen.pdf,474,5,"Arabic source text extracted from PDF requires visual/source review; value was preserved without correction","األيشاض انؼمه ٍخ"
Drug_Products_Directory_Yemen.pdf,474,6,"Arabic source text extracted from PDF requires visual/source review; value was preserved without correction","األيشاض انؼمه ٍخ"
Drug_Products_Directory_Yemen.pdf,474,7,"Arabic source text extracted from PDF requires visual/source review; value was preserved without correction","األيشاض انؼمه ٍخ"
Drug_Products_Directory_Yemen.pdf,475,1,"Arabic source text extracted from PDF requires visual/source review; value was preserved without correction","Disorders اضطشاثبد انجهبص ً انت ُفغ"
Drug_Products_Directory_Yemen.pdf,475,2,"Arabic source text extracted from PDF requires visual/source review; value was preserved without correction","Disorders اضطشاثبد انجهبص ً انت ُفغ"
Drug_Products_Directory_Yemen.pdf,475,5,"Arabic source text extracted from PDF requires visual/source review; value was preserved without correction","Infections األصبثبد انجكت ٍش ٌخ"
Drug_Products_Directory_Yemen.pdf,475,6,"Arabic source text extracted from PDF requires visual/source review; value was preserved without correction","Infections األصبثبد انجكت ٍش ٌخ"
Drug_Products_Directory_Yemen.pdf,475,7,"Arabic source text extracted from PDF requires visual/source review; value was preserved without correction","Infections األصبثبد انجكت ٍش ٌخ"
Drug_Products_Directory_Yemen.pdf,476,1,"Arabic source text extracted from PDF requires visual/source review; value was preserved without correction","Infections األصبثبد انجكت ٍش ٌخ"
Drug_Products_Directory_Yemen.pdf,476,2,"Arabic source text extracted from PDF requires visual/source review; value was preserved without correction","Infections األصبثبد انجكت ٍش ٌخ"
Drug_Products_Directory_Yemen.pdf,476,3,"Arabic source text extracted from PDF requires visual/source review; value was preserved without correction","األوجبع"
Drug_Products_Directory_Yemen.pdf,476,4,"Arabic source text extracted from PDF requires visual/source review; value was preserved without correction","األوجبع"
Drug_Products_Directory_Yemen.pdf,476,5,"Arabic source text extracted from PDF requires visual/source review; value was preserved without correction","األوجبع"
Drug_Products_Directory_Yemen.pdf,476,6,"Arabic source text extracted from PDF requires visual/source review; value was preserved without correction","Infections األصبثبد انجكت ٍش ٌخ"
Drug_Products_Directory_Yemen.pdf,476,7,"Arabic source text extracted from PDF requires visual/source review; value was preserved without correction","Infections األصبثبد انجكت ٍش ٌخ"
Drug_Products_Directory_Yemen.pdf,477,2,"Arabic source text extracted from PDF requires visual/source review; value was preserved without correction","Infections األصبثبد انجكت ٍش ٌخ"
Drug_Products_Directory_Yemen.pdf,477,3,"Arabic source text extracted from PDF requires visual/source review; value was preserved without correction","Infections األصبثبد انجكت ٍش ٌخ"
Drug_Products_Directory_Yemen.pdf,477,4,"Arabic source text extracted from PDF requires visual/source review; value was preserved without correction","Infections األصبثبد انجكت ٍش ٌخ"
Drug_Products_Directory_Yemen.pdf,477,5,"Arabic source text extracted from PDF requires visual/source review; value was preserved without correction","Analgesic يهذئبد األوجبع وانح ًى"
Drug_Products_Directory_Yemen.pdf,477,6,"Arabic source text extracted from PDF requires visual/source review; value was preserved without correction","Analgesic يهذئبد األوجبع وانح ًى"
Drug_Products_Directory_Yemen.pdf,477,7,"Arabic source text extracted from PDF requires visual/source review; value was preserved without correction","ً انذو ٌ ف ص ٌبدح انذهى"
Drug_Products_Directory_Yemen.pdf,478,1,"Arabic source text extracted from PDF requires visual/source review; value was preserved without correction","ً انذو ٌ ف ص ٌبدح انذهى"
Drug_Products_Directory_Yemen.pdf,478,2,"Arabic source text extracted from PDF requires visual/source review; value was preserved without correction","ً انذو ٌ ف ص ٌبدح انذهى"
Drug_Products_Directory_Yemen.pdf,478,3,"Arabic source text extracted from PDF requires visual/source review; value was preserved without correction","انجشثىيخ انطف ٍه ٍخ"
Drug_Products_Directory_Yemen.pdf,478,4,"Arabic source text extracted from PDF requires visual/source review; value was preserved without correction","انجشثىيخ انطف ٍه ٍخ"
Drug_Products_Directory_Yemen.pdf,478,5,"Arabic source text extracted from PDF requires visual/source review; value was preserved without correction","انجشثىيخ انطف ٍه ٍخ"
Drug_Products_Directory_Yemen.pdf,478,6,"Arabic source text extracted from PDF requires visual/source review; value was preserved without correction","Gardiasis جبسد ٌب واي ٍج ٍب"
Drug_Products_Directory_Yemen.pdf,478,7,"Arabic source text extracted from PDF requires visual/source review; value was preserved without correction","Disorders اضطشاثبد انكجذ"
Drug_Products_Directory_Yemen.pdf,479,1,"Arabic source text extracted from PDF requires visual/source review; value was preserved without correction","Disorders اضطشاثبد انكجذ"
Drug_Products_Directory_Yemen.pdf,479,2,"Arabic source text extracted from PDF requires visual/source review; value was preserved without correction","Infections األصبثبد انجكت ٍش ٌخ"
Drug_Products_Directory_Yemen.pdf,479,3,"Arabic source text extracted from PDF requires visual/source review; value was preserved without correction","Analgesic يهذئبد األوجبع وانح ًى"
Drug_Products_Directory_Yemen.pdf,479,4,"Arabic source text extracted from PDF requires visual/source review; value was preserved without correction","Infections األصبثبد انجكت ٍش ٌخ"
Drug_Products_Directory_Yemen.pdf,479,5,"Arabic source text extracted from PDF requires visual/source review; value was preserved without correction","Infections األصبثبد انجكت ٍش ٌخ"
Drug_Products_Directory_Yemen.pdf,479,6,"Arabic source text extracted from PDF requires visual/source review; value was preserved without correction","األوجبع"
Drug_Products_Directory_Yemen.pdf,480,2,"Arabic source text extracted from PDF requires visual/source review; value was preserved without correction","Analgesic يهذئبد األوجبع وانح ًى"
Drug_Products_Directory_Yemen.pdf,480,3,"Arabic source text extracted from PDF requires visual/source review; value was preserved without correction","Infections األصبثبد انجكت ٍش ٌخ"
Drug_Products_Directory_Yemen.pdf,480,4,"Arabic source text extracted from PDF requires visual/source review; value was preserved without correction","Infections األصبثبد انجكت ٍش ٌخ"
Drug_Products_Directory_Yemen.pdf,480,5,"Arabic source text extracted from PDF requires visual/source review; value was preserved without correction","Infections األصبثبد انجكت ٍش ٌخ"
Drug_Products_Directory_Yemen.pdf,480,6,"Arabic source text extracted from PDF requires visual/source review; value was preserved without correction","األوجبع"
Drug_Products_Directory_Yemen.pdf,480,7,"Arabic source text extracted from PDF requires visual/source review; value was preserved without correction","األوجبع"
Drug_Products_Directory_Yemen.pdf,481,1,"Arabic source text extracted from PDF requires visual/source review; value was preserved without correction","ا َتظبو ضشثبد انمهت"
Drug_Products_Directory_Yemen.pdf,481,2,"Arabic source text extracted from PDF requires visual/source review; value was preserved without correction","ا َتظبو ضشثبد انمهت"
Drug_Products_Directory_Yemen.pdf,481,3,"Arabic source text extracted from PDF requires visual/source review; value was preserved without correction","ا َتظبو ضشثبد انمهت"
Drug_Products_Directory_Yemen.pdf,481,4,"Arabic source text extracted from PDF requires visual/source review; value was preserved without correction","ا َتظبو ضشثبد انمهت"
Drug_Products_Directory_Yemen.pdf,481,5,"Arabic source text extracted from PDF requires visual/source review; value was preserved without correction","ي ُشطبد ج ُغ ٍخ"
Drug_Products_Directory_Yemen.pdf,481,6,"Arabic source text extracted from PDF requires visual/source review; value was preserved without correction","ي ُشطبد ج ُغ ٍخ"
Drug_Products_Directory_Yemen.pdf,482,1,"Arabic source text extracted from PDF requires visual/source review; value was preserved without correction","Asthma انشثى ً انشؼج"
Drug_Products_Directory_Yemen.pdf,482,2,"Arabic source text extracted from PDF requires visual/source review; value was preserved without correction","األنتهبثبد انجذنذ ٌخ"
Drug_Products_Directory_Yemen.pdf,482,3,"Arabic source text extracted from PDF requires visual/source review; value was preserved without correction","ي ُشطبد ج ُغ ٍخ"
Drug_Products_Directory_Yemen.pdf,482,4,"Arabic source text extracted from PDF requires visual/source review; value was preserved without correction","( E . N . T ) األ َف ٌ وانح ُجشح واألر"
Drug_Products_Directory_Yemen.pdf,482,5,"Arabic source text extracted from PDF requires visual/source review; value was preserved without correction","( E . N . T ) األ َف ٌ وانح ُجشح واألر"
Drug_Products_Directory_Yemen.pdf,482,6,"Arabic source text extracted from PDF requires visual/source review; value was preserved without correction","Deficiency َمص ف ٍتبي ٍُبد"
Drug_Products_Directory_Yemen.pdf,483,1,"Arabic source text extracted from PDF requires visual/source review; value was preserved without correction","األوجبع"
Drug_Products_Directory_Yemen.pdf,483,2,"Arabic source text extracted from PDF requires visual/source review; value was preserved without correction","َضالد انجشد"
Drug_Products_Directory_Yemen.pdf,483,3,"Arabic source text extracted from PDF requires visual/source review; value was preserved without correction","Analgesic يهذئبد األوجبع وانح ًى"
Drug_Products_Directory_Yemen.pdf,483,4,"Arabic source text extracted from PDF requires visual/source review; value was preserved without correction","Gardiasis جبسد ٌب واي ٍج ٍب"
Drug_Products_Directory_Yemen.pdf,483,5,"Arabic source text extracted from PDF requires visual/source review; value was preserved without correction","Gardiasis جبسد ٌب واي ٍج ٍب"
Drug_Products_Directory_Yemen.pdf,483,6,"Arabic source text extracted from PDF requires visual/source review; value was preserved without correction","األيشاض انؼمه ٍخ"
Drug_Products_Directory_Yemen.pdf,483,7,"Arabic source text extracted from PDF requires visual/source review; value was preserved without correction","األيشاض انؼمه ٍخ"
Drug_Products_Directory_Yemen.pdf,484,1,"Arabic source text extracted from PDF requires visual/source review; value was preserved without correction","األيشاض انؼمه ٍخ"
Drug_Products_Directory_Yemen.pdf,484,2,"Arabic source text extracted from PDF requires visual/source review; value was preserved without correction","Infections ًٍكشوثبد انالهىائ ٍخ ان"
Drug_Products_Directory_Yemen.pdf,484,3,"Arabic source text extracted from PDF requires visual/source review; value was preserved without correction","Spasm ٍ آالو انجط"
Drug_Products_Directory_Yemen.pdf,484,4,"Arabic source text extracted from PDF requires visual/source review; value was preserved without correction","Spasm ٍ آالو انجط"
Drug_Products_Directory_Yemen.pdf,484,5,"Arabic source text extracted from PDF requires visual/source review; value was preserved without correction","Analgesic يهذئبد األوجبع وانح ًى"
Drug_Products_Directory_Yemen.pdf,484,6,"Arabic source text extracted from PDF requires visual/source review; value was preserved without correction","Deficiency َمص ف ٍتبي ٍُبد"
Drug_Products_Directory_Yemen.pdf,484,7,"Arabic source text extracted from PDF requires visual/source review; value was preserved without correction","Gardiasis جبسد ٌب واي ٍج ٍب"
Drug_Products_Directory_Yemen.pdf,485,1,"Arabic source text extracted from PDF requires visual/source review; value was preserved without correction","Gardiasis جبسد ٌب واي ٍج ٍب"
Drug_Products_Directory_Yemen.pdf,485,2,"Arabic source text extracted from PDF requires visual/source review; value was preserved without correction","األيغبن"
Drug_Products_Directory_Yemen.pdf,485,3,"Arabic source text extracted from PDF requires visual/source review; value was preserved without correction","األيغبن"
Drug_Products_Directory_Yemen.pdf,485,4,"Arabic source text extracted from PDF requires visual/source review; value was preserved without correction","األيغبن"
Drug_Products_Directory_Yemen.pdf,485,5,"Arabic source text extracted from PDF requires visual/source review; value was preserved without correction","General انتخذ ٌش انؼبو"
Drug_Products_Directory_Yemen.pdf,485,6,"Arabic source text extracted from PDF requires visual/source review; value was preserved without correction","األنتهبثبد انجذنذ ٌخ"
Drug_Products_Directory_Yemen.pdf,485,7,"Arabic source text extracted from PDF requires visual/source review; value was preserved without correction","انجىاع ٍش"
Drug_Products_Directory_Yemen.pdf,486,1,"Arabic source text extracted from PDF requires visual/source review; value was preserved without correction","انجىاع ٍش"
Drug_Products_Directory_Yemen.pdf,486,2,"Arabic source text extracted from PDF requires visual/source review; value was preserved without correction","Infections األصبثبد انجكت ٍش ٌخ"
Drug_Products_Directory_Yemen.pdf,486,3,"Arabic source text extracted from PDF requires visual/source review; value was preserved without correction","Infections األصبثبد انجكت ٍش ٌخ"
Drug_Products_Directory_Yemen.pdf,486,4,"Arabic source text extracted from PDF requires visual/source review; value was preserved without correction","انهضى"
Drug_Products_Directory_Yemen.pdf,486,5,"Arabic source text extracted from PDF requires visual/source review; value was preserved without correction","Gardiasis جبسد ٌب واي ٍج ٍب"
Drug_Products_Directory_Yemen.pdf,486,6,"Arabic source text extracted from PDF requires visual/source review; value was preserved without correction","َضالد انجشد"
Drug_Products_Directory_Yemen.pdf,486,7,"Arabic source text extracted from PDF requires visual/source review; value was preserved without correction","َضالد انجشد"
Drug_Products_Directory_Yemen.pdf,487,1,"Arabic source text extracted from PDF requires visual/source review; value was preserved without correction","Gardiasis جبسد ٌب واي ٍج ٍب"
Drug_Products_Directory_Yemen.pdf,487,2,"Arabic source text extracted from PDF requires visual/source review; value was preserved without correction","األيغبن"
Drug_Products_Directory_Yemen.pdf,487,3,"Arabic source text extracted from PDF requires visual/source review; value was preserved without correction","األيشاض انؼمه ٍخ"
Drug_Products_Directory_Yemen.pdf,487,5,"Arabic source text extracted from PDF requires visual/source review; value was preserved without correction","Infections األصبثبد انجكت ٍش ٌخ"
Drug_Products_Directory_Yemen.pdf,487,6,"Arabic source text extracted from PDF requires visual/source review; value was preserved without correction","انهضى"
Drug_Products_Directory_Yemen.pdf,487,7,"Arabic source text extracted from PDF requires visual/source review; value was preserved without correction","Infections األصبثبد انجكت ٍش ٌخ"
Drug_Products_Directory_Yemen.pdf,488,1,"Arabic source text extracted from PDF requires visual/source review; value was preserved without correction","Infections األصبثبد انجكت ٍش ٌخ"
Drug_Products_Directory_Yemen.pdf,488,2,"Arabic source text extracted from PDF requires visual/source review; value was preserved without correction","Infections األصبثبد انجكت ٍش ٌخ"
Drug_Products_Directory_Yemen.pdf,488,3,"Arabic source text extracted from PDF requires visual/source review; value was preserved without correction","Infections األصبثبد انجكت ٍش ٌخ"
Drug_Products_Directory_Yemen.pdf,488,4,"Arabic source text extracted from PDF requires visual/source review; value was preserved without correction","Infections األصبثبد انجكت ٍش ٌخ"
Drug_Products_Directory_Yemen.pdf,488,5,"Arabic source text extracted from PDF requires visual/source review; value was preserved without correction","Infections األصبثبد انجكت ٍش ٌخ"
Drug_Products_Directory_Yemen.pdf,488,6,"Arabic source text extracted from PDF requires visual/source review; value was preserved without correction","Infections األصبثبد انجكت ٍش ٌخ"
Drug_Products_Directory_Yemen.pdf,488,7,"Arabic source text extracted from PDF requires visual/source review; value was preserved without correction","Asthma انشثى ً انشؼج"
Drug_Products_Directory_Yemen.pdf,489,1,"Arabic source text extracted from PDF requires visual/source review; value was preserved without correction","Asthma انشثى ً انشؼج"
Drug_Products_Directory_Yemen.pdf,489,3,"Arabic source text extracted from PDF requires visual/source review; value was preserved without correction","األيشاض انؼمه ٍخ"
Drug_Products_Directory_Yemen.pdf,489,4,"Arabic source text extracted from PDF requires visual/source review; value was preserved without correction","األيشاض انؼمه ٍخ"
Drug_Products_Directory_Yemen.pdf,489,5,"Arabic source text extracted from PDF requires visual/source review; value was preserved without correction","األيشاض انؼمه ٍخ"
Drug_Products_Directory_Yemen.pdf,489,6,"Arabic source text extracted from PDF requires visual/source review; value was preserved without correction","األيشاض انؼمه ٍخ"
Drug_Products_Directory_Yemen.pdf,489,7,"Arabic source text extracted from PDF requires visual/source review; value was preserved without correction","األيشاض انؼمه ٍخ"
Drug_Products_Directory_Yemen.pdf,490,1,"Arabic source text extracted from PDF requires visual/source review; value was preserved without correction","األيشاض انؼمه ٍخ"
Drug_Products_Directory_Yemen.pdf,490,2,"Arabic source text extracted from PDF requires visual/source review; value was preserved without correction","Asthma انشثى ً انشؼج"
Drug_Products_Directory_Yemen.pdf,490,3,"Arabic source text extracted from PDF requires visual/source review; value was preserved without correction","األيشاض انؼمه ٍخ"
Drug_Products_Directory_Yemen.pdf,490,4,"Arabic source text extracted from PDF requires visual/source review; value was preserved without correction","األيشاض انؼمه ٍخ"
Drug_Products_Directory_Yemen.pdf,490,5,"Arabic source text extracted from PDF requires visual/source review; value was preserved without correction","األيشاض انؼمه ٍخ"
Drug_Products_Directory_Yemen.pdf,490,6,"Arabic source text extracted from PDF requires visual/source review; value was preserved without correction","األيشاض انؼمه ٍخ"
Drug_Products_Directory_Yemen.pdf,490,7,"Arabic source text extracted from PDF requires visual/source review; value was preserved without correction","األيشاض انؼمه ٍخ"
Drug_Products_Directory_Yemen.pdf,491,1,"Arabic source text extracted from PDF requires visual/source review; value was preserved without correction","األيشاض انؼمه ٍخ"
Drug_Products_Directory_Yemen.pdf,491,2,"Arabic source text extracted from PDF requires visual/source review; value was preserved without correction","األيشاض انؼمه ٍخ"
Drug_Products_Directory_Yemen.pdf,491,3,"Arabic source text extracted from PDF requires visual/source review; value was preserved without correction","Gardiasis جبسد ٌب واي ٍج ٍب"
Drug_Products_Directory_Yemen.pdf,491,4,"Arabic source text extracted from PDF requires visual/source review; value was preserved without correction","َضالد انجشد"
Drug_Products_Directory_Yemen.pdf,492,3,"Arabic source text extracted from PDF requires visual/source review; value was preserved without correction","Gardiasis جبسد ٌب واي ٍج ٍب"
Drug_Products_Directory_Yemen.pdf,492,4,"Arabic source text extracted from PDF requires visual/source review; value was preserved without correction","Deficiency َمص ف ٍتبي ٍُبد"
Drug_Products_Directory_Yemen.pdf,492,5,"Arabic source text extracted from PDF requires visual/source review; value was preserved without correction","Infections األصبثبد انجكت ٍش ٌخ"
Drug_Products_Directory_Yemen.pdf,492,6,"Arabic source text extracted from PDF requires visual/source review; value was preserved without correction","Infections األصبثبد انجكت ٍش ٌخ"
Drug_Products_Directory_Yemen.pdf,492,7,"Arabic source text extracted from PDF requires visual/source review; value was preserved without correction","Infections األصبثبد انجكت ٍش ٌخ"
Drug_Products_Directory_Yemen.pdf,493,1,"Arabic source text extracted from PDF requires visual/source review; value was preserved without correction","Infections األصبثبد انجكت ٍش ٌخ"
Drug_Products_Directory_Yemen.pdf,493,2,"Arabic source text extracted from PDF requires visual/source review; value was preserved without correction","Infections األصبثبد انجكت ٍش ٌخ"
Drug_Products_Directory_Yemen.pdf,493,3,"Arabic source text extracted from PDF requires visual/source review; value was preserved without correction","Infections األصبثبد انجكت ٍش ٌخ"
Drug_Products_Directory_Yemen.pdf,493,5,"Arabic source text extracted from PDF requires visual/source review; value was preserved without correction","Infections األصبثبد انجكت ٍش ٌخ"
Drug_Products_Directory_Yemen.pdf,493,6,"Arabic source text extracted from PDF requires visual/source review; value was preserved without correction","انغغىالد انف ًى ٌخ"
Drug_Products_Directory_Yemen.pdf,493,7,"Arabic source text extracted from PDF requires visual/source review; value was preserved without correction","Disorders اضطشاثبد انكجذ"
Drug_Products_Directory_Yemen.pdf,494,1,"Arabic source text extracted from PDF requires visual/source review; value was preserved without correction","Disorders اضطشاثبد انكجذ"
Drug_Products_Directory_Yemen.pdf,494,2,"Arabic source text extracted from PDF requires visual/source review; value was preserved without correction","Disorders اضطشاثبد انكجذ"
Drug_Products_Directory_Yemen.pdf,494,3,"Arabic source text extracted from PDF requires visual/source review; value was preserved without correction","Disorders اضطشاثبد انكجذ"
Drug_Products_Directory_Yemen.pdf,494,4,"Arabic source text extracted from PDF requires visual/source review; value was preserved without correction","انهضى"
Drug_Products_Directory_Yemen.pdf,494,5,"Arabic source text extracted from PDF requires visual/source review; value was preserved without correction","انهضى"
Drug_Products_Directory_Yemen.pdf,494,6,"Arabic source text extracted from PDF requires visual/source review; value was preserved without correction","ً انذو ٌ ف ص ٌبدح انذهى"
Drug_Products_Directory_Yemen.pdf,494,7,"Arabic source text extracted from PDF requires visual/source review; value was preserved without correction","ً انذو ٌ ف ص ٌبدح انذهى"
Drug_Products_Directory_Yemen.pdf,495,1,"Arabic source text extracted from PDF requires visual/source review; value was preserved without correction","ً انذو ٌ ف ص ٌبدح انذهى"
Drug_Products_Directory_Yemen.pdf,495,2,"Arabic source text extracted from PDF requires visual/source review; value was preserved without correction","ً انذو ٌ ف ص ٌبدح انذهى"
Drug_Products_Directory_Yemen.pdf,495,3,"Arabic source text extracted from PDF requires visual/source review; value was preserved without correction","ً انذو ٌ ف ص ٌبدح انذهى"
Drug_Products_Directory_Yemen.pdf,495,4,"Arabic source text extracted from PDF requires visual/source review; value was preserved without correction","ً انذو ٌ ف ص ٌبدح انذهى"
Drug_Products_Directory_Yemen.pdf,495,5,"Arabic source text extracted from PDF requires visual/source review; value was preserved without correction","ً انذو ٌ ف ص ٌبدح انذهى"
Drug_Products_Directory_Yemen.pdf,495,6,"Arabic source text extracted from PDF requires visual/source review; value was preserved without correction","ً انذو ٌ ف ص ٌبدح انذهى"
Drug_Products_Directory_Yemen.pdf,495,7,"Arabic source text extracted from PDF requires visual/source review; value was preserved without correction","ً انذو ٌ ف ص ٌبدح انذهى"
Drug_Products_Directory_Yemen.pdf,496,2,"Arabic source text extracted from PDF requires visual/source review; value was preserved without correction","َضالد انجشد"
Drug_Products_Directory_Yemen.pdf,496,3,"Arabic source text extracted from PDF requires visual/source review; value was preserved without correction","َضالد انجشد"
Drug_Products_Directory_Yemen.pdf,496,4,"Arabic source text extracted from PDF requires visual/source review; value was preserved without correction","َضالد انجشد"
Drug_Products_Directory_Yemen.pdf,496,5,"Arabic source text extracted from PDF requires visual/source review; value was preserved without correction","َضالد انجشد"
Drug_Products_Directory_Yemen.pdf,496,6,"Arabic source text extracted from PDF requires visual/source review; value was preserved without correction","َضالد انجشد"
Drug_Products_Directory_Yemen.pdf,496,7,"Arabic source text extracted from PDF requires visual/source review; value was preserved without correction","َضالد انجشد"
Drug_Products_Directory_Yemen.pdf,497,1,"Arabic source text extracted from PDF requires visual/source review; value was preserved without correction","disease يشض انشػبػ"
Drug_Products_Directory_Yemen.pdf,497,2,"Arabic source text extracted from PDF requires visual/source review; value was preserved without correction","( T . B ) ٌ انذس"
Drug_Products_Directory_Yemen.pdf,497,3,"Arabic source text extracted from PDF requires visual/source review; value was preserved without correction","Analgesic يهذئبد األوجبع وانح ًى"
Drug_Products_Directory_Yemen.pdf,497,4,"Arabic source text extracted from PDF requires visual/source review; value was preserved without correction","استفبع ضغظ انذو"
Drug_Products_Directory_Yemen.pdf,497,5,"Arabic source text extracted from PDF requires visual/source review; value was preserved without correction","Infections األصبثبد انجكت ٍش ٌخ"
Drug_Products_Directory_Yemen.pdf,497,6,"Arabic source text extracted from PDF requires visual/source review; value was preserved without correction","Infections األصبثبد انجكت ٍش ٌخ"
Drug_Products_Directory_Yemen.pdf,497,7,"Arabic source text extracted from PDF requires visual/source review; value was preserved without correction","( E . N . T ) األ َف ٌ وانح ُجشح واألر"
Drug_Products_Directory_Yemen.pdf,498,1,"Arabic source text extracted from PDF requires visual/source review; value was preserved without correction","( E . N . T ) األ َف ٌ وانح ُجشح واألر"
Drug_Products_Directory_Yemen.pdf,498,2,"Arabic source text extracted from PDF requires visual/source review; value was preserved without correction","Infections األصبثبد انجكت ٍش ٌخ"
Drug_Products_Directory_Yemen.pdf,498,3,"Arabic source text extracted from PDF requires visual/source review; value was preserved without correction","Infections األصبثبد انجكت ٍش ٌخ"
Drug_Products_Directory_Yemen.pdf,498,4,"Arabic source text extracted from PDF requires visual/source review; value was preserved without correction","Gardiasis جبسد ٌب واي ٍج ٍب"
Drug_Products_Directory_Yemen.pdf,498,5,"Arabic source text extracted from PDF requires visual/source review; value was preserved without correction","Gardiasis جبسد ٌب واي ٍج ٍب"
Drug_Products_Directory_Yemen.pdf,498,6,"Arabic source text extracted from PDF requires visual/source review; value was preserved without correction","يشخ ٍبد انؼضالد"
Drug_Products_Directory_Yemen.pdf,498,7,"Arabic source text extracted from PDF requires visual/source review; value was preserved without correction","األيشاض انؼمه ٍخ"
Drug_Products_Directory_Yemen.pdf,499,1,"Arabic source text extracted from PDF requires visual/source review; value was preserved without correction","األيشاض انؼمه ٍخ"
Drug_Products_Directory_Yemen.pdf,499,2,"Arabic source text extracted from PDF requires visual/source review; value was preserved without correction","األيشاض انؼمه ٍخ"
Drug_Products_Directory_Yemen.pdf,499,3,"Arabic source text extracted from PDF requires visual/source review; value was preserved without correction","Insumnea األسق وانمهك"
Drug_Products_Directory_Yemen.pdf,499,4,"Arabic source text extracted from PDF requires visual/source review; value was preserved without correction","Insumnea األسق وانمهك"
Drug_Products_Directory_Yemen.pdf,499,6,"Arabic source text extracted from PDF requires visual/source review; value was preserved without correction","استفبع ضغظ انذو"
Drug_Products_Directory_Yemen.pdf,499,7,"Arabic source text extracted from PDF requires visual/source review; value was preserved without correction","استفبع ضغظ انذو"
Drug_Products_Directory_Yemen.pdf,500,4,"Arabic source text extracted from PDF requires visual/source review; value was preserved without correction","استفبع ضغظ انذو"
Drug_Products_Directory_Yemen.pdf,500,5,"Arabic source text extracted from PDF requires visual/source review; value was preserved without correction","َضالد انجشد"
Drug_Products_Directory_Yemen.pdf,501,5,"Arabic source text extracted from PDF requires visual/source review; value was preserved without correction","Analgesic يهذئبد األوجبع وانح ًى"
Drug_Products_Directory_Yemen.pdf,501,6,"Arabic source text extracted from PDF requires visual/source review; value was preserved without correction","َضالد انجشد"
Drug_Products_Directory_Yemen.pdf,501,7,"Arabic source text extracted from PDF requires visual/source review; value was preserved without correction","األنتهبثبد"
Drug_Products_Directory_Yemen.pdf,502,1,"Arabic source text extracted from PDF requires visual/source review; value was preserved without correction","Deficiency َمص ف ٍتبي ٍُبد"
Drug_Products_Directory_Yemen.pdf,502,2,"Arabic source text extracted from PDF requires visual/source review; value was preserved without correction","Disorders اضطشاثبد انجهبص ً انت ُفغ"
Drug_Products_Directory_Yemen.pdf,502,3,"Arabic source text extracted from PDF requires visual/source review; value was preserved without correction","Disorders اضطشاثبد انجهبص ً انت ُفغ"
Drug_Products_Directory_Yemen.pdf,502,4,"Arabic source text extracted from PDF requires visual/source review; value was preserved without correction","Disorders اضطشاثبد انجهبص ً انت ُفغ"
Drug_Products_Directory_Yemen.pdf,502,5,"Arabic source text extracted from PDF requires visual/source review; value was preserved without correction","Disorders اضطشاثبد انجهبص ً انت ُفغ"
Drug_Products_Directory_Yemen.pdf,502,7,"Arabic source text extracted from PDF requires visual/source review; value was preserved without correction","ان ًؼذح"
Drug_Products_Directory_Yemen.pdf,503,1,"Arabic source text extracted from PDF requires visual/source review; value was preserved without correction","َضالد انجشد"
Drug_Products_Directory_Yemen.pdf,503,2,"Arabic source text extracted from PDF requires visual/source review; value was preserved without correction","َضالد انجشد"
Drug_Products_Directory_Yemen.pdf,503,3,"Arabic source text extracted from PDF requires visual/source review; value was preserved without correction","األوجبع"
Drug_Products_Directory_Yemen.pdf,503,4,"Arabic source text extracted from PDF requires visual/source review; value was preserved without correction","األوجبع"
Drug_Products_Directory_Yemen.pdf,503,5,"Arabic source text extracted from PDF requires visual/source review; value was preserved without correction","Spasm ٍ آالو انجط"
Drug_Products_Directory_Yemen.pdf,503,6,"Arabic source text extracted from PDF requires visual/source review; value was preserved without correction","Gardiasis جبسد ٌب واي ٍج ٍب"
Drug_Products_Directory_Yemen.pdf,503,7,"Arabic source text extracted from PDF requires visual/source review; value was preserved without correction","Spasm ٍ آالو انجط"
Drug_Products_Directory_Yemen.pdf,504,1,"Arabic source text extracted from PDF requires visual/source review; value was preserved without correction","Spasm ٍ آالو انجط"
Drug_Products_Directory_Yemen.pdf,504,2,"Arabic source text extracted from PDF requires visual/source review; value was preserved without correction","Spasm ٍ آالو انجط"
Drug_Products_Directory_Yemen.pdf,504,3,"Arabic source text extracted from PDF requires visual/source review; value was preserved without correction","Spasm ٍ آالو انجط"
Drug_Products_Directory_Yemen.pdf,504,4,"Arabic source text extracted from PDF requires visual/source review; value was preserved without correction","Spasm ٍ آالو انجط"
Drug_Products_Directory_Yemen.pdf,504,5,"Arabic source text extracted from PDF requires visual/source review; value was preserved without correction","Spasm ٍ آالو انجط"
Drug_Products_Directory_Yemen.pdf,504,6,"Arabic source text extracted from PDF requires visual/source review; value was preserved without correction","Spasm ٍ آالو انجط"
Drug_Products_Directory_Yemen.pdf,504,7,"Arabic source text extracted from PDF requires visual/source review; value was preserved without correction","انهضى"
Drug_Products_Directory_Yemen.pdf,505,1,"Arabic source text extracted from PDF requires visual/source review; value was preserved without correction","Spasm ٍ آالو انجط"
Drug_Products_Directory_Yemen.pdf,505,2,"Arabic source text extracted from PDF requires visual/source review; value was preserved without correction","Spasm ٍ آالو انجط"
Drug_Products_Directory_Yemen.pdf,505,3,"Arabic source text extracted from PDF requires visual/source review; value was preserved without correction","Spasm ٍ آالو انجط"
Drug_Products_Directory_Yemen.pdf,505,4,"Arabic source text extracted from PDF requires visual/source review; value was preserved without correction","Spasm ٍ آالو انجط"
Drug_Products_Directory_Yemen.pdf,505,5,"Arabic source text extracted from PDF requires visual/source review; value was preserved without correction","Spasm ٍ آالو انجط"
Drug_Products_Directory_Yemen.pdf,505,6,"Arabic source text extracted from PDF requires visual/source review; value was preserved without correction","Spasm ٍ آالو انجط"
Drug_Products_Directory_Yemen.pdf,505,7,"Arabic source text extracted from PDF requires visual/source review; value was preserved without correction","Spasm ٍ آالو انجط"
Drug_Products_Directory_Yemen.pdf,506,1,"Arabic source text extracted from PDF requires visual/source review; value was preserved without correction","Spasm ٍ آالو انجط"
Drug_Products_Directory_Yemen.pdf,506,2,"Arabic source text extracted from PDF requires visual/source review; value was preserved without correction","Spasm ٍ آالو انجط"
Drug_Products_Directory_Yemen.pdf,506,3,"Arabic source text extracted from PDF requires visual/source review; value was preserved without correction","Spasm ٍ آالو انجط"
Drug_Products_Directory_Yemen.pdf,506,4,"Arabic source text extracted from PDF requires visual/source review; value was preserved without correction","Spasm ٍ آالو انجط"
Drug_Products_Directory_Yemen.pdf,506,5,"Arabic source text extracted from PDF requires visual/source review; value was preserved without correction","Deficiency َمص ف ٍتبي ٍُبد"
Drug_Products_Directory_Yemen.pdf,506,6,"Arabic source text extracted from PDF requires visual/source review; value was preserved without correction","األوجبع"
Drug_Products_Directory_Yemen.pdf,506,7,"Arabic source text extracted from PDF requires visual/source review; value was preserved without correction","Gardiasis جبسد ٌب واي ٍج ٍب"
Drug_Products_Directory_Yemen.pdf,507,2,"Arabic source text extracted from PDF requires visual/source review; value was preserved without correction","انجشثىيخ انطف ٍه ٍخ"
Drug_Products_Directory_Yemen.pdf,507,5,"Arabic source text extracted from PDF requires visual/source review; value was preserved without correction","انجشثىيخ انطف ٍه ٍخ"
Drug_Products_Directory_Yemen.pdf,507,6,"Arabic source text extracted from PDF requires visual/source review; value was preserved without correction","انجشثىيخ انطف ٍه ٍخ"
Drug_Products_Directory_Yemen.pdf,507,7,"Arabic source text extracted from PDF requires visual/source review; value was preserved without correction","انجشثىيخ انطف ٍه ٍخ"
Drug_Products_Directory_Yemen.pdf,508,1,"Arabic source text extracted from PDF requires visual/source review; value was preserved without correction","انجشثىيخ انطف ٍه ٍخ"
Drug_Products_Directory_Yemen.pdf,508,2,"Arabic source text extracted from PDF requires visual/source review; value was preserved without correction","انجشثىيخ انطف ٍه ٍخ"
Drug_Products_Directory_Yemen.pdf,508,3,"Arabic source text extracted from PDF requires visual/source review; value was preserved without correction","Gardiasis جبسد ٌب واي ٍج ٍب"
Drug_Products_Directory_Yemen.pdf,508,5,"Arabic source text extracted from PDF requires visual/source review; value was preserved without correction","انجشثىيخ انطف ٍه ٍخ"
Drug_Products_Directory_Yemen.pdf,508,6,"Arabic source text extracted from PDF requires visual/source review; value was preserved without correction","انجشثىيخ انطف ٍه ٍخ"
Drug_Products_Directory_Yemen.pdf,508,7,"Arabic source text extracted from PDF requires visual/source review; value was preserved without correction","استفبع ضغظ انذو"
Drug_Products_Directory_Yemen.pdf,509,1,"Arabic source text extracted from PDF requires visual/source review; value was preserved without correction","Disorders اضطشاثبد انكجذ"
Drug_Products_Directory_Yemen.pdf,509,2,"Arabic source text extracted from PDF requires visual/source review; value was preserved without correction","األنتهبثبد انجذنذ ٌخ"
Drug_Products_Directory_Yemen.pdf,509,3,"Arabic source text extracted from PDF requires visual/source review; value was preserved without correction","األنتهبثبد انجذنذ ٌخ"
Drug_Products_Directory_Yemen.pdf,509,4,"Arabic source text extracted from PDF requires visual/source review; value was preserved without correction","األنتهبثبد انجذنذ ٌخ"
Drug_Products_Directory_Yemen.pdf,509,5,"Arabic source text extracted from PDF requires visual/source review; value was preserved without correction","Gardiasis جبسد ٌب واي ٍج ٍب"
Drug_Products_Directory_Yemen.pdf,509,6,"Arabic source text extracted from PDF requires visual/source review; value was preserved without correction","Gardiasis جبسد ٌب واي ٍج ٍب"
Drug_Products_Directory_Yemen.pdf,509,7,"Arabic source text extracted from PDF requires visual/source review; value was preserved without correction","ان ًؼذح"
Drug_Products_Directory_Yemen.pdf,510,1,"Arabic source text extracted from PDF requires visual/source review; value was preserved without correction","األوجبع"
Drug_Products_Directory_Yemen.pdf,510,2,"Arabic source text extracted from PDF requires visual/source review; value was preserved without correction","األوجبع"
Drug_Products_Directory_Yemen.pdf,510,3,"Arabic source text extracted from PDF requires visual/source review; value was preserved without correction","األنتهبثبد انجذنذ ٌخ"
Drug_Products_Directory_Yemen.pdf,510,4,"Arabic source text extracted from PDF requires visual/source review; value was preserved without correction","ً انذو ٌ ف ص ٌبدح انذهى"
Drug_Products_Directory_Yemen.pdf,510,5,"Arabic source text extracted from PDF requires visual/source review; value was preserved without correction","Infections األصبثبد انجكت ٍش ٌخ"
Drug_Products_Directory_Yemen.pdf,510,6,"Arabic source text extracted from PDF requires visual/source review; value was preserved without correction","األيشاض انؼمه ٍخ"
Drug_Products_Directory_Yemen.pdf,510,7,"Arabic source text extracted from PDF requires visual/source review; value was preserved without correction","vomiting ٌ انغث ٍب وانطشػ"
Drug_Products_Directory_Yemen.pdf,511,1,"Arabic source text extracted from PDF requires visual/source review; value was preserved without correction","Infections األصبثبد انجكت ٍش ٌخ"
Drug_Products_Directory_Yemen.pdf,511,2,"Arabic source text extracted from PDF requires visual/source review; value was preserved without correction","Infections األصبثبد انجكت ٍش ٌخ"
Drug_Products_Directory_Yemen.pdf,511,3,"Arabic source text extracted from PDF requires visual/source review; value was preserved without correction","Insumnea األسق وانمهك"
Drug_Products_Directory_Yemen.pdf,511,4,"Arabic source text extracted from PDF requires visual/source review; value was preserved without correction","األيشاض انؼمه ٍخ"
Drug_Products_Directory_Yemen.pdf,511,5,"Arabic source text extracted from PDF requires visual/source review; value was preserved without correction","األيشاض انؼمه ٍخ"
Drug_Products_Directory_Yemen.pdf,511,7,"Arabic source text extracted from PDF requires visual/source review; value was preserved without correction","َضالد انجشد"
Drug_Products_Directory_Yemen.pdf,512,1,"Arabic source text extracted from PDF requires visual/source review; value was preserved without correction","انجهطبد"
Drug_Products_Directory_Yemen.pdf,512,2,"Arabic source text extracted from PDF requires visual/source review; value was preserved without correction","انتهبثبد انؼظبو"
Drug_Products_Directory_Yemen.pdf,512,3,"Arabic source text extracted from PDF requires visual/source review; value was preserved without correction","انذوخخ"
Drug_Products_Directory_Yemen.pdf,512,4,"Arabic source text extracted from PDF requires visual/source review; value was preserved without correction","انذوخخ"
Drug_Products_Directory_Yemen.pdf,512,5,"Arabic source text extracted from PDF requires visual/source review; value was preserved without correction","انذوخخ"
Drug_Products_Directory_Yemen.pdf,512,6,"Arabic source text extracted from PDF requires visual/source review; value was preserved without correction","ان ًؼذح"
Drug_Products_Directory_Yemen.pdf,512,7,"Arabic source text extracted from PDF requires visual/source review; value was preserved without correction","أيشاض انغكشي"
Drug_Products_Directory_Yemen.pdf,513,1,"Arabic source text extracted from PDF requires visual/source review; value was preserved without correction","أيشاض انغكشي"
Drug_Products_Directory_Yemen.pdf,513,3,"Arabic source text extracted from PDF requires visual/source review; value was preserved without correction","انتئبو انجشوح"
Drug_Products_Directory_Yemen.pdf,513,4,"Arabic source text extracted from PDF requires visual/source review; value was preserved without correction","األيشاض انؼمه ٍخ"
Drug_Products_Directory_Yemen.pdf,513,5,"Arabic source text extracted from PDF requires visual/source review; value was preserved without correction","األيشاض انؼمه ٍخ"
Drug_Products_Directory_Yemen.pdf,513,6,"Arabic source text extracted from PDF requires visual/source review; value was preserved without correction","انتهبثبد انؼظبو"
Drug_Products_Directory_Yemen.pdf,513,7,"Arabic source text extracted from PDF requires visual/source review; value was preserved without correction","انتهبثبد انؼظبو"
Drug_Products_Directory_Yemen.pdf,514,1,"Arabic source text extracted from PDF requires visual/source review; value was preserved without correction","supplementation ًٍه ٍخ تغز ٌخ تك"
Drug_Products_Directory_Yemen.pdf,514,2,"Arabic source text extracted from PDF requires visual/source review; value was preserved without correction","Infections األصبثبد انجكت ٍش ٌخ"
Drug_Products_Directory_Yemen.pdf,514,3,"Arabic source text extracted from PDF requires visual/source review; value was preserved without correction","Gardiasis جبسد ٌب واي ٍج ٍب"
Drug_Products_Directory_Yemen.pdf,514,4,"Arabic source text extracted from PDF requires visual/source review; value was preserved without correction","ي ُشطبد ج ُغ ٍخ"
Drug_Products_Directory_Yemen.pdf,514,5,"Arabic source text extracted from PDF requires visual/source review; value was preserved without correction","ي ُشطبد ج ُغ ٍخ"
Drug_Products_Directory_Yemen.pdf,514,6,"Arabic source text extracted from PDF requires visual/source review; value was preserved without correction","ي ُشطبد ج ُغ ٍخ"
Drug_Products_Directory_Yemen.pdf,514,7,"Arabic source text extracted from PDF requires visual/source review; value was preserved without correction","ي ُشطبد ج ُغ ٍخ"
Drug_Products_Directory_Yemen.pdf,515,1,"Arabic source text extracted from PDF requires visual/source review; value was preserved without correction","انتهبثبد انؼظبو"
Drug_Products_Directory_Yemen.pdf,515,2,"Arabic source text extracted from PDF requires visual/source review; value was preserved without correction","Deficiency َمص ف ٍتبي ٍُبد"
Drug_Products_Directory_Yemen.pdf,515,3,"Arabic source text extracted from PDF requires visual/source review; value was preserved without correction","األيشاض انؼمه ٍخ"
Drug_Products_Directory_Yemen.pdf,515,4,"Arabic source text extracted from PDF requires visual/source review; value was preserved without correction","األيشاض انؼمه ٍخ"
Drug_Products_Directory_Yemen.pdf,515,5,"Arabic source text extracted from PDF requires visual/source review; value was preserved without correction","Deficiency َمص ف ٍتبي ٍُبد"
Drug_Products_Directory_Yemen.pdf,515,6,"Arabic source text extracted from PDF requires visual/source review; value was preserved without correction","Infections األصبثبد انجكت ٍش ٌخ"
Drug_Products_Directory_Yemen.pdf,515,7,"Arabic source text extracted from PDF requires visual/source review; value was preserved without correction","Infections األصبثبد انجكت ٍش ٌخ"
Drug_Products_Directory_Yemen.pdf,516,1,"Arabic source text extracted from PDF requires visual/source review; value was preserved without correction","Infections األصبثبد انجكت ٍش ٌخ"
Drug_Products_Directory_Yemen.pdf,516,2,"Arabic source text extracted from PDF requires visual/source review; value was preserved without correction","Infections األصبثبد انجكت ٍش ٌخ"
Drug_Products_Directory_Yemen.pdf,516,7,"Arabic source text extracted from PDF requires visual/source review; value was preserved without correction","ا َمطبع انط ًث"
Drug_Products_Directory_Yemen.pdf,517,1,"Arabic source text extracted from PDF requires visual/source review; value was preserved without correction","Infections األصبثبد انجكت ٍش ٌخ"
Drug_Products_Directory_Yemen.pdf,517,2,"Arabic source text extracted from PDF requires visual/source review; value was preserved without correction","ً انذو ٌ ف ص ٌبدح انذهى"
Drug_Products_Directory_Yemen.pdf,517,4,"Arabic source text extracted from PDF requires visual/source review; value was preserved without correction","ان ُض ٌف"
Drug_Products_Directory_Yemen.pdf,517,5,"Arabic source text extracted from PDF requires visual/source review; value was preserved without correction","ان ُض ٌف"
Drug_Products_Directory_Yemen.pdf,517,6,"Arabic source text extracted from PDF requires visual/source review; value was preserved without correction","vomiting ٌ انغث ٍب وانطشػ"
Drug_Products_Directory_Yemen.pdf,517,7,"Arabic source text extracted from PDF requires visual/source review; value was preserved without correction","Disorders اضطشاثبد انجهبص ً انت ُفغ"
Drug_Products_Directory_Yemen.pdf,518,1,"Arabic source text extracted from PDF requires visual/source review; value was preserved without correction","Disorders اضطشاثبد انجهبص ً انت ُفغ"
Drug_Products_Directory_Yemen.pdf,518,2,"Arabic source text extracted from PDF requires visual/source review; value was preserved without correction","Disorders اضطشاثبد انجهبص ً انت ُفغ"
Drug_Products_Directory_Yemen.pdf,518,3,"Arabic source text extracted from PDF requires visual/source review; value was preserved without correction","disease يشض انشػبػ"
Drug_Products_Directory_Yemen.pdf,518,7,"Arabic source text extracted from PDF requires visual/source review; value was preserved without correction","Infections األصبثبد انجكت ٍش ٌخ"
Drug_Products_Directory_Yemen.pdf,519,1,"Arabic source text extracted from PDF requires visual/source review; value was preserved without correction","ان ًؼذح"
Drug_Products_Directory_Yemen.pdf,519,2,"Arabic source text extracted from PDF requires visual/source review; value was preserved without correction","األوجبع"
Drug_Products_Directory_Yemen.pdf,519,6,"Arabic source text extracted from PDF requires visual/source review; value was preserved without correction","األوجبع"
Drug_Products_Directory_Yemen.pdf,520,2,"Arabic source text extracted from PDF requires visual/source review; value was preserved without correction","Infection اصبثبد ً انجهبص انجىن"
Drug_Products_Directory_Yemen.pdf,520,3,"Arabic source text extracted from PDF requires visual/source review; value was preserved without correction","Infection اصبثبد ً انجهبص انجىن"
Drug_Products_Directory_Yemen.pdf,520,4,"Arabic source text extracted from PDF requires visual/source review; value was preserved without correction","انغغىالد انف ًى ٌخ"
Drug_Products_Directory_Yemen.pdf,520,6,"Arabic source text extracted from PDF requires visual/source review; value was preserved without correction","( E . N . T ) األ َف ٌ وانح ُجشح واألر"
Drug_Products_Directory_Yemen.pdf,521,2,"Arabic source text extracted from PDF requires visual/source review; value was preserved without correction","Infections األصبثبد انجكت ٍش ٌخ"
Drug_Products_Directory_Yemen.pdf,521,3,"Arabic source text extracted from PDF requires visual/source review; value was preserved without correction","Infections األصبثبد انجكت ٍش ٌخ"
Drug_Products_Directory_Yemen.pdf,521,6,"Arabic source text extracted from PDF requires visual/source review; value was preserved without correction","انشؼت انهىائ ٍخ"
Drug_Products_Directory_Yemen.pdf,521,7,"Arabic source text extracted from PDF requires visual/source review; value was preserved without correction","انشؼت انهىائ ٍخ"
Drug_Products_Directory_Yemen.pdf,523,6,"Arabic source text extracted from PDF requires visual/source review; value was preserved without correction","استفبع ضغظ انذو"
Drug_Products_Directory_Yemen.pdf,523,7,"Arabic source text extracted from PDF requires visual/source review; value was preserved without correction","انذودح انشش ٌط ٍخ"
Drug_Products_Directory_Yemen.pdf,524,1,"Arabic source text extracted from PDF requires visual/source review; value was preserved without correction","استفبع ضغظ انذو"
Drug_Products_Directory_Yemen.pdf,524,2,"Arabic source text extracted from PDF requires visual/source review; value was preserved without correction","استفبع ضغظ انذو"
Drug_Products_Directory_Yemen.pdf,524,3,"Arabic source text extracted from PDF requires visual/source review; value was preserved without correction","استفبع ضغظ انذو"
Drug_Products_Directory_Yemen.pdf,524,4,"Arabic source text extracted from PDF requires visual/source review; value was preserved without correction","استفبع ضغظ انذو"
Drug_Products_Directory_Yemen.pdf,524,5,"Arabic source text extracted from PDF requires visual/source review; value was preserved without correction","استفبع ضغظ انذو"
Drug_Products_Directory_Yemen.pdf,524,6,"Arabic source text extracted from PDF requires visual/source review; value was preserved without correction","استفبع ضغظ انذو"
Drug_Products_Directory_Yemen.pdf,524,7,"Arabic source text extracted from PDF requires visual/source review; value was preserved without correction","األوجبع"
Drug_Products_Directory_Yemen.pdf,525,1,"Arabic source text extracted from PDF requires visual/source review; value was preserved without correction","األوجبع"
Drug_Products_Directory_Yemen.pdf,525,2,"Arabic source text extracted from PDF requires visual/source review; value was preserved without correction","األنتهبثبد انجذنذ ٌخ"
Drug_Products_Directory_Yemen.pdf,525,3,"Arabic source text extracted from PDF requires visual/source review; value was preserved without correction","هشيى َبد ج ُغ ٍخ"
Drug_Products_Directory_Yemen.pdf,525,4,"Arabic source text extracted from PDF requires visual/source review; value was preserved without correction","األنتهبثبد انجذنذ ٌخ"
Drug_Products_Directory_Yemen.pdf,526,3,"Arabic source text extracted from PDF requires visual/source review; value was preserved without correction","Asthma انشثى ً انشؼج"
Drug_Products_Directory_Yemen.pdf,526,4,"Arabic source text extracted from PDF requires visual/source review; value was preserved without correction","Asthma انشثى ً انشؼج"
Drug_Products_Directory_Yemen.pdf,526,5,"Arabic source text extracted from PDF requires visual/source review; value was preserved without correction","Deficiency َمص ف ٍتبي ٍُبد"
Drug_Products_Directory_Yemen.pdf,526,6,"Arabic source text extracted from PDF requires visual/source review; value was preserved without correction","Deficiency َمص ف ٍتبي ٍُبد"
Drug_Products_Directory_Yemen.pdf,526,7,"Arabic source text extracted from PDF requires visual/source review; value was preserved without correction","Deficiency َمص ف ٍتبي ٍُبد"
Drug_Products_Directory_Yemen.pdf,527,1,"Arabic source text extracted from PDF requires visual/source review; value was preserved without correction","Deficiency َمص ف ٍتبي ٍُبد"
Drug_Products_Directory_Yemen.pdf,527,2,"Arabic source text extracted from PDF requires visual/source review; value was preserved without correction","انجىاع ٍش"
Drug_Products_Directory_Yemen.pdf,527,3,"Arabic source text extracted from PDF requires visual/source review; value was preserved without correction","َضالد انجشد"
Drug_Products_Directory_Yemen.pdf,527,4,"Arabic source text extracted from PDF requires visual/source review; value was preserved without correction","َضالد انجشد"
Drug_Products_Directory_Yemen.pdf,527,5,"Arabic source text extracted from PDF requires visual/source review; value was preserved without correction","َضالد انجشد"
Drug_Products_Directory_Yemen.pdf,527,6,"Arabic source text extracted from PDF requires visual/source review; value was preserved without correction","Gardiasis جبسد ٌب واي ٍج ٍب"
Drug_Products_Directory_Yemen.pdf,527,7,"Arabic source text extracted from PDF requires visual/source review; value was preserved without correction","Gardiasis جبسد ٌب واي ٍج ٍب"
Drug_Products_Directory_Yemen.pdf,528,1,"Arabic source text extracted from PDF requires visual/source review; value was preserved without correction","Gardiasis جبسد ٌب واي ٍج ٍب"
Drug_Products_Directory_Yemen.pdf,528,3,"Arabic source text extracted from PDF requires visual/source review; value was preserved without correction","Gardiasis جبسد ٌب واي ٍج ٍب"
Drug_Products_Directory_Yemen.pdf,528,5,"Arabic source text extracted from PDF requires visual/source review; value was preserved without correction","َضالد انجشد"
Drug_Products_Directory_Yemen.pdf,528,6,"Arabic source text extracted from PDF requires visual/source review; value was preserved without correction","Deficiency َمص ف ٍتبي ٍُبد"
Drug_Products_Directory_Yemen.pdf,529,5,"Arabic source text extracted from PDF requires visual/source review; value was preserved without correction","َضالد انجشد"
Drug_Products_Directory_Yemen.pdf,529,6,"Arabic source text extracted from PDF requires visual/source review; value was preserved without correction","األنتهبثبد انجذنذ ٌخ"
Drug_Products_Directory_Yemen.pdf,530,1,"Arabic source text extracted from PDF requires visual/source review; value was preserved without correction","ً انذو ٌ ف ص ٌبدح انذهى"
Drug_Products_Directory_Yemen.pdf,530,2,"Arabic source text extracted from PDF requires visual/source review; value was preserved without correction","ً انذو ٌ ف ص ٌبدح انذهى"
Drug_Products_Directory_Yemen.pdf,530,4,"Arabic source text extracted from PDF requires visual/source review; value was preserved without correction","ً انذو ٌ ف ص ٌبدح انذهى"
Drug_Products_Directory_Yemen.pdf,530,5,"Arabic source text extracted from PDF requires visual/source review; value was preserved without correction","ً انذو ٌ ف ص ٌبدح انذهى"
Drug_Products_Directory_Yemen.pdf,530,6,"Arabic source text extracted from PDF requires visual/source review; value was preserved without correction","ً انذو ٌ ف ص ٌبدح انذهى"
Drug_Products_Directory_Yemen.pdf,530,7,"Arabic source text extracted from PDF requires visual/source review; value was preserved without correction","ً انذو ٌ ف ص ٌبدح انذهى"
Drug_Products_Directory_Yemen.pdf,531,1,"Arabic source text extracted from PDF requires visual/source review; value was preserved without correction","هشيى َبد ج ُغ ٍخ"
Drug_Products_Directory_Yemen.pdf,531,3,"Arabic source text extracted from PDF requires visual/source review; value was preserved without correction","استفبع ضغظ انذو"
Drug_Products_Directory_Yemen.pdf,531,4,"Arabic source text extracted from PDF requires visual/source review; value was preserved without correction","Deficiency َمص ف ٍتبي ٍُبد"
Drug_Products_Directory_Yemen.pdf,531,5,"Arabic source text extracted from PDF requires visual/source review; value was preserved without correction","Deficiency َمص ف ٍتبي ٍُبد"
Drug_Products_Directory_Yemen.pdf,531,6,"Arabic source text extracted from PDF requires visual/source review; value was preserved without correction","األوجبع"
Drug_Products_Directory_Yemen.pdf,532,1,"Arabic source text extracted from PDF requires visual/source review; value was preserved without correction","األوجبع"
Drug_Products_Directory_Yemen.pdf,532,2,"Arabic source text extracted from PDF requires visual/source review; value was preserved without correction","األوجبع"
Drug_Products_Directory_Yemen.pdf,532,3,"Arabic source text extracted from PDF requires visual/source review; value was preserved without correction","األوجبع"
Drug_Products_Directory_Yemen.pdf,532,4,"Arabic source text extracted from PDF requires visual/source review; value was preserved without correction","األوجبع"
Drug_Products_Directory_Yemen.pdf,532,5,"Arabic source text extracted from PDF requires visual/source review; value was preserved without correction","األوجبع"
Drug_Products_Directory_Yemen.pdf,532,6,"Arabic source text extracted from PDF requires visual/source review; value was preserved without correction","األوجبع"
Drug_Products_Directory_Yemen.pdf,532,7,"Arabic source text extracted from PDF requires visual/source review; value was preserved without correction","األوجبع"
Drug_Products_Directory_Yemen.pdf,533,1,"Arabic source text extracted from PDF requires visual/source review; value was preserved without correction","األوجبع"
Drug_Products_Directory_Yemen.pdf,533,2,"Arabic source text extracted from PDF requires visual/source review; value was preserved without correction","األوجبع"
Drug_Products_Directory_Yemen.pdf,533,3,"Arabic source text extracted from PDF requires visual/source review; value was preserved without correction","األوجبع"
Drug_Products_Directory_Yemen.pdf,533,4,"Arabic source text extracted from PDF requires visual/source review; value was preserved without correction","األوجبع"
Drug_Products_Directory_Yemen.pdf,533,5,"Arabic source text extracted from PDF requires visual/source review; value was preserved without correction","األوجبع"
Drug_Products_Directory_Yemen.pdf,533,6,"Arabic source text extracted from PDF requires visual/source review; value was preserved without correction","األوجبع"
Drug_Products_Directory_Yemen.pdf,533,7,"Arabic source text extracted from PDF requires visual/source review; value was preserved without correction","األوجبع"
Drug_Products_Directory_Yemen.pdf,534,1,"Arabic source text extracted from PDF requires visual/source review; value was preserved without correction","األوجبع"
Drug_Products_Directory_Yemen.pdf,534,2,"Arabic source text extracted from PDF requires visual/source review; value was preserved without correction","األوجبع"
Drug_Products_Directory_Yemen.pdf,534,3,"Arabic source text extracted from PDF requires visual/source review; value was preserved without correction","األوجبع"
Drug_Products_Directory_Yemen.pdf,534,4,"Arabic source text extracted from PDF requires visual/source review; value was preserved without correction","ان ُض ٌف"
Drug_Products_Directory_Yemen.pdf,534,5,"Arabic source text extracted from PDF requires visual/source review; value was preserved without correction","ان ُض ٌف"
Drug_Products_Directory_Yemen.pdf,534,6,"Arabic source text extracted from PDF requires visual/source review; value was preserved without correction","ان ُض ٌف"
Drug_Products_Directory_Yemen.pdf,534,7,"Arabic source text extracted from PDF requires visual/source review; value was preserved without correction","ان ُض ٌف"
Drug_Products_Directory_Yemen.pdf,535,1,"Arabic source text extracted from PDF requires visual/source review; value was preserved without correction","األوجبع"
Drug_Products_Directory_Yemen.pdf,535,2,"Arabic source text extracted from PDF requires visual/source review; value was preserved without correction","األنتهبثبد انجذنذ ٌخ"
Drug_Products_Directory_Yemen.pdf,535,3,"Arabic source text extracted from PDF requires visual/source review; value was preserved without correction","َضالد انجشد"
Drug_Products_Directory_Yemen.pdf,535,4,"Arabic source text extracted from PDF requires visual/source review; value was preserved without correction","َضالد انجشد"
Drug_Products_Directory_Yemen.pdf,535,6,"Arabic source text extracted from PDF requires visual/source review; value was preserved without correction","Gardiasis جبسد ٌب واي ٍج ٍب"
Drug_Products_Directory_Yemen.pdf,535,7,"Arabic source text extracted from PDF requires visual/source review; value was preserved without correction","Gardiasis جبسد ٌب واي ٍج ٍب"
Drug_Products_Directory_Yemen.pdf,536,1,"Arabic source text extracted from PDF requires visual/source review; value was preserved without correction","Gardiasis جبسد ٌب واي ٍج ٍب"
Drug_Products_Directory_Yemen.pdf,536,2,"Arabic source text extracted from PDF requires visual/source review; value was preserved without correction","Gardiasis جبسد ٌب واي ٍج ٍب"
Drug_Products_Directory_Yemen.pdf,536,3,"Arabic source text extracted from PDF requires visual/source review; value was preserved without correction","Gardiasis جبسد ٌب واي ٍج ٍب"
Drug_Products_Directory_Yemen.pdf,536,4,"Arabic source text extracted from PDF requires visual/source review; value was preserved without correction","ان ُض ٌف"
Drug_Products_Directory_Yemen.pdf,536,5,"Arabic source text extracted from PDF requires visual/source review; value was preserved without correction","استفبع ضغظ انذو"
Drug_Products_Directory_Yemen.pdf,536,6,"Arabic source text extracted from PDF requires visual/source review; value was preserved without correction","يىا َغ انح ًم"
Drug_Products_Directory_Yemen.pdf,536,7,"Arabic source text extracted from PDF requires visual/source review; value was preserved without correction","Stimulant ي ُشطبد انشه ٍخ"
Drug_Products_Directory_Yemen.pdf,537,1,"Arabic source text extracted from PDF requires visual/source review; value was preserved without correction","األنتهبثبد انجذنذ ٌخ"
Drug_Products_Directory_Yemen.pdf,537,2,"Arabic source text extracted from PDF requires visual/source review; value was preserved without correction","األنتهبثبد"
Drug_Products_Directory_Yemen.pdf,537,3,"Arabic source text extracted from PDF requires visual/source review; value was preserved without correction","األيشاض انؼمه ٍخ"
Drug_Products_Directory_Yemen.pdf,537,4,"Arabic source text extracted from PDF requires visual/source review; value was preserved without correction","Deficiency َمص ف ٍتبي ٍُبد"
Drug_Products_Directory_Yemen.pdf,537,5,"Arabic source text extracted from PDF requires visual/source review; value was preserved without correction","Infections األصبثبد انجكت ٍش ٌخ"
Drug_Products_Directory_Yemen.pdf,538,1,"Arabic source text extracted from PDF requires visual/source review; value was preserved without correction","Spasm ٍ آالو انجط"
Drug_Products_Directory_Yemen.pdf,538,2,"Arabic source text extracted from PDF requires visual/source review; value was preserved without correction","ً انذو ٌ ف ص ٌبدح انذهى"
Drug_Products_Directory_Yemen.pdf,538,3,"Arabic source text extracted from PDF requires visual/source review; value was preserved without correction","استفبع ضغظ انذو"
Drug_Products_Directory_Yemen.pdf,538,4,"Arabic source text extracted from PDF requires visual/source review; value was preserved without correction","استفبع ضغظ انذو"
Drug_Products_Directory_Yemen.pdf,538,5,"Arabic source text extracted from PDF requires visual/source review; value was preserved without correction","األيشاض انؼمه ٍخ"
Drug_Products_Directory_Yemen.pdf,538,7,"Arabic source text extracted from PDF requires visual/source review; value was preserved without correction","األيشاض انؼمه ٍخ"
Drug_Products_Directory_Yemen.pdf,539,1,"Arabic source text extracted from PDF requires visual/source review; value was preserved without correction","األيشاض انؼمه ٍخ"
Drug_Products_Directory_Yemen.pdf,539,2,"Arabic source text extracted from PDF requires visual/source review; value was preserved without correction","األيشاض انؼمه ٍخ"
Drug_Products_Directory_Yemen.pdf,539,3,"Arabic source text extracted from PDF requires visual/source review; value was preserved without correction","األيشاض انؼمه ٍخ"
Drug_Products_Directory_Yemen.pdf,539,4,"Arabic source text extracted from PDF requires visual/source review; value was preserved without correction","َضالد انجشد"
Drug_Products_Directory_Yemen.pdf,539,5,"Arabic source text extracted from PDF requires visual/source review; value was preserved without correction","َضالد انجشد"
Drug_Products_Directory_Yemen.pdf,539,6,"Arabic source text extracted from PDF requires visual/source review; value was preserved without correction","َضالد انجشد"
Drug_Products_Directory_Yemen.pdf,539,7,"Arabic source text extracted from PDF requires visual/source review; value was preserved without correction","َضالد انجشد"
Drug_Products_Directory_Yemen.pdf,540,1,"Arabic source text extracted from PDF requires visual/source review; value was preserved without correction","َضالد انجشد"
Drug_Products_Directory_Yemen.pdf,540,2,"Arabic source text extracted from PDF requires visual/source review; value was preserved without correction","َضالد انجشد"
Drug_Products_Directory_Yemen.pdf,540,3,"Arabic source text extracted from PDF requires visual/source review; value was preserved without correction","َضالد انجشد"
Drug_Products_Directory_Yemen.pdf,540,4,"Arabic source text extracted from PDF requires visual/source review; value was preserved without correction","َضالد انجشد"
Drug_Products_Directory_Yemen.pdf,540,5,"Arabic source text extracted from PDF requires visual/source review; value was preserved without correction","َضالد انجشد"
Drug_Products_Directory_Yemen.pdf,540,6,"Arabic source text extracted from PDF requires visual/source review; value was preserved without correction","َضالد انجشد"
Drug_Products_Directory_Yemen.pdf,540,7,"Arabic source text extracted from PDF requires visual/source review; value was preserved without correction","َضالد انجشد"
Drug_Products_Directory_Yemen.pdf,541,1,"Arabic source text extracted from PDF requires visual/source review; value was preserved without correction","َضالد انجشد"
Drug_Products_Directory_Yemen.pdf,541,2,"Arabic source text extracted from PDF requires visual/source review; value was preserved without correction","َضالد انجشد"
Drug_Products_Directory_Yemen.pdf,541,3,"Arabic source text extracted from PDF requires visual/source review; value was preserved without correction","َضالد انجشد"
Drug_Products_Directory_Yemen.pdf,541,4,"Arabic source text extracted from PDF requires visual/source review; value was preserved without correction","َضالد انجشد"
Drug_Products_Directory_Yemen.pdf,542,1,"Arabic source text extracted from PDF requires visual/source review; value was preserved without correction","َضالد انجشد"
Drug_Products_Directory_Yemen.pdf,542,2,"Arabic source text extracted from PDF requires visual/source review; value was preserved without correction","ان ًؼذح"
Drug_Products_Directory_Yemen.pdf,542,3,"Arabic source text extracted from PDF requires visual/source review; value was preserved without correction","ان ًؼذح"
Drug_Products_Directory_Yemen.pdf,542,4,"Arabic source text extracted from PDF requires visual/source review; value was preserved without correction","انهضى"
Drug_Products_Directory_Yemen.pdf,542,5,"Arabic source text extracted from PDF requires visual/source review; value was preserved without correction","انهضى"
Drug_Products_Directory_Yemen.pdf,542,6,"Arabic source text extracted from PDF requires visual/source review; value was preserved without correction","ان ًؼذح"
Drug_Products_Directory_Yemen.pdf,542,7,"Arabic source text extracted from PDF requires visual/source review; value was preserved without correction","ان ًؼذح"
Drug_Products_Directory_Yemen.pdf,543,1,"Arabic source text extracted from PDF requires visual/source review; value was preserved without correction","ان ًؼذح"
Drug_Products_Directory_Yemen.pdf,543,2,"Arabic source text extracted from PDF requires visual/source review; value was preserved without correction","األنتهبثبد انجذنذ ٌخ"
Drug_Products_Directory_Yemen.pdf,543,3,"Arabic source text extracted from PDF requires visual/source review; value was preserved without correction","Infections األصبثبد انجكت ٍش ٌخ"
Drug_Products_Directory_Yemen.pdf,543,4,"Arabic source text extracted from PDF requires visual/source review; value was preserved without correction","Infections األصبثبد انجكت ٍش ٌخ"
Drug_Products_Directory_Yemen.pdf,543,5,"Arabic source text extracted from PDF requires visual/source review; value was preserved without correction","ً انذو ٌ ف ص ٌبدح انذهى"
Drug_Products_Directory_Yemen.pdf,543,6,"Arabic source text extracted from PDF requires visual/source review; value was preserved without correction","Deficiency َمص ف ٍتبي ٍُبد"
Drug_Products_Directory_Yemen.pdf,543,7,"Arabic source text extracted from PDF requires visual/source review; value was preserved without correction","Analgesic يهذئبد األوجبع وانح ًى"
Drug_Products_Directory_Yemen.pdf,544,1,"Arabic source text extracted from PDF requires visual/source review; value was preserved without correction","Infections األصبثبد انجكت ٍش ٌخ"
Drug_Products_Directory_Yemen.pdf,544,2,"Arabic source text extracted from PDF requires visual/source review; value was preserved without correction","األيشاض انؼمه ٍخ"
Drug_Products_Directory_Yemen.pdf,544,3,"Arabic source text extracted from PDF requires visual/source review; value was preserved without correction","أيشاض انغكشي"
Drug_Products_Directory_Yemen.pdf,544,5,"Arabic source text extracted from PDF requires visual/source review; value was preserved without correction","األوجبع"
Drug_Products_Directory_Yemen.pdf,544,6,"Arabic source text extracted from PDF requires visual/source review; value was preserved without correction","Asthma انشثى ً انشؼج"
Drug_Products_Directory_Yemen.pdf,544,7,"Arabic source text extracted from PDF requires visual/source review; value was preserved without correction","Asthma انشثى ً انشؼج"
Drug_Products_Directory_Yemen.pdf,545,1,"Arabic source text extracted from PDF requires visual/source review; value was preserved without correction","Spasm ٍ آالو انجط"
Drug_Products_Directory_Yemen.pdf,545,2,"Arabic source text extracted from PDF requires visual/source review; value was preserved without correction","انجشثىيخ انطف ٍه ٍخ"
Drug_Products_Directory_Yemen.pdf,545,3,"Arabic source text extracted from PDF requires visual/source review; value was preserved without correction","استفبع ضغظ انذو"
Drug_Products_Directory_Yemen.pdf,545,4,"Arabic source text extracted from PDF requires visual/source review; value was preserved without correction","أيشاض انغكشي"
Drug_Products_Directory_Yemen.pdf,545,5,"Arabic source text extracted from PDF requires visual/source review; value was preserved without correction","األنتهبثبد انجذنذ ٌخ"
Drug_Products_Directory_Yemen.pdf,545,6,"Arabic source text extracted from PDF requires visual/source review; value was preserved without correction","Infection اصبثبد ً انجهبص انجىن"
Drug_Products_Directory_Yemen.pdf,545,7,"Arabic source text extracted from PDF requires visual/source review; value was preserved without correction","Infection اصبثبد ً انجهبص انجىن"
Drug_Products_Directory_Yemen.pdf,546,1,"Arabic source text extracted from PDF requires visual/source review; value was preserved without correction","Infection اصبثبد ً انجهبص انجىن"
Drug_Products_Directory_Yemen.pdf,546,2,"Arabic source text extracted from PDF requires visual/source review; value was preserved without correction","Infection اصبثبد ً انجهبص انجىن"
Drug_Products_Directory_Yemen.pdf,546,3,"Arabic source text extracted from PDF requires visual/source review; value was preserved without correction","Infection اصبثبد ً انجهبص انجىن"
Drug_Products_Directory_Yemen.pdf,546,5,"Arabic source text extracted from PDF requires visual/source review; value was preserved without correction","Infection اصبثبد ً انجهبص انجىن"
Drug_Products_Directory_Yemen.pdf,546,6,"Arabic source text extracted from PDF requires visual/source review; value was preserved without correction","Infection اصبثبد ً انجهبص انجىن"
Drug_Products_Directory_Yemen.pdf,546,7,"Arabic source text extracted from PDF requires visual/source review; value was preserved without correction","Infection اصبثبد ً انجهبص انجىن"
Drug_Products_Directory_Yemen.pdf,547,1,"Arabic source text extracted from PDF requires visual/source review; value was preserved without correction","Infection اصبثبد ً انجهبص انجىن"
Drug_Products_Directory_Yemen.pdf,547,2,"Arabic source text extracted from PDF requires visual/source review; value was preserved without correction","Disorders اضطشاثبد انكجذ"
Drug_Products_Directory_Yemen.pdf,547,3,"Arabic source text extracted from PDF requires visual/source review; value was preserved without correction","Disorders اضطشاثبد انكجذ"
Drug_Products_Directory_Yemen.pdf,547,5,"Arabic source text extracted from PDF requires visual/source review; value was preserved without correction","Disorders اضطشاثبد انكجذ"
Drug_Products_Directory_Yemen.pdf,547,7,"Arabic source text extracted from PDF requires visual/source review; value was preserved without correction","Disorders اضطشاثبد انكجذ"
Drug_Products_Directory_Yemen.pdf,548,1,"Arabic source text extracted from PDF requires visual/source review; value was preserved without correction","استفبع ضغظ انذو"
Drug_Products_Directory_Yemen.pdf,548,2,"Arabic source text extracted from PDF requires visual/source review; value was preserved without correction","Deficiency َمص ف ٍتبي ٍُبد"
Drug_Products_Directory_Yemen.pdf,548,6,"Arabic source text extracted from PDF requires visual/source review; value was preserved without correction","األنتهبثبد انجذنذ ٌخ"
Drug_Products_Directory_Yemen.pdf,549,1,"Arabic source text extracted from PDF requires visual/source review; value was preserved without correction","األصبثبد انف ٍشوع ٍخ"
Drug_Products_Directory_Yemen.pdf,549,2,"Arabic source text extracted from PDF requires visual/source review; value was preserved without correction","Insumnea األسق وانمهك"
Drug_Products_Directory_Yemen.pdf,549,3,"Arabic source text extracted from PDF requires visual/source review; value was preserved without correction","Insumnea األسق وانمهك"
Drug_Products_Directory_Yemen.pdf,549,4,"Arabic source text extracted from PDF requires visual/source review; value was preserved without correction","Insumnea األسق وانمهك"
Drug_Products_Directory_Yemen.pdf,549,5,"Arabic source text extracted from PDF requires visual/source review; value was preserved without correction","األنتهبثبد انجذنذ ٌخ"
Drug_Products_Directory_Yemen.pdf,549,6,"Arabic source text extracted from PDF requires visual/source review; value was preserved without correction","Spasm ٍ آالو انجط"
Drug_Products_Directory_Yemen.pdf,550,2,"Arabic source text extracted from PDF requires visual/source review; value was preserved without correction","Infections ًٍكشوث ٍخ األصبثبد ان انخط ٍشح"
Drug_Products_Directory_Yemen.pdf,550,3,"Arabic source text extracted from PDF requires visual/source review; value was preserved without correction","Infections ًٍكشوث ٍخ األصبثبد ان انخط ٍشح"
Drug_Products_Directory_Yemen.pdf,550,4,"Arabic source text extracted from PDF requires visual/source review; value was preserved without correction","Infections ًٍكشوث ٍخ األصبثبد ان انخط ٍشح"
Drug_Products_Directory_Yemen.pdf,550,5,"Arabic source text extracted from PDF requires visual/source review; value was preserved without correction","Infections ًٍكشوث ٍخ األصبثبد ان انخط ٍشح"
Drug_Products_Directory_Yemen.pdf,550,6,"Arabic source text extracted from PDF requires visual/source review; value was preserved without correction","Disorders اضطشاثبد انكجذ"
Drug_Products_Directory_Yemen.pdf,550,7,"Arabic source text extracted from PDF requires visual/source review; value was preserved without correction","استفبع ضغظ انذو"
Drug_Products_Directory_Yemen.pdf,551,1,"Arabic source text extracted from PDF requires visual/source review; value was preserved without correction","انصذس ٌخ"
Drug_Products_Directory_Yemen.pdf,551,2,"Arabic source text extracted from PDF requires visual/source review; value was preserved without correction","انصذس ٌخ"
Drug_Products_Directory_Yemen.pdf,551,3,"Arabic source text extracted from PDF requires visual/source review; value was preserved without correction","استفبع ضغظ انذو"
Drug_Products_Directory_Yemen.pdf,551,4,"Arabic source text extracted from PDF requires visual/source review; value was preserved without correction","Deficiency َمص ف ٍتبي ٍُبد"
Drug_Products_Directory_Yemen.pdf,551,6,"Arabic source text extracted from PDF requires visual/source review; value was preserved without correction","األصبثبد انف ٍشوع ٍخ"
Drug_Products_Directory_Yemen.pdf,551,7,"Arabic source text extracted from PDF requires visual/source review; value was preserved without correction","Asthma انشثى ً انشؼج"
Drug_Products_Directory_Yemen.pdf,552,1,"Arabic source text extracted from PDF requires visual/source review; value was preserved without correction","Asthma انشثى ً انشؼج"
Drug_Products_Directory_Yemen.pdf,552,2,"Arabic source text extracted from PDF requires visual/source review; value was preserved without correction","Asthma انشثى ً انشؼج"
Drug_Products_Directory_Yemen.pdf,552,3,"Arabic source text extracted from PDF requires visual/source review; value was preserved without correction","Asthma انشثى ً انشؼج"
Drug_Products_Directory_Yemen.pdf,552,4,"Arabic source text extracted from PDF requires visual/source review; value was preserved without correction","Asthma انشثى ً انشؼج"
Drug_Products_Directory_Yemen.pdf,552,5,"Arabic source text extracted from PDF requires visual/source review; value was preserved without correction","Asthma انشثى ً انشؼج"
Drug_Products_Directory_Yemen.pdf,552,6,"Arabic source text extracted from PDF requires visual/source review; value was preserved without correction","Asthma انشثى ً انشؼج"
Drug_Products_Directory_Yemen.pdf,552,7,"Arabic source text extracted from PDF requires visual/source review; value was preserved without correction","Asthma انشثى ً انشؼج"
Drug_Products_Directory_Yemen.pdf,553,1,"Arabic source text extracted from PDF requires visual/source review; value was preserved without correction","استفبع ضغظ انذو"
Drug_Products_Directory_Yemen.pdf,553,2,"Arabic source text extracted from PDF requires visual/source review; value was preserved without correction","ٌ انشبئؼخ انذ ٌذا"
Drug_Products_Directory_Yemen.pdf,553,3,"Arabic source text extracted from PDF requires visual/source review; value was preserved without correction","ٌ انشبئؼخ انذ ٌذا"
Drug_Products_Directory_Yemen.pdf,553,5,"Arabic source text extracted from PDF requires visual/source review; value was preserved without correction","Spasm ٍ آالو انجط"
Drug_Products_Directory_Yemen.pdf,553,6,"Arabic source text extracted from PDF requires visual/source review; value was preserved without correction","ٌ انشبئؼخ انذ ٌذا"
Drug_Products_Directory_Yemen.pdf,553,7,"Arabic source text extracted from PDF requires visual/source review; value was preserved without correction","ٌ انشبئؼخ انذ ٌذا"
Drug_Products_Directory_Yemen.pdf,554,1,"Arabic source text extracted from PDF requires visual/source review; value was preserved without correction","ٌ انشبئؼخ انذ ٌذا"
Drug_Products_Directory_Yemen.pdf,554,2,"Arabic source text extracted from PDF requires visual/source review; value was preserved without correction","ٌ انشبئؼخ انذ ٌذا"
Drug_Products_Directory_Yemen.pdf,554,3,"Arabic source text extracted from PDF requires visual/source review; value was preserved without correction","انذوخخ"
Drug_Products_Directory_Yemen.pdf,554,4,"Arabic source text extracted from PDF requires visual/source review; value was preserved without correction","األصبثبد انفطش ٌخ"
Drug_Products_Directory_Yemen.pdf,554,5,"Arabic source text extracted from PDF requires visual/source review; value was preserved without correction","انغغىالد األ َثى ٌخ"
Drug_Products_Directory_Yemen.pdf,555,1,"Arabic source text extracted from PDF requires visual/source review; value was preserved without correction","َضالد انجشد"
Drug_Products_Directory_Yemen.pdf,555,2,"Arabic source text extracted from PDF requires visual/source review; value was preserved without correction","َضالد انجشد"
Drug_Products_Directory_Yemen.pdf,555,3,"Arabic source text extracted from PDF requires visual/source review; value was preserved without correction","َضالد انجشد"
Drug_Products_Directory_Yemen.pdf,555,4,"Arabic source text extracted from PDF requires visual/source review; value was preserved without correction","َضالد انجشد"
Drug_Products_Directory_Yemen.pdf,555,5,"Arabic source text extracted from PDF requires visual/source review; value was preserved without correction","َضالد انجشد"
Drug_Products_Directory_Yemen.pdf,556,1,"Arabic source text extracted from PDF requires visual/source review; value was preserved without correction","األوجبع"
Drug_Products_Directory_Yemen.pdf,556,2,"Arabic source text extracted from PDF requires visual/source review; value was preserved without correction","Infections األصبثبد انجكت ٍش ٌخ"
Drug_Products_Directory_Yemen.pdf,556,3,"Arabic source text extracted from PDF requires visual/source review; value was preserved without correction","ان ُض ٌف"
Drug_Products_Directory_Yemen.pdf,556,4,"Arabic source text extracted from PDF requires visual/source review; value was preserved without correction","vomiting ٌ انغث ٍب وانطشػ"
Drug_Products_Directory_Yemen.pdf,556,6,"Arabic source text extracted from PDF requires visual/source review; value was preserved without correction","األصبثبد انف ٍشوع ٍخ"
Drug_Products_Directory_Yemen.pdf,556,7,"Arabic source text extracted from PDF requires visual/source review; value was preserved without correction","األصبثبد انفطش ٌخ"
Drug_Products_Directory_Yemen.pdf,557,1,"Arabic source text extracted from PDF requires visual/source review; value was preserved without correction","األصبثبد انف ٍشوع ٍخ"
Drug_Products_Directory_Yemen.pdf,557,2,"Arabic source text extracted from PDF requires visual/source review; value was preserved without correction","Spasm ٍ آالو انجط"
Drug_Products_Directory_Yemen.pdf,557,3,"Arabic source text extracted from PDF requires visual/source review; value was preserved without correction","ً انذو ٌ ف ص ٌبدح انذهى"
Drug_Products_Directory_Yemen.pdf,557,4,"Arabic source text extracted from PDF requires visual/source review; value was preserved without correction","Deficiency َمص ف ٍتبي ٍُبد"
Drug_Products_Directory_Yemen.pdf,557,5,"Arabic source text extracted from PDF requires visual/source review; value was preserved without correction","Deficiency َمص ف ٍتبي ٍُبد"
Drug_Products_Directory_Yemen.pdf,557,6,"Arabic source text extracted from PDF requires visual/source review; value was preserved without correction","Deficiency َمص ف ٍتبي ٍُبد"
Drug_Products_Directory_Yemen.pdf,557,7,"Arabic source text extracted from PDF requires visual/source review; value was preserved without correction","Deficiency َمص ف ٍتبي ٍُبد"
Drug_Products_Directory_Yemen.pdf,558,1,"Arabic source text extracted from PDF requires visual/source review; value was preserved without correction","Deficiency َمص ف ٍتبي ٍُبد"
Drug_Products_Directory_Yemen.pdf,558,2,"Arabic source text extracted from PDF requires visual/source review; value was preserved without correction","انتهبثبد انؼظبو"
Drug_Products_Directory_Yemen.pdf,558,3,"Arabic source text extracted from PDF requires visual/source review; value was preserved without correction","Deficiency َمص ف ٍتبي ٍُبد"
Drug_Products_Directory_Yemen.pdf,558,4,"Arabic source text extracted from PDF requires visual/source review; value was preserved without correction","َضالد انجشد"
Drug_Products_Directory_Yemen.pdf,558,5,"Arabic source text extracted from PDF requires visual/source review; value was preserved without correction","Deficiency َمص ف ٍتبي ٍُبد"
Drug_Products_Directory_Yemen.pdf,559,4,"Arabic source text extracted from PDF requires visual/source review; value was preserved without correction","Deficiency َمص ف ٍتبي ٍُبد"
Drug_Products_Directory_Yemen.pdf,559,5,"Arabic source text extracted from PDF requires visual/source review; value was preserved without correction","Deficiency َمص ف ٍتبي ٍُبد"
Drug_Products_Directory_Yemen.pdf,559,6,"Arabic source text extracted from PDF requires visual/source review; value was preserved without correction","Deficiency َمص ف ٍتبي ٍُبد"
Drug_Products_Directory_Yemen.pdf,559,7,"Arabic source text extracted from PDF requires visual/source review; value was preserved without correction","Deficiency َمص ف ٍتبي ٍُبد"
Drug_Products_Directory_Yemen.pdf,560,1,"Arabic source text extracted from PDF requires visual/source review; value was preserved without correction","Deficiency َمص ف ٍتبي ٍُبد"
Drug_Products_Directory_Yemen.pdf,560,2,"Arabic source text extracted from PDF requires visual/source review; value was preserved without correction","vomiting ٌ انغث ٍب وانطشػ"
Drug_Products_Directory_Yemen.pdf,560,3,"Arabic source text extracted from PDF requires visual/source review; value was preserved without correction","Deficiency َمص ف ٍتبي ٍُبد"
Drug_Products_Directory_Yemen.pdf,560,4,"Arabic source text extracted from PDF requires visual/source review; value was preserved without correction","Deficiency َمص ف ٍتبي ٍُبد"
Drug_Products_Directory_Yemen.pdf,560,5,"Arabic source text extracted from PDF requires visual/source review; value was preserved without correction","Deficiency َمص ف ٍتبي ٍُبد"
Drug_Products_Directory_Yemen.pdf,560,6,"Arabic source text extracted from PDF requires visual/source review; value was preserved without correction","Deficiency َمص ف ٍتبي ٍُبد"
Drug_Products_Directory_Yemen.pdf,560,7,"Arabic source text extracted from PDF requires visual/source review; value was preserved without correction","Deficiency َمص ف ٍتبي ٍُبد"
Drug_Products_Directory_Yemen.pdf,561,1,"Arabic source text extracted from PDF requires visual/source review; value was preserved without correction","Deficiency َمص ف ٍتبي ٍُبد"
Drug_Products_Directory_Yemen.pdf,561,3,"Arabic source text extracted from PDF requires visual/source review; value was preserved without correction","Deficiency َمص ف ٍتبي ٍُبد"
Drug_Products_Directory_Yemen.pdf,561,4,"Arabic source text extracted from PDF requires visual/source review; value was preserved without correction","Deficiency َمص ف ٍتبي ٍُبد"
Drug_Products_Directory_Yemen.pdf,561,5,"Arabic source text extracted from PDF requires visual/source review; value was preserved without correction","Deficiency َمص ف ٍتبي ٍُبد"
Drug_Products_Directory_Yemen.pdf,561,6,"Arabic source text extracted from PDF requires visual/source review; value was preserved without correction","Deficiency َمص ف ٍتبي ٍُبد"
Drug_Products_Directory_Yemen.pdf,561,7,"Arabic source text extracted from PDF requires visual/source review; value was preserved without correction","Deficiency َمص ف ٍتبي ٍُبد"
Drug_Products_Directory_Yemen.pdf,562,1,"Arabic source text extracted from PDF requires visual/source review; value was preserved without correction","Deficiency َمص ف ٍتبي ٍُبد"
Drug_Products_Directory_Yemen.pdf,562,2,"Arabic source text extracted from PDF requires visual/source review; value was preserved without correction","Deficiency َمص ف ٍتبي ٍُبد"
Drug_Products_Directory_Yemen.pdf,562,3,"Arabic source text extracted from PDF requires visual/source review; value was preserved without correction","Deficiency َمص ف ٍتبي ٍُبد"
Drug_Products_Directory_Yemen.pdf,562,4,"Arabic source text extracted from PDF requires visual/source review; value was preserved without correction","األنتهبثبد انجذنذ ٌخ"
Drug_Products_Directory_Yemen.pdf,562,5,"Arabic source text extracted from PDF requires visual/source review; value was preserved without correction","Deficiency َمص ف ٍتبي ٍُبد"
Drug_Products_Directory_Yemen.pdf,562,6,"Arabic source text extracted from PDF requires visual/source review; value was preserved without correction","Deficiency َمص ف ٍتبي ٍُبد"
Drug_Products_Directory_Yemen.pdf,562,7,"Arabic source text extracted from PDF requires visual/source review; value was preserved without correction","Deficiency َمص ف ٍتبي ٍُبد"
Drug_Products_Directory_Yemen.pdf,563,1,"Arabic source text extracted from PDF requires visual/source review; value was preserved without correction","Deficiency َمص ف ٍتبي ٍُبد"
Drug_Products_Directory_Yemen.pdf,563,2,"Arabic source text extracted from PDF requires visual/source review; value was preserved without correction","Deficiency َمص ف ٍتبي ٍُبد"
Drug_Products_Directory_Yemen.pdf,563,3,"Arabic source text extracted from PDF requires visual/source review; value was preserved without correction","Deficiency َمص ف ٍتبي ٍُبد"
Drug_Products_Directory_Yemen.pdf,563,4,"Arabic source text extracted from PDF requires visual/source review; value was preserved without correction","Deficiency َمص ف ٍتبي ٍُبد"
Drug_Products_Directory_Yemen.pdf,563,5,"Arabic source text extracted from PDF requires visual/source review; value was preserved without correction","Deficiency َمص ف ٍتبي ٍُبد"
Drug_Products_Directory_Yemen.pdf,563,6,"Arabic source text extracted from PDF requires visual/source review; value was preserved without correction","األوجبع"
Drug_Products_Directory_Yemen.pdf,563,7,"Arabic source text extracted from PDF requires visual/source review; value was preserved without correction","األوجبع"
Drug_Products_Directory_Yemen.pdf,564,1,"Arabic source text extracted from PDF requires visual/source review; value was preserved without correction","األوجبع"
Drug_Products_Directory_Yemen.pdf,564,2,"Arabic source text extracted from PDF requires visual/source review; value was preserved without correction","األوجبع"
Drug_Products_Directory_Yemen.pdf,564,3,"Arabic source text extracted from PDF requires visual/source review; value was preserved without correction","األوجبع"
Drug_Products_Directory_Yemen.pdf,564,4,"Arabic source text extracted from PDF requires visual/source review; value was preserved without correction","األوجبع"
Drug_Products_Directory_Yemen.pdf,564,5,"Arabic source text extracted from PDF requires visual/source review; value was preserved without correction","األوجبع"
Drug_Products_Directory_Yemen.pdf,564,6,"Arabic source text extracted from PDF requires visual/source review; value was preserved without correction","األوجبع"
Drug_Products_Directory_Yemen.pdf,564,7,"Arabic source text extracted from PDF requires visual/source review; value was preserved without correction","األوجبع"
Drug_Products_Directory_Yemen.pdf,565,1,"Arabic source text extracted from PDF requires visual/source review; value was preserved without correction","األوجبع"
Drug_Products_Directory_Yemen.pdf,565,2,"Arabic source text extracted from PDF requires visual/source review; value was preserved without correction","األوجبع"
Drug_Products_Directory_Yemen.pdf,565,3,"Arabic source text extracted from PDF requires visual/source review; value was preserved without correction","األوجبع"
Drug_Products_Directory_Yemen.pdf,565,4,"Arabic source text extracted from PDF requires visual/source review; value was preserved without correction","األوجبع"
Drug_Products_Directory_Yemen.pdf,565,5,"Arabic source text extracted from PDF requires visual/source review; value was preserved without correction","األوجبع"
Drug_Products_Directory_Yemen.pdf,565,6,"Arabic source text extracted from PDF requires visual/source review; value was preserved without correction","األوجبع"
Drug_Products_Directory_Yemen.pdf,565,7,"Arabic source text extracted from PDF requires visual/source review; value was preserved without correction","األوجبع"
Drug_Products_Directory_Yemen.pdf,566,1,"Arabic source text extracted from PDF requires visual/source review; value was preserved without correction","األوجبع"
Drug_Products_Directory_Yemen.pdf,566,2,"Arabic source text extracted from PDF requires visual/source review; value was preserved without correction","األوجبع"
Drug_Products_Directory_Yemen.pdf,566,3,"Arabic source text extracted from PDF requires visual/source review; value was preserved without correction","األوجبع"
Drug_Products_Directory_Yemen.pdf,566,4,"Arabic source text extracted from PDF requires visual/source review; value was preserved without correction","vomiting ٌ انغث ٍب وانطشػ"
Drug_Products_Directory_Yemen.pdf,566,5,"Arabic source text extracted from PDF requires visual/source review; value was preserved without correction","vomiting ٌ انغث ٍب وانطشػ"
Drug_Products_Directory_Yemen.pdf,566,6,"Arabic source text extracted from PDF requires visual/source review; value was preserved without correction","vomiting ٌ انغث ٍب وانطشػ"
Drug_Products_Directory_Yemen.pdf,566,7,"Arabic source text extracted from PDF requires visual/source review; value was preserved without correction","vomiting ٌ انغث ٍب وانطشػ"
Drug_Products_Directory_Yemen.pdf,567,1,"Arabic source text extracted from PDF requires visual/source review; value was preserved without correction","vomiting ٌ انغث ٍب وانطشػ"
Drug_Products_Directory_Yemen.pdf,567,2,"Arabic source text extracted from PDF requires visual/source review; value was preserved without correction","األصبثبد انفطش ٌخ"
Drug_Products_Directory_Yemen.pdf,567,3,"Arabic source text extracted from PDF requires visual/source review; value was preserved without correction","األوجبع"
Drug_Products_Directory_Yemen.pdf,567,4,"Arabic source text extracted from PDF requires visual/source review; value was preserved without correction","األوجبع"
Drug_Products_Directory_Yemen.pdf,567,5,"Arabic source text extracted from PDF requires visual/source review; value was preserved without correction","أيشاض انغكشي"
Drug_Products_Directory_Yemen.pdf,567,6,"Arabic source text extracted from PDF requires visual/source review; value was preserved without correction","األوجبع"
Drug_Products_Directory_Yemen.pdf,567,7,"Arabic source text extracted from PDF requires visual/source review; value was preserved without correction","انجهطبد"
Drug_Products_Directory_Yemen.pdf,568,1,"Arabic source text extracted from PDF requires visual/source review; value was preserved without correction","انجهطبد"
Drug_Products_Directory_Yemen.pdf,568,2,"Arabic source text extracted from PDF requires visual/source review; value was preserved without correction","األنتهبثبد انجذنذ ٌخ"
Drug_Products_Directory_Yemen.pdf,568,4,"Arabic source text extracted from PDF requires visual/source review; value was preserved without correction","األنتهبثبد انجذنذ ٌخ"
Drug_Products_Directory_Yemen.pdf,568,5,"Arabic source text extracted from PDF requires visual/source review; value was preserved without correction","يشخ ٍبد انؼضالد"
Drug_Products_Directory_Yemen.pdf,568,6,"Arabic source text extracted from PDF requires visual/source review; value was preserved without correction","Local انتخذ ٌش ً ان ًىضؼ"
Drug_Products_Directory_Yemen.pdf,568,7,"Arabic source text extracted from PDF requires visual/source review; value was preserved without correction","Local انتخذ ٌش ً ان ًىضؼ"
Drug_Products_Directory_Yemen.pdf,569,1,"Arabic source text extracted from PDF requires visual/source review; value was preserved without correction","ان ُض ٌف"
Drug_Products_Directory_Yemen.pdf,569,3,"Arabic source text extracted from PDF requires visual/source review; value was preserved without correction","Infections األصبثبد انجكت ٍش ٌخ"
Drug_Products_Directory_Yemen.pdf,569,4,"Arabic source text extracted from PDF requires visual/source review; value was preserved without correction","األوجبع"
Drug_Products_Directory_Yemen.pdf,569,5,"Arabic source text extracted from PDF requires visual/source review; value was preserved without correction","األوجبع"
Drug_Products_Directory_Yemen.pdf,569,6,"Arabic source text extracted from PDF requires visual/source review; value was preserved without correction","ان ًؼذح"
Drug_Products_Directory_Yemen.pdf,569,7,"Arabic source text extracted from PDF requires visual/source review; value was preserved without correction","استفبع ضغظ انذو"
Drug_Products_Directory_Yemen.pdf,570,2,"Arabic source text extracted from PDF requires visual/source review; value was preserved without correction","Insumnea األسق وانمهك"
Drug_Products_Directory_Yemen.pdf,570,3,"Arabic source text extracted from PDF requires visual/source review; value was preserved without correction","Insumnea األسق وانمهك"
Drug_Products_Directory_Yemen.pdf,570,4,"Arabic source text extracted from PDF requires visual/source review; value was preserved without correction","ان ًؼذح"
Drug_Products_Directory_Yemen.pdf,570,5,"Arabic source text extracted from PDF requires visual/source review; value was preserved without correction","األوجبع"
Drug_Products_Directory_Yemen.pdf,570,6,"Arabic source text extracted from PDF requires visual/source review; value was preserved without correction","األوجبع"
Drug_Products_Directory_Yemen.pdf,571,1,"Arabic source text extracted from PDF requires visual/source review; value was preserved without correction","َضالد انجشد"
Drug_Products_Directory_Yemen.pdf,571,2,"Arabic source text extracted from PDF requires visual/source review; value was preserved without correction","( E . N . T ) األ َف ٌ وانح ُجشح واألر"
Drug_Products_Directory_Yemen.pdf,571,3,"Arabic source text extracted from PDF requires visual/source review; value was preserved without correction","َضالد انجشد"
Drug_Products_Directory_Yemen.pdf,571,5,"Arabic source text extracted from PDF requires visual/source review; value was preserved without correction","ي ُشطبد ج ُغ ٍخ"
Drug_Products_Directory_Yemen.pdf,571,6,"Arabic source text extracted from PDF requires visual/source review; value was preserved without correction","يىا َغ انح ًم"
Drug_Products_Directory_Yemen.pdf,571,7,"Arabic source text extracted from PDF requires visual/source review; value was preserved without correction","Infections األصبثبد انجكت ٍش ٌخ"
Drug_Products_Directory_Yemen.pdf,572,1,"Arabic source text extracted from PDF requires visual/source review; value was preserved without correction","َضالد انجشد"
Drug_Products_Directory_Yemen.pdf,572,2,"Arabic source text extracted from PDF requires visual/source review; value was preserved without correction","َضالد انجشد"
Drug_Products_Directory_Yemen.pdf,572,4,"Arabic source text extracted from PDF requires visual/source review; value was preserved without correction","Spasm ٍ آالو انجط"
Drug_Products_Directory_Yemen.pdf,572,5,"Arabic source text extracted from PDF requires visual/source review; value was preserved without correction","Infections األصبثبد انجكت ٍش ٌخ"
Drug_Products_Directory_Yemen.pdf,572,6,"Arabic source text extracted from PDF requires visual/source review; value was preserved without correction","Infections األصبثبد انجكت ٍش ٌخ"
Drug_Products_Directory_Yemen.pdf,572,7,"Arabic source text extracted from PDF requires visual/source review; value was preserved without correction","استفبع ضغظ انذو"
Drug_Products_Directory_Yemen.pdf,573,1,"Arabic source text extracted from PDF requires visual/source review; value was preserved without correction","Infections األصبثبد انجكت ٍش ٌخ"
Drug_Products_Directory_Yemen.pdf,573,3,"Arabic source text extracted from PDF requires visual/source review; value was preserved without correction","انفىاق"
Drug_Products_Directory_Yemen.pdf,573,4,"Arabic source text extracted from PDF requires visual/source review; value was preserved without correction","انشؼت انهىائ ٍخ"
Drug_Products_Directory_Yemen.pdf,573,5,"Arabic source text extracted from PDF requires visual/source review; value was preserved without correction","انشؼت انهىائ ٍخ"
Drug_Products_Directory_Yemen.pdf,573,6,"Arabic source text extracted from PDF requires visual/source review; value was preserved without correction","انشؼت انهىائ ٍخ"
Drug_Products_Directory_Yemen.pdf,573,7,"Arabic source text extracted from PDF requires visual/source review; value was preserved without correction","انشؼت انهىائ ٍخ"
Drug_Products_Directory_Yemen.pdf,574,1,"Arabic source text extracted from PDF requires visual/source review; value was preserved without correction","انشؼت انهىائ ٍخ"
Drug_Products_Directory_Yemen.pdf,574,2,"Arabic source text extracted from PDF requires visual/source review; value was preserved without correction","Infections األصبثبد انجكت ٍش ٌخ"
Drug_Products_Directory_Yemen.pdf,574,3,"Arabic source text extracted from PDF requires visual/source review; value was preserved without correction","Infections األصبثبد انجكت ٍش ٌخ"
Drug_Products_Directory_Yemen.pdf,574,4,"Arabic source text extracted from PDF requires visual/source review; value was preserved without correction","Infections األصبثبد انجكت ٍش ٌخ"
Drug_Products_Directory_Yemen.pdf,574,5,"Arabic source text extracted from PDF requires visual/source review; value was preserved without correction","ي ُشطبد ج ُغ ٍخ"
Drug_Products_Directory_Yemen.pdf,574,6,"Arabic source text extracted from PDF requires visual/source review; value was preserved without correction","( E . N . T ) األ َف ٌ وانح ُجشح واألر"
Drug_Products_Directory_Yemen.pdf,574,7,"Arabic source text extracted from PDF requires visual/source review; value was preserved without correction","األوجبع"
Drug_Products_Directory_Yemen.pdf,575,1,"Arabic source text extracted from PDF requires visual/source review; value was preserved without correction","ان ًؼذح"
Drug_Products_Directory_Yemen.pdf,575,2,"Arabic source text extracted from PDF requires visual/source review; value was preserved without correction","ان ًؼذح"
Drug_Products_Directory_Yemen.pdf,575,3,"Arabic source text extracted from PDF requires visual/source review; value was preserved without correction","انشؼت انهىائ ٍخ"
Drug_Products_Directory_Yemen.pdf,575,4,"Arabic source text extracted from PDF requires visual/source review; value was preserved without correction","انشؼت انهىائ ٍخ"
Drug_Products_Directory_Yemen.pdf,575,5,"Arabic source text extracted from PDF requires visual/source review; value was preserved without correction","انشؼت انهىائ ٍخ"
Drug_Products_Directory_Yemen.pdf,575,6,"Arabic source text extracted from PDF requires visual/source review; value was preserved without correction","Infections األصبثبد انجكت ٍش ٌخ"
Drug_Products_Directory_Yemen.pdf,575,7,"Arabic source text extracted from PDF requires visual/source review; value was preserved without correction","ٌ انشبئؼخ انذ ٌذا"
Drug_Products_Directory_Yemen.pdf,576,1,"Arabic source text extracted from PDF requires visual/source review; value was preserved without correction","ٌ انشبئؼخ انذ ٌذا"
Drug_Products_Directory_Yemen.pdf,576,2,"Arabic source text extracted from PDF requires visual/source review; value was preserved without correction","َضالد انجشد"
Drug_Products_Directory_Yemen.pdf,576,3,"Arabic source text extracted from PDF requires visual/source review; value was preserved without correction","ان ًؼذح"
Drug_Products_Directory_Yemen.pdf,576,4,"Arabic source text extracted from PDF requires visual/source review; value was preserved without correction","Infections األصبثبد انجكت ٍش ٌخ"
Drug_Products_Directory_Yemen.pdf,576,5,"Arabic source text extracted from PDF requires visual/source review; value was preserved without correction","Disorders اضطشاثبد انكجذ"
Drug_Products_Directory_Yemen.pdf,576,6,"Arabic source text extracted from PDF requires visual/source review; value was preserved without correction","األيشاض انؼمه ٍخ"
Drug_Products_Directory_Yemen.pdf,576,7,"Arabic source text extracted from PDF requires visual/source review; value was preserved without correction","األيغبن"
Drug_Products_Directory_Yemen.pdf,577,1,"Arabic source text extracted from PDF requires visual/source review; value was preserved without correction","األوجبع"
Drug_Products_Directory_Yemen.pdf,577,2,"Arabic source text extracted from PDF requires visual/source review; value was preserved without correction","Deficiency َمص ف ٍتبي ٍُبد"
Drug_Products_Directory_Yemen.pdf,577,3,"Arabic source text extracted from PDF requires visual/source review; value was preserved without correction","Infections األصبثبد انجكت ٍش ٌخ"
Drug_Products_Directory_Yemen.pdf,577,4,"Arabic source text extracted from PDF requires visual/source review; value was preserved without correction","Infections األصبثبد انجكت ٍش ٌخ"
Drug_Products_Directory_Yemen.pdf,577,5,"Arabic source text extracted from PDF requires visual/source review; value was preserved without correction","Infections األصبثبد انجكت ٍش ٌخ"
Drug_Products_Directory_Yemen.pdf,577,6,"Arabic source text extracted from PDF requires visual/source review; value was preserved without correction","استفبع ضغظ انذو"
Drug_Products_Directory_Yemen.pdf,577,7,"Arabic source text extracted from PDF requires visual/source review; value was preserved without correction","ٌ انشبئؼخ انذ ٌذا"
Drug_Products_Directory_Yemen.pdf,578,1,"Arabic source text extracted from PDF requires visual/source review; value was preserved without correction","ٌ انشبئؼخ انذ ٌذا"
Drug_Products_Directory_Yemen.pdf,578,2,"Arabic source text extracted from PDF requires visual/source review; value was preserved without correction","ان ًؼذح"
Drug_Products_Directory_Yemen.pdf,578,3,"Arabic source text extracted from PDF requires visual/source review; value was preserved without correction","Insumnea األسق وانمهك"
Drug_Products_Directory_Yemen.pdf,578,4,"Arabic source text extracted from PDF requires visual/source review; value was preserved without correction","األيشاض انؼمه ٍخ"
Drug_Products_Directory_Yemen.pdf,579,5,"Arabic source text extracted from PDF requires visual/source review; value was preserved without correction","Asthma انشثى ً انشؼج"
Drug_Products_Directory_Yemen.pdf,579,6,"Arabic source text extracted from PDF requires visual/source review; value was preserved without correction","استفبع ضغظ انذو"
Drug_Products_Directory_Yemen.pdf,579,7,"Arabic source text extracted from PDF requires visual/source review; value was preserved without correction","استفبع ضغظ انذو"
Drug_Products_Directory_Yemen.pdf,580,1,"Arabic source text extracted from PDF requires visual/source review; value was preserved without correction","استفبع ضغظ انذو"
Drug_Products_Directory_Yemen.pdf,580,2,"Arabic source text extracted from PDF requires visual/source review; value was preserved without correction","استفبع ضغظ انذو"
Drug_Products_Directory_Yemen.pdf,580,3,"Arabic source text extracted from PDF requires visual/source review; value was preserved without correction","استفبع ضغظ انذو"
Drug_Products_Directory_Yemen.pdf,580,4,"Arabic source text extracted from PDF requires visual/source review; value was preserved without correction","األصبثبد انف ٍشوع ٍخ"
Drug_Products_Directory_Yemen.pdf,580,5,"Arabic source text extracted from PDF requires visual/source review; value was preserved without correction","األصبثبد انف ٍشوع ٍخ"
Drug_Products_Directory_Yemen.pdf,580,6,"Arabic source text extracted from PDF requires visual/source review; value was preserved without correction","Infections األصبثبد انجكت ٍش ٌخ"
Drug_Products_Directory_Yemen.pdf,580,7,"Arabic source text extracted from PDF requires visual/source review; value was preserved without correction","Infections األصبثبد انجكت ٍش ٌخ"
Drug_Products_Directory_Yemen.pdf,581,1,"Arabic source text extracted from PDF requires visual/source review; value was preserved without correction","Infections األصبثبد انجكت ٍش ٌخ"
Drug_Products_Directory_Yemen.pdf,581,2,"Arabic source text extracted from PDF requires visual/source review; value was preserved without correction","Infections األصبثبد انجكت ٍش ٌخ"
Drug_Products_Directory_Yemen.pdf,581,3,"Arabic source text extracted from PDF requires visual/source review; value was preserved without correction","Infections األصبثبد انجكت ٍش ٌخ"
Drug_Products_Directory_Yemen.pdf,581,4,"Arabic source text extracted from PDF requires visual/source review; value was preserved without correction","Infections األصبثبد انجكت ٍش ٌخ"
Drug_Products_Directory_Yemen.pdf,581,5,"Arabic source text extracted from PDF requires visual/source review; value was preserved without correction","Infections األصبثبد انجكت ٍش ٌخ"
Drug_Products_Directory_Yemen.pdf,581,6,"Arabic source text extracted from PDF requires visual/source review; value was preserved without correction","Infections األصبثبد انجكت ٍش ٌخ"
Drug_Products_Directory_Yemen.pdf,581,7,"Arabic source text extracted from PDF requires visual/source review; value was preserved without correction","Infections األصبثبد انجكت ٍش ٌخ"
Drug_Products_Directory_Yemen.pdf,582,1,"Arabic source text extracted from PDF requires visual/source review; value was preserved without correction","Infections األصبثبد انجكت ٍش ٌخ"
Drug_Products_Directory_Yemen.pdf,582,2,"Arabic source text extracted from PDF requires visual/source review; value was preserved without correction","Infections األصبثبد انجكت ٍش ٌخ"
Drug_Products_Directory_Yemen.pdf,582,3,"Arabic source text extracted from PDF requires visual/source review; value was preserved without correction","األنتهبثبد انجذنذ ٌخ"
Drug_Products_Directory_Yemen.pdf,582,4,"Arabic source text extracted from PDF requires visual/source review; value was preserved without correction","األنتهبثبد انجذنذ ٌخ"
Drug_Products_Directory_Yemen.pdf,582,5,"Arabic source text extracted from PDF requires visual/source review; value was preserved without correction","Deficiency َمص ف ٍتبي ٍُبد"
Drug_Products_Directory_Yemen.pdf,582,6,"Arabic source text extracted from PDF requires visual/source review; value was preserved without correction","Infections األصبثبد انجكت ٍش ٌخ"
Drug_Products_Directory_Yemen.pdf,582,7,"Arabic source text extracted from PDF requires visual/source review; value was preserved without correction","Infections األصبثبد انجكت ٍش ٌخ"
Drug_Products_Directory_Yemen.pdf,583,1,"Arabic source text extracted from PDF requires visual/source review; value was preserved without correction","Infections األصبثبد انجكت ٍش ٌخ"
Drug_Products_Directory_Yemen.pdf,583,2,"Arabic source text extracted from PDF requires visual/source review; value was preserved without correction","Infections األصبثبد انجكت ٍش ٌخ"
Drug_Products_Directory_Yemen.pdf,583,3,"Arabic source text extracted from PDF requires visual/source review; value was preserved without correction","Infections األصبثبد انجكت ٍش ٌخ"
Drug_Products_Directory_Yemen.pdf,583,4,"Arabic source text extracted from PDF requires visual/source review; value was preserved without correction","Infections األصبثبد انجكت ٍش ٌخ"
Drug_Products_Directory_Yemen.pdf,584,7,"Arabic source text extracted from PDF requires visual/source review; value was preserved without correction","ً انذو ٌ ف ص ٌبدح انذهى"
Drug_Products_Directory_Yemen.pdf,585,1,"Arabic source text extracted from PDF requires visual/source review; value was preserved without correction","األوجبع"
Drug_Products_Directory_Yemen.pdf,585,2,"Arabic source text extracted from PDF requires visual/source review; value was preserved without correction","األوجبع"
Drug_Products_Directory_Yemen.pdf,585,3,"Arabic source text extracted from PDF requires visual/source review; value was preserved without correction","Infections األصبثبد انجكت ٍش ٌخ"
Drug_Products_Directory_Yemen.pdf,585,4,"Arabic source text extracted from PDF requires visual/source review; value was preserved without correction","Insumnea األسق وانمهك"
Drug_Products_Directory_Yemen.pdf,585,5,"Arabic source text extracted from PDF requires visual/source review; value was preserved without correction","Insumnea األسق وانمهك"
Drug_Products_Directory_Yemen.pdf,585,6,"Arabic source text extracted from PDF requires visual/source review; value was preserved without correction","ان ًؼذح"
Drug_Products_Directory_Yemen.pdf,585,7,"Arabic source text extracted from PDF requires visual/source review; value was preserved without correction","األيشاض انؼمه ٍخ"
Drug_Products_Directory_Yemen.pdf,586,1,"Arabic source text extracted from PDF requires visual/source review; value was preserved without correction","األيشاض انؼمه ٍخ"
Drug_Products_Directory_Yemen.pdf,586,2,"Arabic source text extracted from PDF requires visual/source review; value was preserved without correction","األصبثبد انف ٍشوع ٍخ"
Drug_Products_Directory_Yemen.pdf,586,3,"Arabic source text extracted from PDF requires visual/source review; value was preserved without correction","األصبثبد انف ٍشوع ٍخ"
Drug_Products_Directory_Yemen.pdf,586,4,"Arabic source text extracted from PDF requires visual/source review; value was preserved without correction","ٌ انشبئؼخ انذ ٌذا"
Drug_Products_Directory_Yemen.pdf,586,5,"Arabic source text extracted from PDF requires visual/source review; value was preserved without correction","ي ُشطبد ج ُغ ٍخ"
Drug_Products_Directory_Yemen.pdf,586,6,"Arabic source text extracted from PDF requires visual/source review; value was preserved without correction","ي ُشطبد ج ُغ ٍخ"
Drug_Products_Directory_Yemen.pdf,586,7,"Arabic source text extracted from PDF requires visual/source review; value was preserved without correction","ي ُشطبد ج ُغ ٍخ"
Drug_Products_Directory_Yemen.pdf,587,1,"Arabic source text extracted from PDF requires visual/source review; value was preserved without correction","انتهبثبد انؼظبو"
Drug_Products_Directory_Yemen.pdf,587,2,"Arabic source text extracted from PDF requires visual/source review; value was preserved without correction","انجهطبد"
Drug_Products_Directory_Yemen.pdf,587,4,"Arabic source text extracted from PDF requires visual/source review; value was preserved without correction","انهضى"
Drug_Products_Directory_Yemen.pdf,587,7,"Arabic source text extracted from PDF requires visual/source review; value was preserved without correction","General انتخذ ٌش انؼبو"
Drug_Products_Directory_Yemen.pdf,588,1,"Arabic source text extracted from PDF requires visual/source review; value was preserved without correction","األيغبن"
Drug_Products_Directory_Yemen.pdf,588,2,"Arabic source text extracted from PDF requires visual/source review; value was preserved without correction","َضالد انجشد"
Drug_Products_Directory_Yemen.pdf,588,3,"Arabic source text extracted from PDF requires visual/source review; value was preserved without correction","Local انتخذ ٌش ً ان ًىضؼ"
Drug_Products_Directory_Yemen.pdf,588,4,"Arabic source text extracted from PDF requires visual/source review; value was preserved without correction","Infections ًٍكشوثبد انالهىائ ٍخ ان"
Drug_Products_Directory_Yemen.pdf,588,6,"Arabic source text extracted from PDF requires visual/source review; value was preserved without correction","استفبع ضغظ انذو"