id,internal_code,name_en,name_ar,generic_name,strength,dosage_form,base_unit,selling_unit,pack_size,manufacturer_name,country_of_origin,therapeutic_category,source_page,source_row
4adb3fe0-a35d-4cc9-8100-601a0936ab42,MED-10001,"1,2,3","1,2,3 (َضالد انجشد)","Pseudoephedrine+ Triprolidin +Paracetamol","",syrup,مل,قارورة,120,"HIKMA","Jordan","Respiratory drugs Common Cold",3,1
db84be5c-f955-4fab-8918-d91c73e73375,MED-10002,"123","123 (َضالد انجشد)","Pseudoephedrine+ Triprolidin +Paracetamol","",tablet,حبة,شريط,20,"Hikma","Jordan","Respiratory drugs Common Cold",3,2
2b2aa9ca-01cf-44eb-82e3-3a925d1fd588,MED-10003,"3 v","3 v (Deficiency َمص ف ٍتبي ٍُبد)","vit B 1 100 mg + B 6 200 mg + B 12 200 Mg","100 mg",tablet,حبة,شريط,20,"Julphar","UAE","Vitamines and Menirals Vitamins",3,3
e2df47f6-2c53-46fe-8358-475a5db05028,MED-10004,"A TRICAN 250","A TRICAN 250","Tenonitrozole","",capsule,كبسولة,شريط,1,"Unknown","Unknown","Antiprtozoal Vaginal ان ًهجم",3,4
765cbbc2-3476-4b95-8797-73819822096d,MED-10005,"A-B-worm","A-B-worm (ٌ انشبئؼخ انذ ٌذا)","Albendazole","",tablet,حبة,شريط,1,"NIDA","Thailand","Anthelmentic Common Worms",3,5
c6ef9241-90ee-40de-8440-205c8853899e,MED-10006,"ACCU-CHEK","ACCU-CHEK (اجهضح تشخ ٍص ٍخ)","Bood Glucose Tester","",other,وحدة,علبة,10,"ROCHE","Germany","Test equipmens Test equipmens",3,6
d2280c76-ee01-49ad-8d95-8022d81768c4,MED-10007,"Acephyllin","Acephyllin (Asthma انشثى ً انشؼج)","Aminophylline","",syrup,مل,قارورة,100,"AMRIYA PHARMA","Egypt","Respiratory drugs Bronchial",3,7
22d78fdf-e70d-4f06-8871-18d7c195f352,MED-10008,"ACEPIME","ACEPIME (Infections األصبثبد انجكت ٍش ٌخ)","Cefepime Hydrochloride","",injection,أمبولة,باكت,1,"OUBARY PHARMA","Syria","Antibacterial Bacterial",4,1
2d457347-0234-4cf9-8863-ee38cdb1d95f,MED-10009,"Acetagel-C","Acetagel-C (Analgesic يهذئبد األوجبع وانح ًى)","Acetaminophen 300 mg + Codeine 20 mg","300 mg",capsule,كبسولة,شريط,50,"Unknown","Unknown","Non-Steroidal Anti- Antipyretic -",4,2
97367da9-247c-4ba6-88ba-9fcb79788b0a,MED-10010,"Acetylcistein","Acetylcistein (Disorders اضطشاثبد انجهبص ً انت ُفغ)","Acetylcysteine 200 mg","200 mg",other,وحدة,علبة,10,"SEDICO","Egypt","Respiratory drugs Respiratory",4,3
12a1db3d-5f37-4e6f-8128-36fb083729ee,MED-10011,"Aciclovir 200 mg","Aciclovir 200 mg (األصبثبد انف ٍشوع ٍخ)","Acyclovir 200 mg","200 mg",tablet,حبة,شريط,25,"ACTAVIS","Unknown","Antivirals Viral Infections",4,4
18b96f71-e602-4044-84ad-8e113242df99,MED-10012,"ACICONE-S","ACICONE-S (انهضى)","Magaladrate 780 mg + Simethicone 25 mg","780 mg",tablet,حبة,شريط,20,"Unknown","Unknown","Gastro Intestinal drugs Indigestion عىء",4,5
fdc6c691-b74a-4b4c-8c49-c0fec8eeda9f,MED-10013,"Acicone-S","Acicone-S (انهضى)","Magaldrate + Semithicone","",suspension,مل,قارورة,120,"Unknown","Unknown","Gastro Intestinal drugs Indigestion عىء",4,6
cd50fd8d-e76a-4abf-8782-c13d81fd189f,MED-10014,"Acicone-S","Acicone-S (انهضى)","Magaldrate + Semithicone","",tablet,حبة,شريط,20,"MUP","Egypt","Gastro Intestinal drugs Indigestion عىء",4,7
db9a1cde-6a2f-4585-8ba9-1c5811d1756b,MED-10015,"ACICONE-S","ACICONE-S (انهضى)","Magaldrate + Semithicone","",tablet,حبة,شريط,1,"Unknown","Unknown","Gastro Intestinal drugs Indigestion عىء",5,1
5d8e4cf7-0f05-4eb3-8f94-07bd8c1d0caa,MED-10016,"Acicone - s 120","Acicone - s 120 (انهضى)","magaladrate 540 mg + Simethicone 40 mg","540 mg",suspension,مل,قارورة,120,"MUP","Egypt","Gastro Intestinal drugs Indigestion عىء",5,2
359c1501-e94a-4110-8831-5a98141f625d,MED-10017,"Aciderm","Aciderm","Combination","",syrup,مل,قارورة,250,"Unknown","Unknown","Antiseptic and Desinfectants Antiseptic يطهشاد",5,3
f992d862-5557-4ee0-8201-da3860abf2a9,MED-10018,"Aciran","Aciran (ان ًؼذح)","Ranitidine 50 mg / 2 ml","50 mg / 2 ml",injection,أمبولة,باكت,10,"Pievico","Unknown","Gastro Intestinal drugs Peptic ulcer لشحخ",5,4
589bb3c6-d8eb-4ea4-8f02-43696495d57b,MED-10019,"Acne- Tec","Acne- Tec","Combination","",cream,أنبوب,علبة,50,"AMC","Jordan","Skin Disorders Acne حت انشجبة",5,5
83fd8ca5-cb84-4862-8f28-68dcb8bcf439,MED-10020,"Acne Zinc Lotion","Acne Zinc Lotion","Calamine","",other,وحدة,علبة,20,"PHARCO","Egypt","Skin Disorders Acne حت انشجبة",5,6
25580445-5b19-42f0-8b65-c308cf4721a9,MED-10021,"Acnetrix","Acnetrix","unkown","",ointment,أنبوب,علبة,30,"HZM","Syria","Skin Disorders Acne حت انشجبة",5,7
f027aa11-4c26-44bc-88d6-823b93c29050,MED-10022,"AcneVit","AcneVit","Vitamin C Substances","",other,وحدة,علبة,1,"Serum","Unknown","Vitamines and Menirals Acne حت انشجبة",6,1
3f18d0c6-36b2-4ba8-8151-2c3f26ab5a11,MED-10023,"Acnovin","Acnovin","Kumkumadi Tailam","",cream,أنبوب,علبة,25,"Unknown","Unknown","Skin Disorders Acne حت انشجبة",6,2
b4332dd3-d20b-4280-8898-f13082ba7874,MED-10024,"Acretin 0.05%","Acretin 0.05%","Tretinoin","0.05%",cream,أنبوب,علبة,30,"Jamjoum Pharma","","Skin Disorders Acne حت انشجبة Saudi Arabia",6,3
58f7a1f2-34d6-47bb-8ce8-c96ae2fd5c6d,MED-10025,"Actazone Asia 30","Actazone Asia 30 (أيشاض انغكشي)","Pioglitazone Hydrochloride 30 mg","30 mg",tablet,حبة,شريط,20,"ASIA","Syria","Antidiabetics Diabetes Mellitus",6,4
05354019-6ede-4ba8-86c6-d0897f69e59f,MED-10026,"Actifed","Actifed (َضالد انجشد)","Triprolidine HCL 1.25 mg + Pseudoephedrine 30 mg + Guaifenesine 100 mg","1.25 mg",syrup,مل,قارورة,100,"gsk glaxosmithkline","UK","Respiratory drugs Common Cold",6,5
627e5282-ce45-4aac-822a-c83d3c2b2fe5,MED-10027,"Actifed","Actifed (َضالد انجشد)","Pseudoephedrine+ Triprolidine +Guaifenesin","",tablet,حبة,شريط,24,"gsk glaxosmithkline","UK","Respiratory drugs Common Cold",6,6
3e411ea6-8257-49ab-82e4-2975a8cb1e72,MED-10028,"Actonorm","Actonorm (انهضى)","Al(OH)+Mg(OH) +Simethicone","",ointment,أنبوب,علبة,200,"Unknown","Unknown","Gastro Intestinal drugs Indigestion عىء",6,7
61b0afeb-ab4d-40ca-8335-68df628270d3,MED-10029,"ACTOS","ACTOS (أيشاض انغكشي)","Pioglitazone HCL 30 mg","30 mg",tablet,حبة,شريط,30,"A.P.M","Jordan","Antidiabetics Diabetes Mellitus",7,1
f3fc761e-9675-4ee4-811d-37e838c600c5,MED-10030,"Actrapid HM","Actrapid HM (أيشاض انغكشي)","insulin human","",injection,أمبولة,باكت,10,"Novo Nordisk","Denmark","Antidiabetics Diabetes Mellitus",7,2
93ba3e4a-b9b6-41b6-81c5-e95292c6e9d0,MED-10031,"Actrapid HM pinfill","Actrapid HM pinfill (أيشاض انغكشي)","Soluble human insulin 100 iu / ml","100 iu",injection,أمبولة,باكت,3,"Novo Nordisk","Denmark","Antidiabetics Diabetes Mellitus",7,3
006ecd2d-9d56-45e6-8b17-6619aed48379,MED-10032,"Acugesic","Acugesic (األوجبع)","Tramadol Hydrochloride 50 mg","50 mg",capsule,كبسولة,شريط,1,"Unknown","Unknown","Opioid analgesics Analgesic يهذئبد",7,4
efa3e6cc-0b28-4184-83f2-ea2998e1a8c5,MED-10033,"Acyclovir","Acyclovir (األصبثبد انف ٍشوع ٍخ)","Acyclovir 5 % w / w","5 %",cream,أنبوب,علبة,15,"Global Pharma","Yemen","Antivirals Viral Infections",7,5
19cd5bd6-1a3f-4b71-8fc9-ed67f0d26c59,MED-10034,"Acyclovir 800 mg","Acyclovir 800 mg (األصبثبد انف ٍشوع ٍخ)","Acyclovir 800 mg","800 mg",tablet,حبة,شريط,100,"Unknown","Unknown","Antivirals Viral Infections",7,6
51dc4ba5-d439-47c9-86b1-e0eae1a96326,MED-10035,"Adalat LA 30","Adalat LA 30 (استفبع ضغظ انذو)","Nifedipine 30 mg Cardio Vascular","30 mg",tablet,حبة,شريط,30,"BAYER","Germany","System drugs Hypertension",7,7
7b0d7e47-88c8-498f-8d7e-cb63014c601d,MED-10036,"Adapalene","Adapalene","Adapalene 0.1%","0.1%",ointment,أنبوب,علبة,30,"Unknown","Unknown","Skin Disorders Acne حت انشجبة",8,1
0c1a5249-4282-4a6c-8f65-a703860ab551,MED-10037,"Adenosin Forte","Adenosin Forte (ا َتظبو ضشثبد انمهت)","Adenosine Cardio Vascular Triphosphate 10 mg + cocaboxylase 50 mg + Vit . B 12 . 500","10 mg",injection,أمبولة,باكت,3,"NILE CO.","Egypt","System drugs Arrhythmia ػذو",8,2
88cc6414-82a4-4e7c-803b-f1fe2a140930,MED-10038,"Adenosine","Adenosine (ا َتظبو ضشثبد انمهت)","Adenosine Cardio Vascular ( 12 mg / 4 ml = 6 mg / 2 ml = 3 mg / ml )","12 mg / 4 ml",injection,أمبولة,باكت,4,"Unknown","Unknown","System drugs Arrhythmia ػذو",8,3
a756c8b1-17a9-4d77-8223-c4f233a882a5,MED-10039,"Adol","Adol (Analgesic يهذئبد األوجبع وانح ًى)","Paracetamol syrup 120 mg / 5 ml","120 mg / 5 ml",syrup,مل,قارورة,60,"Julphar","UAE","Nonsteroidal Anti- Antipyretic -",8,4
e7de3822-aae6-4227-8257-aab0f67eb7d6,MED-10040,"Adol Compound","Adol Compound (َضالد انجشد)","Salicylamide + paracetamol + caffeine + codeine phosphate","",tablet,حبة,شريط,1,"Julphar","UAE","Respiratory drugs Common Cold",8,5
6fef1576-c36d-469c-823f-f6a825a6ff25,MED-10041,"Adol Drops","Adol Drops (Analgesic يهذئبد األوجبع وانح ًى)","Paracetamol drops 100 mg / ml .","100 mg",drops,مل,قطارة,15,"Julphar","UAE","Nonsteroidal Anti- Antipyretic -",8,6
a4366fd5-f10e-4d75-870e-cd0d92bf3f6e,MED-10042,"ADOL EXTRA","ADOL EXTRA (Analgesic يهذئبد األوجبع وانح ًى)","Paracetamol 500 mg + Caffeine 65 mg","500 mg",capsule,كبسولة,شريط,1,"Julphar","UAE","Nonsteroidal Anti- Antipyretic -",8,7
e2996591-2831-46bb-8e1b-3f6db3d15edc,MED-10043,"Adol Supp 125","Adol Supp 125 (Analgesic يهذئبد األوجبع وانح ًى)","Paracetamol supp , 125 mg .","125 mg",other,وحدة,علبة,10,"Julphar","UAE","Nonsteroidal Anti- Antipyretic -",9,1
251f65d1-af6f-4836-8cc3-dde404bda900,MED-10044,"Adol Supp 250","Adol Supp 250 (Analgesic يهذئبد األوجبع وانح ًى)","Paracetamol supp , 250 mg .","250 mg",other,وحدة,علبة,10,"Julphar","UAE","Nonsteroidal Anti- Antipyretic -",9,2
0e2cf623-0e7d-4b9f-8a03-8bd7ef226cb6,MED-10045,"ADRENALINE","ADRENALINE (Shock انصذيخ األغ ًبئ ٍخ)","Adrenaline 1 mg / Cardio Vascular 1 ml","1 mg",injection,أمبولة,باكت,10,"ROTEXMEDI CA","Germany","System drugs Anaphylactic",9,3
d73e7802-c45f-4867-8d5e-04f38d54f6df,MED-10046,"Advil - 200","Advil - 200 (األوجبع)","Ibuprofen tablet 200 mg .","200 mg",tablet,حبة,شريط,50,"Pfizer","USA","Nonsteroidal Anti- Analgesic يهذئبد",9,4
582804db-a3f3-40f3-8eab-128bb3444f9c,MED-10047,"Adwiflam","Adwiflam (األوجبع)","Diclofenac Potassium ampuole 75 mg / 3 ml .","75 mg / 3 ml",injection,أمبولة,باكت,3,"Adwia","Egypt","Non-Steroidal Anti- Analgesic يهذئبد",9,5
7bb57b2d-9c25-4151-8a56-ad4c96c2bff0,MED-10048,"Adwiflam 50 ER","Adwiflam 50 ER (األوجبع)","Diclofenac Potassium","",capsule,كبسولة,شريط,10,"ADWIA","Egypt","Non-Steroidal Anti- Analgesic يهذئبد",9,6
0015f9dc-e30f-467c-8682-dd095ab76a3e,MED-10049,"Adwiflam Supp","Adwiflam Supp (األوجبع)","Diclofenac potassium 75 mg","75 mg",other,وحدة,علبة,5,"ADWIA","Egypt","Non-Steroidal Anti- Analgesic يهذئبد",9,7
d9c9ff34-d450-4848-8945-b12870dbad7f,MED-10050,"AERIUS","AERIUS","Desloratadine","",syrup,مل,قارورة,150,"Schering- Plough","Belgium","Antihistamines Allergy انحغبع ٍخ",10,1
5c724f6c-8eff-4006-8582-e6b04b2a8a6e,MED-10051,"Aerocort","Aerocort (Asthma انشثى ً انشؼج)","Beclomethasone+ Salbutamol","",spray,بخة,علبة,200,"CIPLA","India","Respiratory drugs Bronchial",10,2
e6d19843-46d2-4608-8606-d85523643519,MED-10052,"AFATAC - 150","AFATAC - 150 (ان ًؼذح)","Ranitidine 150 mg","150 mg",tablet,حبة,شريط,100,"RFA","Yemen","Gastro Intestinal drugs Peptic ulcer لشحخ",10,3
4c4557cb-c3fa-460c-8fdd-c4ea5215bba2,MED-10053,"Afeel","Afeel (َضالد انجشد)","Chlorphenamine Maleate","",tablet,حبة,شريط,20,"BIOPHARM","Yemen","Antihistamines Common Cold",10,4
be8c97d2-aa87-4cbb-85ef-b45ef06c4ed1,MED-10054,"Afeel","Afeel (َضالد انجشد)","Chlorphenamine Maleate","",injection,أمبولة,باكت,50,"BIOPHARM","Yemen","Antihistamines Common Cold",10,5
211c3d86-fb96-43a6-81fb-ed4210b64a16,MED-10055,"Afeel","Afeel (َضالد انجشد)","Chlorphenamine Maleate 10 mg / 1 ml","10 mg / 1 ml",injection,أمبولة,باكت,3,"BIOPHARM","Yemen","Antihistamines Common Cold",10,6
c6048866-a927-439b-8252-436972b61330,MED-10056,"Afeel","Afeel (َضالد انجشد)","Chlorphenamine Maleate","",syrup,مل,قارورة,100,"BIOPHARM","Yemen","Antihistamines Common Cold",10,7
c10c2676-c1ae-4515-8b7a-c5e0c94989e0,MED-10057,"A-ferin","A-ferin (َضالد انجشد)","Pseudoephedrine +Paracetamol +Codiene","",capsule,كبسولة,شريط,30,"Bilim","Turkey","Respiratory drugs Common Cold",11,1
a53a64f5-11bb-4d22-845a-b24258009579,MED-10058,"A-ferin hot","A-ferin hot (َضالد انجشد)","Pseudoephedrine 50 mg + Paracetamol 500 mg","50 mg",other,وحدة,علبة,10,"Bilim","Turkey","Respiratory drugs Common Cold",11,2
6c06aac2-5891-4e1b-8aea-2a85bfe6cd19,MED-10059,"A-ferin plus","A-ferin plus (َضالد انجشد)","Pseudoephedrine +Paracetamol+Chl oraphiniramine","",syrup,مل,قارورة,1,"Bilim","Turkey","Respiratory drugs Common Cold",11,3
a4e24f01-fdd2-4298-850a-ed429b3890f4,MED-10060,"AKAMON - 3 mg","AKAMON - 3 mg (Insumnea األسق وانمهك)","Bromazepam Central Nervous tablets 3 mg","3 mg",tablet,حبة,شريط,30,"Medochemie","Unknown","system drugs Anxiety ,",11,4
3999a1da-2dad-4569-8b1c-6a14d65cd7df,MED-10061,"Akisol - 2","Akisol - 2 (disease يشض انشػبػ)","Benzhexol ( Trihex Central Nervous yphenidyl ) tablet 2 mg","2 mg",tablet,حبة,شريط,100,"RAM PHARMA","Jordan","system drugs Parkinson ' s",11,5
2f78ba5e-a053-42e2-8dda-21abc5f7eed8,MED-10062,"Akisol - 5","Akisol - 5 (disease يشض انشػبػ)","Benzhexol ( Trihex Central Nervous yphenidyl ) tablet 2 mg","2 mg",tablet,حبة,شريط,100,"RAM PHARMA","Jordan","system drugs Parkinson ' s",11,6
18159250-cad2-4072-8db8-d3a7f55ad679,MED-10063,"Albenda 400 mg","Albenda 400 mg (ٌ انشبئؼخ انذ ٌذا)","Albendazole","400 mg",suspension,مل,قارورة,20,"Julphar","UAE","Anthelmentic Common Worms",11,7
9877f17b-1b52-4a79-8fd7-679def3a30ab,MED-10064,"ALBEX","ALBEX (ٌ انشبئؼخ انذ ٌذا)","Albendazole 200 mg / tablet","200 mg",tablet,حبة,شريط,2,"Shiba pharma","Yemen","Anthelmentic Common Worms",12,1
e0689079-205c-4750-8729-05af725727b7,MED-10065,"ALBEX","ALBEX (ٌ انشبئؼخ انذ ٌذا)","Albendazole 100 mg / 5 ml","100 mg / 5 ml",suspension,مل,قارورة,20,"Shiba pharma","Yemen","Anthelmentic Common Worms",12,2
6a4d0011-73f4-4f00-8e10-0618c1f4934e,MED-10066,"ALBEX","ALBEX (ٌ انشبئؼخ انذ ٌذا)","Albendazole 400 / tablet","",tablet,حبة,شريط,1,"Shiba pharma","Yemen","Anthelmentic Common Worms",12,3
873ca339-3ea3-4cc6-839b-dab8bce313d0,MED-10067,"Albothyl","Albothyl","Miconazole Nitrate","",other,وحدة,علبة,1,"Unknown","Unknown","Antifungals Vaginal ان ًهجم",12,4
bf093480-0e5d-44af-8f4c-4a9f227ba9d2,MED-10068,"Alcipro 2","Alcipro 2 (Infections األصبثبد انجكت ٍش ٌخ)","Ciprofloxacin 250 mg","250 mg",tablet,حبة,شريط,20,"RFA","Yemen","Antibacterial Bacterial",12,5
9f231375-b68a-4070-8ac8-c3417c21ff11,MED-10069,"Alcipro 500","Alcipro 500 (Infections األصبثبد انجكت ٍش ٌخ)","Ciprofloxacin 500 mg","500 mg",tablet,حبة,شريط,10,"RFA","Yemen","Antibacterial Bacterial",12,6
62794bf1-a996-4839-83bd-ae1da391e8b4,MED-10070,"Alcipro 750","Alcipro 750 (Infections األصبثبد انجكت ٍش ٌخ)","Ciprofloxacin 750 mg","750 mg",tablet,حبة,شريط,10,"RFA","Yemen","Antibacterial Bacterial",12,7
204e6afa-8f9d-4ee6-8074-e32942cfd502,MED-10071,"ALDEZOL","ALDEZOL (Gardiasis جبسد ٌب واي ٍج ٍب)","Metronidazole 200 mg","200 mg",suspension,مل,قارورة,1,"RFA","Yemen","Antiprtozoal Amoebiasis ,",13,1
b8734824-c042-460f-8a5b-d6770f573079,MED-10072,"ALDEZOL 250","ALDEZOL 250 (Gardiasis جبسد ٌب واي ٍج ٍب)","Metronidazole 250 MG","250 MG",tablet,حبة,شريط,20,"RFA","Yemen","Antiprtozoal Amoebiasis ,",13,2
7672cd4c-044d-434d-8ce5-580bfca699c6,MED-10073,"ALDEZOL 500","ALDEZOL 500 (Gardiasis جبسد ٌب واي ٍج ٍب)","Metronidazole 500 MG","500 MG",tablet,حبة,شريط,20,"RFA","Yemen","Antiprtozoal Amoebiasis ,",13,3
8565cd6e-2120-4c27-8bf4-88a9fa572082,MED-10074,"ALDEZOL Plus","ALDEZOL Plus (Gardiasis جبسد ٌب واي ٍج ٍب)","Metronidazole 200 mg + diloxnide 250 mg","200 mg",tablet,حبة,شريط,20,"RFA","Yemen","Antiprtozoal Amoebiasis ,",13,4
5701778e-6998-4460-87c9-48d81147b598,MED-10075,"ALDEZOL Plus","ALDEZOL Plus (Gardiasis جبسد ٌب واي ٍج ٍب)","Metronidazole 200 mg + Diloxanide 125 mg","200 mg",suspension,مل,قارورة,1,"RFA","Yemen","Antiprtozoal Amoebiasis ,",13,5
e27e5d97-b767-40b5-85aa-83c386a3642c,MED-10076,"Aldomet","Aldomet (استفبع ضغظ انذو)","Methyldopa 250 Cardio Vascular mg","",tablet,حبة,شريط,30,"Unknown","Unknown","System drugs Hypertension",13,6
c261cf5a-5a34-4d34-82a0-5267fed9dbfb,MED-10077,"Aldomythyl","Aldomythyl (استفبع ضغظ انذو)","Aldomythyl Cardio Vascular","",tablet,حبة,شريط,30,"Unknown","Unknown","System drugs Hypertension",13,7
387e89ed-b3f7-4ccb-80f8-9479613985fe,MED-10078,"Alendrotab 70 mg","Alendrotab 70 mg (انتهبثبد انؼظبو)","Sodium Alendronate 70 mg","70 mg",tablet,حبة,شريط,4,"Shiba pharma","Yemen","Osteoarthritis drugs Osteoarthritis",14,1
49fd0be9-9b4d-4811-86f2-5bfb0fb052bf,MED-10079,"Alerid","Alerid","Cetirizine Hydrochloride","",tablet,حبة,شريط,10,"CIPLA","India","Antihistamines Allergy انحغبع ٍخ",14,2
d1478b42-8ad3-4b65-8665-148c46db8195,MED-10080,"Alerid","Alerid","Cetirizine Hydrochloride","",syrup,مل,قارورة,60,"CIPLA","India","Antihistamines Allergy انحغبع ٍخ",14,3
13b58315-3190-4890-8cc4-79c4bbfb0c01,MED-10081,"Alerid -D","Alerid -D (َضالد انجشد)","Cetrizine + Pseudoephedrine","",tablet,حبة,شريط,10,"CIPLA","India","Respiratory drugs Common Cold",14,4
931be1f6-ad95-4301-847f-012e2298150d,MED-10082,"Alertadin","Alertadin","Loratadine","",tablet,حبة,شريط,10,"Y.E.PHARMA","Yemen","Antihistamines Allergy انحغبع ٍخ",14,5
25671bff-77af-483e-8124-e49e1ee4d4d1,MED-10083,"Alertadin","Alertadin","Loratadine","",syrup,مل,قارورة,60,"Y.E.PHARMA","Yemen","Antihistamines Allergy انحغبع ٍخ",14,6
ea426522-d814-4ba3-86c4-dd4790f123f7,MED-10084,"ALEZET","ALEZET","Cetirizine Hydrochloride 10 mg","10 mg",tablet,حبة,شريط,20,"RFA","Yemen","Antihistamines Allergy انحغبع ٍخ",14,7
3252673d-6134-4fbf-8295-3bacbd383fa0,MED-10085,"ALEZET","ALEZET","Cetirizine Hydrochloride 5 mg / 5 ml","5 mg / 5 ml",syrup,مل,قارورة,60,"RFA","Yemen","Antihistamines Allergy انحغبع ٍخ",15,1
87b1dc7f-1c3c-49ab-8432-32d275bea139,MED-10086,"Alfacalcidol 0.25 mcg","Alfacalcidol 0.25 mcg","Alpha calciferol 0.25 mcg / cap","0.25 mcg",capsule,كبسولة,شريط,30,"Shiba pharma","Yemen","Vitamines and Menirals Ricketsia انكغبح",15,2
2a5dceff-a188-45b6-851f-04d2f7cae9ec,MED-10087,"Alfacip 0.25 mcg","Alfacip 0.25 mcg","Alpha calciferol","0.25 mcg",capsule,كبسولة,شريط,10,"CIPLA","India","Vitamines and Menirals Ricketsia انكغبح",15,3
1f0910ee-6bd5-4ce1-8beb-b8d0c809d952,MED-10088,"Alfacip 1 mcg","Alfacip 1 mcg","Alpha calciferol","1 mcg",capsule,كبسولة,شريط,10,"CIPLA","India","Vitamines and Menirals Ricketsia انكغبح",15,4
5d74f6ee-7f95-4feb-844c-bef5eaead41a,MED-10089,"Alfacort","Alfacort (األنتهبثبد انجذنذ ٌخ)","Hydrocortisone 1%","1%",ointment,أنبوب,علبة,15,"Julphar","UAE","Corticosteroid Dermatitis",15,5
e7d419b4-8c73-482e-8510-efa70bab37bd,MED-10090,"Alfenta","Alfenta (General انتخذ ٌش انؼبو)","Alfentanil Central Nervous Hydrochloride","",other,وحدة,علبة,1,"Unknown","Unknown","system drugs Anaesthetics",15,6
551c4af6-43a7-4d62-8dfa-6db274a35f36,MED-10091,"Algason Cream","Algason Cream (األوجبع)","Diethylamine Salicylate + Menthol","",cream,أنبوب,علبة,40,"PHARCO","Egypt","Non-Steroidal Anti- Analgesic يهذئبد",15,7
3e216bca-bf98-498b-8de8-69f019086bd7,MED-10092,"ALIROSA","ALIROSA","evening primrose Natural products oil and garlic","",capsule,كبسولة,شريط,30,"MEPACO","Egypt","Oil",16,1
b51f1097-5825-42ee-87e0-e4a164eb4f2d,MED-10093,"Alkafen","Alkafen (Analgesic يهذئبد األوجبع وانح ًى)","Paracetamol 250 mg + psedoephe drine 30 mg + dextrometh orphan 10 + doxylamin","250 mg",capsule,كبسولة,شريط,10,"Korea United Pharma","Korea","Nonsteroidal Anti- Antipyretic -",16,2
3f26842b-5113-4fb6-8daa-1f6a8f065f2f,MED-10094,"Alka-Misr","Alka-Misr (( E . N . T ) األ َف ٌ وانح ُجشح واألر)","Sodium chloride +Sodium bicarbonate","",other,وحدة,علبة,10,"MISR","Egypt","Respiratory drugs Ear Nose Throat",16,3
e4a7522a-ee99-4215-872f-46f2d7aaabfc,MED-10095,"Alkapress","Alkapress (استفبع ضغظ انذو)","Amlodipine 5 mg Cardio Vascular","5 mg",tablet,حبة,شريط,30,"Alhikma","Unknown","System drugs Hypertension",16,4
46ccd331-e04e-443f-838f-a8fe9befd7fc,MED-10096,"Alkasid","Alkasid (انهضى)","Al ( OH ) + Mg ( OH ) 300 mg + Simethicone 30 mg","300 mg",suspension,مل,قارورة,200,"Julphar","UAE","Gastro Intestinal drugs Indigestion عىء",16,5
628ddeef-4f31-4174-8025-40f32cfef017,MED-10097,"Allercet","Allercet","Cetirizine Hydrochloride","",tablet,حبة,شريط,10,"MICRO","India","Antihistamines Allergy انحغبع ٍخ",16,6
6328f56a-66cc-49c4-8ae2-eebdd0fd1a8e,MED-10098,"ALLEX","ALLEX","Unknown","",tablet,حبة,شريط,10,"B.M Pharma","Unknown","Antihistamines Allergy انحغبع ٍخ",16,7
6ba6edb5-20a0-451b-8344-37a27358b60c,MED-10099,"Allopurinol 100 mg","Allopurinol 100 mg","Allopurinol 100 mg","100 mg",tablet,حبة,شريط,28,"WOCKHADT","UK","Hyperuricaemia Gout ان ُمشط",17,1
7d593cb1-60be-4082-8f73-969a61982145,MED-10100,"ALLOSPASMIN","ALLOSPASMIN (Spasm ٍ آالو انجط)","Combination","",tablet,حبة,شريط,10,"Unknown","Unknown","Gastro Intestinal drugs Abdominal",17,2
d4b4ae23-90cc-4c34-848a-7934924dc267,MED-10101,"All-Vent","All-Vent (Disorders اضطشاثبد انجهبص ً انت ُفغ)","Terbutaline+Brom hexine+Guaifenesi ne","",syrup,مل,قارورة,125,"BORG","Egypt","Respiratory drugs Respiratory",17,3
86d1ccde-1b14-4b0a-8e1b-ef73a94c6bf4,MED-10102,"ALLVIl","ALLVIl (َضالد انجشد)","Chlorphenamine Maleate 20 mg","20 mg",injection,أمبولة,باكت,50,"HUAYANG","China","Antihistamines Common Cold",17,4
4ca0d6aa-5d64-4a32-85ed-173e1e6ccf8d,MED-10103,"Almaprazol S.R","Almaprazol S.R (ان ًؼذح)","Esomeprazole 20 mg","20 mg",capsule,كبسولة,شريط,14,"ALMA HOMS -","Syria","Gastro Intestinal drugs Peptic ulcer لشحخ",17,5
c5c4f71d-e532-4260-8123-7b96ef340528,MED-10104,"ALMIRAL","ALMIRAL (األوجبع)","Diclofenac Sodium","",injection,أمبولة,باكت,10,"Unknown","Unknown","Non-Steroidal Anti- Analgesic يهذئبد",17,6
e92e968e-cb12-4ff2-8791-c5802b9513fc,MED-10105,"Almivudine HBV","Almivudine HBV (Disorders اضطشاثبد انكجذ)","Lamivudine 100 mg","100 mg",tablet,حبة,شريط,10,"Alpha","Syria","Antivirals Hepatic",17,7
272a499e-07d2-48a4-8efe-6b1bde5ed3a8,MED-10106,"AloeDent","AloeDent (انغغىالد انف ًى ٌخ)","Aloe Vera","",other,وحدة,علبة,1,"Unknown","Unknown","Skin Disorders Mouth Wash",18,1
db41ff14-d2b6-4ecc-8bfb-b9442c600397,MED-10107,"Alopron - 100 mg","Alopron - 100 mg","allopurinol - 100 mg","100 mg",tablet,حبة,شريط,1,"REMEDICA","Unknown","Hyperuricaemia Gout ان ُمشط",18,2
d60fde0b-96c9-4f71-8a32-d2710931f14f,MED-10108,"ALPANAX","ALPANAX (Insumnea األسق وانمهك)","Alprazolam tablet Central Nervous 0.25 mg","0.25 mg",tablet,حبة,شريط,20,"BALSAM","Syria","system drugs Anxiety ,",18,3
14bbaaa7-048e-4c30-8cc2-2ce3390c110f,MED-10109,"ALPHAFEN","ALPHAFEN (األوجبع)","Ibuprofen","",tablet,حبة,شريط,10,"Unknown","Unknown","Non-Steroidal Anti- Analgesic يهذئبد",18,4
0d1b8890-34ec-460a-87ee-68a682d779ae,MED-10110,"Alphafen","Alphafen (األوجبع)","Ibuprofen 600 mg","600 mg",tablet,حبة,شريط,20,"Alphamoun","Egypt","Non-Steroidal Anti- Analgesic يهذئبد",18,5
21188602-dc74-44ee-86b4-dc8db2e95e16,MED-10111,"Alphanova","Alphanova","Brimonidine Tartrate 0.15%","0.15%",suspension,مل,قارورة,10,"Orchidia Pharma","Egypt","Ophthalmic drugs Eye ٍٍ انؼ",18,6
241a45d2-0518-4ffa-8054-3b25a1d08083,MED-10112,"Alphanova plus","Alphanova plus","Brimonidine Tartrate 0.2% + Timolol 0.5%","0.2%",suspension,مل,قارورة,10,"Orchidia Pharma","Egypt","Ophthalmic drugs Eye ٍٍ انؼ",18,7
9dc82cc1-f3a9-4f91-8483-cb9067d01c8b,MED-10113,"ALPHATRIM FORTE","ALPHATRIM FORTE (Infections األصبثبد انجكت ٍش ٌخ)","Trimethoprim/Sulf amethoxazole (Co-trimoxazole)","",tablet,حبة,شريط,2,"Alpha","Syria","Antibacterial Bacterial",19,1
8cf491eb-c2a8-4242-8fd3-d93642fd1b31,MED-10114,"Alpranax 0.25","Alpranax 0.25 (Insumnea األسق وانمهك)","Alprazolam tablet Central Nervous 0.25 mg","0.25 mg",tablet,حبة,شريط,30,"Hayat pharma","Unknown","system drugs Anxiety ,",19,2
e32f81a3-4df8-4697-8d42-1579ab62e589,MED-10115,"Alpranax 0.5","Alpranax 0.5 (Insumnea األسق وانمهك)","Alprazolam tablet Central Nervous 0.5 mg","0.5 mg",tablet,حبة,شريط,30,"Hayat pharma","Unknown","system drugs Anxiety ,",19,3
d68c1c2c-9d90-42d8-8be7-3c4cf37e619e,MED-10116,"Alpraz","Alpraz (Insumnea األسق وانمهك)","Alprazolam tablet Central Nervous 0.5 mg","0.5 mg",tablet,حبة,شريط,28,"Sothema","Morocco","system drugs Anxiety ,",19,4
327b1d5b-4a90-42d7-8f8e-a7369e11f418,MED-10117,"Alprazolam","Alprazolam (Insumnea األسق وانمهك)","Alprazolam tablet Central Nervous 0.5 mg","0.5 mg",tablet,حبة,شريط,30,"YEDCO","Yemen","system drugs Anxiety ,",19,5
97727089-199d-4833-8f3b-3b409c8d70f4,MED-10118,"Alsin - 100","Alsin - 100 (انجهطبد)","Acetylsalicylic Cardio Vascular Acid tablet 100 mg .","100 mg",tablet,حبة,شريط,30,"CIPLA","India","System drugs Thrombosis",19,6
a9b5ec2b-57ad-4a7a-8326-3634108f377f,MED-10119,"ALTIAZEM","ALTIAZEM (استفبع ضغظ انذو)","Diltiazem HCl Cardio Vascular","",tablet,حبة,شريط,20,"EIPICO","Egypt","System drugs Hypertension",19,7
cec810cf-1393-4f74-8e98-ad3ea56240eb,MED-10120,"ALTIAZEM","ALTIAZEM (استفبع ضغظ انذو)","Diltiazem Cardio Vascular Hydrochloride 60 mg","60 mg",tablet,حبة,شريط,50,"MENARINI","Italy","System drugs Hypertension",20,1
c7157611-0fb9-4734-8466-c63eeafef136,MED-10121,"ALZENTAL","ALZENTAL (ٌ انشبئؼخ انذ ٌذا)","Albendazole","",suspension,مل,قارورة,20,"SHIN POONG","Korea","Anthelmentic Common Worms",20,2
094eacaa-6c35-4b1f-8642-9718b325bb48,MED-10122,"Amaryl 1 mg","Amaryl 1 mg (أيشاض انغكشي)","Glimepiride 1 mg","1 mg",tablet,حبة,شريط,30,"Sanofi Aventis","France","Antidiabetics Diabetes Mellitus",20,3
97fc2ac4-2731-4240-836a-be0a0b45d81f,MED-10123,"Amaryl 2 mg","Amaryl 2 mg (أيشاض انغكشي)","Glimepiride 2 mg","2 mg",tablet,حبة,شريط,30,"Sanofi Aventis","France","Antidiabetics Diabetes Mellitus",20,4
db987bf3-5f3b-4bf4-8d0c-3ce62cec42b8,MED-10124,"Amaryl 3 m","Amaryl 3 m (أيشاض انغكشي)","Glimepiride 3 mg","3 mg",tablet,حبة,شريط,30,"Sanofi Aventis","France","Antidiabetics Diabetes Mellitus",20,5
534cf977-5195-4a16-8757-37ca4e4e45dc,MED-10125,"Amaryl M SR","Amaryl M SR (أيشاض انغكشي)","Glimepiride 2 mg + Metformin 500 mg","2 mg",tablet,حبة,شريط,30,"Sanofi Aventis","France","Antidiabetics Diabetes Mellitus",20,6
c31bd740-605d-4517-866d-b2a97f8b666b,MED-10126,"Ambrox","Ambrox (Disorders اضطشاثبد انجهبص ً انت ُفغ)","Ambroxol 15 mg / 5 ml","15 mg / 5 ml",syrup,مل,قارورة,100,"Shiba pharma","Yemen","Respiratory drugs Respiratory",20,7
a84d0431-8307-4b4b-8d3b-1398bec7144d,MED-10127,"Ambrox","Ambrox (Disorders اضطشاثبد انجهبص ً انت ُفغ)","Ambroxol 30 mg / tab","30 mg",tablet,حبة,شريط,20,"Shiba pharma","Yemen","Respiratory drugs Respiratory",21,1
e1933544-e959-4611-8d23-49607498c647,MED-10128,"AMEBAZOLE","AMEBAZOLE (Gardiasis جبسد ٌب واي ٍج ٍب)","Secnidazole 1 gm / tab","1 g",tablet,حبة,شريط,2,"EGYPHAR","Egypt","Antiprtozoal Amoebiasis ,",21,2
ecae7b9e-4f9d-44b4-894f-cabc1b5eee9d,MED-10129,"Amika","Amika (Infections ًٍكشوث ٍخ األصبثبد ان انخط ٍشح)","Amikacin Sulfate","",injection,أمبولة,باكت,2,"Unknown","Unknown","Antibiotics Serious M .",21,3
70e8629a-9a29-4cc5-8c25-17e47d0b84f3,MED-10130,"Amikacin 250 mg","Amikacin 250 mg (Infections ًٍكشوث ٍخ األصبثبد ان انخط ٍشح)","Amikacin Sulfate","250 mg",injection,أمبولة,باكت,1,"ILDONG","Korea","Antibiotics Serious M .",21,4
91fa5d49-702f-4c2f-89e0-945ebb9fad0c,MED-10131,"Amikacin 500 mg","Amikacin 500 mg (Infections ًٍكشوث ٍخ األصبثبد ان انخط ٍشح)","Amikacin Sulfate","500 mg",injection,أمبولة,باكت,2,"ILDONG","Korea","Antibiotics Serious M .",21,5
c02dec21-c734-40d5-8da2-9dc466ad95ff,MED-10132,"Amikacin Normon 125 mg","Amikacin Normon 125 mg (Infections ًٍكشوث ٍخ األصبثبد ان انخط ٍشح)","Amikacin Sulfate 62.5 mg / ml","125 mg",injection,أمبولة,باكت,2,"Normon","Spain","Antibiotics Serious M .",21,6
f7d9aa5a-4b90-4f34-8282-241077455eee,MED-10133,"amikacin normon 500 mg","amikacin normon 500 mg (Infections ًٍكشوث ٍخ األصبثبد ان انخط ٍشح)","Amikacin Sulfate 250 mg / ml","500 mg",injection,أمبولة,باكت,2,"Normon","Spain","Antibiotics Serious M .",21,7
2eebfe51-91dc-44c0-870a-4a4c97173025,MED-10134,"Amino 1000","Amino 1000 (Deficiency َمص ف ٍتبي ٍُبد)","Amino Acids","",tablet,حبة,شريط,30,"Sentinel","","Vitamines and Menirals Vitamins",22,1
39fc2c5c-73bc-41a8-8747-8602dce4d5ab,MED-10135,"Aminophylline","Aminophylline (Asthma انشثى ً انشؼج)","Aminophylline 25 mg / ml","25 mg",injection,أمبولة,باكت,100,"Renaudin- france","France","Respiratory drugs Bronchial",22,2
abeb2cfd-95e8-4d73-87fb-47deef0db306,MED-10136,"Amiodarone","Amiodarone (ا َتظبو ضشثبد انمهت)","Amidarone 200 Cardio Vascular mg / tablet","",tablet,حبة,شريط,28,"Unknown","Unknown","System drugs Arrhythmia ػذو",22,3
1f2f08c4-e1f3-4af4-85c9-8610153ba216,MED-10137,"Amiram - 25","Amiram - 25 (األيشاض انؼمه ٍخ)","Amitriptyline Central Nervous tablet 25 mg","25 mg",tablet,حبة,شريط,30,"RAM PHARMA","Jordan","system drugs Mental Disorders",22,4
e1071544-680e-40ba-898c-20352a0ee20c,MED-10138,"Amlocard - 5","Amlocard - 5 (استفبع ضغظ انذو)","Amlodipine Cardio Vascular","",tablet,حبة,شريط,28,"RAM PHARMA","Jordan","System drugs Hypertension",22,5
35943ba6-f44b-4d79-8a83-65f1db7186d7,MED-10139,"Amlocare","Amlocare (استفبع ضغظ انذو)","Each tablet Cardio Vascular contains Amlodipine 5 mg","5 mg",tablet,حبة,شريط,14,"Pharmacare","Yemen","System drugs Hypertension",22,6
897c9f9c-7f38-4d19-86fb-de5d3e636f36,MED-10140,"AMLODAK 10","AMLODAK 10 (استفبع ضغظ انذو)","Amlodipine 10 mg Cardio Vascular","10 mg",tablet,حبة,شريط,30,"RFA","Yemen","System drugs Hypertension",22,7
1a59a0dd-3307-4bbd-8ce8-79e0d04df6b0,MED-10141,"AMLODAK 5","AMLODAK 5 (استفبع ضغظ انذو)","Amlodipine 5 mg Cardio Vascular","5 mg",tablet,حبة,شريط,30,"RFA","Yemen","System drugs Hypertension",23,1
efaf2d5b-29c8-41a7-8e1c-90f6f2b5852d,MED-10142,"Amlo - Denk 5","Amlo - Denk 5 (استفبع ضغظ انذو)","Amlodipine 5 mg Cardio Vascular","5 mg",other,وحدة,علبة,1,"Denk Pharma","Germany","System drugs Hypertension",23,2
981c63c7-eef6-4bfe-858f-be47da740ca0,MED-10143,"Amlodip","Amlodip (استفبع ضغظ انذو)","Amlodipine Cardio Vascular","",tablet,حبة,شريط,1,"Unknown","Unknown","System drugs Hypertension",23,3
7b86b0f4-838b-494f-8341-b468f6609687,MED-10144,"Amlodipine","Amlodipine (استفبع ضغظ انذو)","Amlodipine Cardio Vascular","",tablet,حبة,شريط,1,"ACTAVIS","Unknown","System drugs Hypertension",23,4
fd8cd244-44f7-46f2-8120-b5cb500154b1,MED-10145,"Amlodipine oubari","Amlodipine oubari (استفبع ضغظ انذو)","Amlodipine Cardio Vascular","",tablet,حبة,شريط,30,"OUBARY PHARMA","Syria","System drugs Hypertension",23,5
5bb728b0-de6f-471f-8e6f-a6a75fbb9f22,MED-10146,"Amlodura","Amlodura (استفبع ضغظ انذو)","Amlodipine 5 mg Cardio Vascular / tab","5 mg",tablet,حبة,شريط,30,"Shiba pharma","Yemen","System drugs Hypertension",23,6
ca03d897-24bc-4186-810b-c3f9f6a01bb9,MED-10147,"Amlopin 5","Amlopin 5 (استفبع ضغظ انذو)","Amlodipine Cardio Vascular","",tablet,حبة,شريط,20,"Y.E.PHARMA","Yemen","System drugs Hypertension",23,7
fa2a2177-ff20-4aed-8a72-5bc57c8e05ad,MED-10148,"Amlopres - 5","Amlopres - 5 (استفبع ضغظ انذو)","Amlodipine Cardio Vascular","",tablet,حبة,شريط,10,"CIPLA","India","System drugs Hypertension",24,1
693a3e90-4333-46d7-8aa9-8448fac07932,MED-10149,"AMOCLAN FORTE","AMOCLAN FORTE (Microbial Infections)","Amoxicillin 250 mg + Clavulanic Acid 62.5 mg = 312 mg / 5 ml","250 mg",suspension,مل,قارورة,100,"Hikma","Jordan","Antibiotics ًٍكشوث ٍخ األصبثبد ان",24,2
bf00efc7-c73a-4c99-8d2d-e942a6c4f9c5,MED-10150,"Amol","Amol (Analgesic يهذئبد األوجبع وانح ًى)","Paracetamol supp 250 mg .","250 mg",other,وحدة,علبة,10,"Shaphaco","Yemen","NSAID Antipyretic -",24,3
563c6baa-c3f2-4ac4-84a8-cc72d5af2cce,MED-10151,"Amol","Amol (Analgesic يهذئبد األوجبع وانح ًى)","Paracetamol 500 mg .","500 mg",tablet,حبة,شريط,20,"Shaphaco","Yemen","NSAID Antipyretic -",24,4
76a35349-0479-45f9-879e-1437e962b4d7,MED-10152,"Amol","Amol (Analgesic يهذئبد األوجبع وانح ًى)","Paracetamol drops 100 mg / ml .","100 mg",syrup,مل,قارورة,1,"Shaphaco","Yemen","NSAID Antipyretic -",24,5
8f93d881-42b9-4595-8417-ad2c97320062,MED-10153,"Amol","Amol (Analgesic يهذئبد األوجبع وانح ًى)","Paracetamol syrup 120 mg / 5 ml .","120 mg / 5 ml",suspension,مل,قارورة,60,"Shaphaco","Yemen","NSAID Antipyretic -",24,6
a2532494-d378-4f39-8ff7-cdae37fdc706,MED-10154,"Amol","Amol (Analgesic يهذئبد األوجبع وانح ًى)","Paracetamol syrup 120 mg / 5 ml .","120 mg / 5 ml",syrup,مل,قارورة,60,"Shaphaco","Yemen","NSAID Antipyretic -",24,7
a467214d-21ae-4e89-85c3-a6e30f725d41,MED-10155,"Amol","Amol (Analgesic يهذئبد األوجبع وانح ًى)","Paracetamol tablet 500 mg .","500 mg",tablet,حبة,شريط,200,"Shaphaco","Yemen","NSAID Antipyretic -",25,1
1502a851-c131-40f0-8f1e-c9e4b47bdc2a,MED-10156,"Amol - 6 plus","Amol - 6 plus (Analgesic يهذئبد األوجبع وانح ًى)","Paracetamol syrup 250 mg / 5 ml .","250 mg / 5 ml",syrup,مل,قارورة,100,"Shaphaco","Yemen","NSAID Antipyretic -",25,2
36f58b6f-a2f1-4000-8b19-645faab51a8d,MED-10157,"Amol Cold Flu","Amol Cold Flu (َضالد انجشد)","Pseudoephedrine +Paracetamol+Chl oraphiniramine","",tablet,حبة,شريط,20,"Shaphaco","Yemen","Respiratory drugs Common Cold",25,3
6b3a1d0f-f0a2-43c9-8174-da547ab89ab9,MED-10158,"Amol-Cold&Flu","Amol-Cold&Flu (Analgesic يهذئبد األوجبع وانح ًى)","Paracetamol 500 mg + Pseudoephedrine 30 mg + Diphenhydramin 25 mg per tablet .","500 mg",tablet,حبة,شريط,20,"Shaphaco","Yemen","NSAID Antipyretic -",25,4
439f3502-a472-4700-8023-c8ca9bc4a3d5,MED-10159,"Amol-EXTRA","Amol-EXTRA (Analgesic يهذئبد األوجبع وانح ًى)","Paracetamol tablet 500+65 caffine / tablet .","",tablet,حبة,شريط,200,"Shaphaco","Yemen","NSAID Antipyretic -",25,5
ef27c6eb-6829-43ca-8365-94072495bb03,MED-10160,"Amoxacin","Amoxacin (Microbial Infections)","Amoxicillin 250 mg / 5 ml","250 mg / 5 ml",syrup,مل,قارورة,100,"Shiba pharma","Yemen","Antibiotics ًٍكشوث ٍخ األصبثبد ان",25,6
0ade59c8-8e79-48cc-81d8-2d586a1eec31,MED-10161,"Amoxacin","Amoxacin (Microbial Infections)","Amoxicillin 500 mg / cap","500 mg",capsule,كبسولة,شريط,20,"Shiba pharma","Yemen","Antibiotics ًٍكشوث ٍخ األصبثبد ان",25,7
78666f8b-22d3-4b80-8045-7665459a2df7,MED-10162,"Amoxacin","Amoxacin (Microbial Infections)","Amoxicillin 125 mg / 5 ml","125 mg / 5 ml",syrup,مل,قارورة,100,"Shiba pharma","Yemen","Antibiotics ًٍكشوث ٍخ األصبثبد ان",26,1
6fb1cd67-48f4-4aca-8421-5d8262eb9dca,MED-10163,"AMOXICAP 500","AMOXICAP 500 (Microbial Infections)","Amoxicillin","",capsule,كبسولة,شريط,100,"Hovid","Malaysia","Antibiotics ًٍكشوث ٍخ األصبثبد ان",26,2
e7e3cbfb-b24f-410d-870c-9a262b65362c,MED-10164,"Amoxicillin","Amoxicillin (Microbial Infections)","Amoxicillin 500 mg / capsule","500 mg",capsule,كبسولة,شريط,10,"Korea United Pharma","Korea","Antibiotics ًٍكشوث ٍخ األصبثبد ان",26,3
faf6ddab-b6c2-494d-8d42-29bc6531622b,MED-10165,"Amoxicillin","Amoxicillin (Microbial Infections)","Amoxicillin 500 mg / cap","500 mg",capsule,كبسولة,شريط,20,"LABORATE","India","Antibiotics ًٍكشوث ٍخ األصبثبد ان",26,4
e4ad1dd1-ae1d-456d-8b37-494db3fcc3f2,MED-10166,"Amoxicillin","Amoxicillin (Microbial Infections)","Amoxicillin 125 mg / 5 ml","125 mg / 5 ml",suspension,مل,قارورة,100,"Ipca","","Antibiotics ًٍكشوث ٍخ األصبثبد ان",26,5
5992d5a8-4e2b-4ae6-8b50-a6afda4b4f41,MED-10167,"Amoxicillin","Amoxicillin (Microbial Infections)","Amoxicillin 250 mg / tab","250 mg",tablet,حبة,شريط,10,"MICRO","India","Antibiotics ًٍكشوث ٍخ األصبثبد ان",26,6
eae42a0c-fc2f-4e31-8a7e-e7f3602e8b0d,MED-10168,"Amoxicillin","Amoxicillin (Microbial Infections)","Amoxicillin 250 mg / tab","250 mg",tablet,حبة,شريط,10,"MILAN","India","Antibiotics ًٍكشوث ٍخ األصبثبد ان",26,7
86bb0ac0-bf41-45a5-8cb2-5c07bb93fdeb,MED-10169,"Amoxicillin - 500","Amoxicillin - 500 (Microbial Infections)","Amoxicillin*","",capsule,كبسولة,شريط,20,"YEDCO","Yemen","Antibiotics ًٍكشوث ٍخ األصبثبد ان",27,1
7d0f78f0-05a2-4ecf-82f9-53d93eaa6eeb,MED-10170,"Amoxicillin Fort","Amoxicillin Fort (Microbial Infections)","Amoxicillin 250 mg / 5 ml","250 mg / 5 ml",suspension,مل,قارورة,100,"YEDCO","Yemen","Antibiotics ًٍكشوث ٍخ األصبثبد ان",27,2
bfa74dcf-3d38-455e-8f93-e358b44279ca,MED-10171,"Amoxidrex","Amoxidrex (Microbial Infections)","Amoxicillin*","",suspension,مل,قارورة,1,"Phamadex","Unknown","Antibiotics ًٍكشوث ٍخ األصبثبد ان",27,3
523dfbf9-d219-4756-87ff-62b46bd135d3,MED-10172,"Amoxil","Amoxil (Microbial Infections)","Amoxicillin*","",capsule,كبسولة,شريط,10,"gsk glaxosmithkline","UK","Antibiotics ًٍكشوث ٍخ األصبثبد ان",27,4
46cb8c45-9010-4114-8ee9-5990fd59a532,MED-10173,"Amoxil","Amoxil (Microbial Infections)","Amoxicillin","",syrup,مل,قارورة,1,"gsk glaxosmithkline","UK","Antibiotics ًٍكشوث ٍخ األصبثبد ان",27,5
25e60e7f-6e6d-47b2-8363-09ac81f709f1,MED-10174,"Amoxil Fort","Amoxil Fort (Microbial Infections)","Amoxicillin 250 mg / 5 ml","250 mg / 5 ml",syrup,مل,قارورة,100,"gsk glaxosmithkline","UK","Antibiotics ًٍكشوث ٍخ األصبثبد ان",27,6
0c3ff45a-1223-41ed-89ed-39838d754ba7,MED-10175,"Amoxitop","Amoxitop (Microbial Infections)","Amoxicillin","",capsule,كبسولة,شريط,20,"Y.E.PHARMA","Yemen","Antibiotics ًٍكشوث ٍخ األصبثبد ان",27,7
fdd86218-c51c-4f7b-899b-d682de5736f6,MED-10176,"AMPAVIT","AMPAVIT (Deficiency َمص ف ٍتبي ٍُبد)","Vitamin B Substances","",injection,أمبولة,باكت,10,"ANB Laboratories CO.LTD.","Thailand","Vitamines and Menirals Vitamins",28,1
2744cdf8-48fc-4d96-87f5-a764a953807c,MED-10177,"Ampicillin","Ampicillin (Microbial Infections)","Ampicillin 1 gm","1 g",injection,أمبولة,باكت,10,"Vitalis","USA","Antibiotics ًٍكشوث ٍخ األصبثبد ان",28,2
7e9fc731-c3e9-4e6d-8dbe-16839fae74a5,MED-10178,"Ampicillin","Ampicillin (Microbial Infections)","Ampicillin 500 mg / cap","500 mg",capsule,كبسولة,شريط,20,"Modern Pharama","Yemen","Antibiotics ًٍكشوث ٍخ األصبثبد ان",28,3
dfd3fa01-46da-4614-8667-e0442ee3835b,MED-10179,"Ampicillin","Ampicillin (Microbial Infections)","Ampicillin 250 mg / 5 ml","250 mg / 5 ml",syrup,مل,قارورة,100,"Modern Pharama","Yemen","Antibiotics ًٍكشوث ٍخ األصبثبد ان",28,4
464ed207-634a-42fb-8ea7-a9b969fe4868,MED-10180,"Ampiluxe 500","Ampiluxe 500 (Microbial Infections)","Ampicillin + Cloxacillin","",capsule,كبسولة,شريط,100,"ALPHA","Syria","Antibiotics ًٍكشوث ٍخ األصبثبد ان",28,5
f9daaec2-8e88-4c10-8c53-2acfd8a8c9c8,MED-10181,"Ampixol - 500","Ampixol - 500 (Microbial Infections)","Ampicillin","",capsule,كبسولة,شريط,200,"YEDCO","Yemen","Antibiotics ًٍكشوث ٍخ األصبثبد ان",28,6
22119beb-d634-4d31-8690-94a93695e9ca,MED-10182,"AMPY","AMPY (Microbial Infections)","Ampicillin 250 mg / 5 ml","250 mg / 5 ml",suspension,مل,قارورة,80,"RFA","Yemen","Antibiotics ًٍكشوث ٍخ األصبثبد ان",28,7
dbca8e53-23a3-4a9d-83b1-172efc2ddaaa,MED-10183,"AMPY","AMPY (Microbial Infections)","ampicillin 500 mg","500 mg",capsule,كبسولة,شريط,20,"RFA","Yemen","Antibiotics ًٍكشوث ٍخ األصبثبد ان",29,1
f60d4b99-82c6-4735-8ee8-77c4c14215ad,MED-10184,"AMPY C","AMPY C (Microbial Infections)","ampicillin 125 mg / cloxacillin 125 mg","125 mg",suspension,مل,قارورة,80,"RFA","Yemen","Antibiotics ًٍكشوث ٍخ األصبثبد ان",29,2
489e27ac-fcf3-43b0-8c50-6d329da2928c,MED-10185,"AMPY C","AMPY C (Microbial Infections)","ampicillin 500 mg","500 mg",capsule,كبسولة,شريط,100,"RFA","Yemen","Antibiotics ًٍكشوث ٍخ األصبثبد ان",29,3
f95ec9e7-0dc3-4230-8729-ba002237a0f3,MED-10186,"Amri-k Amp","Amri-k Amp (ان ُض ٌف)","Vit k ( phytomenadion ) 10 mg","10 mg",injection,أمبولة,باكت,5,"AMRIYA PHARMA","Egypt","Vitamines and Menirals Haemorrhage",29,4
bc481542-3966-4b1a-8f64-989e8009f834,MED-10187,"Amritrim","Amritrim (Infections األصبثبد انجكت ٍش ٌخ)","Trimethoprim/Sulf amethoxazole (Co-trimoxazole)","",suspension,مل,قارورة,100,"AMRIYA PHARMA","Egypt","Antibacterial Bacterial",29,5
ceb15478-acff-4d31-8b61-35fd3b3306d4,MED-10188,"Amrizole 500","Amrizole 500 (Gardiasis جبسد ٌب واي ٍج ٍب)","Metronidazole 500 mg / tab","500 mg",tablet,حبة,شريط,20,"AMRIYA PHARMA","Egypt","Antiprtozoal Amoebiasis ,",29,6
e4c3bdb6-e0ea-4e41-8096-922d0332805c,MED-10189,"Amrizole 250","Amrizole 250 (Gardiasis جبسد ٌب واي ٍج ٍب)","Metronidazole","",tablet,حبة,شريط,20,"AMRIYA PHARMA","Egypt","Antiprtozoal Amoebiasis ,",29,7
2a75b254-d123-42e1-8114-6708c0b00985,MED-10190,"Amrizole","Amrizole (Gardiasis جبسد ٌب واي ٍج ٍب)","Benzoyl metronidazole 200 mg / 5 ml","200 mg / 5 ml",suspension,مل,قارورة,120,"AMRIYA PHARMA","Egypt","Antiprtozoal Amoebiasis ,",30,1
64770992-c8b3-44ee-8400-43eacaa6cd2d,MED-10191,"AMRIZYME","AMRIZYME (انهضى)","Unknown","",capsule,كبسولة,شريط,20,"AMRIYA PHARMA","Egypt","Gastro Intestinal drugs Indigestion عىء",30,2
639889ff-5ff2-4759-80b8-333ac6cb560d,MED-10192,"Amrystar","Amrystar (أيشاض انغكشي)","Glimepiride 1 mg / tablet","1 mg",tablet,حبة,شريط,30,"Shiba pharma","Yemen","Antidiabetics Diabetes Mellitus",30,3
e9c60d27-1ea8-485d-8699-6bb8b85c0e98,MED-10193,"Amrystar","Amrystar (أيشاض انغكشي)","Glimepiride 2 mg / tablet","2 mg",tablet,حبة,شريط,30,"Shiba pharma","Yemen","Antidiabetics Diabetes Mellitus",30,4
81cc3435-5521-4142-88ac-f028cea579b1,MED-10194,"Amrystar","Amrystar (أيشاض انغكشي)","Glimepiride 3 mg / tablet","3 mg",tablet,حبة,شريط,30,"Shiba pharma","Yemen","Antidiabetics Diabetes Mellitus",30,5
9dd2d098-f6c7-4210-8781-c1075a05544b,MED-10195,"Amtil","Amtil (األيشاض انؼمه ٍخ)","Amitriptyline 25 Central Nervous mg / tablet","",tablet,حبة,شريط,30,"Shiba pharma","Yemen","system drugs Mental Disorders",30,6
2457546e-bc93-4103-8b5e-26b7fe0ca4ff,MED-10196,"AMYN - 500","AMYN - 500 (Microbial Infections)","Amoxicillin*","",capsule,كبسولة,شريط,10,"Kopran","India","Antibiotics ًٍكشوث ٍخ األصبثبد ان",30,7
278da2a7-3d8a-40b8-8602-c88c7ce4b81d,MED-10197,"Anafranil","Anafranil (األيشاض انؼمه ٍخ)","Clomipramine Central Nervous Hydrochloride","",other,وحدة,علبة,1,"NOVARTIS","Switzerland","system drugs Mental Disorders",31,1
59c4f58b-ec9a-4266-83f5-92a49514fc46,MED-10198,"Anafranil SR","Anafranil SR (األيشاض انؼمه ٍخ)","Clomipramine Central Nervous Hydrochloride 75 mg","75 mg",tablet,حبة,شريط,1,"NOVARTIS","Switzerland","system drugs Mental Disorders",31,2
5b5fa556-0d4f-41fa-8247-0ea4ff6c092f,MED-10199,"ANALCAM","ANALCAM (األوجبع)","Tenoxicam tablet 20 mg","20 mg",tablet,حبة,شريط,10,"Duopharma","Malaysia","Nonsteroidal Anti- Analgesic يهذئبد",31,3
ac33a999-d1f7-462c-8b31-c4cc8703a875,MED-10200,"Analpan","Analpan (األوجبع)","Diclofenac Sodium ampoule 75 mg / 3 ml .","75 mg / 3 ml",injection,أمبولة,باكت,20,"DUO pharma","Unknown","Nonsteroidal Anti- Analgesic يهذئبد",31,4
47ea4634-6c46-4ade-8d61-1d6166a329f6,MED-10201,"Anaplate - 75 mg","Anaplate - 75 mg (انجهطبد)","dipyridamole Cardio Vascular","75 mg",tablet,حبة,شريط,20,"SEDICO","Egypt","System drugs Thrombosis",31,5
4428ffc3-ff4a-411f-882f-a57ef6bb1df7,MED-10202,"Anax - 0.25","Anax - 0.25 (Insumnea األسق وانمهك)","Alprazolam 0,25 Central Nervous","",tablet,حبة,شريط,30,"RFA","Yemen","system drugs Anxiety ,",31,6
454663f2-c467-417c-8053-42543cff468f,MED-10203,"Anax - 0.5","Anax - 0.5 (Insumnea األسق وانمهك)","Alprazolam 0,5 Central Nervous","",tablet,حبة,شريط,30,"RFA","Yemen","system drugs Anxiety ,",31,7
e935b2c5-e631-42dd-890e-36f8b4f53f69,MED-10204,"Anax - 1","Anax - 1 (Insumnea األسق وانمهك)","Alprazolam Central Nervous","",tablet,حبة,شريط,30,"RFA","Yemen","system drugs Anxiety ,",32,1
1de2bd3b-7b84-4a51-802e-f3527966dc3c,MED-10205,"Anazol","Anazol (Gardiasis جبسد ٌب واي ٍج ٍب)","Metronidazole","",suspension,مل,قارورة,120,"JPI","","Antiprtozoal Amoebiasis , Saudi Arabia",32,2
3a4f9e31-53e0-4568-8b11-a84fcb6b7830,MED-10206,"ANAZOL 500","ANAZOL 500 (Gardiasis جبسد ٌب واي ٍج ٍب)","Metronidazole","",tablet,حبة,شريط,20,"JPI","","Antiprtozoal Amoebiasis , Saudi Arabia",32,3
f001273b-2a9a-4b19-8855-4aacb0003840,MED-10207,"ANDRIOL","ANDRIOL (هشيى َبد ج ُغ ٍخ)","testosterone","",capsule,كبسولة,شريط,10,"ORGANON - MSD","Unknown","Hormones Sex Hormones",32,4
5715fc1b-5a0d-429d-80ef-abc92a4aa296,MED-10208,"angiotec 10","angiotec 10 (استفبع ضغظ انذو)","Enalapril 10 mg Cardio Vascular","10 mg",tablet,حبة,شريط,30,"JPM","Jordan","System drugs Hypertension",32,5
18223807-3824-4cd6-84be-5ca6ef7b2604,MED-10209,"Angiotec 5","Angiotec 5 (استفبع ضغظ انذو)","Enalapril 5 mg Cardio Vascular","5 mg",tablet,حبة,شريط,30,"JPM","Jordan","System drugs Hypertension",32,6
c0cad3ec-d72b-414a-810b-21403f87e483,MED-10210,"ANGIOZIDE","ANGIOZIDE (استفبع ضغظ انذو)","Enalapril Cardio Vascular","",tablet,حبة,شريط,20,"JPM","Jordan","System drugs Hypertension",32,7
a0c2b1b0-6ec2-40e9-8303-20f4726e3909,MED-10211,"Angised","Angised (انصذس ٌخ)","Glyceryl Cardio Vascular Trinitrate 0.5 mg","0.5 mg",tablet,حبة,شريط,100,"gsk glaxosmithkline","UK","System drugs Angina انزثحخ",33,1
eccd1f0a-c77a-4d3f-8a8e-d9667a50b90e,MED-10212,"Anikef 750 mg","Anikef 750 mg (Infections األصبثبد انجكت ٍش ٌخ)","Ceftriaxone Sodium 750 mg","750 mg",injection,أمبولة,باكت,1,"Unknown","Unknown","Antibacterial Bacterial",33,2
7e34dc73-db25-4e79-8192-67d926640992,MED-10213,"Anolip","Anolip (األنتهبثبد انجذنذ ٌخ)","Amphotericin B Lipid Complex Inj 50 mg / 10 ml","50 mg / 10 ml",injection,أمبولة,باكت,10,"Samarth pharma","Unknown","Antifungals Dermatitis",33,3
87f727e3-9d9f-46f2-8e97-e113d7721e23,MED-10214,"Anopil","Anopil (انجىاع ٍش)","Herbal extract","",ointment,أنبوب,علبة,25,"Unknown","Unknown","Antihaemorrhag es Haemorrhoids",33,4
6ac11893-2533-4453-8dec-e427508cb07d,MED-10215,"anso 3","anso 3 (Deficiency َمص ف ٍتبي ٍُبد)","Multi Vitamines","",other,وحدة,علبة,1,"Blue BioTech Int.Germany","Unknown","Vitamines and Menirals Vitamins",33,5
2a8ab802-5ba0-447c-8b6c-373b21cad1ee,MED-10216,"ANTI-AGE","ANTI-AGE (Deficiency َمص ف ٍتبي ٍُبد)","Vitamine A, C, E, Selenium + Zinc + Beta _ Carotene","",other,وحدة,علبة,1,"JUVAMINE","France","Vitamines and Menirals Vitamins",33,6
88342641-9c8b-4d83-8504-68ee7bcf9abe,MED-10217,"Anticox II","Anticox II (األوجبع)","Meloxicam 15 mg","15 mg",injection,أمبولة,باكت,3,"ADWIA","Egypt","Non-Steroidal Anti- Analgesic يهذئبد",33,7
6c20cf57-2f12-48f7-847b-9b95050dab60,MED-10218,"Anti-Cox II","Anti-Cox II (األوجبع)","Meloxicam","",capsule,كبسولة,شريط,10,"ADWIA","Egypt","Non-Steroidal Anti- Analgesic يهذئبد",34,1
39271acf-4ef3-4344-8ce6-96c9397ad915,MED-10219,"Anti - coxII 15","Anti - coxII 15 (األوجبع)","Meloxicam 15 mg / ampoule .","15 mg",injection,أمبولة,باكت,3,"ADWIA","Egypt","Nonsteroidal Anti- Analgesic يهذئبد",34,2
5f3cbff6-b628-4c03-81e2-665394e66203,MED-10220,"Antinal","Antinal","nifuroxazide","",capsule,كبسولة,شريط,12,"AMOUN","Egypt","Gastro Intestinal drugs Diarrhea األعهبل",34,3
80f9768e-53b9-48f4-8d35-5e5d24e1297f,MED-10221,"Antinal","Antinal","nifuroxazide","",suspension,مل,قارورة,200,"AMOUN","Egypt","Gastro Intestinal drugs Diarrhea األعهبل",34,4
1515f644-f0ee-43a3-8529-49d47a7b599d,MED-10222,"Apidone","Apidone (َضالد انجشد)","Chlorphenamine Maleate 2 mg + Dexamethasone 0.5 mg","2 mg",syrup,مل,قارورة,125,"AMOUN","Egypt","Antihistamines Common Cold",34,5
baa29f32-49c3-4987-8e07-ff409c00443e,MED-10223,"APIFORTYL","APIFORTYL (Deficiency َمص ف ٍتبي ٍُبد)","Vit . A 2000 I . U . Vit . B 1 - Nitrate 2 mg . Vit . B 2 1 mg . Vit . B 6 1 mg . Vit . B 12 1 μg . Folic Acid 0.1","2 mg",capsule,كبسولة,شريط,30,"OCTOBER PHARMA","Egypt","Vitamines and Menirals Vitamins",34,6
398185cb-c0fe-4bb6-814e-d683feb734fa,MED-10224,"Apilox","Apilox (Microbial Infections)","Ampicillin 125 mg + Cloxacillin 125 mg .","125 mg",syrup,مل,قارورة,100,"Pharmacare","Yemen","Antibiotics ًٍكشوث ٍخ األصبثبد ان",34,7
d1413189-e5b1-480f-8ef4-bf3637e52feb,MED-10225,"Apilox","Apilox (Microbial Infections)","Ampicillin 250 mg + Cloxacillin 250 mg .","250 mg",capsule,كبسولة,شريط,20,"Pharmacare","Yemen","Antibiotics ًٍكشوث ٍخ األصبثبد ان",35,1
a62791f1-b8a5-45e7-8ef7-9021ce593425,MED-10226,"APISULFA - 10","APISULFA - 10 (Infections األصبثبد انجكت ٍش ٌخ)","Sulfabenzamide","",drops,مل,قطارة,10,"Unknown","Unknown","Antibacterial Bacterial",35,2
28108437-b0ba-4052-859a-ec5bbb2fdbd8,MED-10227,"Apitofen","Apitofen (Stimulant ي ُشطبد انشه ٍخ)","Pizotifen 0.25 mg / 5 ml","0.25 mg / 5 ml",syrup,مل,قارورة,100,"Shaphaco","Yemen","Antihistamines Appetizer",35,3
9b7bfdac-b3aa-4e04-8cd1-f28dc0179cb5,MED-10228,"Apitofen","Apitofen (Stimulant ي ُشطبد انشه ٍخ)","Pizotifen 0.5 mg","0.5 mg",tablet,حبة,شريط,20,"Shaphaco","Yemen","Antihistamines Appetizer",35,4
b31c2bc6-eaac-4c87-8e66-b1432d39be6b,MED-10229,"Apperize","Apperize (Stimulant ي ُشطبد انشه ٍخ)","Cyproheptadine Hydrochloride 2 mg / 5 ml","2 mg / 5 ml",syrup,مل,قارورة,100,"Pharmacare","Yemen","Antihistamines Appetizer",35,5
a8b0d205-45f7-40d9-8ebb-982c9ad92a63,MED-10230,"APPETON","APPETON (Deficiency َمص ف ٍتبي ٍُبد)","multivitamin with lysine","",tablet,حبة,شريط,60,"cotra pharma, malaysia","Malaysia","Vitamines and Menirals Vitamins",35,6
91728cbe-e551-4706-8267-3b220c0353ff,MED-10231,"APPETON","APPETON (Deficiency َمص ف ٍتبي ٍُبد)","Multi Vitamines","",syrup,مل,قارورة,1,"Unknown","Unknown","Vitamines and Menirals Vitamins",35,7
202929ac-7ca1-483f-8fa4-12271ec1e577,MED-10232,"Apple-Lite","Apple-Lite (Suppressant عبداد انشه ٍخ)","Herbal extract","",tablet,حبة,شريط,30,"MEPACO","Egypt","Gastro Intestinal drugs Appetite",36,1
8ea91181-ba9f-435f-8083-df17c9274c62,MED-10233,"Aprazol","Aprazol (ان ًؼذح)","Lansoprazole","",capsule,كبسولة,شريط,14,"Bilim","Turkey","Gastro Intestinal drugs Peptic ulcer لشحخ",36,2
beb27b47-bce4-4b45-8608-e2f3fda820ed,MED-10234,"Aquamarine","Aquamarine (ً انذو ٌ ف ص ٌبدح انذهى)","Omega - 3 Fish Oil 540 mg + Cod Liver Oil 540 mg + EPA 116 mg + DHA 106 mg Vitami D ( as","540 mg",capsule,كبسولة,شريط,60,"VITABIOTICS","Unknown","Vitamines and Menirals Hyperlipidaemias",36,3
0890445a-f5ea-4292-8bc4-fcd931a9a4df,MED-10235,"Aquamarine","Aquamarine (ً انذو ٌ ف ص ٌبدح انذهى)","Omega 4.52 + cod liver oil 4.52 + DHA 878 mg + EPA 968 mg + VIT . A 200 mcg + vit . E","878 mg",syrup,مل,قارورة,250,"VITABIOTICS","Unknown","Vitamines and Menirals Hyperlipidaemias",36,4
306095a3-8eaa-4731-8c23-8c9465a75a5a,MED-10236,"Aquax","Aquax (األنتهبثبد انجذنذ ٌخ)","unkown","",cream,أنبوب,علبة,150,"Unknown","Unknown","Skin Disorders Dermatitis",36,5
a089c514-ccbc-465a-835a-7ce27b82b375,MED-10237,"ARCOXIA 120 mg","ARCOXIA 120 mg (انتهبثبد انؼظبو)","Etoricoxib","120 mg",other,وحدة,علبة,1,"MSD","USA","Nonsteroidal Anti- Osteoarthritis",36,6
0237c726-dce1-4733-8a30-c25a44a5cd86,MED-10238,"ARCOXIA 60 mg","ARCOXIA 60 mg (انتهبثبد انؼظبو)","Etoricoxib","60 mg",other,وحدة,علبة,1,"MSD","USA","Nonsteroidal Anti- Osteoarthritis",36,7
f1fe86d1-0a45-486a-8e5e-3d0fbeab766f,MED-10239,"Arcoxia 90 mg","Arcoxia 90 mg (انتهبثبد انؼظبو)","Etoricoxib tablet 90 mg .","90 mg",tablet,حبة,شريط,14,"MSD","USA","Nonsteroidal Anti- Osteoarthritis",37,1
19032730-8fc8-402f-8743-194a787959c4,MED-10240,"ARTADIN","ARTADIN","Loratadine","",tablet,حبة,شريط,10,"KP","Korea","Antihistamines Allergy انحغبع ٍخ",37,2
57b87be4-1bba-48bf-86f3-42dc417fc60b,MED-10241,"ArteCare 80 mg","ArteCare 80 mg","Artemether","80 mg",injection,أمبولة,باكت,80,"Unknown","Unknown","Antimalarial medicines Malaria ان ًالس ٌب",37,3
57b023cb-281f-44b5-8a79-4f4902199816,MED-10242,"ARTEFAN KIT","ARTEFAN KIT","malicur tablat contain - Sulfadoxine 500 mg + Pyrimethamine 25 mg + artefan","500 mg",tablet,حبة,شريط,3,"RFA","Yemen","Antimalarial medicines Malaria ان ًالس ٌب",37,4
769f9fbe-5bc3-480b-806b-3050b7b6a675,MED-10243,"ARTHRELLA","ARTHRELLA","unkown","",ointment,أنبوب,علبة,1,"Unknown","Unknown","Unknown Unknown",37,5
15d1626d-353b-4fa3-8918-17e43cb5e6f5,MED-10244,"Arthri-Flex","Arthri-Flex (انتهبثبد انؼظبو)","Glucosamine + Chondrotin","",other,وحدة,علبة,1,"Unknown","Unknown","Osteoarthritis drugs Osteoarthritis",37,6
0314c573-620c-49fc-8c02-b97c25d2c5cf,MED-10245,"Artosine 100","Artosine 100","Sulfadoxine 500 mg + Pyrimethamine 25 mg + artesunate 100 mg","500 mg",tablet,حبة,شريط,6,"Shaphaco","Yemen","Antimalarial medicines Malaria ان ًالس ٌب",37,7
ba72421d-4512-4d82-89c0-71cca2002f14,MED-10246,"Artosine 50","Artosine 50","Sulfadoxine 500 mg + Pyrimethamine 25 mg + artesunate 50 mg","500 mg",tablet,حبة,شريط,6,"Shaphaco","Yemen","Antimalarial medicines Malaria ان ًالس ٌب",38,1
0ac7b3c9-71d8-4db0-80c6-0f89566ccc56,MED-10247,"Artrofen gel","Artrofen gel (األوجبع)","Ketoprofen","",ointment,أنبوب,علبة,50,"Unknown","Unknown","Non-Steroidal Anti- Analgesic يهذئبد",38,2
cc5a1b88-d4fe-4abd-833d-63949b77a4ab,MED-10248,"Artrofen gel","Artrofen gel (األوجبع)","Ketoprofen 100 ng / tab","",tablet,حبة,شريط,30,"Global Pharma","Yemen","NSAID Analgesic يهذئبد",38,3
c0538851-b689-44d4-843c-f18aa055f088,MED-10249,"ASCAZIL","ASCAZIL (ٌ انشبئؼخ انذ ٌذا)","Albendazole","",suspension,مل,قارورة,10,"ALSHAHBA","Syria","Anthelmentic Common Worms",38,4
c1c5de8c-6b15-4ddc-8dc8-3e55536fe1b6,MED-10250,"Ascorbic acid","Ascorbic acid (Deficiency َمص ف ٍتبي ٍُبد)","Vitamin c 1000 mg / sheat .","1000 mg",other,وحدة,علبة,10,"SEDICO","Egypt","Vitamines and Menirals Vitamins",38,5
b9283649-afae-43d6-84b4-2ef19948a187,MED-10251,"Ascoril","Ascoril (َضالد انجشد)","Each 10 ml contains 2 mg salbutamol + 4 mg bromhexine BP + 100 mg guaifenesin USP","10 ml",syrup,مل,قارورة,100,"Unknown","Unknown","Respiratory drugs Common Cold",38,6
2570465c-67c9-4ae1-8284-b513b5ecfb52,MED-10252,"ASEEL","ASEEL (ي ُشطبد ج ُغ ٍخ)","Tadalafil 20 mg","20 mg",tablet,حبة,شريط,4,"Global Pharma","Yemen","Sex Stimulants Sex Stimulants",38,7
a5e21c6c-81d4-4754-8ace-98253e55936b,MED-10253,"ASEPRON","ASEPRON (انجهطبد)","Acetylsalicylic Cardio Vascular acid","",tablet,حبة,شريط,60,"Unknown","Unknown","System drugs Thrombosis",39,1
866630f4-3934-4fec-8b4f-1357a16548c8,MED-10254,"Asist","Asist (Disorders اضطشاثبد انجهبص ً انت ُفغ)","Acetylcysteine 300 mg","300 mg",injection,أمبولة,باكت,10,"Unknown","Syria","Respiratory drugs Respiratory",39,2
b076dc5b-b038-4c84-8e6c-15a032434d1e,MED-10255,"Aspicot - 100","Aspicot - 100 (انجهطبد)","Acetylsalicylic Cardio Vascular Acid tablet 100 mg .","100 mg",tablet,حبة,شريط,30,"Shaphaco","Yemen","System drugs Thrombosis",39,3
2fcb5a8f-70fd-4aa1-8abe-be3d12889666,MED-10256,"Aspicot - 300","Aspicot - 300 (األوجبع)","Acetylsalicylic Acid 300 mg .","300 mg",tablet,حبة,شريط,30,"Shaphaco","Yemen","NSAID Analgesic يهذئبد",39,4
61cc7c47-dd59-4ee8-8c6b-05d15978804c,MED-10257,"Aspicot - 75","Aspicot - 75 (انجهطبد)","Acetylsalicylic Cardio Vascular Acid 75 mg .","75 mg",tablet,حبة,شريط,30,"Shaphaco","Yemen","System drugs Thrombosis",39,5
165bf0fa-f4fd-4473-8b69-604f2e18b4f4,MED-10258,"Aspin - 100","Aspin - 100 (انجهطبد)","Acetylsalicylic Cardio Vascular Acid 100 mg","100 mg",tablet,حبة,شريط,30,"CIPLA","India","System drugs Thrombosis",39,6
2e523279-415c-460c-8252-3c407f7b2d68,MED-10259,"Aspin - 100 mg","Aspin - 100 mg (انجهطبد)","Acetylsalicylic Cardio Vascular Acid tablet 100 mg .","100 mg",tablet,حبة,شريط,30,"CIPLA","India","System drugs Thrombosis",39,7
051a279b-a3ca-48af-8153-5342b9b53772,MED-10260,"Aspirem 75","Aspirem 75 (انجهطبد)","Acetylsalicylic Cardio Vascular acid","",tablet,حبة,شريط,56,"Unknown","Unknown","System drugs Thrombosis",40,1
75536546-7499-4aae-884d-558e589548c9,MED-10261,"Aspirin","Aspirin (األوجبع)","Acetylsalicylic acid 75 mg / tab","75 mg",tablet,حبة,شريط,56,"Unknown","Unknown","Non-Steroidal Anti- Analgesic يهذئبد",40,2
14aae0ab-9f1e-420e-8ef9-e744e528d9d7,MED-10262,"ASPIRIN","ASPIRIN (انجهطبد)","Acetylsalicylic Cardio Vascular acid 100 mg","100 mg",tablet,حبة,شريط,20,"BAYER","Germany","System drugs Thrombosis",40,3
def66ec7-6587-4e5d-8206-4d9d56be5ef0,MED-10263,"ASPIRIN","ASPIRIN (انجهطبد)","Acetylsalicylic Cardio Vascular Acid 81 mg / tablet","81 mg",tablet,حبة,شريط,30,"Shiba pharma","Yemen","System drugs Thrombosis",40,4
76bb0c46-cb45-47f7-89fc-e4af8305ae62,MED-10264,"Aspirin 300 mg","Aspirin 300 mg (األوجبع)","Acetylsalicylic acid 300 mg","300 mg",tablet,حبة,شريط,16,"UK","Unknown","Nonsteroidal Anti- Analgesic يهذئبد",40,5
52db5734-f8de-40e5-8ea1-12be651c575a,MED-10265,"ASPIRIN 75","ASPIRIN 75 (انجهطبد)","Acetylsalicylic Cardio Vascular acid 75 mg / Tab","75 mg",tablet,حبة,شريط,20,"Modern Pharama","Yemen","System drugs Thrombosis",40,6
872c32ad-b95f-4f75-8792-35c3ab091431,MED-10266,"ASPIRIN protect","ASPIRIN protect (انجهطبد)","( aspirin protect Cardio Vascular 100 mg ) active ingredient acetylsalicylic acid + thrombocyte aggregation","100 mg",tablet,حبة,شريط,20,"BAYER","Germany","System drugs Thrombosis",40,7
8411cdf7-9615-46b4-82cc-b91d2c0c32e2,MED-10267,"ASPIRIN-C","ASPIRIN-C (األوجبع)","Acetylsalicylic acid","",tablet,حبة,شريط,1,"Unknown","Unknown","Non-Steroidal Anti- Analgesic يهذئبد",41,1
21cf14e7-2608-40ce-8c90-9907e03defc5,MED-10268,"Aspirine-C","Aspirine-C (األوجبع)","Acetylsalicylic Acid + vit.c effer.tablet.","",tablet,حبة,شريط,10,"BAYER","Germany","Nonsteroidal Anti- Analgesic يهذئبد",41,2
6cd86a05-03d0-45bd-8282-add9d0e214dd,MED-10269,"ASPO CID","ASPO CID","Pediatric Chewable tablets","",tablet,حبة,شريط,30,"CID","Egypt","Unknown Unknown",41,3
730c6054-be8f-4324-8994-18bd689552b4,MED-10270,"Asthalin Inhaler","Asthalin Inhaler (Asthma انشثى ً انشؼج)","Salbutamol 200 mcg metered doses","200 mcg",spray,بخة,علبة,200,"CIPLA","India","Respiratory drugs Bronchial",41,4
3d469fa5-5e5a-4090-8486-099904131a9e,MED-10271,"Asthalin Inhaler","Asthalin Inhaler (Asthma انشثى ً انشؼج)","Salbutamol","",syrup,مل,قارورة,15,"CIPLA","India","Respiratory drugs Bronchial",41,5
9194bb73-77cf-4e8b-8100-ef733c02dfbb,MED-10272,"Asthalin Respules","Asthalin Respules (Asthma انشثى ً انشؼج)","Salbutamol","",spray,بخة,علبة,1,"CIPLA","India","Respiratory drugs Bronchial",41,6
cfbe8d67-22bc-4fd3-8b41-8b239c54b280,MED-10273,"Asthalin Rotacaps","Asthalin Rotacaps (Asthma انشثى ً انشؼج)","Salbutamol","",capsule,كبسولة,شريط,1,"CIPLA","India","Respiratory drugs Bronchial",41,7
5a07f54e-b0dd-4054-84fa-4fc50884ac86,MED-10274,"Asthalin - 4","Asthalin - 4 (Asthma انشثى ً انشؼج)","Salbutamol 4 mg","4 mg",tablet,حبة,شريط,10,"CIPLA","India","Respiratory drugs Bronchial",42,1
93d772db-9eaf-4d3b-8882-8b4231d077a5,MED-10275,"ASTOMED","ASTOMED (انشؼت انهىائ ٍخ)","Ketotifen Fumarate","",syrup,مل,قارورة,100,"MEDICO LABS","Syria","Respiratory drugs Bronchitis انتهبة",42,2
053a3201-810f-4bfc-8161-3d9546e97c9f,MED-10276,"Asu-Denk","Asu-Denk","500 mg Sulfamethoxypyri dazine + 25 mg Pyrimethamine + Artesunate 200 mg","500 mg",tablet,حبة,شريط,3,"Denk Pharma","Germany","Antimalarial medicines Malaria ان ًالس ٌب",42,3
0209e911-8578-4fcf-8d48-676b135158e1,MED-10277,"Atacand 8","Atacand 8 (استفبع ضغظ انذو)","Candesartan Cardio Vascular Cilexetil 8 mg","8 mg",tablet,حبة,شريط,28,"ASTRAZENEC A","Unknown","System drugs Hypertension",42,4
8c40ff55-c057-472c-8a1c-5a9a1b9bce25,MED-10278,"Atarax","Atarax","Hydroxyzine Syrup 10 mg / 5 ml","10 mg / 5 ml",syrup,مل,قارورة,200,"UCB","Unknown","Antihistamines Allergy انحغبع ٍخ",42,5
20fd52ef-d00a-474b-8754-897c8da03ca9,MED-10279,"Atarax 10 mg","Atarax 10 mg","Hydroxyzine HCL","10 mg",tablet,حبة,شريط,25,"UCB","Unknown","Antihistamines Allergy انحغبع ٍخ",42,6
b188f6c4-a433-4d50-8129-c1f31bad6658,MED-10280,"Atarax - 25","Atarax - 25","Hydroxyzine tablet 25 mg","25 mg",tablet,حبة,شريط,25,"UCB","Unknown","Antihistamines Allergy انحغبع ٍخ",42,7
54526e69-3af9-4ad5-89a6-68c625b6970e,MED-10281,"ATENO 100 mg","ATENO 100 mg (استفبع ضغظ انذو)","Atenolol 100 mg Cardio Vascular","100 mg",tablet,حبة,شريط,20,"EIPICO","Egypt","System drugs Hypertension",43,1
713addaa-d40b-4afb-832e-db34ede82749,MED-10282,"ATENO 50 mg","ATENO 50 mg (استفبع ضغظ انذو)","Atenolol 50 mg Cardio Vascular","50 mg",tablet,حبة,شريط,20,"EIPICO","Egypt","System drugs Hypertension",43,2
0b1feccc-3c99-4562-8c39-e2695e7eeb6c,MED-10283,"Atenolo denk 50","Atenolo denk 50 (استفبع ضغظ انذو)","Atenolol Cardio Vascular","",other,وحدة,علبة,1,"Unknown","Unknown","System drugs Hypertension",43,3
00babbaa-3020-4180-8355-e865b49fad13,MED-10284,"ATENOLOL 50 mg","ATENOLOL 50 mg (استفبع ضغظ انذو)","Atenolol Cardio Vascular","50 mg",tablet,حبة,شريط,14,"KAHIRA PHARM","Egypt","System drugs Hypertension",43,4
43726cbf-f14b-4d83-8b86-02bec0ae6f70,MED-10285,"Atenolol Denk 50","Atenolol Denk 50 (استفبع ضغظ انذو)","Atenolol Cardio Vascular","",tablet,حبة,شريط,100,"Denk Pharma","Germany","System drugs Hypertension",43,5
1d7714fd-bab5-4ef1-8624-83fc32ea8e52,MED-10286,"Atenolol - 100","Atenolol - 100 (استفبع ضغظ انذو)","Atenolol Cardio Vascular","",tablet,حبة,شريط,30,"BALSAM","Syria","System drugs Hypertension",43,6
409becf0-3918-4ba4-8389-f7323289f6c2,MED-10287,"ATEROZ","ATEROZ (ً انذو ٌ ف ص ٌبدح انذهى)","Atorvastatin Cardio Vascular Calcium 20 mg","20 mg",tablet,حبة,شريط,30,"Bilim","Turkey","System drugs Hyperlipidaemias",43,7
fe3c0367-3707-4a87-80ab-a096da339734,MED-10288,"ATEROZ - 10 mg","ATEROZ - 10 mg (ً انذو ٌ ف ص ٌبدح انذهى)","Atorvastatin 10 mg Cardio Vascular","10 mg",tablet,حبة,شريط,30,"Bilim","Turkey","System drugs Hyperlipidaemias",44,1
a6194b87-1c06-47b8-8c52-0f06ad3544f2,MED-10289,"ATEROZ - 20 mg","ATEROZ - 20 mg (ً انذو ٌ ف ص ٌبدح انذهى)","atorvastatin 20 mg Cardio Vascular","20 mg",tablet,حبة,شريط,30,"Bilim","Turkey","System drugs Hyperlipidaemias",44,2
95625d71-c912-4c30-81d1-f78caeddb17f,MED-10290,"ATOR","ATOR (ً انذو ٌ ف ص ٌبدح انذهى)","Atorvastatin ( as Cardio Vascular atorvastatin calcium ) ......... 10 , 20 or 40 mg","40 mg",tablet,حبة,شريط,10,"EIPICO","Egypt","System drugs Hyperlipidaemias",44,3
bede209a-d765-48af-88bd-52621a42190c,MED-10292,"ATOR","ATOR (ً انذو ٌ ف ص ٌبدح انذهى)","Atorvastatin ( as Cardio Vascular atorvastatin calcium ) . 10 mg / tab","10 mg",tablet,حبة,شريط,10,"EIPICO","Egypt","System drugs Hyperlipidaemias",44,5
a1fc14ef-a398-4c98-80e4-d29306f71c2b,MED-10293,"Atoris","Atoris (ً انذو ٌ ف ص ٌبدح انذهى)","Atorvastatin ( as Cardio Vascular atorvastatin calcium ) . 40 mg / tab","40 mg",tablet,حبة,شريط,30,"KRKA","India","System drugs Hyperlipidaemias",44,6
f5d9e101-ecd3-45db-8a02-305a105e5fc8,MED-10294,"Atoris","Atoris (ً انذو ٌ ف ص ٌبدح انذهى)","Atorvastatin ( as Cardio Vascular atorvastatin calcium ) . 10 mg / tab","10 mg",tablet,حبة,شريط,30,"KRKA","India","System drugs Hyperlipidaemias",44,7
06e185ea-faef-435b-8311-5f2852f5ae93,MED-10295,"Atoris","Atoris (ً انذو ٌ ف ص ٌبدح انذهى)","Atorvastatin ( as Cardio Vascular atorvastatin calcium ) . 20 mg / tab","20 mg",tablet,حبة,شريط,30,"KRKA","India","System drugs Hyperlipidaemias",45,1
3e82cd61-1ab6-47fa-8120-6dba8d42172d,MED-10296,"Atorlip - 10","Atorlip - 10 (ً انذو ٌ ف ص ٌبدح انذهى)","atorvastatin 10 mg Cardio Vascular","10 mg",tablet,حبة,شريط,3,"CIPLA","India","System drugs Hyperlipidaemias",45,2
1096a5a7-3bc4-4ebc-82ea-96f3709ed3c8,MED-10297,"Atorlip - 20","Atorlip - 20 (ً انذو ٌ ف ص ٌبدح انذهى)","Atorvastatin Cardio Vascular Calcium 20 mg","20 mg",tablet,حبة,شريط,3,"CIPLA","India","System drugs Hyperlipidaemias",45,3
3902e4a3-4fe2-449f-8fc1-066da81707ff,MED-10298,"atorlip - 40 mg","atorlip - 40 mg (ً انذو ٌ ف ص ٌبدح انذهى)","atorvastatin 40 mg Cardio Vascular","40 mg",tablet,حبة,شريط,10,"CIPLA","India","System drugs Hyperlipidaemias",45,4
85af9f75-b95b-4dc0-808d-03a3f2251035,MED-10299,"Atorva 10","Atorva 10 (ً انذو ٌ ف ص ٌبدح انذهى)","Atorvastatin Cardio Vascular Calcium","",tablet,حبة,شريط,30,"Modern Pharama","Yemen","System drugs Hyperlipidaemias",45,5
bf3530c9-c89a-4ba1-89b5-1a6c97a3c435,MED-10300,"Atorva Plus","Atorva Plus (ً انذو ٌ ف ص ٌبدح انذهى)","Atorvastatin Cardio Vascular Calcium 10 mg + Ezetimibe 10 mg","10 mg",tablet,حبة,شريط,30,"Modern Pharama","Yemen","System drugs Hyperlipidaemias",45,6
f0034156-1400-4131-8ab3-ead071612ef5,MED-10301,"Atorva - 20 mg","Atorva - 20 mg (ً انذو ٌ ف ص ٌبدح انذهى)","atorvastatin 20 mg Cardio Vascular","20 mg",tablet,حبة,شريط,30,"Modern Pharama","Yemen","System drugs Hyperlipidaemias",45,7
cb29e70e-571f-4ae2-85ac-cbe2f2f1eb51,MED-10302,"Atorvast 20","Atorvast 20 (ً انذو ٌ ف ص ٌبدح انذهى)","Atorvastatin Cardio Vascular Calcium","",capsule,كبسولة,شريط,1,"JOSWE","Jordan","System drugs Hyperlipidaemias",46,1
dac70b0c-2250-49f8-809b-9dc75ef2beed,MED-10303,"atorvast - 20 mg","atorvast - 20 mg (ً انذو ٌ ف ص ٌبدح انذهى)","atorvastatin 20 mg Cardio Vascular","20 mg",capsule,كبسولة,شريط,1,"JOSWE","Jordan","System drugs Hyperlipidaemias",46,2
67674be6-ef6b-407e-82ed-9f2fa98afd7a,MED-10304,"atorvex - 20 mg","atorvex - 20 mg (ً انذو ٌ ف ص ٌبدح انذهى)","atorvastatin 20 mg Cardio Vascular","20 mg",tablet,حبة,شريط,30,"ASIA","Syria","System drugs Hyperlipidaemias",46,3
8527c45a-8af8-4a1a-86d6-82f969cc861b,MED-10305,"Atorvist - 10 mg","Atorvist - 10 mg (ً انذو ٌ ف ص ٌبدح انذهى)","Atorvastatin 10 Cardio Vascular mg / tablet","10 mg",tablet,حبة,شريط,30,"Shiba pharma","Yemen","System drugs Hyperlipidaemias",46,4
89a3fd0d-c96b-4113-8145-6e9e65c9c3c3,MED-10306,"Atorvist - 20 mg","Atorvist - 20 mg (ً انذو ٌ ف ص ٌبدح انذهى)","Atorvastatin 20 Cardio Vascular mg / tablet","20 mg",tablet,حبة,شريط,30,"Shiba pharma","Yemen","System drugs Hyperlipidaemias",46,5
1a432c4a-f276-495b-83a4-a5f12c189157,MED-10307,"Atraprim DS","Atraprim DS (Infections األصبثبد انجكت ٍش ٌخ)","Trimethoprim/Sulf amethoxazole (Co-trimoxazole)","",tablet,حبة,شريط,10,"Unknown","Unknown","Antibacterial Bacterial",46,6
be4d0048-9dee-4e51-880a-14cb48ade738,MED-10308,"Atropine sulphate","Atropine sulphate (General انتخذ ٌش انؼبو)","Atropine Central Nervous","",injection,أمبولة,باكت,1,"MISR","Egypt","system drugs Anaesthetics",46,7
71c9642c-c32c-4306-8c73-7f589dc84b42,MED-10309,"Atrovist 10 mg","Atrovist 10 mg (ً انذو ٌ ف ص ٌبدح انذهى)","Atorvastatin 10 Cardio Vascular mg","10 mg",tablet,حبة,شريط,30,"Shiba pharma","Yemen","System drugs Hyperlipidaemias",47,1
56d6f904-1e84-4fc8-8f6b-73b8e1faa7e4,MED-10310,"Atrovist 20 mg","Atrovist 20 mg (ً انذو ٌ ف ص ٌبدح انذهى)","Atorvastatin 20 Cardio Vascular mg / tablet","20 mg",tablet,حبة,شريط,30,"Shiba pharma","Yemen","System drugs Hyperlipidaemias",47,2
57419be9-a86c-4e55-8cc7-3fb4ee916c1a,MED-10311,"Atrovist 40 mg","Atrovist 40 mg (ً انذو ٌ ف ص ٌبدح انذهى)","Atorvastatin 40 Cardio Vascular mg / tablet","40 mg",tablet,حبة,شريط,10,"Shiba pharma","Yemen","System drugs Hyperlipidaemias",47,3
a00937ed-0c27-470a-8977-cc4b8adfc6ef,MED-10312,"Augma 325 mg","Augma 325 mg (Microbial Infections)","Amoxicillin 200 mg + Clavulanate Potassium 125 mg = 325 mg / tablet","325 mg",tablet,حبة,شريط,20,"YEDCO","Yemen","Antibiotics ًٍكشوث ٍخ األصبثبد ان",47,4
ec040be7-96e5-4206-84db-bf68615ab9eb,MED-10313,"Augma 625 mg","Augma 625 mg (Microbial Infections)","Amoxicillin 500 mg + Clavulanate Potassium 125 mg = 625 mg / tablet","625 mg",tablet,حبة,شريط,20,"YEDCO","Yemen","Antibiotics ًٍكشوث ٍخ األصبثبد ان",47,5
03634c32-95df-4f47-8d6c-cc9895a2b9e8,MED-10314,"Augmaclav 1000","Augmaclav 1000 (Microbial Infections)","Amoxicillin 875 mg + Clavulanate Potassium 125 mg","875 mg",tablet,حبة,شريط,15,"Global Pharma","Yemen","Antibiotics ًٍكشوث ٍخ األصبثبد ان",47,6
c839e7f1-2030-4976-8632-1cbd2b675d6c,MED-10315,"Augmaclav 156","Augmaclav 156 (Microbial Infections)","Amoxicillin + Clavulanate Potassium 156 mg / 5 ml","156 mg / 5 ml",suspension,مل,قارورة,100,"Global Pharma","Yemen","Antibiotics ًٍكشوث ٍخ األصبثبد ان",47,7
da5f8d42-beaf-4d29-85f8-7282a3689bd4,MED-10316,"Augmaclav 312","Augmaclav 312 (Microbial Infections)","Amoxicillin + Clavulanate Potassium 312 mg / 5 ml","312 mg / 5 ml",suspension,مل,قارورة,100,"Global Pharma","Yemen","Antibiotics ًٍكشوث ٍخ األصبثبد ان",48,1
fe7261b9-b517-462d-8195-56488bf3b5d4,MED-10317,"Augmaclav 62.5","Augmaclav 62.5 (Microbial Infections)","Amoxicillin + Clavulanate Potassium 62.5 mg / 5 ml","62.5 mg / 5 ml",drops,مل,قطارة,20,"Global Pharma","Yemen","Antibiotics ًٍكشوث ٍخ األصبثبد ان",48,2
413d961a-38ff-4b4c-8963-000f166fefc9,MED-10318,"Augmaclav 625","Augmaclav 625 (Microbial Infections)","Amoxicillin 500 mg + Clavulanate Potassium 125 mg","500 mg",tablet,حبة,شريط,20,"Global Pharma","Yemen","Antibiotics ًٍكشوث ٍخ األصبثبد ان",48,3
85b06cae-d172-4408-86f7-59384fac142b,MED-10319,"AUGMEN","AUGMEN (Microbial Infections)","( Amoxicillin + clavulanate acid 457 mg / 5 ml","457 mg / 5 ml",syrup,مل,قارورة,80,"Modern Pharama","Yemen","Antibiotics ًٍكشوث ٍخ األصبثبد ان",48,4
5b491547-6d06-4f60-8938-7105525586ec,MED-10320,"AUGMEN","AUGMEN (Microbial Infections)","Amoxicillin 125 mg + Clavulanate Potassium 31 mg = 156 mg / 5 ml","125 mg",syrup,مل,قارورة,100,"Modern Pharama","Yemen","Antibiotics ًٍكشوث ٍخ األصبثبد ان",48,5
7a3a4af3-1a46-4e09-8101-0634763abad5,MED-10321,"AUGMEN","AUGMEN (Microbial Infections)","Amoxycillin 50 mg + Clavulanic acid 12.5 mg = 62.5 mg / ml","50 mg",drops,مل,قطارة,1,"Modern Pharama","Yemen","Antibiotics ًٍكشوث ٍخ األصبثبد ان",48,6
2e68da58-821a-4191-8403-c2182bd060bd,MED-10322,"Augmen 1000 mg","Augmen 1000 mg (Microbial Infections)","Amoxicillin 875 mg + Clavulanate Potassium 125 mg = 1000 mg / tablet","1000 mg",tablet,حبة,شريط,3,"Modern Pharama","Yemen","Antibiotics ًٍكشوث ٍخ األصبثبد ان",48,7
95d8156d-9d3c-4c88-884c-99e0b0fc65ab,MED-10323,"Augmentin 1 gm","Augmentin 1 gm (Microbial Infections)","Amoxicillin 875 mg + Clavulanate Potassium 125 mg = 1000 mg / tablet","1 g",tablet,حبة,شريط,2,"gsk glaxosmithkline","UK","Antibiotics ًٍكشوث ٍخ األصبثبد ان",49,1
85bf5b1d-a713-4500-8092-71dc8dcba922,MED-10324,"Augmentin 625 mg","Augmentin 625 mg (Microbial Infections)","Amoxicillin/Clavu lanate Potassium","625 mg",tablet,حبة,شريط,2,"gsk glaxosmithkline","UK","Antibiotics ًٍكشوث ٍخ األصبثبد ان",49,2
97bce457-7380-484e-80c2-46bb380afd53,MED-10325,"AUGMITOP","AUGMITOP (َضالد انجشد)","Amoxicillin 500 mg + Clavulanate Potassium 125 mg = 625 mg / tablet","500 mg",drops,مل,قطارة,15,"Global Pharma","Yemen","Respiratory drugs Common Cold",49,3
e86dd61b-3e7f-447d-8e02-0efb55faeaea,MED-10326,"AUGMITOP","AUGMITOP (Microbial Infections)","Amoxicillin 500 mg + Clavulanate Potassium 125 mg = 625 mg / tablet","500 mg",tablet,حبة,شريط,20,"Y.E.PHARMA","Yemen","Antibiotics ًٍكشوث ٍخ األصبثبد ان",49,4
6499e877-3b79-4ebe-8822-b1fa7f448aa6,MED-10327,"Augmoks","Augmoks (Microbial Infections)","156 mg / 5 ml Amoxicillin 125 mg + Clavulanate Potassium 31.25 mg","156 mg / 5 ml",suspension,مل,قارورة,100,"Shaphaco","Yemen","Antibiotics ًٍكشوث ٍخ األصبثبد ان",49,5
e234baaf-6ebc-4a8d-8746-fd65d4559c7d,MED-10328,"Augmoks","Augmoks (Microbial Infections)","312 mg / 5 ml Amoxicillin 250 mg + Clavulanate Potassium 62.5 mg","312 mg / 5 ml",suspension,مل,قارورة,100,"Shaphaco","Yemen","Antibiotics ًٍكشوث ٍخ األصبثبد ان",49,6
50202c83-bb61-4f6a-86a7-7b5865565727,MED-10329,"Augmoks","Augmoks (Microbial Infections)","62.5 mg / 1 ml Amoxicillin 50 mg + Clavulanate Potassium 12.5 mg","62.5 mg / 1 ml",syrup,مل,قارورة,1,"Shaphaco","Yemen","Antibiotics ًٍكشوث ٍخ األصبثبد ان",49,7
7fe61c59-14d5-4212-82dc-557e724a91c8,MED-10330,"Augmoks 1 gm","Augmoks 1 gm (Microbial Infections)","Amoxicillin 875 mg + Clavulanate Potassium 125 mg","1 g",tablet,حبة,شريط,14,"Shaphaco","Yemen","Antibiotics ًٍكشوث ٍخ األصبثبد ان",50,1
668433e9-f381-4b47-89b7-54fe463b84b9,MED-10331,"Augmoks 625 mg","Augmoks 625 mg (Microbial Infections)","Amoxicillin 500 mg + Clavulanate Potassium 125 mg","625 mg",tablet,حبة,شريط,20,"Shaphaco","Yemen","Antibiotics ًٍكشوث ٍخ األصبثبد ان",50,2
0daf3278-41a8-44ae-8907-1d052b3d9a21,MED-10332,"Augmorix","Augmorix (Microbial Infections)","Amoxicillin 125 mg + Clavulanate Potassium 31 mg = 156 mg / 5 ml","125 mg",suspension,مل,قارورة,100,"Shiba pharma","Yemen","Antibiotics ًٍكشوث ٍخ األصبثبد ان",50,3
294d6adb-de36-43bf-8178-e09331c53b5e,MED-10333,"Augmorix","Augmorix (Microbial Infections)","Amoxicillin 250 mg + Clavulanate Potassium 62 = 312 mg / 5 ml","250 mg",suspension,مل,قارورة,100,"Shiba pharma","Yemen","Antibiotics ًٍكشوث ٍخ األصبثبد ان",50,4
9d4918e3-2d1d-4fde-8f4b-5ae9c20040e6,MED-10334,"Augmorix","Augmorix (Microbial Infections)","Amoxicillin 500 mg + Clavulanate Potassium 125 mg = 625 mg / tablet","500 mg",tablet,حبة,شريط,20,"Shiba pharma","Yemen","Antibiotics ًٍكشوث ٍخ األصبثبد ان",50,5
3d9116da-4806-4be6-8a7a-d22f179a53b8,MED-10335,"Augmorix 1 gm","Augmorix 1 gm (Microbial Infections)","Amoxicillin 875 mg + Clavulanate Potassium 125 mg = 1000 mg / tablet","1 g",tablet,حبة,شريط,14,"Shiba pharma","Yemen","Antibiotics ًٍكشوث ٍخ األصبثبد ان",50,6
dc1868d7-79ba-488a-86ee-e82ea7c1df32,MED-10336,"Auropodox 200","Auropodox 200 (Microbial Infections)","Cefpodoxime Proxetil","",other,وحدة,علبة,1,"Aurobindo","Unknown","Antibiotics ًٍكشوث ٍخ األصبثبد ان",50,7
dc740854-a197-4e96-8950-edd5a8c93f97,MED-10337,"Auroxone","Auroxone (Infections األصبثبد انجكت ٍش ٌخ)","Ceftriaxone Sodium","",injection,أمبولة,باكت,1,"Aurobindo","Unknown","Antibacterial Bacterial",51,1
f5ea0ad6-1208-4620-86de-4e0c7b915a78,MED-10338,"Auxime","Auxime (Infections األصبثبد انجكت ٍش ٌخ)","Cefotaxime Sodium","",injection,أمبولة,باكت,1,"Aurobindo","Unknown","Antibacterial Bacterial",51,2
2d472575-2cf6-491f-8c9d-76d9cb9448fd,MED-10339,"Avalox","Avalox (Infections األصبثبد انجكت ٍش ٌخ)","Moxifloxacin HCl","",tablet,حبة,شريط,1,"BAYER","Unknown","Antibacterial Bacterial",51,3
53642086-4d7e-4e51-8716-af886dc382c9,MED-10340,"Avazir","Avazir","Tobramycin 0.3%","0.3%",suspension,مل,قارورة,10,"Orchidia Pharma","Egypt","Antibiotics Eye ٍٍ انؼ",51,4
a2cfab1b-57c7-4715-8bb7-9c541f9a3186,MED-10341,"AVIFLOX 200","AVIFLOX 200 (Infections األصبثبد انجكت ٍش ٌخ)","Ofloxacin 200 mg","200 mg",tablet,حبة,شريط,10,"RFA","Yemen","Antibacterial Bacterial",51,5
eb5b37d2-7244-4748-84c1-4012d00af766,MED-10342,"AVIFLOX 400","AVIFLOX 400 (Gardiasis جبسد ٌب واي ٍج ٍب)","Ofloxacin 400 mg","400 mg",tablet,حبة,شريط,10,"RFA","Yemen","Antiprtozoal Amoebiasis ,",51,6
b40b1c0c-04fe-4cae-8869-9128e593439e,MED-10343,"AVOCAINE DPRAY","AVOCAINE DPRAY (Local انتخذ ٌش ً ان ًىضؼ)","lidocaine Central Nervous","",spray,بخة,علبة,50,"Avalon Pharma","Unknown","system drugs Anaesthetics",51,7
f641c2bf-79fe-4dab-8131-e54907e7550a,MED-10344,"AXIN","AXIN (C)","Unknown Central Nervous","",tablet,حبة,شريط,10,"Unknown","Unknown","system drugs NEUROTROPHI",52,1
7a8d4bd2-3d47-46c2-8409-0ac58755802c,MED-10345,"Axomax","Axomax (Infections األصبثبد انجكت ٍش ٌخ)","Ceftriaxone Sodium","",other,وحدة,علبة,1,"Unknown","Unknown","Antibacterial Bacterial",52,2
26952fd5-d038-4aae-8c3e-151f36b34ce2,MED-10346,"Azee","Azee (Microbial Infections)","Azithromycin 200 mg / 5 ml","200 mg / 5 ml",suspension,مل,قارورة,1,"CIPLA","India","Antibiotics ًٍكشوث ٍخ األصبثبد ان",52,3
8d0b0a8d-09aa-4318-85d4-13355fc5c307,MED-10347,"Aziatop Control","Aziatop Control (ان ًؼذح)","Pantoprazole","",capsule,كبسولة,شريط,14,"ELEA","Argentina","Gastro Intestinal drugs Peptic ulcer لشحخ",52,4
ba02707e-98e9-41b2-845e-7cf3ae078f12,MED-10348,"AZICIN 250","AZICIN 250 (Microbial Infections)","Azithromycin 250 mg","250 mg",tablet,حبة,شريط,6,"RFA","Yemen","Antibiotics ًٍكشوث ٍخ األصبثبد ان",52,5
b97ba848-3c7b-4e9b-867f-a9bb7e8f29df,MED-10349,"AZICIN 500","AZICIN 500 (Microbial Infections)","Azithromycin 500 mg","500 mg",tablet,حبة,شريط,3,"RFA","Yemen","Antibiotics ًٍكشوث ٍخ األصبثبد ان",52,6
08dcee28-8449-4ebd-871e-2174bc7214aa,MED-10350,"Azicure 500","Azicure 500 (Microbial Infections)","Azithromycin 500 mg","500 mg",tablet,حبة,شريط,3,"Shaphaco","Yemen","Antibiotics ًٍكشوث ٍخ األصبثبد ان",52,7
e56ef411-d19b-4015-84dc-3a7bdb8322f9,MED-10351,"Azifort","Azifort (Microbial Infections)","Azithromycin 250 mgl","250 mg",capsule,كبسولة,شريط,6,"YEDCO","Yemen","Antibiotics ًٍكشوث ٍخ األصبثبد ان",53,1
9b276920-ad28-4b98-86d3-4309ec04c607,MED-10352,"Azilide","Azilide (Microbial Infections)","Azithromycin","",other,وحدة,علبة,1,"Unknown","Unknown","Antibiotics ًٍكشوث ٍخ األصبثبد ان",53,2
b6ba1c50-0e88-43fb-89cb-40df63e8b310,MED-10353,"Azimax","Azimax (Microbial Infections)","Azithromycin","",capsule,كبسولة,شريط,1,"CIPLA","India","Antibiotics ًٍكشوث ٍخ األصبثبد ان",53,3
452d1c51-78e0-44e7-8049-9636eaf8b198,MED-10354,"Azithrex - 500","Azithrex - 500 (Microbial Infections)","Azithromycin 500 mg / cap","500 mg",capsule,كبسولة,شريط,1,"LABORATE","India","Antibiotics ًٍكشوث ٍخ األصبثبد ان",53,4
affb44af-d1fc-498c-8d22-b892b3e899bd,MED-10355,"Azithrocine","Azithrocine (Microbial Infections)","Azithromycin","",capsule,كبسولة,شريط,6,"Unknown","Unknown","Antibiotics ًٍكشوث ٍخ األصبثبد ان",53,5
dfe54ca3-fd20-4d5d-889d-cd725d649461,MED-10356,"Azithrokern","Azithrokern (Microbial Infections)","Azithromycin 200 mg / 5 ml","200 mg / 5 ml",suspension,مل,قارورة,15,"KERN pharma","Korea","Antibiotics ًٍكشوث ٍخ األصبثبد ان",53,6
e1b2a6b2-0be1-44cd-8aaf-0855ec19fd3d,MED-10357,"Azmavent","Azmavent (Asthma انشثى ً انشؼج)","Salbutamol 2 mg / 5 ml","2 mg / 5 ml",syrup,مل,قارورة,100,"Global Pharma","Yemen","Respiratory drugs Bronchial",53,7
4507a52b-743f-45f0-8475-6f513454045a,MED-10358,"Azmavent","Azmavent (Asthma انشثى ً انشؼج)","Salbutamol l","",syrup,مل,قارورة,100,"Global Pharma","Yemen","Respiratory drugs Bronchial",54,1
3c23ea26-3af8-4368-8e99-1faa10724718,MED-10359,"Azmex","Azmex (Disorders اضطشاثبد انجهبص ً انت ُفغ)","Guaifenesin+Bro mohexine +Terbutaline","",syrup,مل,قارورة,100,"ALPHA","Syria","Respiratory drugs Respiratory",54,2
86c98d62-a988-4301-850f-51b73d1974b2,MED-10360,"Azoflox","Azoflox (Infections األصبثبد انجكت ٍش ٌخ)","Ofloxacin","",other,وحدة,علبة,1,"Avenzor","Syria","Antibacterial Bacterial",54,3
5abd3ee9-9be1-4cd0-8e6e-062484d89786,MED-10361,"AZOL","AZOL (ٌ انشبئؼخ انذ ٌذا)","Albendazole 100 mg / 5 ml","100 mg / 5 ml",suspension,مل,قارورة,20,"Modern Pharama","Yemen","Anthelmentic Common Worms",54,4
689ee3af-fe6d-455f-8152-075ddcd91698,MED-10362,"AZOL","AZOL (ٌ انشبئؼخ انذ ٌذا)","Albendazole 200 mg / tab","200 mg",tablet,حبة,شريط,2,"Modern Pharama","Yemen","Anthelmentic Common Worms",54,5
1fcea8b4-3ac2-473b-858c-20aed7c3f3a7,MED-10363,"Azonit-D","Azonit-D (األنتهبثبد انجذنذ ٌخ)","Isoconazole","",cream,أنبوب,علبة,20,"Pharma International","Jordan","Antifungals Dermatitis",54,6
1ab9d63e-5c02-4d36-847d-925bce7bb1b3,MED-10364,"Azro 500","Azro 500 (Microbial Infections)","Azithromycin","",other,وحدة,علبة,1,"Unknown","Unknown","Antibiotics ًٍكشوث ٍخ األصبثبد ان",54,7
58c7bb31-f4c2-4119-8789-dd64b22edb07,MED-10365,"Azro Syrup","Azro Syrup (Microbial Infections)","Azithromycin","",syrup,مل,قارورة,15,"Zentiva","Unknown","Antibiotics ًٍكشوث ٍخ األصبثبد ان",55,1
bc7242b2-fb55-4b4e-8d2f-8e18fb672426,MED-10366,"Azro Tablets","Azro Tablets (Microbial Infections)","Azithromycin","",tablet,حبة,شريط,1,"Zentiva","Unknown","Antibiotics ًٍكشوث ٍخ األصبثبد ان",55,2
6f25dd3f-4b30-410a-8cbc-939b6f4e8819,MED-10367,"Azrolid","Azrolid (Microbial Infections)","Azithromycin","",tablet,حبة,شريط,1,"AMRIYA PHARMA","Egypt","Antibiotics ًٍكشوث ٍخ األصبثبد ان",55,3
eed6422e-cc5a-41bf-8932-64af0e8e0e1c,MED-10368,"Azromax","Azromax (Microbial Infections)","Azithromycin","",tablet,حبة,شريط,3,"Y.E.PHARMA","Yemen","Antibiotics ًٍكشوث ٍخ األصبثبد ان",55,4
9b386763-9bfc-4a26-8845-14518f2618de,MED-10369,"Azrotek","Azrotek (Microbial Infections)","Azithromycin 200 mg / 5 ml","200 mg / 5 ml",syrup,مل,قارورة,15,"Modern Pharama","Yemen","Antibiotics ًٍكشوث ٍخ األصبثبد ان",55,5
c69a4f44-27e3-49d2-8968-08b5fecb97fc,MED-10370,"Azrotek","Azrotek (Microbial Infections)","Azithromycin 200 mg / cap","200 mg",capsule,كبسولة,شريط,3,"Modern Pharama","Yemen","Antibiotics ًٍكشوث ٍخ األصبثبد ان",55,6
4521a57f-f4a4-483c-81c4-aad378aced3a,MED-10371,"Azrotek","Azrotek (Microbial Infections)","Azithromycin 500 mg / cap","500 mg",capsule,كبسولة,شريط,3,"Modern Pharama","Yemen","Antibiotics ًٍكشوث ٍخ األصبثبد ان",55,7
c5e52aab-439d-4b98-86c0-e4d996fa986b,MED-10372,"Baby Cone","Baby Cone (انهضى)","Simeticone (dimeticones)","",other,وحدة,علبة,15,"KANAWATI","Syria","Gastro Intestinal drugs Indigestion عىء",56,1
5052d3a9-67a3-4120-8313-39bb98624091,MED-10373,"BABY RELEF","BABY RELEF (األوجبع)","Diclofenac Sodium","",other,وحدة,علبة,5,"PHARCO","Egypt","Non-Steroidal Anti- Analgesic يهذئبد",56,2
d6600560-99f5-4f73-86d4-12892b2b0999,MED-10374,"Bactall 500","Bactall 500 (Infections األصبثبد انجكت ٍش ٌخ)","Ciprofloxacin*","",tablet,حبة,شريط,1,"JPM","Jordan","Antibacterial Bacterial",56,3
9a267359-c2cd-48fa-8565-c0445bd36dd2,MED-10375,"BACTOX 500 mg","BACTOX 500 mg (Microbial Infections)","Amoxicillin*","500 mg",capsule,كبسولة,شريط,10,"INNOTECH","France","Antibiotics ًٍكشوث ٍخ األصبثبد ان",56,4
cca4ff17-54f8-4472-8001-b4cb426197c1,MED-10376,"Bactrim","Bactrim (Infections األصبثبد انجكت ٍش ٌخ)","Trimethoprim/Sulf amethoxazole (Co-trimoxazole)","",syrup,مل,قارورة,100,"ROCHE","Germany","Antibacterial Bacterial",56,5
f998e280-5142-47e1-8925-e35dd305a46c,MED-10377,"Bactrim","Bactrim (Infections األصبثبد انجكت ٍش ٌخ)","Sulfamethoxazole 200 +","",other,وحدة,علبة,1,"Unknown","Unknown","Antibacterial Bacterial",56,6
00fe3457-62f5-4f16-8e4d-3fdfee37a780,MED-10378,"Bactroban","Bactroban (األنتهبثبد انجذنذ ٌخ)","Mupirocin","",cream,أنبوب,علبة,15,"gsk glaxosmithkline","UK","Antibiotics Dermatitis",56,7
d0014fc4-d7d4-4c65-86b7-19503eedc6e5,MED-10379,"Baldol","Baldol (األيشاض انؼمه ٍخ)","Haloperidol tablet Central Nervous 5 mg","5 mg",tablet,حبة,شريط,20,"BALSAM","Syria","system drugs Mental Disorders",57,1
1e9fd540-1bee-48d2-8a67-ff27a9ee83f0,MED-10380,"Baldol Tablets","Baldol Tablets (األيشاض انؼمه ٍخ)","Haloperidol tablet Central Nervous 5 mg","5 mg",tablet,حبة,شريط,20,"BALSAM","Syria","system drugs Mental Disorders",57,2
90ed6164-b2e3-409f-831a-f368b7d81e90,MED-10381,"BALERGOT-C","BALERGOT-C (األوػ ٍخ انذيى ٌخ وانمهت)","Unknown Cardio Vascular","",tablet,حبة,شريط,20,"BALSAM","Syria","System drugs Cardio Vascular",57,3
613f874d-d09f-4e94-8671-ded1e4623c1e,MED-10382,"Bali","Bali (األنتهبثبد انجذنذ ٌخ)","Herbal extract","",other,وحدة,علبة,1,"Unknown","Unknown","Skin Disorders Dermatitis",57,4
b32ca388-f5a8-4813-8b89-025d1380a95e,MED-10383,"Balsam","Balsam (َضالد انجشد)","Herbal extract cough &common cold","",syrup,مل,قارورة,120,"SIGMA","Egypt","Respiratory drugs Common Cold",57,5
ba663fe7-87ca-44b6-8718-8b9271df4304,MED-10384,"BALSAMOL","BALSAMOL (Analgesic يهذئبد األوجبع وانح ًى)","Paracetamol 325 mg","325 mg",other,وحدة,علبة,10,"BALSAM","Syria","Non-Steroidal Anti- Antipyretic -",57,6
3ebf2c60-1ec1-4f91-865a-485be9d4ddba,MED-10385,"Balsoban","Balsoban (Spasm ٍ آالو انجط)","Hyoscine- N- Butylbromide","",tablet,حبة,شريط,100,"Unknown","Unknown","Gastro Intestinal drugs Abdominal",57,7
b131c741-b0ec-4c7d-8f0d-2edc4d8e1c63,MED-10386,"Baltan - 2","Baltan - 2 (disease يشض انشػبػ)","Benzhexol Central Nervous ( Trihexyphenidyl ) tablet 2 mg","2 mg",tablet,حبة,شريط,100,"BALSAM","Syria","system drugs Parkinson ' s",58,1
24125d19-5c9c-4b92-8659-17fb21c935d0,MED-10387,"Baltan - 5","Baltan - 5 (disease يشض انشػبػ)","Benzhexol ( Trihex Central Nervous yphenidyl ) tablet 5 mg","5 mg",tablet,حبة,شريط,100,"BALSAM","Syria","system drugs Parkinson ' s",58,2
eaedc7ef-2a17-4f26-80eb-fc69f440c4eb,MED-10388,"Banthoheal","Banthoheal (األنتهبثبد انجذنذ ٌخ)","Dexpanthenol 5 % w / w","5 %",ointment,أنبوب,علبة,30,"Global Pharma","Yemen","Skin Disorders Dermatitis",58,3
72e7190d-812b-468f-8813-b04b036876b4,MED-10389,"Barkacine","Barkacine (Disorders اضطشاثبد انجهبص ً انت ُفغ)","Bromhexine","",syrup,مل,قارورة,1,"BPI BARAKAT","Unknown","Respiratory drugs Respiratory",58,4
2f034f21-047c-4dec-8311-a67478b24f7d,MED-10390,"BATRIM","BATRIM (Infections األصبثبد انجكت ٍش ٌخ)","Sulphamethoxazol e 400 mg + Treimethoprim 80 mg","400 mg",tablet,حبة,شريط,20,"Modern Pharama","Yemen","Antibacterial Bacterial",58,5
84c3b274-5a90-4f4f-8469-e1db281b123e,MED-10391,"BATRIM","BATRIM (Infections األصبثبد انجكت ٍش ٌخ)","Sulphamethoxazol e 200 mg + Treimethoprim 40 mg / 5 ml","200 mg",suspension,مل,قارورة,60,"Modern Pharama","Yemen","Antibacterial Bacterial",58,6
401f5c29-6b52-46eb-8fe2-bcb970ef6579,MED-10392,"Batrim Forte","Batrim Forte (Infections األصبثبد انجكت ٍش ٌخ)","Sulphamethoxazol e 800 mg + Treimethoprim 160 mg / tablet","800 mg",tablet,حبة,شريط,10,"Modern Pharama","Yemen","Antibacterial Bacterial",58,7
f9f11657-d230-4353-82a7-08f5277b6d30,MED-10393,"B - Cor 2.5","B - Cor 2.5 (استفبع ضغظ انذو)","Bisoprolol Cardio Vascular Fumarate 2.5 mg","2.5 mg",tablet,حبة,شريط,30,"JOSWE","Jordan","System drugs Hypertension",59,1
97426f5f-e9a3-45de-8b72-e353b06dca8c,MED-10394,"Be Sure","Be Sure","Combination","",syrup,مل,قارورة,200,"PURITY Pharma","Unknown","Antiseptic and Desinfectants Antiseptic يطهشاد",59,2
93be2ebe-b533-47ac-8683-88c76a1fcd9a,MED-10395,"Beauty","Beauty","Combination","",syrup,مل,قارورة,250,"Unknown","Unknown","Antiseptic and Desinfectants Vaginal ان ًهجم",59,3
68793a8a-db80-4ba3-8732-8c9e24fc72e1,MED-10396,"Beclate 150","Beclate 150 (Asthma انشثى ً انشؼج)","Beclomethasone dipropionate 150 doses ( 50 mcg / dose )","50 mcg",spray,بخة,علبة,1,"CIPLA","India","Respiratory drugs Bronchial",59,4
05b0c8f9-61c4-48c5-8052-dd83cec093b5,MED-10397,"Beclate 200","Beclate 200 (Asthma انشثى ً انشؼج)","Beclomethasone dipropionate 150 metered doses ( …… )","",spray,بخة,علبة,1,"CIPLA","India","Respiratory drugs Bronchial",59,5
3b63e7f7-714a-48be-8d76-a83b88c868d6,MED-10398,"Beclate - 50","Beclate - 50 (Asthma انشثى ً انشؼج)","Beclometasone Dipropionate","",spray,بخة,علبة,200,"CIPLA","India","Respiratory drugs Bronchial",59,6
8681d68b-df85-4710-8aa1-6c101b8e7cf9,MED-10399,"Becovit","Becovit (Deficiency َمص ف ٍتبي ٍُبد)","Vit. B Complex","",capsule,كبسولة,شريط,30,"YEDCO","Yemen","Vitamines and Menirals Vitamins",59,7
8796c97b-b71f-4caf-8a61-0d95a77deed6,MED-10400,"Becovit","Becovit (Deficiency َمص ف ٍتبي ٍُبد)","Vit. B Complex","",syrup,مل,قارورة,100,"YEDCO","Yemen","Vitamines and Menirals Vitamins",60,1
4f670541-0fe6-4879-8a77-c198e600b9ca,MED-10401,"Becozem forte","Becozem forte (Deficiency َمص ف ٍتبي ٍُبد)","vitB 1 + vitB 6 + vitB 12","",tablet,حبة,شريط,20,"ASIA","Syria","Vitamines and Menirals Vitamins",60,2
29f02e21-74f6-41d5-842f-964d464e68c0,MED-10402,"becozyme forte","becozyme forte (Deficiency َمص ف ٍتبي ٍُبد)","vitB 1 15 mg + vitB 2 15 mg + vitB 1210 m icro gram + calcium pantothenate","15 mg",other,وحدة,علبة,1,"BAYER","Germany","Vitamines and Menirals Vitamins",60,3
fb85e37a-1cc4-4f78-84d3-a3f53dc886d4,MED-10403,"Becozyme forte","Becozyme forte (Deficiency َمص ف ٍتبي ٍُبد)","Vit. B Complex tablet.","",tablet,حبة,شريط,20,"Bayer","Germany","Vitamines and Menirals Vitamins",60,4
6140582c-d4af-4c1f-89a4-546ec10ccec4,MED-10404,"Belcid","Belcid (انهضى)","Each 15 ml contain Al ( OH ) 918 + Mg ( OH ) 300 + Simethicone 60 mg","15 ml",suspension,مل,قارورة,15,"Biolab","Unknown","Gastro Intestinal drugs Indigestion عىء",60,5
285c7d1d-d00d-46b4-826b-290371ad936e,MED-10405,"Belcid","Belcid (انهضى)","A combination of aluminium and magnesium hydroxides and sulfates.","",other,وحدة,علبة,1,"Unknown","Unknown","Gastro Intestinal drugs Indigestion عىء",60,6
2ee78d4f-5934-4b84-8ebd-0f00d0c5a322,MED-10406,"BELHACID","BELHACID (( Bilharziasis ) انجههبسع ٍب)","Praziquantel 600 mg","600 mg",tablet,حبة,شريط,4,"Modern Pharama","Yemen","Anthelmentic Schistosomiasis",60,7
61c93477-c116-43b3-885c-5cb55fbee1dd,MED-10407,"Bendex suspension","Bendex suspension (ٌ انشبئؼخ انذ ٌذا)","Albendazole","",suspension,مل,قارورة,10,"CIPLA","India","Anthelmentic Common Worms",61,1
3b8ab562-e0a5-499d-8de3-cb971895a89f,MED-10409,"Bendex - 400","Bendex - 400 (ٌ انشبئؼخ انذ ٌذا)","Albendazole","",tablet,حبة,شريط,20,"CIPLA","India","Anthelmentic Common Worms",61,3
b99cec99-055e-495c-80a2-79497d7f4bb6,MED-10410,"Bendoverm","Bendoverm (ٌ انشبئؼخ انذ ٌذا)","Albendazole 100 mg / 5 ml","100 mg / 5 ml",suspension,مل,قارورة,30,"Unknown","Unknown","Anthelmentic Common Worms",61,4
2296d373-fd8a-42ad-8c85-13625b4d38a8,MED-10411,"Bendoverm","Bendoverm (ٌ انشبئؼخ انذ ٌذا)","Albendazole","",tablet,حبة,شريط,6,"SIGMA","Egypt","Anthelmentic Common Worms",61,5
ea082650-02b1-4de3-8d78-09da33a7b88a,MED-10412,"BENOX","BENOX (Local انتخذ ٌش ً ان ًىضؼ)","Benoxinate Central Nervous Hydrochloride 0.4%","0.4%",syrup,مل,قارورة,10,"EIPICO","Egypt","system drugs Anaesthetics",61,6
a4532f70-aa69-40f1-895a-48599ecf3215,MED-10413,"Ben-Oxide mild","Ben-Oxide mild","Unknown","",ointment,أنبوب,علبة,30,"Domin pharma","Unknown","Skin Disorders Acne حت انشجبة",61,7
43840dfc-2c96-4d86-83bd-8676942c4610,MED-10414,"Benuron - 125","Benuron - 125 (Analgesic يهذئبد األوجبع وانح ًى)","Paracetamol supp , 125 mg .","125 mg",other,وحدة,علبة,10,"Bene- Arzneimittel","Germany","Nonsteroidal Anti- Antipyretic -",62,1
5d280d88-4431-4dca-83fc-52c8128a78f2,MED-10415,"Benuron - 250","Benuron - 250 (Analgesic يهذئبد األوجبع وانح ًى)","Paracetamol supp , 250 mg .","250 mg",other,وحدة,علبة,10,"Bene- Arzneimittel","Unknown","Nonsteroidal Anti- Antipyretic -",62,2
27adc7e2-5240-4c6d-8857-98aeb0a7c251,MED-10416,"Benzathine Penicillin","Benzathine Penicillin (Microbial Infections)","Penicillin G Benzathine 1,200,000 I . U","",injection,أمبولة,باكت,1,"Vitalis","USA","Antibiotics ًٍكشوث ٍخ األصبثبد ان",62,3
f0d5c03b-91bf-4edd-8fc9-45d065652cb4,MED-10417,"Benzathine Penicillin","Benzathine Penicillin (Microbial Infections)","Benzathine Benzylpenicillin","",injection,أمبولة,باكت,10,"Vitalis","USA","Antibiotics ًٍكشوث ٍخ األصبثبد ان",62,4
fef8826d-9a13-4fb0-89d0-da8d1dff4cc3,MED-10418,"BENZOL","BENZOL (ٌ انشبئؼخ انذ ٌذا)","Albendazole","",tablet,حبة,شريط,2,"Global Pharma","Unknown","Anthelmentic Common Worms",62,5
805cc78a-41b3-4e2b-850b-a37be5ce26bb,MED-10419,"BENZOL","BENZOL (ٌ انشبئؼخ انذ ٌذا)","Albendazole 100 mg / 5 ml","100 mg / 5 ml",suspension,مل,قارورة,20,"Global Pharma","Yemen","Anthelmentic Common Worms",62,6
6b7d7802-9a59-47f7-81a4-7d209d8bccfd,MED-10420,"Benzyl Benzoate","Benzyl Benzoate","Benzyl Benzoate","",other,وحدة,علبة,1,"Unknown","Unknown","Skin Disorders Scabies انجشة",62,7
9b4dff96-0bcc-4f89-89bf-4ff293b45b3b,MED-10421,"Bepanthen Plus","Bepanthen Plus","Dexpanthenol + Chlorhexidine Hydrochloride","",cream,أنبوب,علبة,1,"BAYER","Germany","Antiseptic and Desinfectants Antiseptic يطهشاد",63,1
8b4ac823-a35e-451a-8bd6-97ad1fe2003b,MED-10422,"Bepra","Bepra (ان ًؼذح)","Rabeprazole","",tablet,حبة,شريط,14,"GLOBAL NAPI","Egypt","Gastro Intestinal drugs Peptic ulcer لشحخ",63,2
8aa1dbf2-f478-4af1-83d2-887e81f7b437,MED-10423,"Beramol","Beramol (Analgesic يهذئبد األوجبع وانح ًى)","Paracetamol syrup 120 mg / 5 ml .","120 mg / 5 ml",syrup,مل,قارورة,60,"BMP","Thailand","Nonsteroidal Anti- Antipyretic -",63,3
627229d8-3c2f-4a58-8f80-f702c8045bff,MED-10424,"BERAMOL","BERAMOL (Analgesic يهذئبد األوجبع وانح ًى)","Paracetamol drops .. ./ 1 ml .","1 ml",drops,مل,قطارة,15,"BMP","Thailand","Nonsteroidal Anti- Antipyretic -",63,4
80eb3f3a-aa5a-43fd-8b0e-f675078137e7,MED-10425,"Betacin","Betacin (األنتهبثبد انجذنذ ٌخ)","Betamethasone 0.1 % w / w","0.1 %",cream,أنبوب,علبة,15,"Modern Pharama","Yemen","Corticosteroid Dermatitis",63,5
df5e887d-43bc-4898-8f6a-40857f67d748,MED-10426,"Betacin-N","Betacin-N (األنتهبثبد انجذنذ ٌخ)","Betamethasone 0.1 % w / w + neomysin sulphate 0.5% w / w","0.1 %",cream,أنبوب,علبة,15,"Modern Pharama","Yemen","Corticosteroid Dermatitis",63,6
4537b409-b91b-48a9-8270-2a36d7af710f,MED-10427,"Betacort","Betacort (األنتهبثبد انجذنذ ٌخ)","Betamethasone","",cream,أنبوب,علبة,15,"YEDCO","Yemen","Corticosteroid Dermatitis",63,7
bff38d64-b386-42f1-8ed6-b14a4be7bc9e,MED-10428,"Betacort","Betacort (األنتهبثبد انجذنذ ٌخ)","Betamethasone","",ointment,أنبوب,علبة,15,"YEDCO","Yemen","Corticosteroid Dermatitis",64,1
c76c40e6-c321-40f5-8f14-5dc9185391b0,MED-10429,"BETAGAN","BETAGAN","Levobunolol Cardio Vascular Hydrochloride 0.5%","0.5%",other,وحدة,علبة,1,"ALLERGAN","Denmark","System drugs Eye ٍٍ انؼ",64,2
6b6a97ab-1b7a-4857-8b2b-9bd273e33a5c,MED-10430,"Betaloc 100","Betaloc 100 (استفبع ضغظ انذو)","Metoprolol Cardio Vascular Fumarate","",tablet,حبة,شريط,28,"ASTRAZENEC A","Sweden","System drugs Hypertension",64,3
d01daf5e-6ac0-4643-8b17-3cce8afcc31e,MED-10431,"Betaloc 50 mg","Betaloc 50 mg (استفبع ضغظ انذو)","Metoprolol Cardio Vascular","50 mg",tablet,حبة,شريط,30,"ASTRAZENEC A","Sweden","System drugs Hypertension",64,4
72ecb179-669b-496a-85e2-ea08c5af9503,MED-10432,"BETAMOX","BETAMOX (Microbial Infections)","Amoxicillin Trihydrate 250 mg / 5 ml","250 mg / 5 ml",syrup,مل,قارورة,1,"Unknown","Unknown","Antibiotics ًٍكشوث ٍخ األصبثبد ان",64,5
3c2efe25-d468-4613-835c-851a35e2414c,MED-10433,"Betarose","Betarose (انغغىالد األ َثى ٌخ)","Combination","",syrup,مل,قارورة,120,"Panax pharma","Egypt","Health Care Feminine wash",64,6
a7560f92-2abd-4f3e-8005-3c778a5d2201,MED-10434,"Betaserc 16 mg","Betaserc 16 mg (انذوخخ)","Betahistine tablet 16 mg","16 mg",tablet,حبة,شريط,60,"ABBOTT","USA","Antihistamines Vertigo انذواس او",64,7
67a0d7a7-683f-4abc-8edf-aee666b1b2e1,MED-10435,"Betaserc 8 mg","Betaserc 8 mg (انذوخخ)","Betahistine Hydrochloride 8 mg","8 mg",tablet,حبة,شريط,100,"ABBOTT","USA","Antihistamines Vertigo انذواس او",65,1
dacf4e5f-9e05-4485-89bc-1b42cb8b1cc9,MED-10436,"Betasone oin","Betasone oin (األنتهبثبد انجذنذ ٌخ)","Betamethasone","",ointment,أنبوب,علبة,15,"Julphar","UAE","Corticosteroid Dermatitis",65,2
0ca22014-a445-424c-80b6-5d153966e49d,MED-10437,"Betaval","Betaval (األنتهبثبد انجذنذ ٌخ)","Betamethasone","",other,وحدة,علبة,1,"Unknown","Unknown","Corticosteroid Dermatitis",65,3
7b12c3f3-a78c-45be-8320-db83f7a641d0,MED-10438,"Betaval-N","Betaval-N (األنتهبثبد انجذنذ ٌخ)","Betamethasone 0.1% + Neomycin 0.5%","0.1%",ointment,أنبوب,علبة,15,"A.P.M","Jordan","Corticosteroid Dermatitis",65,4
1db204a4-d19e-4bb7-8676-4936ecd318be,MED-10439,"Betnocin","Betnocin (األنتهبثبد انجذنذ ٌخ)","Betamethasone o . 1 %","1 %",cream,أنبوب,علبة,15,"Global Pharma","Yemen","Corticosteroid Dermatitis",65,5
fe03e668-3c6e-4234-8e6c-dbe2652e5f67,MED-10440,"Betnocin","Betnocin (األنتهبثبد انجذنذ ٌخ)","Betamethasone","",ointment,أنبوب,علبة,15,"Global Pharma","Unknown","Corticosteroid Dermatitis",65,6
c8f72491-09c1-47fc-8503-3d1a0f1316a2,MED-10441,"Betnocin","Betnocin (األنتهبثبد انجذنذ ٌخ)","Betamethasone 0.1%","0.1%",other,وحدة,علبة,1,"Unknown","Unknown","Corticosteroid Dermatitis",65,7
b1fd7fbe-dcbf-4d69-8ab0-66fcf36e322e,MED-10442,"Betocin","Betocin (األنتهبثبد انجذنذ ٌخ)","Betamethasone 0.1 % w / w","0.1 %",ointment,أنبوب,علبة,15,"Global Pharma","Yemen","Corticosteroid Dermatitis",66,1
ee9cdf0d-b2f7-4635-80c8-70b0f6922083,MED-10443,"Betocin-N","Betocin-N (األنتهبثبد انجذنذ ٌخ)","Betamethasone 0.1 % w / w + Neomycin sulphate 0.5 % w / w","0.1 %",ointment,أنبوب,علبة,15,"Global Pharma","Yemen","Corticosteroid Dermatitis",66,2
2edbc47d-3066-4738-8d7f-1c2ddd7055a4,MED-10444,"Betocin-N","Betocin-N (األنتهبثبد انجذنذ ٌخ)","Betamethasone 0.1 % w / w + Neomycin sulphate 0.5 % w / w","0.1 %",cream,أنبوب,علبة,15,"Global Pharma","Yemen","Corticosteroid Dermatitis",66,3
d8e8c379-2d20-4a63-8220-f83ef5bdb391,MED-10445,"Betonate","Betonate (األنتهبثبد انجذنذ ٌخ)","Betamethasone 0.1 % + Neomycin sulphate 0.5 %","0.1 %",cream,أنبوب,علبة,15,"Shaphaco","Yemen","Corticosteroid Dermatitis",66,4
75e20069-1517-4b24-8e11-04501c13186c,MED-10446,"Betonate","Betonate (األنتهبثبد انجذنذ ٌخ)","Betamethasone 0.1 %","0.1 %",ointment,أنبوب,علبة,15,"Shaphaco","Yemen","Corticosteroid Dermatitis",66,5
609a00e3-a25b-41fb-8f38-76c2f398df7a,MED-10448,"Betonate-N","Betonate-N (األنتهبثبد انجذنذ ٌخ)","Betamethasone 0.1% + Neomycin 0.5%","0.1%",ointment,أنبوب,علبة,15,"Shaphaco","Yemen","Corticosteroid Dermatitis",66,7
eeab277b-db3b-4a0f-892b-aabda6ce60d9,MED-10449,"Bezol","Bezol (ٌ انشبئؼخ انذ ٌذا)","Albendazole 100 mg / 5 ml","100 mg / 5 ml",suspension,مل,قارورة,10,"Shaphaco","Yemen","Anthelmentic Common Worms",67,1
4665443b-a640-4fa1-8d0b-537c4a48e10d,MED-10450,"BEZOL 200","BEZOL 200 (ٌ انشبئؼخ انذ ٌذا)","Albendazole 200 mg","200 mg",tablet,حبة,شريط,2,"Shaphaco","Yemen","Anthelmentic Common Worms",67,2
2b6b9c69-f910-4607-87ed-d99660a4fc27,MED-10451,"BEZOL 400","BEZOL 400 (ٌ انشبئؼخ انذ ٌذا)","Albendazole 400 mg / tablet","400 mg",tablet,حبة,شريط,1,"Shaphaco","Yemen","Anthelmentic Common Worms",67,3
9bc710c8-4a5c-42e5-848b-60f09bb1758a,MED-10452,"Bifed","Bifed (َضالد انجشد)","Pseudoephedrine 30 mg + Triprolidine 1.25 mg / 5 ml","30 mg",syrup,مل,قارورة,100,"Shiba pharma","Yemen","Respiratory drugs Common Cold",67,4
ea1e862a-481f-4953-81af-926379021b33,MED-10453,"Bifed-D","Bifed-D (َضالد انجشد)","Pseudoephedrine 30 mg + Triprolidine 1.25 mg + Dextromethorphan 10 mg / 5 ml","30 mg",syrup,مل,قارورة,100,"Shiba pharma","Yemen","Respiratory drugs Common Cold",67,5
709158f1-cb2a-4539-88a9-b5caf61aac32,MED-10454,"Bifed-E","Bifed-E (َضالد انجشد)","Pseudoephedrine+ Triprolidine+Guai phenesin","",syrup,مل,قارورة,100,"Shiba pharma","Yemen","Respiratory drugs Common Cold",67,6
7e41c983-5dde-4b0e-88df-f62ff3f98d8b,MED-10455,"Bilichol cap","Bilichol cap (انهضى)","alphapinine +beta pinine +broneol+cineol","",capsule,كبسولة,شريط,24,"PHARCO","Egypt","Gastro Intestinal drugs Indigestion عىء",67,7
99ecf17d-1110-4adf-88ab-0a291853d3a6,MED-10456,"Bio-Cal","Bio-Cal (انتهبثبد انؼظبو)","Ca+ Vit D","",tablet,حبة,شريط,60,"OSHINE","Unknown","Vitamines and Menirals Osteoarthritis",68,1
4cae1f65-a501-4de9-8ee0-be496c9a157f,MED-10457,"Bio-Cal","Bio-Cal (انتهبثبد انؼظبو)","calcium 200 mg , Aquamin 666.67 mg , vit D 3 100 I . U / tab .","200 mg",tablet,حبة,شريط,60,"Shine unk","","Vitamines and Menirals Osteoarthritis",68,2
03ffd519-4962-42a2-843a-7ef71a11e659,MED-10458,"Biocide","Biocide","Combination","",syrup,مل,قارورة,1,"BioHEALTH","Unknown","Antiseptic and Desinfectants Vaginal ان ًهجم",68,3
6ffdbfe8-3ae9-45d4-852c-fb3fcfade333,MED-10459,"Biodal","Biodal (Deficiency َمص ف ٍتبي ٍُبد)","Vit . D 5000 I . U , 50000 I . U","",tablet,حبة,شريط,30,"Unknown","Unknown","Vitamines and Menirals Vitamins",68,4
344a6054-9ebc-4fda-890c-ee50a29bb4d0,MED-10460,"BIOFAR","BIOFAR (انتهبثبد انؼظبو)","Calcium +Vitamin D + Vitamin C","",tablet,حبة,شريط,1,"SANS","Unknown","Vitamines and Menirals Osteoarthritis",68,5
bb090e82-7224-41be-8ff9-012b16949ad1,MED-10461,"Biofenid - 100","Biofenid - 100 (األوجبع)","Ketoprofen tablet 100 mg .","100 mg",tablet,حبة,شريط,30,"Biopharm","Yemen","NSAID Analgesic يهذئبد",68,6
1d2e1a6f-ed4f-44c8-8e80-57873b7873aa,MED-10462,"Biofloxin","Biofloxin (Infections األصبثبد انجكت ٍش ٌخ)","Ofloxacin*","",tablet,حبة,شريط,1,"BIOPHARM","Yemen","Antibacterial Bacterial",68,7
f5a86e28-48f2-41d0-83aa-e44dc749d6fb,MED-10463,"Biofloxin","Biofloxin (Infections األصبثبد انجكت ٍش ٌخ)","Ofloxacin 200 mg","200 mg",tablet,حبة,شريط,2,"BIOPHARM","Yemen","Antibacterial Bacterial",69,1
47175ae5-064b-4cb2-8704-78f79ba65a9c,MED-10464,"Biofreeze","Biofreeze (َضالد انجشد)","Menthol","",other,وحدة,علبة,55,"BIOFREEZE","Unknown","Respiratory drugs Common Cold",69,2
7054dcb0-c165-4570-8dec-d8c8e54e4520,MED-10465,"Biofreeze","Biofreeze (َضالد انجشد)","Menthol","",ointment,أنبوب,علبة,1,"BIOFREEZE","Unknown","Respiratory drugs Common Cold",69,3
6a7d6c54-620b-4cb3-8979-69bc6ca804c7,MED-10466,"Biogent","Biogent (Infections ًٍكشوث ٍخ األصبثبد ان انخط ٍشح)","Gentamicin Sulfate 80 mg / 2 ml","80 mg / 2 ml",injection,أمبولة,باكت,5,"YEDCO","Yemen","Antibiotics Serious M .",69,4
9fc64104-70e6-4480-8c48-33febdc2e96f,MED-10467,"BIOGRA","BIOGRA (ي ُشطبد ج ُغ ٍخ)","Sildenafil Citrate 50 mg / tablet","50 mg",tablet,حبة,شريط,4,"BIOPHARM","Yemen","Sex Stimulants Sex Stimulants",69,5
360f6f1c-f114-4a9e-8cbc-7475888b5083,MED-10468,"Biolid","Biolid (Local انتخذ ٌش ً ان ًىضؼ)","Lidocaine 3% Central Nervous","3%",ointment,أنبوب,علبة,30,"Unknown","Unknown","system drugs Anaesthetics",69,6
1ae593a2-6935-4e70-83a7-b93d8b74d0b6,MED-10469,"BIOLINC","BIOLINC (Infections ًٍكشوثبد انالهىائ ٍخ ان)","Lincomycin 600 mg / 2 ml","600 mg / 2 ml",injection,أمبولة,باكت,10,"BIOLINC","Unknown","Antibiotics Anaerobic",69,7
fdc3a047-3b87-43fc-8968-63856d1e8a77,MED-10470,"Biomol","Biomol (Analgesic يهذئبد األوجبع وانح ًى)","Paracetamol tablet 125 mg / 5 ml","125 mg / 5 ml",suspension,مل,قارورة,60,"Biopharm","Yemen","NSAID Antipyretic -",70,1
67f14d10-75b4-42d3-8090-c48587000b30,MED-10471,"Biomol Amp","Biomol Amp (Analgesic يهذئبد األوجبع وانح ًى)","Paracetamol 150 mg / 1 ml","150 mg / 1 ml",injection,أمبولة,باكت,5,"Biopharm","Yemen","NSAID Antipyretic -",70,2
f63620cd-c3a7-4bc5-8644-9b1a27cc597f,MED-10472,"Biomol Tablets","Biomol Tablets (Analgesic يهذئبد األوجبع وانح ًى)","Paracetamol tablet 500 mg .","500 mg",tablet,حبة,شريط,20,"Biopharm","Yemen","NSAID Antipyretic -",70,3
a0b15f62-8ba7-407d-8bca-0d5ab0626f74,MED-10473,"Biomol-Extra","Biomol-Extra (Analgesic يهذئبد األوجبع وانح ًى)","Paracetamol 500 mg + caffeine 65 mg per tablet .","500 mg",tablet,حبة,شريط,20,"BIOPHARM","Yemen","NSAID Antipyretic -",70,4
6ef00050-ac05-4114-8607-b7b8128278c2,MED-10474,"Biomox 250 mg","Biomox 250 mg (Microbial Infections)","Amoxicillin*","250 mg",suspension,مل,قارورة,80,"SEDICO","Egypt","Antibiotics ًٍكشوث ٍخ األصبثبد ان",70,5
8eeb4769-8da5-4154-8f6a-dedc4d6e2abf,MED-10475,"BIOMYCINE","BIOMYCINE","Tetracycline","",ointment,أنبوب,علبة,5,"Unknown","Unknown","Antibiotics Eye ٍٍ انؼ",70,6
0669bb0d-1545-4c80-8fab-5f50eb9e329b,MED-10476,"Biophage","Biophage (أيشاض انغكشي)","Metformin HCL 500 mg","500 mg",tablet,حبة,شريط,20,"BIOPHARM","Yemen","Antidiabetics Diabetes Mellitus",70,7
6d4e8795-8ff0-4f6c-8eeb-1420e2b3b522,MED-10477,"bioramipril","bioramipril (استفبع ضغظ انذو)","Ramipril Cardio Vascular","",capsule,كبسولة,شريط,30,"BIOME","Unknown","System drugs Hypertension",71,1
32853f8d-336a-4f69-88a0-4a38fab2fd7b,MED-10478,"Biospan","Biospan (Spasm ٍ آالو انجط)","Hyoscine - N - Butylbromide 10 mg","10 mg",tablet,حبة,شريط,20,"BIOPHARM","Yemen","Gastro Intestinal drugs Abdominal",71,2
196c5925-dd68-4646-8367-c7ebf8a10334,MED-10479,"biospn","biospn (Spasm ٍ آالو انجط)","Hyoscine - N - Butylbromide 20 mg / 1 ml","20 mg / 1 ml",injection,أمبولة,باكت,5,"BIOPHARM","Yemen","Gastro Intestinal drugs Abdominal",71,3
0180f4d4-0e29-4fdd-81f7-54adf0017b79,MED-10480,"Biostan Forte","Biostan Forte (األوجبع)","Mefenamic Acid tablet 500 mg","500 mg",tablet,حبة,شريط,20,"Biopharm","Yemen","NSAID Analgesic يهذئبد",71,4
4ff6f9c7-84fe-4647-873c-6dd7d3941ba3,MED-10481,"Bio-tase","Bio-tase (انهضى)","Enzyme digestion","",tablet,حبة,شريط,1,"Y.S.P.","Malaysia","Gastro Intestinal drugs Indigestion عىء",71,5
0238aae6-db88-4fcf-8b79-17767da1d5ee,MED-10482,"Bioxime","Bioxime (Infections األصبثبد انجكت ٍش ٌخ)","Cefuroxime 125 mg / 5 ml","125 mg / 5 ml",syrup,مل,قارورة,50,"Pharmacare","Yemen","Antibacterial Bacterial",71,6
e21fcf7a-6390-4512-891f-cce246abd4fe,MED-10483,"Bioxime 250","Bioxime 250 (Infections األصبثبد انجكت ٍش ٌخ)","Cefuroxime 250 mg / tab","250 mg",tablet,حبة,شريط,1,"Pharmacare","Yemen","Antibacterial Bacterial",71,7
3bafb07b-a98a-4bc1-82c2-9442cd53884d,MED-10484,"Bioxime 500","Bioxime 500 (Infections األصبثبد انجكت ٍش ٌخ)","Cefuroxime 500 mg / tab","500 mg",tablet,حبة,شريط,16,"Pharmacare","Yemen","Antibacterial Bacterial",72,1
8741d711-4dc9-47d3-828f-339b8d17e812,MED-10485,"Bisacodyl","Bisacodyl (األيغبن)","Bisacodyl","",tablet,حبة,شريط,30,"KarKa = Solvania","Unknown","Gastro Intestinal Drugs Constipation",72,2
effdfdc9-33fa-4faa-8627-28134a6bc47b,MED-10486,"Bisacodyl","Bisacodyl (األيغبن)","Bisacodyl","",tablet,حبة,شريط,105,"KRKA","India","Gastro Intestinal drugs Constipation",72,3
6fe8288b-d313-48e5-8b3e-ec2b8bad14b9,MED-10488,"bislock","bislock (استفبع ضغظ انذو)","Bisoprolol Cardio Vascular Fumarate","",tablet,حبة,شريط,30,"Unknown","Unknown","System drugs Hypertension",72,5
8e711e42-ddc5-47b1-8935-e4a8d7011171,MED-10489,"Bisocard","Bisocard (استفبع ضغظ انذو)","Bisoprolol Cardio Vascular fumarate.","",tablet,حبة,شريط,30,"GLOBAL NAPI","Egypt","System drugs Hypertension",72,6
054c5446-6728-4980-8b78-ee43da9c300d,MED-10490,"Bisocard Plus","Bisocard Plus (استفبع ضغظ انذو)","Bisoprolol + Cardio Vascular Hydrochlorothiazi de","",tablet,حبة,شريط,30,"GLOBAL NAPI","Egypt","System drugs Hypertension",72,7
76d06616-9723-4c9d-80b8-b3f44a9ba9f8,MED-10491,"Bisodol Tablets","Bisodol Tablets (انهضى)","CaCo 3 + MgCO 3 + NaHCo 3","",tablet,حبة,شريط,100,"Forest lab","UK","Gastro Intestinal drugs Indigestion عىء",73,1
5515844d-c099-4ece-8157-9eeede1e058c,MED-10492,"Bisol","Bisol (Disorders اضطشاثبد انجهبص ً انت ُفغ)","Bromhexine 8 mg / tab","8 mg",tablet,حبة,شريط,20,"Shiba Pharma","Yemen","Respiratory drugs Respiratory",73,2
91fa6d6e-1ef1-411a-8657-5050cb29de5a,MED-10493,"Bisol","Bisol (Disorders اضطشاثبد انجهبص ً انت ُفغ)","Bromhexine 4 mg","4 mg",syrup,مل,قارورة,100,"Shiba Pharma","Yemen","Respiratory drugs Respiratory",73,3
fed14ac4-abb2-41aa-81ee-d599dda4dca4,MED-10494,"BISOLOL","BISOLOL (استفبع ضغظ انذو)","Bisoprolol Cardio Vascular Fumarate","",other,وحدة,علبة,1,"Unknown","Unknown","System drugs Hypertension",73,4
381003f1-ce8b-4597-8a7c-d334af771448,MED-10495,"Bisolve","Bisolve (Disorders اضطشاثبد انجهبص ً انت ُفغ)","Bromhexine ( 2 mg / ml )","2 mg",syrup,مل,قارورة,1,"Shaphaco","Yemen","Respiratory drugs Respiratory",73,5
72f43085-4623-4bd7-8b74-b6c1c121d063,MED-10496,"Bisolvon","Bisolvon (Disorders اضطشاثبد انجهبص ً انت ُفغ)","Bromhexine ( 8 mg / tablet )","8 mg",tablet,حبة,شريط,20,"Boehringer Ingelhim","Germany","Respiratory drugs Respiratory",73,6
1f33d16a-804e-436f-85d6-0a9237601742,MED-10497,"Bisolvon","Bisolvon (Disorders اضطشاثبد انجهبص ً انت ُفغ)","Bromhexine 8 mg","8 mg",injection,أمبولة,باكت,5,"Boehringer Ingelhim","Germany","Respiratory drugs Respiratory",73,7
65906802-34c5-4475-8ed1-734789c6b032,MED-10498,"Bisolvon","Bisolvon (Disorders اضطشاثبد انجهبص ً انت ُفغ)","Bromhexine 4 mg / 5 ml","4 mg / 5 ml",other,وحدة,علبة,1,"Boehringer Ingelhim","Germany","Respiratory drugs Respiratory",74,1
79a13f80-2d00-46ba-8cc9-0becc8fbb16b,MED-10499,"bistol","bistol (استفبع ضغظ انذو)","Bisoprolol Cardio Vascular Fumarate","",other,وحدة,علبة,1,"Unknown","Unknown","System drugs Hypertension",74,2
1c1f96f7-4297-4c1f-8dc9-46a8345e8634,MED-10500,"BIZOCOR","BIZOCOR (استفبع ضغظ انذو)","Bisoprolol Cardio Vascular Fumarate 5 mg 10 mg","5 mg",tablet,حبة,شريط,20,"ASIA","Syria","System drugs Hypertension",74,3
c9804e8c-1b21-426f-811a-c75731c248b6,MED-10501,"BIZOCOR","BIZOCOR (استفبع ضغظ انذو)","Bisoprolol Cardio Vascular Fumarate 10 mg","10 mg",tablet,حبة,شريط,20,"ASIA","Syria","System drugs Hypertension",74,4
f7bd2757-2998-4f6d-8b34-6113eb803624,MED-10502,"Bizocor plus","Bizocor plus (استفبع ضغظ انذو)","Bisoprolol Cardio Vascular Fumarate","",tablet,حبة,شريط,20,"ASIA","Syria","System drugs Hypertension",74,5
afed06ee-4fd1-4f8a-85fc-055a4e097018,MED-10503,"Blokium Diu","Blokium Diu (استفبع ضغظ انذو)","Atenolol + Cardio Vascular Chlorthalidone","",tablet,حبة,شريط,15,"ALMIROLL PRODESFAR M","Unknown","System drugs Hypertension",74,6
68446395-fdf6-4fcd-8d1b-c02b046f387a,MED-10504,"Blopress 8 mg","Blopress 8 mg (استفبع ضغظ انذو)","Candesartan Cardio Vascular Cilexetil","8 mg",tablet,حبة,شريط,28,"A.P.M","Jordan","System drugs Hypertension",74,7
9e4eac42-5521-42f6-8054-527215dbbba2,MED-10505,"Blox","Blox (Deficiency َمص ف ٍتبي ٍُبد)","Vit . B Complex compaination + D - Panthenol 5 mg + Nicotinamid e 20 mg / 5 ml .","5 mg",tablet,حبة,شريط,100,"RFA","Yemen","Vitamines and Menirals Vitamins",75,1
3bbf21df-6d56-4982-849d-7f18cd701298,MED-10506,"BLOX-L","BLOX-L (Deficiency َمص ف ٍتبي ٍُبد)","vit B 1 2 mg + vit B 2 2.5 mg + vit B 6 0.75 mg + vit B 12 2 mcg + Vit C 100 mg + nicotamid e","2 mg",other,وحدة,علبة,1,"RFA","Yemen","Vitamines and Menirals Vitamins",75,2
40166ed1-f665-4ab0-846a-1186f82bceba,MED-10507,"B-M anticough","B-M anticough (َضالد انجشد)","Chlorpheniramin ... mg+Ammonium chlorid .. mg+Sodium citrate .. Mg","",syrup,مل,قارورة,60,"BMP","Thailand","Antihistamines Common Cold",75,3
771b69ca-0470-46ee-8dc8-8ea5d7f78bc6,MED-10509,"B-M baby Cough","B-M baby Cough (َضالد انجشد)","Chlorpheniramin 2 mg + Ammonium chlorid 88 mg + Sodium citrate 36 mg","2 mg",syrup,مل,قارورة,60,"BMP","Thailand","Antihistamines Common Cold",75,5
868ff154-1684-4ba9-806e-debe64990d8c,MED-10510,"B-M- BABY COUGH SYRUP","B-M- BABY COUGH SYRUP (َضالد انجشد)","Chlorpheniramine 2 mg + Ammonium Chloride 88 mg + Sodium Citrate 36 mg","2 mg",syrup,مل,قارورة,60,"Unknown","Unknown","Respiratory drugs Common Cold",75,6
c4886e8b-985c-4d29-8c0c-ac083f331b3f,MED-10511,"Bone-vit","Bone-vit (انتهبثبد انؼظبو)","calcium ,, vitamin D 3","",other,وحدة,علبة,1,"Global Pharma","Yemen","Vitamines and Menirals Osteoarthritis",75,7
6e4ef836-a5e5-4178-8b88-3bac7bb15fe1,MED-10512,"Bonnisan","Bonnisan (انؼبيخ)","Herbal extract Natural products","",syrup,مل,قارورة,120,"Co","India","Himalaya Drug Health Care انصحخ",76,1
b92d6dc9-c445-4303-886a-a125e38adada,MED-10513,"Borgasone","Borgasone (األنتهبثبد انجذنذ ٌخ)","Mometasone Furoate","",ointment,أنبوب,علبة,20,"BORG","Egypt","Corticosteroid Dermatitis",76,2
3cf90499-64dd-4f8d-8737-a9ce010b6a2a,MED-10514,"Borgasone","Borgasone (األنتهبثبد انجذنذ ٌخ)","Mometasone Furoate","",other,وحدة,علبة,20,"BORG","Egypt","Corticosteroid Dermatitis",76,3
8282cbe4-daa7-43d8-8e8c-f342bf83dbe9,MED-10515,"Borgasone","Borgasone (األنتهبثبد انجذنذ ٌخ)","Mometasone Furoate 0.1%","0.1%",cream,أنبوب,علبة,20,"BORG","Egypt","Corticosteroid Dermatitis",76,4
c6b00c1c-bb69-4230-845d-df9af77bb179,MED-10516,"Bothil","Bothil","Policresulen 90 mg","90 mg",other,وحدة,علبة,1,"Global Pharma","Yemen","Antihaemorrhag es Vaginal ان ًهجم",76,5
046737f3-eaab-4555-8cf9-a1b08a099b5e,MED-10517,"Bralix","Bralix (ان ًؼذح)","Combination","",tablet,حبة,شريط,30,"Unknown","Unknown","Gastro Intestinal drugs Peptic ulcer لشحخ",76,6
0f0c4ede-0c83-46bf-8cd7-e78512a253fa,MED-10518,"Brevibloc","Brevibloc (استفبع ضغظ انذو)","Esmolol Cardio Vascular Hydrochloride","",other,وحدة,علبة,1,"Unknown","Unknown","System drugs Hypertension",76,7
5243b0a5-24a7-4500-87cc-270353c276bf,MED-10519,"Brexin","Brexin (Analgesic يهذئبد األوجبع وانح ًى)","Piroxicam","",other,وحدة,علبة,1,"Unknown","Unknown","Nonsteroidal Anti- Antipyretic -",77,1
32f4328c-3241-4630-8c75-a65d42633df3,MED-10520,"BRISTAFLAM","BRISTAFLAM (األوجبع)","Aceclofenac 100 mg","100 mg",tablet,حبة,شريط,20,"Unknown","Unknown","Non-Steroidal Anti- Analgesic يهذئبد",77,2
a4084076-1a90-4309-8cb2-936fe6a9c35b,MED-10521,"BRODEX","BRODEX (َضالد انجشد)","Bromohexin 8 mg + Dextromethorphan 10 mg + Ammonium chloride 100 mg","8 mg",syrup,مل,قارورة,100,"ALPHA","Syria","Respiratory drugs Common Cold",77,3
0ecd54d9-e8d4-4eaf-825e-24c0c72645c2,MED-10522,"BROMAZ 3","BROMAZ 3 (Insumnea األسق وانمهك)","Bromazepam Central Nervous tablets 3 mg","3 mg",tablet,حبة,شريط,30,"RFA","Yemen","system drugs Anxiety ,",77,4
3b149147-0614-471e-8a95-9ce9984b0ed2,MED-10523,"Bromhexin","Bromhexin (Disorders اضطشاثبد انجهبص ً انت ُفغ)","Bromhexine (……)","",syrup,مل,قارورة,100,"MEDICO LABS","Syria","Respiratory drugs Respiratory",77,5
fe0d16d5-98dd-4bee-8ca0-52f47d186195,MED-10524,"Broncare","Broncare (Disorders اضطشاثبد انجهبص ً انت ُفغ)","Bromhexine (……)","",syrup,مل,قارورة,120,"BIOPHARM","Yemen","Respiratory drugs Respiratory",77,6
6f6290b1-fee0-4c16-8f99-fd3e1bfae8ce,MED-10525,"Bronchen","Bronchen (َضالد انجشد)","Herbal extract","",syrup,مل,قارورة,100,"YEDCO","Yemen","Respiratory drugs Common Cold",77,7
b293f71f-e6e8-46ab-83fb-3886a488ca3e,MED-10526,"Bronchicum","Bronchicum (َضالد انجشد)","Thyme extract 5 g + Primula root extract 2.5 g","5 g",other,وحدة,علبة,1,"Sanofi Aventis","France","Respiratory drugs Common Cold",78,1
96914f28-04f2-4ae3-86e2-7c62a68902ea,MED-10527,"Bronchicum Elixir S","Bronchicum Elixir S (َضالد انجشد)","Thyme liquid extract 5 gm + Primula liquid extract 2.5 gm","5 g",other,وحدة,علبة,1,"Sanofi Aventis","France","Respiratory drugs Common Cold",78,2
2e142200-cafc-4d57-8e05-0683fecdd3d0,MED-10528,"Broncho","Broncho (َضالد انجشد)","herbal extract cough &common cold","",syrup,مل,قارورة,120,"MEPACO","Egypt","Respiratory drugs Common Cold",78,3
201ef292-350c-4cf1-8fdf-23e59d1a05fe,MED-10529,"Bronchofree","Bronchofree (َضالد انجشد)","Guaiphenisin+ Diphenhydramin +benzonatete ??","",capsule,كبسولة,شريط,20,"ADWIA","Egypt","Respiratory drugs Common Cold",78,4
7d6d1a6a-498e-4bb3-84e9-2f69eb3295f4,MED-10530,"Broncholar","Broncholar (َضالد انجشد)","Chlorphenamine Maleate","",syrup,مل,قارورة,100,"Dar Al Dawa","Jordan","Antihistamines Common Cold",78,5
1bbf35bb-1e3e-4f4b-84c3-08b56e27f467,MED-10531,"Bronchomed","Bronchomed (َضالد انجشد)","Thyme liquid extract 250 mg + Primulae root dried extract 16.25 mg","250 mg",syrup,مل,قارورة,100,"Global Pharma","Yemen","Respiratory drugs Common Cold",78,6
2038d889-2cca-48aa-8e5f-95252066578e,MED-10532,"Bronchophane","Bronchophane (َضالد انجشد)","Terbutaline+Guaif enesine","",syrup,مل,قارورة,125,"EIPICO","Egypt","Respiratory drugs Common Cold",78,7
17c17023-a7eb-45ae-8fb2-da86d6c82b00,MED-10533,"Broncho-Vaxom","Broncho-Vaxom (Disorders اضطشاثبد انجهبص ً انت ُفغ)","Combination","",other,وحدة,علبة,1,"Unknown","Unknown","Respiratory drugs Respiratory",79,1
54456042-6424-4562-8f63-4b80a277368a,MED-10534,"Bronex","Bronex (َضالد انجشد)","Pseudoephedrine + Guaifenesin","",syrup,مل,قارورة,1,"MUP","Egypt","Respiratory drugs Common Cold",79,2
0665ec2c-ebe5-4a2e-8e43-a2ebf0a79ca8,MED-10535,"Bronkovent","Bronkovent (Disorders اضطشاثبد انجهبص ً انت ُفغ)","Bromhexine","",syrup,مل,قارورة,100,"ZYNOVA","Unknown","Respiratory drugs Respiratory",79,3
97e025aa-ade5-431a-8a11-aa095b42eb77,MED-10536,"Brophalarg","Brophalarg (انشؼت انهىائ ٍخ)","Ketotifen Fumarate","",syrup,مل,قارورة,120,"RAMEDA","Egypt","Respiratory drugs Bronchitis انتهبة",79,4
204cff8a-e452-42f5-87df-0ed4b037f83d,MED-10537,"Brufemol","Brufemol (انشؼت انهىائ ٍخ)","Ketotifen 100 mg / 5 ml","100 mg / 5 ml",syrup,مل,قارورة,100,"BIOPHARM","Yemen","Respiratory drugs Bronchitis انتهبة",79,5
0e4942de-bfda-4a31-88e8-d82d439d8aad,MED-10538,"Brufen","Brufen (األوجبع)","Ibuprofen syrup 20 mg / ml","20 mg",syrup,مل,قارورة,100,"ABBOTT","USA","Nonsteroidal Anti- Analgesic يهذئبد",79,6
a64ffead-025e-44a9-8d05-ad4f7376a6ec,MED-10539,"BRUFEN 400","BRUFEN 400 (األوجبع)","Ibuprofen","",tablet,حبة,شريط,24,"ABBOTT","USA","Non-Steroidal Anti- Analgesic يهذئبد",79,7
55907a93-7235-4e87-8279-3608610ab782,MED-10540,"Bruflam - 200","Bruflam - 200 (األوجبع)","Ibuprofen","",tablet,حبة,شريط,10,"CIPLA","India","Non-Steroidal Anti- Analgesic يهذئبد",80,1
6ca91f87-a31c-4932-8beb-7863b79a62ec,MED-10541,"Bruflam - 400","Bruflam - 400 (األوجبع)","Ibuprofen","",tablet,حبة,شريط,10,"CIPLA","India","Non-Steroidal Anti- Analgesic يهذئبد",80,2
7de83796-0faa-4caa-8c66-c59f125fba05,MED-10542,"B-Tone","B-Tone (B deficiency)","Each 5 ml contains : Vitamin B 1 ( thiamine ) 1.5 mg + Vitamin B 2 ( riboflavin ) 1.7 mg + Vitamin","5 ml",syrup,مل,قارورة,100,"Pharmacare","Yemen","Vitamines and Menirals Neuritis; vitamin",80,3
8024337b-b76f-4d8c-83bb-3b3f2988d712,MED-10543,"Budecort - 200","Budecort - 200 (Asthma انشثى ً انشؼج)","Budesonide 200 mcg","200 mcg",capsule,كبسولة,شريط,1,"CIPLA","India","Respiratory drugs Bronchial",80,4
173ca5ea-d517-4e21-8e0e-5857452f9602,MED-10544,"Budecort - 400","Budecort - 400 (Asthma انشثى ً انشؼج)","Budesonide 400 mcg","400 mcg",capsule,كبسولة,شريط,1,"CIPLA","India","Respiratory drugs Bronchial",80,5
8bb06dfa-f3d3-478e-8a0a-8d7aa1fe89d5,MED-10545,"Budenase AQ","Budenase AQ (Asthma انشثى ً انشؼج)","Budesonide","",spray,بخة,علبة,1,"CIPLA","India","Respiratory drugs Bronchial",80,6
5d09e4ce-8eb2-4d92-8fed-fe6c4c9eb055,MED-10546,"Buscocil","Buscocil (Spasm ٍ آالو انجط)","Hyoscine- N- Butylbromide","",syrup,مل,قارورة,60,"Global Pharma","Yemen","Gastro Intestinal drugs Abdominal",80,7
1bc1c849-657b-4576-8023-0bbceb80b483,MED-10547,"Buscocil","Buscocil (Spasm ٍ آالو انجط)","Hyoscine- N- Butylbromide","",tablet,حبة,شريط,20,"Global Pharma","Yemen","Gastro Intestinal drugs Abdominal",81,1
542c2893-3807-47aa-8a61-7f53ff0820fa,MED-10548,"buscocin","buscocin (Spasm ٍ آالو انجط)","Hyoscine- N- Butylbromide","",tablet,حبة,شريط,20,"Y.E.PHARMA","Yemen","Gastro Intestinal drugs Abdominal",81,2
8eb8f560-a9ad-4fec-8c0e-fd2b2bd6889d,MED-10549,"Buscocin","Buscocin (Spasm ٍ آالو انجط)","Hyoscine- N- Butylbromide","",syrup,مل,قارورة,60,"Y.E.PHARMA","Yemen","Gastro Intestinal drugs Abdominal",81,3
d4408e30-9797-488a-83c5-0ab909c6d1b1,MED-10550,"buscomol","buscomol (Spasm ٍ آالو انجط)","Hyoscine - N - Butylbromide 10 mg + paracetamol 500 mg","10 mg",tablet,حبة,شريط,20,"Delta pharma","Egypt","Gastro Intestinal drugs Abdominal",81,4
12eabb2a-49e8-4f25-8e21-c5560006a541,MED-10551,"Busconil","Busconil (Spasm ٍ آالو انجط)","Hyoscyamine 0.125 mg / 1 ml","0.125 mg / 1 ml",syrup,مل,قارورة,1,"Unknown","Unknown","Gastro Intestinal drugs Abdominal",81,5
38c44176-6c8b-4cfb-8b9a-af6deb58585a,MED-10552,"Buscopan","Buscopan (Spasm ٍ آالو انجط)","Hyoscine - N - Butylbromide 10 mg / tablet","10 mg",tablet,حبة,شريط,20,"Boehringer Ingelhim","Germany","Gastro Intestinal drugs Abdominal",81,6
2f7f3b6d-3254-497b-8cac-e340e010f73a,MED-10553,"Buscopn","Buscopn (Spasm ٍ آالو انجط)","Hyoscine N- Butylbromide","",injection,أمبولة,باكت,5,"Boehringer Ingelhim","Germany","Gastro Intestinal drugs Abdominal",81,7
5a398d37-0e52-4a99-8a21-0a4b7212e8bc,MED-10554,"Busiral","Busiral (Insumnea األسق وانمهك)","Buspirone tablet Central Nervous 10 mg","10 mg",tablet,حبة,شريط,20,"shiba pharma","Yemen","system drugs Anxiety ,",82,1
687db866-f4d7-4c7c-81c7-06561812ef59,MED-10555,"Butacid","Butacid (Spasm ٍ آالو انجط)","Hyoscine- N- Butylbromide","",tablet,حبة,شريط,20,"CID","Egypt","Gastro Intestinal drugs Abdominal",82,2
dd8b7da3-286e-4e81-8198-e4d9dbe62f27,MED-10556,"Butacid","Butacid (Spasm ٍ آالو انجط)","Hyoscine - N - Butylbromide 10 mg","10 mg",tablet,حبة,شريط,20,"CID","Egypt","Gastro Intestinal drugs Abdominal",82,3
a0a818e3-94fe-4fe2-8c90-dd92e73f4247,MED-10557,"Butalen 4 mg","Butalen 4 mg (Asthma انشثى ً انشؼج)","Salbutamol 4 mg","4 mg",tablet,حبة,شريط,20,"julphar","UAE","Respiratory drugs Bronchial",82,4
4f4926a3-e9b7-4bb4-8cc2-b5b9ad8eecee,MED-10558,"Butalin","Butalin (Asthma انشثى ً انشؼج)","Salbutamol 2 mg","2 mg",tablet,حبة,شريط,20,"julphar","UAE","Respiratory drugs Bronchial",82,5
0ae611b7-2f3a-48e1-82ee-fb7da31e11f4,MED-10559,"Butaxin","Butaxin (َضالد انجشد)","Butamirate citrate","",syrup,مل,قارورة,125,"IBN Al Haytham","Syria","Respiratory drugs Common Cold",82,6
487e8d9d-b639-4e65-867a-ddfdaed75cff,MED-10560,"Butaxin","Butaxin (َضالد انجشد)","Butamirate citrate","",syrup,مل,قارورة,1,"IBN Al Haytham","Syria","Respiratory drugs Common Cold",82,7
fd0cbe0c-d9db-4d57-87c0-0e63d7c4683a,MED-10561,"BY-Cal","BY-Cal (انتهبثبد انؼظبو)","Ca+ Vit D","",tablet,حبة,شريط,60,"By health","Unknown","Vitamines and Menirals Osteoarthritis",83,1
a446e923-49e1-4bda-838e-e38862b9d01f,MED-10562,"Byrofen","Byrofen (األوجبع)","Ibuprofen 400 mg","400 mg",capsule,كبسولة,شريط,1,"Shiba pharma","Yemen","NSAID Analgesic يهذئبد",83,2
2835488d-3e2c-46ce-8ee1-c415b4d066c6,MED-10563,"Byrofen","Byrofen (األوجبع)","Ibuprofen 40 mg / 1 ml","40 mg / 1 ml",drops,مل,قطارة,20,"Shiba pharma","Yemen","NSAID Analgesic يهذئبد",83,3
5f8021ac-a8f3-4a44-80fe-74c399a317bc,MED-10564,"Byrofen","Byrofen (األوجبع)","Ibuprofen 100 mg / 5 ml","100 mg / 5 ml",suspension,مل,قارورة,60,"Shiba pharma","Yemen","NSAID Analgesic يهذئبد",83,4
5ae932a8-eeea-495d-87d7-7bb2884bed0f,MED-10565,"Cabri","Cabri (َضالد انجشد)","Sugar, Glucose, Citric Acid, , menthol,Strawberr y & Eucalyptus,","",other,وحدة,علبة,24,"Friend Est.","Syria","Antiseptic and Desinfectants Common Cold",83,5
5cf928ff-eb9c-43e9-8479-10f16b54b49b,MED-10566,"Cabri","Cabri (َضالد انجشد)","Sugar, Glucose, Citric Acid, , menthol, Orange & Eucalyptus,","",tablet,حبة,شريط,24,"Friend Est.","Syria","Antiseptic and Desinfectants Common Cold",83,6
909c9192-fbc5-4721-8261-0e8c7faf4298,MED-10567,"ca - c 1000 sandoz","ca - c 1000 sandoz (َضالد انجشد)","calcium gluconate 1 g + vitamin C 1000 mg + calcium carbonte 0.327 g","1 g",tablet,حبة,شريط,1,"NOVARTIS","Switzerland","Vitamines and Menirals Common Cold",83,7
c37590e5-0059-4063-8164-613a7f6577d0,MED-10568,"Ca - gluconat 10%","Ca - gluconat 10% (انتهبثبد انؼظبو)","Calcium gluconat ampoule 1 gm / 10 ml .","10%",injection,أمبولة,باكت,50,"Unknown","Unknown","Vitamines and Menirals Osteoarthritis",84,1
7fa2d72f-4818-4e61-8558-16411ab50d45,MED-10569,"Cal Mag Zink+D","Cal Mag Zink+D (انتهبثبد انؼظبو)","Cal Mag Zink+D","",tablet,حبة,شريط,90,"CENTURY","USA","Vitamines and Menirals Osteoarthritis",84,2
1f5a186c-6339-4fce-82f1-85131a6660b3,MED-10570,"Cal Vita C","Cal Vita C (انتهبثبد انؼظبو)","Calcium","",injection,أمبولة,باكت,5,"Unknown","Unknown","Vitamines and Menirals Osteoarthritis",84,3
5571fabb-e3c4-455f-89a4-8c44c9fdb129,MED-10571,"CALABEN","CALABEN (األنتهبثبد انجذنذ ٌخ)","Zinc Oxide","",cream,أنبوب,علبة,25,"MPL Hong Kong","","Skin Disorders Dermatitis",84,4
c8e4975d-4952-4cf9-82ba-d9ed5298262c,MED-10572,"CALAMINE","CALAMINE","Calamine","",other,وحدة,علبة,100,"Shiba pharma","Yemen","Skin Disorders Allergy انحغبع ٍخ",84,5
e9b60a5d-8db6-441b-8d72-dd05a1494d6b,MED-10573,"Cal-C-Care","Cal-C-Care (َضالد انجشد)","Each efferv . tablet contains : Vitamin C 1000 mg + Calcium ( as Calcium","1000 mg",tablet,حبة,شريط,10,"Pharmacare","Yemen","Vitamines and Menirals Common Cold",84,6
ac7e9ef6-297f-407e-89f5-46afa18f328a,MED-10574,"Cal-C-forte","Cal-C-forte (َضالد انجشد)","Calcium 1000 mg + Vitamin C 1000 mg","1000 mg",other,وحدة,علبة,10,"Global Pharma","Yemen","Vitamines and Menirals Common Cold",84,7
05269936-47ad-41f7-81a4-6d77a5cb2240,MED-10575,"CALCI-CAL","CALCI-CAL (انتهبثبد انؼظبو)","calcium 500 mg + vit . B 12 10 mg + vit . D 3 1000 mcg / 5 ml .","500 mg",syrup,مل,قارورة,120,"Alhikmh- farma,Ejbt","Unknown","Vitamines and Menirals Osteoarthritis",85,1
2983157b-5a94-44c4-817c-9d7396fa3171,MED-10576,"CalciCare","CalciCare (انتهبثبد انؼظبو)","Ca+ Vit D , Meg , Zinc","",tablet,حبة,شريط,30,"VITAME","Unknown","Vitamines and Menirals Osteoarthritis",85,2
67fa203c-a63d-4e47-83e2-e0e8daf2c805,MED-10577,"Calcicare","Calcicare (انتهبثبد انؼظبو)","calcium 800 mg , Magnesiu m 200 mg , zinc 8 mg , vitamin D 3 400 IU / tab .","800 mg",tablet,حبة,شريط,30,"Vitane pharma","Unknown","Vitamines and Menirals Osteoarthritis",85,3
643a8276-cd4f-4248-8294-b7b9a82d99a7,MED-10578,"Calcicare ??","Calcicare ?? (انتهبثبد انؼظبو)","Calcium 500 mg + Magnesium 150 mg + Zinc 4 mg + Vitamin D 400 IU / 10 ml","500 mg",syrup,مل,قارورة,200,"Vitane pharma","Unknown","Vitamines and Menirals Osteoarthritis",85,4
0dbbe10a-bf2a-4cd9-8f80-e1f4b72377da,MED-10579,"Calcid","Calcid (انتهبثبد انؼظبو)","Ca+ Vit D","",capsule,كبسولة,شريط,20,"SIGMA","Egypt","Vitamines and Menirals Osteoarthritis",85,5
2475d8f2-bcf5-4ea2-892d-748f69850e17,MED-10580,"calcid","calcid (انتهبثبد انؼظبو)","calcium glubionate 750 mg , vitamin D 350 I . U , vitamin B 12 10 mg / tab .","750 mg",capsule,كبسولة,شريط,20,"SIGMA","Egypt","Vitamines and Menirals Osteoarthritis",85,6
1031d806-2ad2-49b5-844b-c3a2a7c6451c,MED-10581,"CALCID B 12","CALCID B 12 (انتهبثبد انؼظبو)","calcium glubionate 750 mg , vitamin D 350 I . U , vitamin B 12 10 mg / 5 ml ( syrup )","750 mg",syrup,مل,قارورة,120,"SIGMA","Egypt","Vitamines and Menirals Osteoarthritis",85,7
2ba85ef4-20e3-455c-8852-717061d7a140,MED-10582,"CalciD Denk","CalciD Denk (انتهبثبد انؼظبو)","Calcium carbonate 1000 mg / Vitamin D 3 effer , tab .","1000 mg",other,وحدة,علبة,1,"Denk pharma","Germany","Vitamines and Menirals Osteoarthritis",86,1
4cc7c00e-3178-4948-80f5-d4d73b174fd1,MED-10583,"Calciflavone","Calciflavone (انتهبثبد انؼظبو)","Calcium","",tablet,حبة,شريط,2,"MEYER","Unknown","Vitamines and Menirals Osteoarthritis",86,2
dcfca751-8243-4641-8b29-9010b437a6b8,MED-10584,"calcifor","calcifor (َضالد انجشد)","Calcium 578 mg + Vit C 1000 mg effer , tab","578 mg",tablet,حبة,شريط,10,"Vifor","Unknown","Vitamines and Menirals Common Cold",86,3
02e84b50-2a9f-48b3-8c80-96ce12c35b23,MED-10585,"Calcimed D 3","Calcimed D 3 (انتهبثبد انؼظبو)","calcim , 600 - Vitami nD 3 400 I . U / Comprmidos efevescente .","",tablet,حبة,شريط,20,"Hermes arzeimittel","Unknown","Vitamines and Menirals Osteoarthritis",86,4
efe5e228-4165-4ef3-893d-6a48ee216b8b,MED-10586,"Calcium","Calcium (انتهبثبد انؼظبو)","Calcium gluconat ampoule 1 gm / 10 ml .","1 g",injection,أمبولة,باكت,10,"Unknown","Unknown","Vitamines and Menirals Osteoarthritis",86,5
7782aede-d9ca-4343-83f9-23056990597f,MED-10587,"Calcium","Calcium (Deficiency َمص ف ٍتبي ٍُبد)","Calcium 600 mg + Vitamine D","600 mg",tablet,حبة,شريط,30,"Sentinel","","Vitamines and Menirals Vitamins",86,6
4c7805c6-32e9-4999-8d13-1d3315d7c7d0,MED-10588,"Calcium 1250 D","Calcium 1250 D (انتهبثبد انؼظبو)","calcium carbonate 1250 mg & vit D 3 200 I . U / S . G . cap .","1250 mg",capsule,كبسولة,شريط,20,"ASIA","Syria","Vitamines and Menirals Osteoarthritis",86,7
6f097d6e-4641-455c-82ba-33d38d942f11,MED-10589,"Calcium + Vitamin C","Calcium + Vitamin C (َضالد انجشد)","Calcium +Vitamin C","",other,وحدة,علبة,1,"Unknown","Unknown","Vitamines and Menirals Common Cold",87,1
1157e18b-cca6-42b9-8102-ac742e1b7a1b,MED-10590,"Calcium +Vitamin C","Calcium +Vitamin C (َضالد انجشد)","Calcium 300 mg + Vitamin C 75 mg effer , tablets .","300 mg",tablet,حبة,شريط,20,"SUNLife","Unknown","Vitamines and Menirals Common Cold",87,2
4e772bca-a8f3-4922-840c-ac90092e0a0f,MED-10591,"Calcium 1250 D","Calcium 1250 D (انتهبثبد انؼظبو)","Ca+ Vit D","",capsule,كبسولة,شريط,20,"ASIA","Syria","Vitamines and Menirals Osteoarthritis",87,3
079e25f3-8631-4bc3-831f-bed798daeec9,MED-10592,"Calcium complete","Calcium complete (انتهبثبد انؼظبو)","Ca+ Vit D with multivitamine , Iron","",tablet,حبة,شريط,30,"Sona nutrition LTD. Ireland","Unknown","Vitamines and Menirals Osteoarthritis",87,4
f5cb6117-91fd-40ee-859f-2ca271b895dc,MED-10594,"Calcium Magnesium","Calcium Magnesium (انتهبثبد انؼظبو)","Calcium","",other,وحدة,علبة,1,"ADRIEN GAGNON","Unknown","Vitamines and Menirals Osteoarthritis",87,6
eea2f240-f4ed-4820-8933-d013a57c269a,MED-10595,"CALCIUM","CALCIUM (انتهبثبد انؼظبو)","Calcium 500 mg + vit . C 180 mg + vit . D 3 400 I . U","500 mg",other,وحدة,علبة,10,"SEDICO","Egypt","Vitamines and Menirals Osteoarthritis",87,7
fe88a627-2fc4-4d52-8688-5db37cc4c7a5,MED-10596,"Calcium Tablets","Calcium Tablets (انتهبثبد انؼظبو)","Each film coated tablet contains Calcium Carbonate ( BP ) 1500 mg equivalent to","1500 mg",tablet,حبة,شريط,60,"RIYADH PHARMA","","Vitamines and Menirals Osteoarthritis Saudi Arabia",88,1
eb23de8f-67f6-4ec5-810a-3362bc60daa2,MED-10597,"Calcium-Sandoz","Calcium-Sandoz (انتهبثبد انؼظبو)","Calcium","",tablet,حبة,شريط,10,"NOVARTIS","Switzerland","Vitamines and Menirals Osteoarthritis",88,2
ddb53107-74ca-434c-802c-b6fb5d05b72a,MED-10598,"Calcivyte","Calcivyte (انتهبثبد انؼظبو)","Calcium +Vitamin D","",tablet,حبة,شريط,30,"Vitane pharma","Germany","Vitamines and Menirals Osteoarthritis",88,3
66fadc38-999c-4cea-89d5-814713327f76,MED-10599,"Cal-C-Vita","Cal-C-Vita (َضالد انجشد)","Vit . C 1000 mg + calcium 250 mg + Vit . D 300 I . U + Vit . B 6 15 mg","1000 mg",tablet,حبة,شريط,10,"BAYER","France","Vitamines and Menirals Common Cold",88,4
543a45b7-dfd0-4eec-82e2-4ad1c28e909d,MED-10600,"CAL-D","CAL-D (انتهبثبد انؼظبو)","calcium 400 mg + Vit . D 3 100 I . U","400 mg",capsule,كبسولة,شريط,30,"MEGA","Thailand","Vitamines and Menirals Osteoarthritis",88,5
1c943dce-e859-4879-8717-8b4ec792f3e1,MED-10601,"Calm skin","Calm skin (األنتهبثبد انجذنذ ٌخ)","Combination","",other,وحدة,علبة,20,"Unknown","Unknown","Skin Disorders Dermatitis",88,6
bd745f9e-9250-40de-8903-580872f752d7,MED-10602,"Calmex","Calmex (َضالد انجشد)","Diphenhydramine 12.5 mg + Ammonium chloride 100 mg + Sodium Citrate 75 mg + Menthol","12.5 mg",syrup,مل,قارورة,100,"Razi Pharma","Syria","Respiratory drugs Common Cold",88,7
61626064-cd67-4b7e-832b-92a5aec8701d,MED-10603,"Calpol","Calpol (Analgesic يهذئبد األوجبع وانح ًى)","Paracetamol","",syrup,مل,قارورة,1,"Unknown","Unknown","Non-Steroidal Anti- Antipyretic -",89,1
c2f320ee-cef3-4f20-8177-22d62c4df9e1,MED-10604,"CALTADON FORT","CALTADON FORT (Deficiency َمص ف ٍتبي ٍُبد)","Calcium 250 mg + Dexpanthenol 25 mg + Vit B 1 25 mg + vit . B 6 1 mg + vit . B 12 1000 microgram","250 mg",injection,أمبولة,باكت,10,"ANB Laboratories CO.LTD.","Thailand","Vitamines and Menirals Vitamins",89,2
188b6340-e526-4704-81fc-2b8edd98f9ac,MED-10605,"Cal-Vit-C","Cal-Vit-C (انتهبثبد انؼظبو)","Calcium +Vitamin C","",other,وحدة,علبة,10,"Modern Pharama","Yemen","Vitamines and Menirals Osteoarthritis",89,3
f941f8ce-df20-4af5-8f66-3864c251f7c8,MED-10606,"Canartan","Canartan (استفبع ضغظ انذو)","Candesartan Cardio Vascular Cilexetil 16 mg","16 mg",tablet,حبة,شريط,20,"Global Pharma","Yemen","System drugs Hypertension",89,4
1a57471e-6705-40bb-8687-5ee2f15396fd,MED-10607,"Candesar","Candesar (استفبع ضغظ انذو)","Candesartan Cardio Vascular Cilexetil 16 mg","16 mg",tablet,حبة,شريط,20,"ASIA","Syria","System drugs Hypertension",89,5
f3eb9f51-f471-4511-8808-1ce8cee09977,MED-10608,"Candesartan","Candesartan (استفبع ضغظ انذو)","Candesartan Cardio Vascular Cilexetil 8 mg , 16 mg , 32 mg","8 mg",tablet,حبة,شريط,1,"Unknown","Unknown","System drugs Hypertension",89,6
d9b0f45c-1563-45f9-8437-b1fc21c5e22d,MED-10609,"Candid","Candid (األنتهبثبد انجذنذ ٌخ)","Clotrimazole 20 g","20 g",cream,أنبوب,علبة,20,"Glenmark","India","Antifungals Dermatitis",89,7
f91cd227-3e2e-4512-8cdd-3cbc9f54597c,MED-10610,"Candid","Candid (( E . N . T ) األ َف ٌ وانح ُجشح واألر)","Clotrimazole","",drops,مل,قطارة,15,"Glenmark","India","Antifungals Ear Nose Throat",90,1
33473a83-ca8d-40a8-8657-ef4e2d23cf33,MED-10611,"Candid - V","Candid - V","Clotrimazole","",ointment,أنبوب,علبة,30,"Glenmark","India","Antifungals Vaginal ان ًهجم",90,2
8543c392-8d8e-4913-85bf-cb569633c2d5,MED-10612,"Candid mouth","Candid mouth (األنتهبثبد انجذنذ ٌخ)","Clotrimazole","",other,وحدة,علبة,1,"Glenmark","India","Antifungals Dermatitis",90,3
3bbdb2e9-22f7-4a15-8792-d8b5f67f8b4c,MED-10613,"Candid V - 1","Candid V - 1","Clotrimazole 500 mg","500 mg",other,وحدة,علبة,1,"Glenmark","India","Antifungals Vaginal ان ًهجم",90,4
30d8b863-5a93-44a0-8619-4b8619443ab0,MED-10614,"Candiderm","Candiderm (األنتهبثبد انجذنذ ٌخ)","Clotrimazole 15 g","15 g",cream,أنبوب,علبة,15,"Glenmark","India","Antifungals Dermatitis",90,5
2dd0cbe9-ce8f-4e13-8e00-003a79774e82,MED-10615,"Candid - v 6","Candid - v 6","Clotrimazole 100 mg","100 mg",other,وحدة,علبة,1,"Glenmark","India","Antifungals Vaginal ان ًهجم",90,6
ff04d671-bb6b-4424-8757-4b22c4bf697d,MED-10616,"Canestal","Canestal (األنتهبثبد انجذنذ ٌخ)","Clotrimazole 200 mg","200 mg",other,وحدة,علبة,3,"Alph","Unknown","Antifungals Dermatitis",90,7
0182d87b-3956-4f7b-86c2-76e2ec559951,MED-10617,"Canestal","Canestal (األنتهبثبد انجذنذ ٌخ)","Clotrimazole","",other,وحدة,علبة,1,"Unknown","Unknown","Antifungals Dermatitis",91,1
d3db09fa-8b9d-4d8f-8db1-1837bf3f64db,MED-10618,"Canestal 2%","Canestal 2% (األنتهبثبد انجذنذ ٌخ)","Clotrimazole","2%",cream,أنبوب,علبة,1,"Unknown","Unknown","Antifungals Dermatitis",91,2
40972a7e-7365-43d1-821a-feab8cdb17b4,MED-10619,"Canestal 3","Canestal 3 (األنتهبثبد انجذنذ ٌخ)","Clotrimazole","",other,وحدة,علبة,1,"Unknown","Unknown","Antifungals Dermatitis",91,3
37eddf13-354a-4cc8-826b-1879e5f5cd0b,MED-10620,"Capotal 50","Capotal 50 (استفبع ضغظ انذو)","Captopril Cardio Vascular","",tablet,حبة,شريط,20,"Hikma","Jordan","System drugs Hypertension",91,4
5a469eea-b430-49e3-8b20-3e5c67367792,MED-10621,"Capotril","Capotril (استفبع ضغظ انذو)","Captopril Cardio Vascular","",tablet,حبة,شريط,20,"EIPICO","Egypt","System drugs Hypertension",91,5
bf39482b-9c46-4eb8-860d-1a3c7a78e118,MED-10622,"Capotril","Capotril (استفبع ضغظ انذو)","Captopril 50 mg / Cardio Vascular tab","50 mg",tablet,حبة,شريط,20,"EIPICO","Egypt","System drugs Hypertension",91,6
09d153c8-025b-45f4-81b1-879db7b96fc3,MED-10623,"Capozide","Capozide (استفبع ضغظ انذو)","Captopril+ Cardio Vascular Hydrochlorothiazi de","",tablet,حبة,شريط,30,"SQUIBB","Unknown","System drugs Hypertension",91,7
51cee0b6-e8aa-457e-8ba0-5ec1cc2579f4,MED-10624,"capozide ???","capozide ??? (استفبع ضغظ انذو)","Captopril Cardio Vascular","",other,وحدة,علبة,1,"Unknown","Unknown","System drugs Hypertension",92,1
206a467a-3413-4a3f-8566-68e49844a0e8,MED-10625,"Captopril","Captopril (استفبع ضغظ انذو)","Captopril 25 mg Cardio Vascular","25 mg",tablet,حبة,شريط,20,"Shiba pharma","Yemen","System drugs Hypertension",92,2
3abe047c-8e10-4cfb-8264-0df2055b0bf0,MED-10626,"Captopril","Captopril (استفبع ضغظ انذو)","Captopril Cardio Vascular","",other,وحدة,علبة,1,"Unknown","Unknown","System drugs Hypertension",92,3
30ebfb1e-5320-49cb-89ed-473f80b9a652,MED-10627,"captozid","captozid (استفبع ضغظ انذو)","Captopril Cardio Vascular","",other,وحدة,علبة,1,"Unknown","Unknown","System drugs Hypertension",92,4
ee545d9b-901f-492c-8949-cdec38b3d69c,MED-10628,"card","card (استفبع ضغظ انذو)","Bisoprolol Cardio Vascular Fumarate","",other,وحدة,علبة,1,"Unknown","Unknown","System drugs Hypertension",92,5
54785ad8-38f3-4f89-870b-335c510e7ae2,MED-10629,"Cardiket","Cardiket (انصذس ٌخ)","Isosorbide Cardio Vascular Dinitrate 20 mg OR 10 mg or 5 mg","20 mg",tablet,حبة,شريط,20,"MINA PHARMA","Unknown","System drugs Angina انزثحخ",92,6
3e8f8f5b-c197-4af5-8af5-cb72ab75fdef,MED-10630,"Cardioce","Cardioce (Deficiency َمص ف ٍتبي ٍُبد)","Multivitamin , L carnitine , Co Q 10 folic acid , B 6 , B 2 flaxseed oil , vit . D 3 , garlic","",capsule,كبسولة,شريط,30,"VITABIOTICS","Unknown","Vitamines and Menirals Vitamins",92,7
99401e5c-5b89-4459-86d8-2c6f633ef862,MED-10631,"Cardioguard SR","Cardioguard SR (انصذس ٌخ)","Isosorbide Cardio Vascular Dinitrate 20 mg","20 mg",capsule,كبسولة,شريط,10,"AMOUN","Egypt","System drugs Angina انزثحخ",93,1
2448dca6-89b1-47a8-8260-0a8bc86d701c,MED-10632,"Cardiomil SR","Cardiomil SR (استفبع ضغظ انذو)","Valsartan Cardio Vascular","",capsule,كبسولة,شريط,10,"SIGMA","Egypt","System drugs Hypertension",93,2
e7e632a5-2431-4417-867c-04aa26d36169,MED-10633,"Care Drop","Care Drop (َضالد انجشد)","Different Lozenges Ingredients","",other,وحدة,علبة,12,"medicated","Unknown","Antiseptic and Desinfectants Common Cold",93,3
8ce952b9-5318-409e-8b55-8d655d8878a8,MED-10634,"Carminex","Carminex (انهضى)","caraway 0.03 mg + fennal oil 0.03 mg + cinnamon 0.02 mg","0.03 mg",other,وحدة,علبة,1,"MEPACO","Egypt","Gastro Intestinal drugs Indigestion عىء",93,4
8402c26a-2939-4442-8062-41def6087899,MED-10635,"Carvidilol","Carvidilol (استفبع ضغظ انذو)","Carvedilol Cardio Vascular","",other,وحدة,علبة,1,"Unknown","Unknown","System drugs Hypertension",93,5
983f48b0-30b7-42b4-8e93-3521356e2411,MED-10636,"casprin","casprin (انجهطبد)","Acetylsalicylic Cardio Vascular acid","",tablet,حبة,شريط,30,"UK","Unknown","System drugs Thrombosis",93,6
19a71295-8331-45e9-8e9f-75191b88a8ec,MED-10637,"Casprin","Casprin (انجهطبد)","Acetylsalicylic Cardio Vascular Acid capsule 100 mg .","100 mg",capsule,كبسولة,شريط,30,"Shine unk","","System drugs Thrombosis",93,7
55cd0744-8307-4972-8bd9-f1a35f8eabc8,MED-10638,"Casprin","Casprin (انجهطبد)","Acetylsalicylic Cardio Vascular acid","",other,وحدة,علبة,1,"Unknown","Unknown","System drugs Thrombosis",94,1
6572e752-c8fe-45bf-82b5-b37dc6b2ac0e,MED-10639,"Caster Oil","Caster Oil (األيغبن)","Caster Oil","",syrup,مل,قارورة,60,"Hariri","Syria","Gastro Intestinal drugs Constipation",94,2
1b5d2297-a6d3-4cd8-83fc-0a9da2b640d4,MED-10640,"Castom-Atheer","Castom-Atheer (األيغبن)","Castor oil","",other,وحدة,علبة,1,"Atheer","Yemen","Gastro Intestinal drugs Constipation",94,3
72fba7e3-020b-4a07-8bad-cf12f1343116,MED-10641,"CASTOR OIL","CASTOR OIL (األيغبن)","Castor oil","",other,وحدة,علبة,1,"Shiba pharma","Yemen","Gastro Intestinal drugs Constipation",94,4
c270e9c9-e1f5-444a-8465-e56706c464a5,MED-10642,"Cataflam","Cataflam (األوجبع)","Diclofenac Potassium coated tablet 50 mg .","50 mg",tablet,حبة,شريط,10,"NOVARTIS","Switzerland","Non-Steroidal Anti- Analgesic يهذئبد",94,5
1c56a7a1-0594-42ae-8044-8140942e6137,MED-10643,"Cataflam - 50","Cataflam - 50 (األوجبع)","Diclofenac Potassium coated tablet 50 mg .","50 mg",tablet,حبة,شريط,10,"NOVARTIS","Switzerland","Non-Steroidal Anti- Analgesic يهذئبد",94,6
34a1a804-0b4d-4ac5-8bb0-a1c43961e6ce,MED-10644,"Caventon","Caventon (األيشاض انؼمه ٍخ)","Vinpocetine Cardio Vascular","",other,وحدة,علبة,1,"Unknown","Unknown","System drugs Mental Disorders",94,7
7562905e-dcd6-4f87-8d95-033aec1f6ff5,MED-10645,"CAVERIL","CAVERIL (استفبع ضغظ انذو)","VERAPAMIL Cardio Vascular","",tablet,حبة,شريط,50,"REMEDICA","Cyprus","System drugs Hypertension",95,1
f56bac50-7d96-4b10-8152-3fe66703cde4,MED-10646,"Cavestine","Cavestine (األيشاض انؼمه ٍخ)","Vinpocetine 5 mg Cardio Vascular","5 mg",tablet,حبة,شريط,20,"GLOBAL NAPI","Egypt","System drugs Mental Disorders",95,2
14d4ad22-13ee-48fc-8b34-f3104944f02e,MED-10647,"CAVINTON","CAVINTON (األيشاض انؼمه ٍخ)","Vinpocetine Cardio Vascular","",other,وحدة,علبة,1,"GEDEON RICHTER","HUNGARY","System drugs Mental Disorders",95,3
0b960313-cb9f-44c7-8ebc-29d764f3dcf6,MED-10648,"cavinton ???","cavinton ??? (األيشاض انؼمه ٍخ)","Vinpocetine Cardio Vascular","",other,وحدة,علبة,1,"Unknown","Unknown","System drugs Mental Disorders",95,4
75ec8d99-6f21-4b34-8807-58e019978ef4,MED-10649,"Cavinton 5 mg","Cavinton 5 mg (األيشاض انؼمه ٍخ)","Vinpocetine 5 mg Cardio Vascular","5 mg",other,وحدة,علبة,1,"Unknown","Unknown","System drugs Mental Disorders",95,5
3e853768-a556-4a6d-8617-c6657ad1b828,MED-10650,"CAVNTON FORTE","CAVNTON FORTE (األيشاض انؼمه ٍخ)","Vinpocetine 10 Cardio Vascular mg","",other,وحدة,علبة,1,"GEDEON RICHTER","HUNGARY","System drugs Mental Disorders",95,6
7edba2db-99e5-4f89-85d4-78660c9a7a1a,MED-10651,"Cebrotonin","Cebrotonin (األيشاض انؼمه ٍخ)","Piracetam 800 mg Central Nervous","800 mg",tablet,حبة,شريط,30,"Walter Ritter","Germany","system drugs Mental Disorders",95,7
f419dc3a-5c43-4ff6-85d8-d8483a8d3dbd,MED-10652,"CECLO","CECLO (األوجبع)","Aceclofenac tablet 100 mg .","100 mg",tablet,حبة,شريط,10,"Huons","Korea","Non-Steroidal Anti- Analgesic يهذئبد",96,1
80ddec0b-2085-4ade-885f-e0d44a60c43a,MED-10653,"Cedrox","Cedrox (Infections األصبثبد انجكت ٍش ٌخ)","Cefadroxil 500 mg / cap","500 mg",capsule,كبسولة,شريط,1,"Pharmacare","Yemen","Antibacterial Bacterial",96,2
b75dc450-4bea-4797-82a2-72a0a1a10440,MED-10654,"Cedrox","Cedrox (Infections األصبثبد انجكت ٍش ٌخ)","Cefadroxil 250 mg / 5 ml","250 mg / 5 ml",syrup,مل,قارورة,100,"Pharmacare","Yemen","Antibacterial Bacterial",96,3
04c9ff63-a4d3-4bc5-8587-d2b3ed0b79da,MED-10655,"Cefacur","Cefacur (Infections األصبثبد انجكت ٍش ٌخ)","Cefadroxil","",capsule,كبسولة,شريط,1,"Modern Pharama","Yemen","Antibacterial Bacterial",96,4
3e52b0a8-a380-476d-8ed9-e16c678975b4,MED-10656,"Cefacur Syrup","Cefacur Syrup (Infections األصبثبد انجكت ٍش ٌخ)","Cefadroxil 250 mg / 5 ml","250 mg / 5 ml",syrup,مل,قارورة,60,"Modern Pharama","Yemen","Antibacterial Bacterial",96,5
d9c44994-e1f2-4433-8331-8f3ca6dab900,MED-10657,"Cefacure 500","Cefacure 500 (Infections األصبثبد انجكت ٍش ٌخ)","Cefadroxil 500 mg / cap","500 mg",capsule,كبسولة,شريط,1,"Modern Pharama","Yemen","Antibacterial Bacterial",96,6
d38255c3-f0b1-47e3-89cb-0f2bba1522d1,MED-10658,"Cefadroxil 500","Cefadroxil 500 (Infections األصبثبد انجكت ٍش ٌخ)","Cefadroxil 500 mg / cap","500 mg",capsule,كبسولة,شريط,10,"MEDICO LABS","Syria","Antibacterial Bacterial",96,7
9f2da1d8-3634-4632-8e47-eef56db8c8e0,MED-10659,"Cefalexin Capsules","Cefalexin Capsules (Infections األصبثبد انجكت ٍش ٌخ)","Cephalexin","",capsule,كبسولة,شريط,2,"Modern Pharama","Yemen","Antibacterial Bacterial",97,1
b6a11ed1-2347-4d88-800d-9ccfc3f5c019,MED-10660,"Cefalexin Syrup","Cefalexin Syrup (Infections األصبثبد انجكت ٍش ٌخ)","Cephalexin","",syrup,مل,قارورة,100,"Modern Pharama","Yemen","Antibacterial Bacterial",97,2
a9fec019-06a6-4a20-839f-0b692d67abc9,MED-10661,"Cefamid","Cefamid (Infections األصبثبد انجكت ٍش ٌخ)","Cefadroxil 500 mg / cap","500 mg",capsule,كبسولة,شريط,3,"CIPLA","India","Antibacterial Bacterial",97,3
5186145a-e135-4b83-888e-2d6333081f99,MED-10662,"Cefantral","Cefantral (Infections األصبثبد انجكت ٍش ٌخ)","Cefotaxime Sodium","",other,وحدة,علبة,1,"Unknown","Unknown","Antibacterial Bacterial",97,4
1a375421-742d-4204-8b27-79dbf90206c4,MED-10663,"CEFAROL 250","CEFAROL 250 (Infections األصبثبد انجكت ٍش ٌخ)","Cefadroxil 250 mg / 5 ml","250 mg / 5 ml",suspension,مل,قارورة,60,"Global Pharma","Yemen","Antibacterial Bacterial",97,5
a31c5079-0480-4e99-8e71-c213a47465ae,MED-10664,"Cefarol 500","Cefarol 500 (Infections األصبثبد انجكت ٍش ٌخ)","Cefadroxil 500 mg / cap","500 mg",capsule,كبسولة,شريط,10,"Global Pharma","Yemen","Antibacterial Bacterial",97,6
56a355c9-6f6d-4df9-8a63-aaec9e14bae7,MED-10665,"Cefasyn","Cefasyn (Infections األصبثبد انجكت ٍش ٌخ)","Cefuroxime","",tablet,حبة,شريط,1,"CIPLA","India","Antibacterial Bacterial",97,7
bfae8b48-4968-4526-825d-f96ec5af3ab8,MED-10666,"Cefasyn","Cefasyn (Infections األصبثبد انجكت ٍش ٌخ)","Cefuroxime","",other,وحدة,علبة,1,"CIPLA","India","Antibacterial Bacterial",98,1
4349bed9-d401-45c0-87d9-3f3c871fb274,MED-10667,"Cefax","Cefax (Infections األصبثبد انجكت ٍش ٌخ)","Ceftriaxone Sodium","",injection,أمبولة,باكت,1,"Huons","Korea","Antibacterial Bacterial",98,2
b682a4e0-2807-4daf-8767-1df99e8c612f,MED-10668,"Cefazolin","Cefazolin (Infections األصبثبد انجكت ٍش ٌخ)","Cefazolin","",other,وحدة,علبة,1,"Unknown","Unknown","Antibacterial Bacterial",98,3
17dd4022-6743-4494-8b0a-e2a81bf6d293,MED-10669,"Cefepime","Cefepime (Infections األصبثبد انجكت ٍش ٌخ)","Cefepime Hydrochloride","",other,وحدة,علبة,1,"Unknown","Unknown","Antibacterial Bacterial",98,4
a38a02e9-d5eb-4c12-82fc-676a405a72b9,MED-10670,"Cefepime","Cefepime (Infections األصبثبد انجكت ٍش ٌخ)","Cefepime Hydrochloride","",other,وحدة,علبة,1,"CIPLA","India","Antibacterial Bacterial",98,5
c6f97257-046e-4129-8fbf-3c9852f229ae,MED-10671,"Cefim","Cefim (Infections األصبثبد انجكت ٍش ٌخ)","Cefixime","",other,وحدة,علبة,1,"Unknown","Unknown","Antibacterial Bacterial",98,6
0be98415-4805-4965-8146-04878a2f1d8e,MED-10672,"Cefix","Cefix (Infections األصبثبد انجكت ٍش ٌخ)","Cefixime","",capsule,كبسولة,شريط,1,"Pharma International","","Antibacterial Bacterial",98,7
71fe2492-59d1-4df4-8738-4bb9fca8a72f,MED-10673,"Cefix","Cefix (Infections األصبثبد انجكت ٍش ٌخ)","Cefixime 100 mg / 5 ml","100 mg / 5 ml",suspension,مل,قارورة,30,"Pharma International","","Antibacterial Bacterial",99,1
37de563a-f8fb-4c55-8ae1-30981a71736d,MED-10674,"Cefix","Cefix (Infections األصبثبد انجكت ٍش ٌخ)","Cefixime 100 mg / 5 ml","100 mg / 5 ml",suspension,مل,قارورة,60,"Pharma International","","Antibacterial Bacterial",99,2
0e8a0b77-6318-400c-87cb-e0db7145b1ed,MED-10675,"Cefnet - 250","Cefnet - 250 (Infections األصبثبد انجكت ٍش ٌخ)","Cefuroxime","",other,وحدة,علبة,1,"Unknown","Unknown","Antibacterial Bacterial",99,3
123b6b7b-73fd-410c-85cc-cf37c358ab8f,MED-10676,"Cefnet - 500","Cefnet - 500 (Infections األصبثبد انجكت ٍش ٌخ)","Cefuroxime","",other,وحدة,علبة,1,"Unknown","Unknown","Antibacterial Bacterial",99,4
0a25993c-b79f-4e03-809c-fa9a48c1e650,MED-10677,"Cefobid","Cefobid (Microbial Infections)","Cefoperazone Sodium","",injection,أمبولة,باكت,1,"Pfizer","USA","Antibiotics ًٍكشوث ٍخ األصبثبد ان",99,5
4d1dc3e5-013f-4523-8ac4-837729be6584,MED-10678,"Cefodox 100","Cefodox 100 (Microbial Infections)","Cefpodoxime Proxetil","",tablet,حبة,شريط,1,"DIC","Jordan","Antibiotics ًٍكشوث ٍخ األصبثبد ان",99,6
e83a3cde-94aa-44d8-82cb-df1a59841341,MED-10679,"Cefodox 200","Cefodox 200 (Microbial Infections)","Cefpodoxime Proxetil","",tablet,حبة,شريط,2,"DIC","Jordan","Antibiotics ًٍكشوث ٍخ األصبثبد ان",99,7
ab09a8fc-dd56-47e1-8a29-cbe6156d2278,MED-10680,"Cefogram","Cefogram (Infections األصبثبد انجكت ٍش ٌخ)","Ceftriaxone Sodium","",injection,أمبولة,باكت,1,"Orchid","Unknown","Antibacterial Bacterial",100,1
88747e63-aa96-49bd-81ba-c6b157079106,MED-10681,"Cefogram","Cefogram (Infections األصبثبد انجكت ٍش ٌخ)","Ceftriaxone Sodium","",other,وحدة,علبة,1,"Unknown","Unknown","Antibacterial Bacterial",100,2
1427fdd7-4cfe-404a-83a2-b00c971b66c7,MED-10682,"Cefolin","Cefolin (Infections األصبثبد انجكت ٍش ٌخ)","Cefotaxime Sodium","",injection,أمبولة,باكت,1,"OUBARY PHARMA","Syria","Antibacterial Bacterial",100,3
58a44a77-f247-4476-814f-ac1440fd6a60,MED-10683,"Cefolin","Cefolin (Infections األصبثبد انجكت ٍش ٌخ)","Cefotaxime Sodium","",other,وحدة,علبة,1,"Unknown","Unknown","Antibacterial Bacterial",100,4
621269e1-ac5f-4d63-8290-8c0677052b47,MED-10684,"Cefolin","Cefolin (Infections األصبثبد انجكت ٍش ٌخ)","Cefotaxime Sodium","",other,وحدة,علبة,1,"Oubari","Syria","Antibacterial Bacterial",100,5
46c08381-0bc1-46d7-8951-6bc5d1183748,MED-10685,"Ceforan","Ceforan (Infections األصبثبد انجكت ٍش ٌخ)","Cefotaxime Sodium","",injection,أمبولة,باكت,1,"PHARCO","Egypt","Antibacterial Bacterial",100,6
8fafe159-6391-4bdf-8d17-469b49c9f250,MED-10686,"CEFOTAX","CEFOTAX (Infections األصبثبد انجكت ٍش ٌخ)","Cefotaxime Sodium","",injection,أمبولة,باكت,1,"EIPICO","Egypt","Antibacterial Bacterial",100,7
ce247a0e-cae5-4640-8096-b4c8c47fcabe,MED-10687,"Cefovex","Cefovex (Infections األصبثبد انجكت ٍش ٌخ)","Cefuroxime","",other,وحدة,علبة,1,"Unknown","Unknown","Antibacterial Bacterial",101,1
97cd2cdc-6c48-421f-802f-b60af23c7c19,MED-10688,"Cefproz","Cefproz (Infections األصبثبد انجكت ٍش ٌخ)","Cefprozil","",other,وحدة,علبة,1,"Unknown","Unknown","Antibacterial Bacterial",101,2
d975c0d3-503c-4211-8a3b-a952b3523157,MED-10689,"Ceftinex","Ceftinex (Infections األصبثبد انجكت ٍش ٌخ)","Cefdinir","",other,وحدة,علبة,1,"Unknown","Unknown","Antibacterial Bacterial",101,3
5da2b084-d83f-4fa0-8526-3d9d5ce0d74a,MED-10690,"Ceftracef","Ceftracef (Infections األصبثبد انجكت ٍش ٌخ)","Ceftriaxone Sodium","",injection,أمبولة,باكت,1,"OUBARY PHARMA","Syria","Antibacterial Bacterial",101,4
b9ab803d-d185-4e37-8e86-e69b83792c36,MED-10691,"Ceftracef","Ceftracef (Infections األصبثبد انجكت ٍش ٌخ)","Ceftriaxone Sodium 500 mg","500 mg",other,وحدة,علبة,1,"Oubari","Unknown","Antibacterial Bacterial",101,5
9a311ca2-b429-495d-88ea-27ddcc75cce5,MED-10692,"CEFTRAME - 5","CEFTRAME - 5 (Infections األصبثبد انجكت ٍش ٌخ)","Ceftriaxone Sodium 500 mg","500 mg",injection,أمبولة,باكت,1,"Unknown","Unknown","Antibacterial Bacterial",101,6
3932b3ca-fee6-40df-8998-fcfc5b3bb0f0,MED-10693,"Ceftriaxone","Ceftriaxone (Infections األصبثبد انجكت ٍش ٌخ)","Ceftriaxone Sodium","",injection,أمبولة,باكت,1,"Vitalis","USA","Antibacterial Bacterial",101,7
25d3b7dc-aa96-438a-8ca0-d12de37fb9e7,MED-10694,"Ceftriaxon-Tabuk","Ceftriaxon-Tabuk (Infections األصبثبد انجكت ٍش ٌخ)","Ceftriaxone Sodium","",injection,أمبولة,باكت,1,"Tabuk pharma","","Antibacterial Bacterial Saudi Arabia",102,1
43eb6ebf-d2ef-44a6-832d-9b36d9b89b82,MED-10695,"Cefutil","Cefutil (Infections األصبثبد انجكت ٍش ٌخ)","Cefuroxime","",tablet,حبة,شريط,1,"DIC","Jordan","Antibacterial Bacterial",102,2
64c8c4c1-2e48-4f82-8cc6-2cd17cd517fc,MED-10696,"Cefutil 250 mg","Cefutil 250 mg (Infections األصبثبد انجكت ٍش ٌخ)","Cefuroxime","250 mg",other,وحدة,علبة,1,"Unknown","Unknown","Antibacterial Bacterial",102,3
6d6c4b6b-2da7-4799-8b8c-477e90b5d29d,MED-10697,"Cefutil 500 mg","Cefutil 500 mg (Infections األصبثبد انجكت ٍش ٌخ)","Cefuroxime","500 mg",other,وحدة,علبة,1,"Unknown","Unknown","Antibacterial Bacterial",102,4
26d2962f-4e0c-443c-8928-091af1d5bc0a,MED-10698,"Cefuzime","Cefuzime (Infections األصبثبد انجكت ٍش ٌخ)","Cefuroxime","",tablet,حبة,شريط,1,"Julphar","UAE","Antibacterial Bacterial",102,5
6dfeccd0-482a-42f9-8fda-b16b3c568059,MED-10699,"CEHAN 200 mg","CEHAN 200 mg (Infections األصبثبد انجكت ٍش ٌخ)","Cefixime","200 mg",other,وحدة,علبة,1,"Korea Pharma","Korea","Antibacterial Bacterial",102,6
91cfc42a-4d59-4507-87c2-79ad77c0a175,MED-10700,"Celebrex","Celebrex (األوجبع)","Celecoxib capsule 200 mg .","200 mg",capsule,كبسولة,شريط,10,"Pfizer","USA","Nonsteroidal Anti- Analgesic يهذئبد",102,7
320fa1a8-6672-4814-81a4-e64fd34ba260,MED-10701,"Celebrex 200","Celebrex 200 (األوجبع)","Celecoxib","",other,وحدة,علبة,1,"Unknown","Unknown","Non-Steroidal Anti- Analgesic يهذئبد",103,1
3f74262a-d03f-4fff-8f48-b3c27a91e8ca,MED-10702,"CEPHALEXIN","CEPHALEXIN (Infections األصبثبد انجكت ٍش ٌخ)","Cephalexin 250 mg / 5 ml","250 mg / 5 ml",syrup,مل,قارورة,100,"Modern Pharama","Yemen","Antibacterial Bacterial",103,2
b795210c-f524-4bb3-8635-976d7b5d6b6c,MED-10703,"CEPHALEXIN 500","CEPHALEXIN 500 (Infections األصبثبد انجكت ٍش ٌخ)","Cephalexin 500 mg","500 mg",capsule,كبسولة,شريط,20,"Modern Pharama","Yemen","Antibacterial Bacterial",103,3
c69e053c-3318-49a5-81d7-4ae3a0de4ba1,MED-10704,"CEPILEN","CEPILEN (Infections األصبثبد انجكت ٍش ٌخ)","Cefepime Hydrochloride","",other,وحدة,علبة,1,"Unknown","Unknown","Antibacterial Bacterial",103,4
e94c948a-252a-4170-8dad-c8034ab8286a,MED-10705,"Cepril H","Cepril H (استفبع ضغظ انذو)","Lisinopril+ Cardio Vascular Hydrochlorothiazi de","",other,وحدة,علبة,1,"Unknown","Unknown","System drugs Hypertension",103,5
d4078a14-2503-4178-8514-0911e9b1d22d,MED-10706,"CERAX","CERAX (Infections األصبثبد انجكت ٍش ٌخ)","Cefuroxime 125 mg / 5 ml","125 mg / 5 ml",suspension,مل,قارورة,60,"RFA","Yemen","Antibacterial Bacterial",103,6
478e32c3-557d-410d-85f3-5d321b81ea16,MED-10707,"Cerebrolysin","Cerebrolysin (األيشاض انؼمه ٍخ)","Cerebrolysin Central Nervous","",other,وحدة,علبة,1,"Unknown","Unknown","system drugs Mental Disorders",103,7
4fb562f9-c3a1-4de8-83b2-f23e1801cddd,MED-10708,"Cerizine","Cerizine","Cetirizine Hydrochloride 10 mg","10 mg",tablet,حبة,شريط,20,"BIOPHARM","Yemen","Antihistamines Allergy انحغبع ٍخ",104,1
fae55f9b-8671-4133-88f3-bddcccf292ea,MED-10709,"CERTEC tab","CERTEC tab","Cetirizine Hydrochloride","",tablet,حبة,شريط,10,"Korea Pharma","Korea","Antihistamines Allergy انحغبع ٍخ",104,2
3166b4dc-3c2d-4319-8cb7-a5b7bc4dc117,MED-10710,"CERVITAM","CERVITAM (األيشاض انؼمه ٍخ)","Piracetam - 400 + Central Nervous Vinkamine 20 mg / cap","20 mg",capsule,كبسولة,شريط,20,"EGYPHAR","Egypt","system drugs Mental Disorders",104,3
9b249750-81a3-4250-8fb2-d32e694ee82c,MED-10711,"CETAL","CETAL (Analgesic يهذئبد األوجبع وانح ًى)","Paracetamol supp , 120 mg .","120 mg",other,وحدة,علبة,5,"EIPICO","Egypt","Nonsteroidal Anti- Antipyretic -",104,4
3adfb9db-5ef3-4579-8c56-14c7414a3dd4,MED-10712,"CETAL","CETAL (Analgesic يهذئبد األوجبع وانح ًى)","Paracetamol","",syrup,مل,قارورة,100,"EIPICO","Egypt","Nonsteroidal Anti- Antipyretic -",104,5
35c0650b-5a67-4f00-8b8e-9d1e86581473,MED-10713,"Cetal Me","Cetal Me (األنتهبثبد انجذنذ ٌخ)","Antiseptic","",syrup,مل,قارورة,125,"Middle East","Unknown","Antiseptic and Desinfectants Dermatitis",104,6
0a63eac4-4419-43f7-859f-a0f4abc757e1,MED-10714,"Cetrimide","Cetrimide","Each 1 gm contains : Cetrimide 10 mg","1 g",cream,أنبوب,علبة,20,"PHARCO","Egypt","Antiseptic and Desinfectants Antiseptic يطهشاد",104,7
5a538519-c73a-4d80-8a91-9fb2767e3679,MED-10715,"CEVAMOL","CEVAMOL (Analgesic يهذئبد األوجبع وانح ًى)","Paracetamol 400 mg + vitamin C 250 mg / effervesent tablet .","400 mg",tablet,حبة,شريط,12,"CID","Egypt","Nonsteroidal Anti- Antipyretic -",105,1
2f5265b6-4e60-4aaa-835b-b758031296c8,MED-10716,"CEZAC - 20","CEZAC - 20 (األيشاض انؼمه ٍخ)","Fluoxetine Central Nervous capsule 20 mg","20 mg",capsule,كبسولة,شريط,20,"RFA","Yemen","system drugs Mental Disorders",105,2
c7d08cad-1fde-4d15-810d-c0070b7763b2,MED-10717,"Chitosan & calcium","Chitosan & calcium (يك ًالد غزائ ٍخ)","Calcium","",tablet,حبة,شريط,30,"Power Health","Unknown","Vitamines and Menirals Food Supplement",105,3
f93d058e-448f-4af5-8388-768328ac2cd7,MED-10718,"Chlorasept","Chlorasept (( E . N . T ) األ َف ٌ وانح ُجشح واألر)","Phenol 1.4 %","1.4 %",syrup,مل,قارورة,120,"Shiba pharma","Yemen","Antiseptic and Desinfectants Ear Nose Throat",105,4
d65312d2-2182-4a55-8d68-e4963c33a04f,MED-10719,"Chlorohistol","Chlorohistol (َضالد انجشد)","Chlorphenamine Maleate","",tablet,حبة,شريط,20,"Julphar","UAE","Antihistamines Common Cold",105,5
a66f297b-3954-4d21-846e-9267be6ec43a,MED-10720,"Chloroquine Phosphate","Chloroquine Phosphate","Chloroquine Phosphate","",syrup,مل,قارورة,60,"Unknown","Unknown","Antimalarial medicines Malaria ان ًالس ٌب",105,6
2b675b6f-002e-4dc9-8ba8-fa7831c4fd0c,MED-10721,"Chloroquine - Shiba","Chloroquine - Shiba","Chloroquine","",syrup,مل,قارورة,60,"Shiba pharma","Yemen","Antimalarial medicines Malaria ان ًالس ٌب",105,7
be6c90ad-67e7-4bf2-8512-6aecc48dedd1,MED-10722,"Chloroquine- Shiba","Chloroquine- Shiba","Chloroquine","",tablet,حبة,شريط,10,"Shiba pharma","Yemen","Antimalarial medicines Malaria ان ًالس ٌب",106,1
9d73cae4-b745-449b-83a4-f94ebad1cfd4,MED-10723,"Chlorpromazine","Chlorpromazine (األيشاض انؼمه ٍخ)","Chlorpromazine Central Nervous","",other,وحدة,علبة,1,"Unknown","Unknown","system drugs Mental Disorders",106,2
f3b9a5e7-1e2b-4c69-8da4-ccabeb78087c,MED-10724,"chlorpromazine ???","chlorpromazine ??? (األيشاض انؼمه ٍخ)","chlorpromazine Central Nervous tablet 50 mg","50 mg",tablet,حبة,شريط,100,"SUN","India","system drugs Mental Disorders",106,3
e0feb5df-99b7-4132-8ff7-29d4820604f7,MED-10725,"Chlorpromazine 100 mg","Chlorpromazine 100 mg (األيشاض انؼمه ٍخ)","Chlorpromazine Central Nervous","100 mg",other,وحدة,علبة,1,"Unknown","Unknown","system drugs Mental Disorders",106,4
0a9ea17b-06e5-4c41-8742-da905fb48448,MED-10726,"chlorpromazine","chlorpromazine (األيشاض انؼمه ٍخ)","chlorpromazine Central Nervous tablet 100 mg","100 mg",tablet,حبة,شريط,100,"SUN","India","system drugs Mental Disorders",106,5
d26cf1bf-2d91-48ef-891d-526d9918e5e8,MED-10727,"Chymotrypsin","Chymotrypsin","Chymotrypsin","",injection,أمبولة,باكت,3,"AMOUN","Egypt","Miscellaneous drugs Eye ٍٍ انؼ",106,6
983a967b-8823-4bb7-8ad8-562a3edb2350,MED-10728,"Ciafil 20","Ciafil 20 (ي ُشطبد ج ُغ ٍخ)","Tadalafil 20 mg","20 mg",tablet,حبة,شريط,4,"RFA","Yemen","Sex Stimulants Sex Stimulants",106,7
bcefee54-fcac-47f3-81b2-e90757806229,MED-10729,"cid water","cid water (انهضى)","Semethicone","",syrup,مل,قارورة,120,"CID","Egypt","Gastro Intestinal drugs Indigestion عىء",107,1
4e92fef6-2a23-480d-823b-99730ebfffe6,MED-10730,"cidodian-depot","cidodian-depot (يىا َغ انح ًم)","Estradiol","",injection,أمبولة,باكت,1,"SCHERING","Germany","Gynaecology drugs Contraceptives",107,2
49534494-31a8-444b-8372-4d9ceae11da3,MED-10731,"CILOXAN","CILOXAN","Ciprofloxacin Hydrochloride","",drops,مل,قطارة,5,"Alcon","Unknown","Antibacterial Eye ٍٍ انؼ",107,3
212eaf03-2355-4df4-89c8-bfacc67538cf,MED-10732,"CINCI","CINCI (األنتهبثبد انجذنذ ٌخ)","Unknown","",cream,أنبوب,علبة,1,"Unknown","Unknown","Skin Disorders Dermatitis",107,4
9b6a1827-a0e8-42cf-8f77-d56d69cba939,MED-10733,"Cini 25","Cini 25 (انذوخخ)","Cinnarizine 25 mg","25 mg",tablet,حبة,شريط,30,"RFA","Yemen","Antihistamines Vertigo انذواس او",107,5
c6692a7b-6d86-4f7c-8f9b-d2494ef07db2,MED-10734,"Cini 75","Cini 75 (انذوخخ)","Cinnarizine 75 mg","75 mg",capsule,كبسولة,شريط,20,"RFA","Yemen","Antihistamines Vertigo انذواس او",107,6
6cb22ebc-0279-4503-82c1-43228007a9d3,MED-10735,"CINOLONE.N","CINOLONE.N (األنتهبثبد انجذنذ ٌخ)","Combination","",cream,أنبوب,علبة,20,"MEDICO LABS","Syria","Skin Disorders Dermatitis",107,7
9f5610f1-abb5-4aa2-8527-16f8d135392c,MED-10736,"Cipazol Forte","Cipazol Forte (Gardiasis جبسد ٌب واي ٍج ٍب)","Secnidazole 1000 mg","1000 mg",tablet,حبة,شريط,2,"CIPLA","India","Antiprtozoal Amoebiasis ,",108,1
3d8eb2d2-efce-404d-8c93-b29e77989945,MED-10737,"CIPAZOL OORT","CIPAZOL OORT (Gardiasis جبسد ٌب واي ٍج ٍب)","Secnidazole 1000 mg","1000 mg",tablet,حبة,شريط,2,"CIPLA","India","Antiprtozoal Amoebiasis ,",108,2
7361cd39-d3cf-4dc8-8b2f-7bec43a76962,MED-10738,"Ciperf","Ciperf (Infections األصبثبد انجكت ٍش ٌخ)","Ciprofloxacin","",injection,أمبولة,باكت,1,"OUBARY PHARMA","Syria","Antibacterial Bacterial",108,3
89b0416f-7949-4ec9-8f41-8bd8c810dffd,MED-10739,"Ciplacef","Ciplacef (Infections األصبثبد انجكت ٍش ٌخ)","Ceftriaxone Sodium","",injection,أمبولة,باكت,1,"CIPLA","India","Antibacterial Bacterial",108,4
a9b3c9da-4ddc-47bb-8a4d-d3a62429a2ad,MED-10740,"Cipla-Lamivudine","Cipla-Lamivudine (Disorders اضطشاثبد انكجذ)","Lamivudine 300 mg","300 mg",tablet,حبة,شريط,10,"CIPLA","India","Antivirals Hepatic",108,5
0b264c33-16eb-4726-898e-fea12bfe1f85,MED-10741,"Cipla-Lamivudine susp","Cipla-Lamivudine susp (Disorders اضطشاثبد انكجذ)","Lamivudine 50 mg / 5 ml","50 mg / 5 ml",suspension,مل,قارورة,240,"CIPLA","India","Antivirals Hepatic",108,6
c7d39b1b-6727-4bff-830f-0343966088ac,MED-10742,"ciplar - la 40","ciplar - la 40 (استفبع ضغظ انذو)","Propranolol HCL Cardio Vascular","",tablet,حبة,شريط,10,"CIPLA","India","System drugs Hypertension",108,7
bbb32776-e4c2-4e59-8f8a-88e0785bbc4e,MED-10743,"Cipla-Zidovudine","Cipla-Zidovudine (األصبثبد انف ٍشوع ٍخ)","Zidovudine 50 mg / 5 ml","50 mg / 5 ml",syrup,مل,قارورة,200,"CIPLA","India","Antivirals Viral Infections",109,1
2cdf099b-a68d-4582-8c29-991251ebdac3,MED-10744,"Cipla-Zidovudine","Cipla-Zidovudine (األصبثبد انف ٍشوع ٍخ)","Zidovudine","",tablet,حبة,شريط,100,"CIPLA","India","Antivirals Viral Infections",109,2
c90c91ff-1bc6-4497-8df3-9e713fb0d096,MED-10745,"Ciplin","Ciplin (Infections األصبثبد انجكت ٍش ٌخ)","Trimethoprim/Sulf amethoxazole (Co-trimoxazole)","",syrup,مل,قارورة,100,"CIPLA","India","Antibacterial Bacterial",109,3
8a148dbc-dd78-430b-8652-4841c82b4b26,MED-10746,"Ciplin","Ciplin (Infections األصبثبد انجكت ٍش ٌخ)","Trimethoprim/Sulf amethoxazole (Co-trimoxazole)","",tablet,حبة,شريط,10,"CIPLA","India","Antibacterial Bacterial",109,4
54a2e796-aa23-4f21-8baa-039214d5942a,MED-10747,"Ciplox","Ciplox (Infections األصبثبد انجكت ٍش ٌخ)","Ciprofloxacin*","",tablet,حبة,شريط,2,"CIPLA","India","Antibacterial Bacterial",109,5
68730c16-ec2d-43d7-8fa6-9b01051b0fdd,MED-10748,"Ciplox","Ciplox (Infections األصبثبد انجكت ٍش ٌخ)","Ciprofloxacin 2 mg / ml","2 mg",injection,أمبولة,باكت,100,"CIPLA","India","Antibacterial Bacterial",109,6
05a25300-834d-4057-86fb-765d24e21e51,MED-10749,"Ciplox","Ciplox","Ciprofloxacin Hydrochloride","",drops,مل,قطارة,1,"CIPLA","India","Antibacterial Eye ٍٍ انؼ",109,7
24d6a0c3-8245-433a-8042-e9eba7f69814,MED-10750,"Ciplox 500","Ciplox 500 (Infections األصبثبد انجكت ٍش ٌخ)","Ciprofloxacin*","",tablet,حبة,شريط,1,"CIPLA","India","Antibacterial Bacterial",110,1
37034cfc-b2a0-43c8-81f2-9d0ca884bc67,MED-10751,"Cipralex - 10","Cipralex - 10 (األيشاض انؼمه ٍخ)","Escitalopram Central Nervous tablet 10 mg","10 mg",tablet,حبة,شريط,14,"Lundbeck","Denmark","system drugs Mental Disorders",110,2
b39c9c21-e896-4597-81c6-88162e55dbfc,MED-10752,"Cipram","Cipram (األيشاض انؼمه ٍخ)","Citalopram tablet Central Nervous 20 mg","20 mg",tablet,حبة,شريط,14,"Lundbeck","Denmark","system drugs Mental Disorders",110,3
a7787d13-7223-4cc0-8fae-06917d8f096d,MED-10753,"Cipril","Cipril (استفبع ضغظ انذو)","Lisinopril 5 mg Cardio Vascular","5 mg",tablet,حبة,شريط,2,"CIPLA","India","System drugs Hypertension",110,4
b98e7771-8272-4715-81b9-8a7018691b0b,MED-10754,"Cipril - 2.5","Cipril - 2.5 (استفبع ضغظ انذو)","Lisinopril Cardio Vascular","",other,وحدة,علبة,1,"Unknown","Unknown","System drugs Hypertension",110,5
0453a9ce-12f5-4978-8f60-4581566a1729,MED-10755,"Cipril-h","Cipril-h (استفبع ضغظ انذو)","Lisinopril Cardio Vascular","",other,وحدة,علبة,1,"Unknown","Unknown","System drugs Hypertension",110,6
d0e7d91b-f4f8-4752-89e2-33998d4252bc,MED-10756,"Ciprinol","Ciprinol (Infections األصبثبد انجكت ٍش ٌخ)","Ciprofloxacin 200 mg / 100 ml","200 mg / 100 ml",injection,أمبولة,باكت,1,"KRKA","India","Antibacterial Bacterial",110,7
10b19a6e-4276-4daa-8674-f5afc2e8eed0,MED-10757,"Ciprobay","Ciprobay (Infections األصبثبد انجكت ٍش ٌخ)","Ciprofloxacin","",tablet,حبة,شريط,1,"BAYER","Germany","Antibacterial Bacterial",111,1
a92940d5-cafc-4d30-8d77-8c18e7fef584,MED-10758,"Ciprobay 500","Ciprobay 500 (Infections األصبثبد انجكت ٍش ٌخ)","Ciprofloxacin Hydrochloride","",other,وحدة,علبة,1,"Unknown","Unknown","Antibacterial Bacterial",111,2
4519d17b-8a49-4e35-8342-43c3362a8fac,MED-10759,"Ciprodar","Ciprodar (Infections األصبثبد انجكت ٍش ٌخ)","Ciprofloxacin*","",tablet,حبة,شريط,1,"Dar Aldawa","Jordan","Antibacterial Bacterial",111,3
870dae7e-c65f-48da-8e80-76c2e1b7b38b,MED-10760,"Cipro-Denk","Cipro-Denk (Infections األصبثبد انجكت ٍش ٌخ)","Ciprofloxacin*","",tablet,حبة,شريط,1,"Denk pharma","Germany","Antibacterial Bacterial",111,4
2d5a82bf-ab75-4deb-8ed6-72e12aeee04c,MED-10761,"Ciprof","Ciprof (Infections األصبثبد انجكت ٍش ٌخ)","Ciprofloxacin","",tablet,حبة,شريط,1,"BIOPHARM","Yemen","Antibacterial Bacterial",111,5
db385231-99e2-4607-8186-e865086c85a3,MED-10762,"CIPROFAST","CIPROFAST (Infections األصبثبد انجكت ٍش ٌخ)","Ciprofloxacin 500 mg","500 mg",tablet,حبة,شريط,10,"Global Pharma","Yemen","Antibacterial Bacterial",111,6
8c6261b7-9cba-4f1f-8852-f6f74a72480c,MED-10763,"CIPROFIN 500","CIPROFIN 500 (Infections األصبثبد انجكت ٍش ٌخ)","Ciprofloxacin 500 mg","500 mg",tablet,حبة,شريط,10,"Modern Pharama","Yemen","Antibacterial Bacterial",111,7
a283367e-94bf-4c25-8002-5e05f2b3f514,MED-10764,"CIPROFIN 750","CIPROFIN 750 (Infections األصبثبد انجكت ٍش ٌخ)","Ciprofloxacin 750 mg","750 mg",tablet,حبة,شريط,10,"Modern Pharama","Yemen","Antibacterial Bacterial",112,1
5ddc4b05-c755-4582-8ead-2d84a8d19fae,MED-10765,"Ciproflex","Ciproflex (Infections األصبثبد انجكت ٍش ٌخ)","Ciprofloxacin*","",tablet,حبة,شريط,1,"Alpha","Syria","Antibacterial Bacterial",112,2
6a9e670b-7f24-4544-8109-835f8c8b9ba0,MED-10766,"Ciprofloxacin","Ciprofloxacin (Infections األصبثبد انجكت ٍش ٌخ)","Ciprofloxacin 200 mg / 100 ml","200 mg / 100 ml",injection,أمبولة,باكت,100,"Unknown","Unknown","Antibacterial Bacterial",112,3
f2dbab94-c4d3-456e-8ace-215f11615f69,MED-10767,"Ciprolon","Ciprolon (Infections األصبثبد انجكت ٍش ٌخ)","Ciprofloxacin","",tablet,حبة,شريط,1,"HIKMA","Jordan","Antibacterial Bacterial",112,4
8b5fa27a-6542-4aae-8bb3-ec9806de427f,MED-10768,"Cipromax","Cipromax (Infections األصبثبد انجكت ٍش ٌخ)","Ciprofloxacin*","",tablet,حبة,شريط,1,"SPIMACO","","Antibacterial Bacterial Saudi Arabia",112,5
e4aec387-ff7d-4302-8c60-0dce06612f56,MED-10769,"Ciprone","Ciprone (Infections األصبثبد انجكت ٍش ٌخ)","Ciprofloxacin*","",tablet,حبة,شريط,1,"MUP","Egypt","Antibacterial Bacterial",112,6
b6ef4fb4-21a9-4298-8bf6-faf3c52c476f,MED-10770,"Ciproquin","Ciproquin (Infections األصبثبد انجكت ٍش ٌخ)","Ciprofloxacin*","",tablet,حبة,شريط,10,"Kopran","India","Antibacterial Bacterial",112,7
3f8931f0-307c-4fd9-85a1-4bda9456a2bf,MED-10771,"Ciprosan - 500","Ciprosan - 500 (Infections األصبثبد انجكت ٍش ٌخ)","Ciprofloxacin 500 mg","500 mg",tablet,حبة,شريط,1,"Shiba pharma","Yemen","Antibacterial Bacterial",113,1
0b938b98-abf8-4f56-84c2-ca52fad3ce59,MED-10772,"Ciprosan - 750","Ciprosan - 750 (Infections األصبثبد انجكت ٍش ٌخ)","Ciprofloxacin 750 mg","750 mg",capsule,كبسولة,شريط,1,"Shiba pharma","Yemen","Antibacterial Bacterial",113,2
77ec6ad0-18bc-434d-8418-6b85026c42ec,MED-10773,"Ciprova","Ciprova (Infections األصبثبد انجكت ٍش ٌخ)","Ciprofloxacin","",tablet,حبة,شريط,1,"Unknown","Unknown","Antibacterial Bacterial",113,3
8a216e86-8835-4077-8d8a-90531b9650b9,MED-10774,"Ciproxe 500","Ciproxe 500 (Infections األصبثبد انجكت ٍش ٌخ)","Ciprofloxacin*","",tablet,حبة,شريط,1,"Shaphaco","Yemen","Antibacterial Bacterial",113,4
721c584a-4048-4f72-8031-fcd92e2dcdc6,MED-10775,"Ciproxe 750","Ciproxe 750 (Infections األصبثبد انجكت ٍش ٌخ)","Ciprofloxacin Hydrochloride 750 mg","750 mg",tablet,حبة,شريط,10,"Shaphaco","Yemen","Antibacterial Bacterial",113,5
cd4421d8-6b33-4820-8dca-9e66c76231ea,MED-10776,"Ciproxene 500","Ciproxene 500 (Infections األصبثبد انجكت ٍش ٌخ)","Ciprofloxacin*","",other,وحدة,علبة,1,"Medical Bahri","Syria","Antibacterial Bacterial",113,6
86c0a84a-2011-49be-85d0-745f8b6beaae,MED-10777,"Ciproxene 750","Ciproxene 750 (Infections األصبثبد انجكت ٍش ٌخ)","Ciprofloxacin*","",tablet,حبة,شريط,1,"Medical Bahri","Syria","Antibacterial Bacterial",113,7
6151e441-7eff-4bbb-8a3e-6962b566b4bc,MED-10778,"Citadep - 20","Citadep - 20 (األيشاض انؼمه ٍخ)","Citalopram tablet Central Nervous 20 mg","20 mg",tablet,حبة,شريط,10,"CIPLA","India","system drugs Mental Disorders",114,1
d4de43be-e142-4ec5-8606-c5d22daef8cf,MED-10779,"Citadep - 20","Citadep - 20 (األيشاض انؼمه ٍخ)","Citalopram Central Nervous","",other,وحدة,علبة,1,"Unknown","Unknown","system drugs Mental Disorders",114,2
26cb83fc-8047-43c7-836f-503d4920b6f5,MED-10780,"Citalop","Citalop (األيشاض انؼمه ٍخ)","Escitalopram Central Nervous tablet 10 mg","10 mg",tablet,حبة,شريط,30,"Shiba pharma","Yemen","system drugs Mental Disorders",114,3
6d449662-def7-4544-81be-ccde68d1d04f,MED-10781,"Citalop","Citalop (األيشاض انؼمه ٍخ)","Escitalopram Central Nervous tablet 20 mg","20 mg",tablet,حبة,شريط,30,"Shiba pharma","Yemen","system drugs Mental Disorders",114,4
dbda48e8-9729-44cc-8d2f-1b7eb4e3c881,MED-10782,"CITALOP 20","CITALOP 20 (األيشاض انؼمه ٍخ)","Escitalopram Central Nervous tablet 20 mg","20 mg",tablet,حبة,شريط,30,"RFA","Yemen","system drugs Mental Disorders",114,5
7650fff1-318a-48a1-89b1-e38303479664,MED-10783,"citapram","citapram (األيشاض انؼمه ٍخ)","Citalopram tablet Central Nervous 20 mg","20 mg",tablet,حبة,شريط,30,"Pharma International","Jordan","system drugs Mental Disorders",114,6
c97ec290-363d-4383-8b66-aa83f0bbbd31,MED-10784,"Citex","Citex (األيشاض انؼمه ٍخ)","Citalopram tablet Central Nervous 20 mg","20 mg",tablet,حبة,شريط,20,"Shiba pharma","Yemen","system drugs Mental Disorders",114,7
6638d97b-a823-4daf-8018-dd8d804cc61f,MED-10785,"Citol","Citol (األيشاض انؼمه ٍخ)","Citalopram tablet Central Nervous 20 mg","20 mg",tablet,حبة,شريط,28,"ABDIIbrahim","Unknown","system drugs Mental Disorders",115,1
a9ed725c-723f-4d27-8579-b1dbfe4162f4,MED-10786,"Citoles 10 mg","Citoles 10 mg (األيشاض انؼمه ٍخ)","Escitalopram Central Nervous tablet 10 mg","10 mg",tablet,حبة,شريط,28,"ABDIIbrahim","Unknown","system drugs Mental Disorders",115,2
aabc3d90-f971-438d-8a3f-b7f95a00aa2b,MED-10787,"Citoles 20 mg","Citoles 20 mg (األيشاض انؼمه ٍخ)","Escitalopram Central Nervous tablet 20 mg","20 mg",tablet,حبة,شريط,28,"ABDIIbrahim","Unknown","system drugs Mental Disorders",115,3
f30f5f64-ea8a-4833-8bbe-f95b5500dc56,MED-10788,"CLAMIDE","CLAMIDE (أيشاض انغكشي)","Glibenclamide 5 mg","5 mg",tablet,حبة,شريط,100,"Hovid","Malaysia","Antidiabetics Diabetes Mellitus",115,4
3c1f28ad-4d7d-4e68-8bed-f348eb5f57d4,MED-10789,"Clamycin Tablets","Clamycin Tablets (Disorders اضطشاثبد انجهبص ً انت ُفغ)","Clarithromycin","",tablet,حبة,شريط,2,"Julphar","UAE","Antibiotics Respiratory",115,5
6633b96e-9e81-4d1a-81b7-3e0acb162df2,MED-10790,"Clanza","Clanza (األوجبع)","Aceclofenac tablet 100 mg .","100 mg",tablet,حبة,شريط,10,"Korea United Pharma","Korea","Non-Steroidal Anti- Analgesic يهذئبد",115,6
d216274d-b769-4792-8186-aa864c3fbba1,MED-10791,"Claphorama","Claphorama (Infections األصبثبد انجكت ٍش ٌخ)","Cefotaxime Sodium","",injection,أمبولة,باكت,1,"Alpha","Syria","Antibacterial Bacterial",115,7
b580a1d7-d56b-47d4-87ba-be48c4e61ced,MED-10792,"Claradone","Claradone (انغغىالد انف ًى ٌخ)","Combination","",syrup,مل,قارورة,100,"Unknown","UAE","Health Care MEDPHARMA Mouth Wash",116,1
17b95414-689c-4c30-8045-21ed7e8b702f,MED-10793,"CLARADONE","CLARADONE","Combination","",syrup,مل,قارورة,200,"Unknown","UAE","Antiseptic and MEDPHARMA Desinfectants Vaginal ان ًهجم",116,2
b6fa4b5c-ff4e-49cf-8832-49916052eadf,MED-10794,"Claricide - 250","Claricide - 250 (Disorders اضطشاثبد انجهبص ً انت ُفغ)","Clarithromycin","",tablet,حبة,شريط,1,"Bilim","Turkey","Antibiotics Respiratory",116,3
7d864b27-6942-4c21-82db-437973a5e110,MED-10795,"Claricide - 500","Claricide - 500 (Disorders اضطشاثبد انجهبص ً انت ُفغ)","Clarithromycin","",tablet,حبة,شريط,2,"Bilim","Turkey","Antibiotics Respiratory",116,4
c014e0b9-f729-41c4-8b9e-104f56f27a3f,MED-10796,"Claricin","Claricin (Disorders اضطشاثبد انجهبص ً انت ُفغ)","Each 5 ml contains Clarithromycin USP 125 mg .","5 ml",syrup,مل,قارورة,100,"Pharmacare","Yemen","Antibiotics Respiratory",116,5
284f93aa-0a83-43f8-8490-58fd56a56528,MED-10797,"Claricin","Claricin (Disorders اضطشاثبد انجهبص ً انت ُفغ)","Each Tablet contains Clarithromycin USP 500 mg","500 mg",tablet,حبة,شريط,14,"Pharmacare","Yemen","Antibiotics Respiratory",116,6
5ebd66fa-5917-46c9-8430-8fff2c25f314,MED-10798,"Claricin","Claricin (Disorders اضطشاثبد انجهبص ً انت ُفغ)","Each Tablet contains Clarithromycin USP 250 mg","250 mg",tablet,حبة,شريط,14,"Pharmacare","Yemen","Antibiotics Respiratory",116,7
c2d37665-eb68-4736-852a-0c139be93271,MED-10799,"Claricure 500","Claricure 500 (Disorders اضطشاثبد انجهبص ً انت ُفغ)","Clarithromycin 500 mg","500 mg",tablet,حبة,شريط,15,"Shaphaco","Yemen","Antibiotics Respiratory",117,1
eac7333a-eecd-4428-868b-131d01cddb85,MED-10800,"Clarimax","Clarimax (Disorders اضطشاثبد انجهبص ً انت ُفغ)","Clarithromycin 250 mg","250 mg",tablet,حبة,شريط,2,"Shiba pharma","Yemen","Antibiotics Respiratory",117,2
6ab15338-3dd1-4926-8b9e-6b093a1f2eeb,MED-10801,"Clarimax","Clarimax (Disorders اضطشاثبد انجهبص ً انت ُفغ)","Clarithromycin 500 mg","500 mg",tablet,حبة,شريط,2,"Shiba pharma","Yemen","Antibiotics Respiratory",117,3
48b4f1b0-68fd-41f4-8f8d-7733f059ce95,MED-10802,"Clarimycin","Clarimycin (Disorders اضطشاثبد انجهبص ً انت ُفغ)","Clarithromycin 500 mg","500 mg",tablet,حبة,شريط,14,"BIOPHARM","Yemen","Antibiotics Respiratory",117,4
01e2ea9c-a7bf-4d0f-85ca-d7b987e1a892,MED-10803,"CLARIN","CLARIN","Loratadine","",syrup,مل,قارورة,100,"Shiba pharma","Yemen","Antihistamines Allergy انحغبع ٍخ",117,5
14b2883a-b9fe-43e1-8218-ac4b243dfdcc,MED-10804,"CLARIN","CLARIN","Loratadine","",tablet,حبة,شريط,10,"Shiba pharma","Yemen","Antihistamines Allergy انحغبع ٍخ",117,6
5f99c53b-fc9b-4398-8d3a-6d8b185c2f0d,MED-10805,"CLARIN","CLARIN","Loratadine 10 mg","10 mg",tablet,حبة,شريط,10,"Shiba pharma","Yemen","Antihistamines Allergy انحغبع ٍخ",117,7
908a088e-949c-460d-833e-00dbf8cdf8c3,MED-10806,"CLARINASE","CLARINASE (َضالد انجشد)","Loratadine","",tablet,حبة,شريط,14,"Schering- Plough","Belgium","Antihistamines Common Cold",118,1
24ea225e-0af8-42db-8083-7f8979846253,MED-10807,"Claritine","Claritine","Loratadine","",syrup,مل,قارورة,100,"Schering- Plough","Belgium","Antihistamines Allergy انحغبع ٍخ",118,2
dc3ca90e-827f-44b9-8292-a91ac0e76432,MED-10808,"Claritop","Claritop (Disorders اضطشاثبد انجهبص ً انت ُفغ)","Clarithromycin 125 mg / 5 ml","125 mg / 5 ml",suspension,مل,قارورة,60,"RAM PHARMA","Jordan","Antibiotics Respiratory",118,3
c1871718-8feb-4f48-8f8b-db8ee55dce43,MED-10809,"Claritop - 250","Claritop - 250 (Disorders اضطشاثبد انجهبص ً انت ُفغ)","Clarithromycin","",tablet,حبة,شريط,2,"RAM PHARMA","Jordan","Antibiotics Respiratory",118,4
547f2e6e-2403-4c19-8c57-66f7182b7251,MED-10810,"Claritop - 500","Claritop - 500 (Disorders اضطشاثبد انجهبص ً انت ُفغ)","Clarithromycin","",tablet,حبة,شريط,2,"RAM PHARMA","Jordan","Antibiotics Respiratory",118,5
67285bc0-3f46-4d93-89e7-a51444eb10bf,MED-10811,"Clariva","Clariva (Disorders اضطشاثبد انجهبص ً انت ُفغ)","Clarithromycin","",tablet,حبة,شريط,14,"ZYNOVA","Unknown","Antibiotics Respiratory",118,6
7964c240-86fe-4d71-8628-9fe1945ad08b,MED-10812,"CLAROMIN 250","CLAROMIN 250 (Disorders اضطشاثبد انجهبص ً انت ُفغ)","Clarithromycin 250 mg","250 mg",tablet,حبة,شريط,2,"Modern Pharama","Yemen","Antibiotics Respiratory",118,7
1e5376eb-bb87-4f61-8c89-e4735365ef2b,MED-10813,"CLAROMIN 500","CLAROMIN 500 (Disorders اضطشاثبد انجهبص ً انت ُفغ)","Clarithromycin 500 mg","500 mg",tablet,حبة,شريط,2,"Modern Pharama","Yemen","Antibiotics Respiratory",119,1
845b9316-e341-4695-8939-c233a9123d81,MED-10814,"Clavimox","Clavimox (Microbial Infections)","Amoxycillin 875 + Clavulanic acid 125 = 1000 mg / tablet .","1000 mg",tablet,حبة,شريط,2,"Pharmacare","Yemen","Antibiotics ًٍكشوث ٍخ األصبثبد ان",119,2
d76e35e9-c684-4a7e-88ed-a4aa6301dfc2,MED-10815,"Clavimox","Clavimox (Microbial Infections)","Amoxycillin 50 mg + Clavulanic acid 12.5 mg = 62.5 mg / ml","50 mg",drops,مل,قطارة,20,"Pharmacare","Yemen","Antibiotics ًٍكشوث ٍخ األصبثبد ان",119,3
caf4cc37-7104-436c-806d-e8324ff6662c,MED-10816,"Clavimox","Clavimox (Microbial Infections)","Amoxycillin 500 mg + Clavulanic acid 125 mg = 625 mg / tablet","500 mg",tablet,حبة,شريط,2,"Pharmacare","Yemen","Antibiotics ًٍكشوث ٍخ األصبثبد ان",119,4
5be2eba7-d164-4b00-8d93-bf7efd4f621d,MED-10817,"Clavotec","Clavotec (Microbial Infections)","Amoxicillin + Clavulanic Acid","",other,وحدة,علبة,1,"Unknown","Unknown","Antibiotics ًٍكشوث ٍخ األصبثبد ان",119,5
2252274b-846f-49f1-8ff3-19e53ab138ad,MED-10818,"clemen","clemen (يىا َغ انح ًم)","estradiol","",tablet,حبة,شريط,21,"BAYER","Germany","Gynaecology drugs Contraceptives",119,6
90c610d0-2956-435b-8154-c777ee49ff7b,MED-10819,"Cleron 500","Cleron 500 (Disorders اضطشاثبد انجهبص ً انت ُفغ)","Clarithromycin","",tablet,حبة,شريط,14,"DELORBIS","Cyprus","Antibiotics Respiratory",119,7
696e65e9-b7b2-4f93-86ff-a61228ff4c55,MED-10820,"CLEXANE","CLEXANE (انجهطبد)","Enoxaparin Cardio Vascular Sodium","",injection,أمبولة,باكت,1,"Sanofi Aventis","France","System drugs Thrombosis",120,1
57d8d512-db23-46de-8ab2-69f5248514e6,MED-10821,"CLEXANE 4000","CLEXANE 4000 (انجهطبد)","enoxaparine Cardio Vascular sodique + enoxapar ine sodium 4000 U . Ianti - xa est equivalent with","",injection,أمبولة,باكت,4,"Sanofi Aventis","France","System drugs Thrombosis",120,2
f08f4076-84c0-46c6-872b-8d661bee1d22,MED-10822,"Clinacin","Clinacin (Infections ًٍكشوثبد انالهىائ ٍخ ان)","Clindamycin","",capsule,كبسولة,شريط,2,"Shiba pharma","Yemen","Antibiotics Anaerobic",120,3
0986a31c-0d1d-4dc7-8122-1ffd077ee65e,MED-10823,"Clinaderm","Clinaderm (Infections ًٍكشوثبد انالهىائ ٍخ ان)","Clindamycin","",syrup,مل,قارورة,30,"phildelaphia","Unknown","Antibiotics Anaerobic",120,4
2f2cc80a-25a4-42d0-81d2-351aa8f4f51c,MED-10824,"Clindacin","Clindacin (Infections ًٍكشوثبد انالهىائ ٍخ ان)","Clindamycin","",capsule,كبسولة,شريط,2,"United","Jordan","Antibiotics Anaerobic",120,5
ec3293eb-8c05-4fec-81e2-e926213e47e3,MED-10825,"Clmplx 75","Clmplx 75 (انجهطبد)","Clopidogrel Cardio Vascular Bisulfate","",tablet,حبة,شريط,3,"Unknown","Unknown","System drugs Thrombosis",120,6
d0c79ae5-1efe-4aff-80d4-ec6972fb20ec,MED-10826,"Clofast-P","Clofast-P (األوجبع)","Diclofenac Potassium","",tablet,حبة,شريط,20,"ZYNOVA","Unknown","Non-Steroidal Anti- Analgesic يهذئبد",120,7
93b819e1-acda-4c86-8d06-a18bb38aa009,MED-10827,"CLOFEN","CLOFEN (األوجبع)","Diclofenac Sodium tablet 50 mg .","50 mg",tablet,حبة,شريط,20,"Julphar","UAE","Nonsteroidal Anti- Analgesic يهذئبد",121,1
b380b630-d417-40c4-80f8-10d6fdbc6b87,MED-10828,"CLOFEN","CLOFEN (األوجبع)","Diclofenac Sodium","",other,وحدة,علبة,20,"Julphar","UAE","Non-Steroidal Anti- Analgesic يهذئبد",121,2
3578cda1-2784-4818-89ed-c78c72815689,MED-10829,"Clofen","Clofen (األوجبع)","Diclofenac Sodium","",tablet,حبة,شريط,20,"Julphar","UAE","Non-Steroidal Anti- Analgesic يهذئبد",121,3
cc0c498f-17e2-455b-86ec-3513ae025f72,MED-10830,"CLOFENAC 50","CLOFENAC 50 (األوجبع)","Diclofenac potassium","",tablet,حبة,شريط,100,"Hovid","Malaysia","Non-Steroidal Anti- Analgesic يهذئبد",121,4
47f4d2ab-d676-4b13-8494-e8e3e0df1985,MED-10831,"Clomid 50 mg","Clomid 50 mg","clomifene citrate","50 mg",tablet,حبة,شريط,10,"Sanofi Aventis","France","Gynaecology drugs Infertility انؼمى",121,5
8e15beb4-7504-41ea-8105-37a8ec7efad7,MED-10832,"CLOMIDAT","CLOMIDAT","clomiphene citrate 50","",tablet,حبة,شريط,10,"AMRIYA PHARMA","Egypt","Gynaecology drugs Infertility انؼمى",121,6
1b1a67e1-3470-4c54-8583-6e70be3230df,MED-10833,"Clomidine","Clomidine","clomifine citrate","",tablet,حبة,شريط,10,"ASIA","Syria","Gynaecology drugs Infertility انؼمى",121,7
57395bfc-112b-49fd-82a6-9daa5f12cfa4,MED-10834,"CLONAC","CLONAC (األوجبع)","Diclofenac Sodium","",tablet,حبة,شريط,30,"Unknown","Unknown","Non-Steroidal Anti- Analgesic يهذئبد",122,1
f2abf96d-97eb-447c-8d4a-926e0909349e,MED-10835,"Clontab","Clontab (األيشاض انؼمه ٍخ)","Sulpiride capsule Central Nervous 25 mg + mebeverine HCL 100 mg","25 mg",tablet,حبة,شريط,20,"Global Pharma","Yemen","system drugs Mental Disorders",122,2
edacdf6c-86e7-47be-8f7f-40596f7eec2a,MED-10836,"Clopilet","Clopilet (انجهطبد)","Clopidogrel Cardio Vascular Bisulfate 50 mg","50 mg",tablet,حبة,شريط,1,"SUN Pharma","India","System drugs Thrombosis",122,3
e53b605c-2968-4339-82d0-6b570de66f61,MED-10837,"Clopivas","Clopivas (انجهطبد)","Clopidogrel Cardio Vascular Bisulfate","",tablet,حبة,شريط,3,"CIPLA","India","System drugs Thrombosis",122,4
4c743a9a-7967-4ffa-80c4-544f542c9caa,MED-10838,"clopix 75 mg","clopix 75 mg (انجهطبد)","clopidogrel 75 mg Cardio Vascular","75 mg",tablet,حبة,شريط,3,"Lupin","Unknown","System drugs Thrombosis",122,5
c4d95036-536d-4efd-8698-2cb5e16744db,MED-10839,"Clopixol Depot","Clopixol Depot (األيشاض انؼمه ٍخ)","Zuclopenthixol Central Nervous 200 mg / ml","200 mg",injection,أمبولة,باكت,1,"H.Lundbeck","Denmark","system drugs Mental Disorders",122,6
e1f70565-6912-48ac-871f-b13a4250d1aa,MED-10840,"Clopixol depto","Clopixol depto (األيشاض انؼمه ٍخ)","Zuclopenthixol Central Nervous Acetate 100 mg / amp","100 mg",injection,أمبولة,باكت,1,"H.Lundbeck","Denmark","system drugs Mental Disorders",122,7
4496e2d5-5a7a-4b9b-8102-ec2d7ccf8a6a,MED-10841,"Clopram","Clopram (vomiting ٌ انغث ٍب وانطشػ)","metoclopramide","",tablet,حبة,شريط,20,"APM","Jordan","Gastro Intestinal drugs Nausea and",123,1
016ccb6d-4617-41e9-8865-c9bb9afea71f,MED-10842,"CLORAMID","CLORAMID (vomiting ٌ انغث ٍب وانطشػ)","Metoclopramide 10 mg / 2 ml","10 mg / 2 ml",injection,أمبولة,باكت,10,"CSPC","China","Gastro Intestinal drugs Nausea and",123,2
84715341-407e-4cef-8a77-631df61fa9e8,MED-10843,"Closol","Closol (األنتهبثبد انجذنذ ٌخ)","Clotrimazole","",spray,بخة,علبة,40,"Unknown","Unknown","Antifungals Dermatitis",123,3
ad9361d3-52dc-4f1f-8a36-863bc1078e78,MED-10844,"Closol Spray","Closol Spray (األنتهبثبد انجذنذ ٌخ)","Clotrimazole","",spray,بخة,علبة,40,"Unknown","Unknown","Antifungals Dermatitis",123,4
d5931a5e-426c-419e-8f39-a9b8d28f8880,MED-10845,"Clostat 10","Clostat 10 (ً انذو ٌ ف ص ٌبدح انذهى)","atorvastatin - 10 mg Cardio Vascular","10 mg",tablet,حبة,شريط,30,"Shaphaco","Yemen","System drugs Hyperlipidaemias",123,5
50ff4585-4200-437f-8bf8-bfbd90f968ef,MED-10846,"Clostat 20","Clostat 20 (ً انذو ٌ ف ص ٌبدح انذهى)","atorvastatin - 20 mg Cardio Vascular","20 mg",tablet,حبة,شريط,30,"Shaphaco","Yemen","System drugs Hyperlipidaemias",123,6
d86f9b50-ad09-4447-8d8c-9b0a09c0f5d2,MED-10847,"Clotrisone","Clotrisone (األنتهبثبد انجذنذ ٌخ)","Clotrimazole + Betamethasone","",cream,أنبوب,علبة,1,"Unknown","Unknown","Antifungals Dermatitis",123,7
d11551cf-9ca8-4cc6-8df1-d7d8fde43e68,MED-10848,"Cloval","Cloval (انجهطبد)","Clopidogrel Cardio Vascular Bisulfate 75 mg","75 mg",tablet,حبة,شريط,28,"Shaphaco","Yemen","System drugs Thrombosis",124,1
3f1e7675-f53c-4fce-8432-5dacc0f24e25,MED-10849,"Clovex 75","Clovex 75 (انجهطبد)","Clopidogrel Cardio Vascular Bisulfate 75 mg","75 mg",tablet,حبة,شريط,20,"NCPI","Syria","System drugs Thrombosis",124,2
dc7f0a14-dbd0-4b28-8e51-8099bd0a15ba,MED-10850,"CLOXAMIN","CLOXAMIN (Microbial Infections)","Ampicillin + Cloxacillin 90 mg / 0.5 ml","90 mg / 0.5 ml",capsule,كبسولة,شريط,1,"Modern Pharama","Yemen","Antibiotics ًٍكشوث ٍخ األصبثبد ان",124,3
f21a99c8-bbbd-4fd1-8f2a-61f73c671772,MED-10851,"CLOXAMIN","CLOXAMIN (Microbial Infections)","Ampicillin + Cloxacillin 250 mg / 5 ml","250 mg / 5 ml",syrup,مل,قارورة,100,"Modern Pharama","Yemen","Antibiotics ًٍكشوث ٍخ األصبثبد ان",124,4
820c2b38-680b-4401-819a-df16ab735a85,MED-10852,"CLOXAMIN 500","CLOXAMIN 500 (Microbial Infections)","Ampicillin","",capsule,كبسولة,شريط,20,"Modern Pharama","Yemen","Antibiotics ًٍكشوث ٍخ األصبثبد ان",124,5
99366350-c95d-4b53-8c72-6e492eadd235,MED-10853,"Cloxide","Cloxide (ان ًؼذح)","Chlordiazepoxide +Clidinium Bromide","",capsule,كبسولة,شريط,30,"Unknown","Unknown","Gastro Intestinal drugs Peptic ulcer لشحخ",124,6
09cac05e-60e6-4a30-8714-6f30e6176c98,MED-10854,"Co-Avazir","Co-Avazir","Tobramycin 0.3% + Dexamethasone 0.1%","0.3%",suspension,مل,قارورة,10,"Orchidia Pharma","Egypt","Ophthalmic drugs Eye ٍٍ انؼ",124,7
0e94b7f4-5c18-499b-8f9a-a5dc3396f728,MED-10855,"COBAL","COBAL","Cyanocobalamin 500 mcg tablets","500 mcg",other,وحدة,علبة,1,"JPM","Jordan","Vitamines and Menirals Anaemia فمش انذو",125,1
387c4229-71fa-405b-8fe2-74fd4f9151d3,MED-10856,"CobalvexB 12","CobalvexB 12","Methylcobalamin 500 mcg","500 mcg",injection,أمبولة,باكت,2,"SIGMA","Egypt","Vitamines and Menirals Anaemia فمش انذو",125,2
d419e81a-f924-444d-86f7-22cc919d1271,MED-10857,"Cod Liver Oil","Cod Liver Oil (يك ًالد غزائ ٍخ)","Each capsule provides on average : 263 mg Cod Liver Oil and 42 mg Halibut Liver Oil","263 mg",capsule,كبسولة,شريط,30,"Power Health","Unknown","Vitamines and Menirals Food Supplement",125,3
92f50de9-577d-4e5f-8fda-ae93dd870733,MED-10858,"Cod Liver Oil","Cod Liver Oil (Deficiency َمص ف ٍتبي ٍُبد)","Cod Liver Oil","",capsule,كبسولة,شريط,1,"Vitane pharma","Germany","Vitamines and Menirals Vitamins",125,4
70ef5b82-f2f4-4048-829f-0f3ed1c92843,MED-10859,"cod liver oil 500 mg","cod liver oil 500 mg (Deficiency َمص ف ٍتبي ٍُبد)","Pure cod liver oil 500 mg + Vit . A 800 mcg + Vit . D 5 mcg + Vit . E 10 mg + EPA 58 mg + DHA 30","500 mg",capsule,كبسولة,شريط,30,"LIFEPLAN","Unknown","Vitamines and Menirals Vitamins",125,5
eafb19a9-0d78-4378-8c90-5f548a759186,MED-10860,"cod liver oil 1000 mg","cod liver oil 1000 mg (Deficiency َمص ف ٍتبي ٍُبد)","Vit . A 4000 I . U + Vit . D 400 I . U + Vit . E 3 IU + EPA 252 mg + DMA 224 mg + Vit . B 6 0.7 mg / capsule","1000 mg",capsule,كبسولة,شريط,120,"seven seas","Unknown","Vitamines and Menirals Vitamins",125,6
3cb5bec4-fe3c-4ada-8311-52a993f61947,MED-10861,"cod liver oil mega","cod liver oil mega (Deficiency َمص ف ٍتبي ٍُبد)","Each softgel : Cod Liver Oil 275 mg + Providing Vitamin A 580 IU + Vitamin D 58 IU","275 mg",capsule,كبسولة,شريط,100,"MEGA","Thailand","Vitamines and Menirals Vitamins",125,7
c40c3ae0-5e69-4d9a-89a2-b167897ffca4,MED-10862,"cod liver oil - 1000 mg ???","cod liver oil - 1000 mg ??? (Deficiency َمص ف ٍتبي ٍُبد)","cod liver oil 1000 mg , total fat 1 g , vit . A 2664 I . U , vit D 200 I . U","1000 mg",capsule,كبسولة,شريط,30,"Vitane pharma","Germany","Vitamines and Menirals Vitamins",126,1
239946aa-4901-4e43-83d2-cda3b923a9e1,MED-10863,"Coda Cough","Coda Cough (َضالد انجشد)","Ephedrine hydrochloride 2.5 mg + chlorphenamine maleate 1 mg + codeine","2.5 mg",syrup,مل,قارورة,100,"Shiba pharma","Yemen","Respiratory drugs Common Cold",126,2
7e7c557e-07e4-4dde-8fda-5ea859a34eb7,MED-10864,"Codaphed","Codaphed (َضالد انجشد)","Guaiphenesin+De xtromethorphan+ Chloropheniramin +Ephedrin","",syrup,مل,قارورة,120,"julphar","UAE","Respiratory drugs Common Cold",126,3
86cacb95-7900-4028-834b-cbec291c3ddf,MED-10865,"Codaphed","Codaphed (َضالد انجشد)","Ephedrine hydrochloride + chlorphenamine maleate + codeine phosphate","",other,وحدة,علبة,1,"Julphar","UAE","Respiratory drugs Common Cold",126,4
91eaa478-bf10-47d6-8e72-bed911927246,MED-10866,"Codaphed Plus","Codaphed Plus (َضالد انجشد)","Ephedrine hydrochloride + chlorphenamine maleate + codeine phosphate + ammonium","",other,وحدة,علبة,1,"Julphar","UAE","Respiratory drugs Common Cold",126,5
10435a34-f6fb-4bad-8c6a-101fcb95d24c,MED-10867,"co-diovan","co-diovan (استفبع ضغظ انذو)","Valsartan Cardio Vascular","",other,وحدة,علبة,1,"Unknown","Unknown","System drugs Hypertension",126,6
ae4ff158-a828-4c61-81eb-90743a725a49,MED-10868,"Cofsed","Cofsed (َضالد انجشد)","Ephedrine+carben oxamine+ pholcodiene","",other,وحدة,علبة,1,"Thornton","UK","Respiratory drugs Common Cold",126,7
e8382db6-4f6e-4f3b-8f36-c2812d200df1,MED-10869,"colchicine","colchicine","colchicine","",tablet,حبة,شريط,20,"IBN Al Haytham","Unknown","Miscellaneous drugs Gout ان ُمشط",127,1
6c3c5ce8-9e89-4565-8545-dcba58d0fb16,MED-10870,"Coldact","Coldact (Analgesic يهذئبد األوجبع وانح ًى)","Paracetamol 500 mg + psedoephe drine 60 mg + cetirizene 5 mg per capsule .","500 mg",capsule,كبسولة,شريط,20,"BIOPHARM","Yemen","NSAID Antipyretic -",127,2
98feebb5-1f39-4498-842f-3b1354f4a498,MED-10871,"Coldact","Coldact (َضالد انجشد)","Pseudoephedrine +paracetamol + chloraphiniramine","",capsule,كبسولة,شريط,1,"BIOPHARM","Yemen","Respiratory drugs Common Cold",127,3
bdfd2a1f-8d35-4a6d-8c61-5c1179dc5b82,MED-10872,"Coldex-D","Coldex-D (َضالد انجشد)","Dextromethorphan +chlorophenirami n+pseudoephedrin e","",syrup,مل,قارورة,100,"A.P.M","Unknown","Respiratory drugs Common Cold",127,4
4976a529-efa2-4b44-8b33-1588ec1d083d,MED-10873,"Colic EZ","Colic EZ (انهضى)","Semethicone","",syrup,مل,قارورة,1,"Unknown","Unknown","Gastro Intestinal drugs Indigestion عىء",127,5
13ff9f07-8585-4b52-891b-637cad625b66,MED-10874,"COLICAL","COLICAL (انتهبثبد انؼظبو)","calcium 50 mg . Vit . D 3 1000 mg , vit . B 12 10 mg / 5 ml ( syrup ) .","50 mg",syrup,مل,قارورة,120,"RAFA pharma","Unknown","Vitamines and Menirals Osteoarthritis",127,6
b72ad8e1-3c3b-429c-8a60-983243d0d524,MED-10875,"Colircusi","Colircusi","Cyclopentolate Hydrochloride","",drops,مل,قطارة,1,"Cusi","Spain","Antimuscarinic Eye ٍٍ انؼ",127,7
bd3224f7-9962-4f77-88b3-76c8036a5c89,MED-10876,"Colircusi Antiedema","Colircusi Antiedema","Sodium Chloride","",suspension,مل,قارورة,1,"Cusi","Spain","Ophthalmic drugs Eye ٍٍ انؼ",128,1
a55bc0c0-2c3b-4403-8cef-5fdbe6e77d7e,MED-10877,"CoListax","CoListax (انهضى)","Vegetable Extracts","",tablet,حبة,شريط,10,"Unknown","Unknown","Gastro Intestinal drugs Indigestion عىء",128,2
863bdec3-fb2f-4f05-84ca-5989bf55f95e,MED-10878,"Collomak","Collomak (ان ُتىء انصغ ٍشح)","Salicylic Acid + Lactic Acid + Lauromacrogol 400","",other,وحدة,علبة,1,"Unknown","Unknown","Skin Disorders Warts انثآن ٍم او",128,3
6fb638e7-9c2c-4b1f-84de-abe5ee26627b,MED-10879,"COLOCOL","COLOCOL (Analgesic يهذئبد األوجبع وانح ًى)","Paracetamol 500 mg + Caffeine 65 mg","500 mg",tablet,حبة,شريط,20,"Unknown","","Nonsteroidal Anti- Antipyretic -",128,4
de5ebee1-3382-425f-891e-894d739f400f,MED-10880,"Colona","Colona (Spasm ٍ آالو انجط)","Mebeverine 100 mg + sulpiride 25 mg","100 mg",tablet,حبة,شريط,20,"RAMEDA","Egypt","Gastro Intestinal drugs Abdominal",128,5
dfa57429-e871-4fe2-86c3-af23cf5775e9,MED-10881,"Colona-Flex","Colona-Flex (Spasm ٍ آالو انجط)","Mebeverine 100 mg + sulpiride 25 mg","100 mg",tablet,حبة,شريط,20,"Modern Pharama","Yemen","Gastro Intestinal drugs Abdominal",128,6
2f3c1bda-be8a-494c-80fa-0b7e5c0f3d4b,MED-10882,"COLOSPAMIN","COLOSPAMIN (Spasm ٍ آالو انجط)","Mebeverine HCL","",tablet,حبة,شريط,20,"EIPICO","Egypt","Gastro Intestinal drugs Abdominal",128,7
1d54b7b9-a889-445a-8f6d-69bc0bf61023,MED-10883,"Coloverin A","Coloverin A (Spasm ٍ آالو انجط)","mebeverine Hcl + chlorodizepoxide","",tablet,حبة,شريط,30,"Chemipharm","Unknown","Gastro Intestinal drugs Abdominal",129,1
199479f0-d606-4227-8705-a4d2a224d765,MED-10884,"Colpermin","Colpermin (Spasm ٍ آالو انجط)","187 mg PEPPERMINT OIL","187 mg",capsule,كبسولة,شريط,20,"Tillotts Pharma","Switzerland","Gastro Intestinal drugs Abdominal",129,2
34155eda-d06f-4fc4-898a-348af9cc5059,MED-10885,"Combivent","Combivent (Asthma انشثى ً انشؼج)","Salbutamol","",injection,أمبولة,باكت,20,"Boehringer Ingelhim","Germany","Respiratory drugs Bronchial",129,3
0f31b106-cc0e-49b0-8f0f-cb2d959cd5d3,MED-10886,"Combizym","Combizym (انهضى)","papain+protase+sa nzme+pepsin +Cellulase +Lipase +","",tablet,حبة,شريط,30,"Daiichi -Sankyo","Germany","Gastro Intestinal drugs Indigestion عىء",129,4
da2a9b69-16e5-4182-8feb-83411bf58d04,MED-10887,"COMETHER","COMETHER","Artemether","",injection,أمبولة,باكت,80,"RFA","Yemen","Antimalarial medicines Malaria ان ًالس ٌب",129,5
7252c625-6d01-4cc1-8e8c-a96c6f70fe22,MED-10888,"Comuret ASIA","Comuret ASIA (يىا َغ انح ًم)","northisterone 10 mg + ethinylestradiol 0.02","10 mg",tablet,حبة,شريط,2,"ASIA","Syria","Gynaecology drugs Contraceptives",129,6
23d68883-459c-45fb-8e5c-f197f5a44115,MED-10889,"Concor","Concor (استفبع ضغظ انذو)","Bisoprolol Cardio Vascular Fumarate","",tablet,حبة,شريط,30,"MERCK","Germany","System drugs Hypertension",129,7
495f21a7-ea11-4c67-85e4-ea467e4981d8,MED-10890,"Conjyclear Forte","Conjyclear Forte","Olopatadine Hydrochloride 0.2%","0.2%",syrup,مل,قارورة,5,"Orchidia Pharma","Egypt","Ophthalmic drugs Eye ٍٍ انؼ",130,1
f058a60f-79c9-437d-8ccb-ef5bb3c585a6,MED-10891,"Contramal","Contramal (األوجبع)","Tramadol Hydrochloride","",capsule,كبسولة,شريط,10,"SIGMA","Unknown","Opioid analgesics Analgesic يهذئبد",130,2
1bf1e926-0d24-4a52-8cb1-b027dbfe0f4f,MED-10892,"Conventin 400 mg","Conventin 400 mg","Unknown","400 mg",capsule,كبسولة,شريط,1,"Unknown","Unknown","Unknown Unknown",130,3
3d8c1ab0-8bea-4d72-815a-7d675b324a73,MED-10893,"Convulex","Convulex","Na valproate Central Nervous syrup 50 mg / mL","50 mg",syrup,مل,قارورة,100,"GEROT LANNACH Viena,","Austria","system drugs Epilepsy انصشع",130,4
04717c39-9031-43cf-871f-6f0de613c421,MED-10894,"Convulex CR 500 mg","Convulex CR 500 mg","Valproic Acid Central Nervous prolonged - releas tablet 500 mg .","500 mg",tablet,حبة,شريط,50,"GEROT LANNACH Viena,","Austria","system drugs Epilepsy انصشع",130,5
ceaa135b-4408-45c3-854a-b7547bed6c82,MED-10895,"Convulex CR 300 mg","Convulex CR 300 mg","Valproic Acid Central Nervous prolonged - releas tablet 300 mg .","300 mg",tablet,حبة,شريط,50,"GEROT LANNACH Viena,","Austria","system drugs Epilepsy انصشع",130,6
a1a71fbe-b47b-404f-8636-9c888013c296,MED-10896,"Convulex 150 mg","Convulex 150 mg","Valproic Acid","150 mg",other,وحدة,علبة,1,"GEROT LANNACH Viena,","Austria","Antiepileptics Epilepsy انصشع",130,7
15c50f8a-06c7-4f86-8507-49cfb50b6cbc,MED-10897,"Convulex 300 mh","Convulex 300 mh","Valproic Acid","",other,وحدة,علبة,1,"Unknown","Unknown","Antiepileptics Epilepsy انصشع",131,1
bb5332fb-4b4b-4e6a-8000-f21fe893d9fd,MED-10898,"Convulex 500 mg","Convulex 500 mg","Valproic Acid","500 mg",other,وحدة,علبة,1,"Unknown","Unknown","Antiepileptics Epilepsy انصشع",131,2
37b3f49d-b1cd-430f-8160-dcd3511d0120,MED-10899,"Convulex CR","Convulex CR","Sodium valproate","",other,وحدة,علبة,1,"GEROT LANNACH Viena,","Austria","Antiepileptics Epilepsy انصشع",131,3
07269c06-3f36-4521-895b-798881547cd7,MED-10900,"Convulex CR 500 mg","Convulex CR 500 mg","Sodium valproate","500 mg",other,وحدة,علبة,1,"vienna","Unknown","Antiepileptics Epilepsy انصشع",131,4
79e63a0e-97f8-4e9e-8078-11b91ac718e0,MED-10901,"Convulex - 150","Convulex - 150","Valproic Acid Central Nervous capsule 150 mg","150 mg",capsule,كبسولة,شريط,100,"GEROT LANNACH Viena,","Austria","system drugs Epilepsy انصشع",131,5
bf842748-dd61-4144-8063-4f0fece344e6,MED-10902,"Convulex - 300","Convulex - 300","Valproic Acid Central Nervous capsule 300 mg","300 mg",capsule,كبسولة,شريط,100,"GEROT LANNACH Viena,","Austria","system drugs Epilepsy انصشع",131,6
4927e669-360f-4a3b-8f33-9c0d2bdfcdb3,MED-10903,"Convulex - 500","Convulex - 500","Valproic Acid Central Nervous capsule 500 mg","500 mg",capsule,كبسولة,شريط,100,"GEROT LANNACH Viena,","Austria","system drugs Epilepsy انصشع",131,7
4c5ba93a-777e-4ace-8cee-d147ed9561b1,MED-10904,"Coolsa","Coolsa (َضالد انجشد)","Different Lozenges Ingredients","",other,وحدة,علبة,24,"gmp","Unknown","Antiseptic and Desinfectants Common Cold",132,1
75a2340c-7b10-45e1-86d7-11a18b0adc2c,MED-10905,"Cool-X","Cool-X (َضالد انجشد)","Menthol","",other,وحدة,علبة,24,"pearl ph.","Unknown","Antiseptic and Desinfectants Common Cold",132,2
4ca81c6a-7af3-4c77-869c-e9e9d959bad2,MED-10906,"Coragen B 6","Coragen B 6 (Deficiency َمص ف ٍتبي ٍُبد)","Vitamin B Substances","",injection,أمبولة,باكت,6,"CSPC","China","Vitamines and Menirals Vitamins",132,3
709640a4-f8a9-4077-81f8-1d240feaded2,MED-10907,"Corasore","Corasore (استفبع ضغظ انذو)","Each 1 ml oral Cardio Vascular drops ( 25 drops ) or ( 7.5 mg Heptaminol / ml )","1 ml",drops,مل,قطارة,10,"Alexendria","Egypt","System drugs Hypertension",132,4
23a1343a-63e1-444b-8ac3-d15dd9e9e739,MED-10908,"Corasore","Corasore (استفبع ضغظ انذو)","Each tablet Cardio Vascular contains : 150 mg Heptaminol","150 mg",tablet,حبة,شريط,20,"Alexendria","Egypt","System drugs Hypertension",132,5
cbad6874-09b4-4194-8a62-042e8ba1f2a2,MED-10909,"Cordarone","Cordarone (ا َتظبو ضشثبد انمهت)","Amiodarone Cardio Vascular","",other,وحدة,علبة,1,"Unknown","Unknown","System drugs Arrhythmia ػذو",132,6
caa2151b-62a3-4511-8881-d4fb3cf6cf30,MED-10910,"Cordipin","Cordipin (استفبع ضغظ انذو)","Nifedipine 20 mg / Cardio Vascular tab","20 mg",tablet,حبة,شريط,30,"KRKA","India","System drugs Hypertension",132,7
0e422761-e7ab-4a0e-80f6-7fbd493a2349,MED-10911,"Cornetears","Cornetears","Vitamine A palimatate 1000 i . u + Artificial tears & lubricant","",ointment,أنبوب,علبة,10,"Orchidia Pharma","Egypt","Ophthalmic drugs Eye ٍٍ انؼ",133,1
06174db8-c8e3-4d68-800d-b9ed3645ff65,MED-10912,"Cornex","Cornex (ان ُتىء انصغ ٍشح)","Each 1 gm contains : Lactic Acid 167 mg + Salicylic Acid 167 mg","1 g",ointment,أنبوب,علبة,1,"Pella","Jordan","Skin Disorders Warts انثآن ٍم او",133,2
daa307f2-aa64-4646-834d-786dfd6c86c9,MED-10913,"CORONIS","CORONIS (استفبع ضغظ انذو)","CARVEDILOL Cardio Vascular 6.25 mg","6.25 mg",tablet,حبة,شريط,28,"bilim","Turkey","System drugs Hypertension",133,3
69ace8dc-59a8-453a-854f-ac0917565226,MED-10914,"CORTIGEN B 6 adult","CORTIGEN B 6 adult (vomiting ٌ انغث ٍب وانطشػ)","Suprarenal cortex + pyridoxine hydrochloride","",injection,أمبولة,باكت,3,"NILE CO.","Egypt","Vitamines and Menirals Nausea and",133,4
4a7bcce9-011a-48e9-827a-66f57d4b707d,MED-10915,"CORTIGEN B 6 Pediatric","CORTIGEN B 6 Pediatric (vomiting ٌ انغث ٍب وانطشػ)","Suprarenal cortex + pyridoxine hydrochloride","",injection,أمبولة,باكت,3,"NILE CO.","Egypt","Vitamines and Menirals Nausea and",133,5
ac5f9a79-7593-4801-8b2e-b1215d75f704,MED-10916,"Cortina","Cortina (Infections األصبثبد انجكت ٍش ٌخ)","Trimethoprim 40 mg / Sulfamethoxaz ole ( Co - trimoxazole ) 200 mg","40 mg",syrup,مل,قارورة,60,"RFA","Yemen","Antibacterial Bacterial",133,6
a8f708d5-e7eb-4dbf-827f-c6ead3da9d7c,MED-10917,"Cortina","Cortina (Infections األصبثبد انجكت ٍش ٌخ)","Trimethoprim 80 mg / Sulfamethoxaz ole ( Co - trimoxazole ) 400 mg","80 mg",tablet,حبة,شريط,100,"RFA","Yemen","Antibacterial Bacterial",133,7
4dd839ca-66a6-4f83-8156-35a205613163,MED-10918,"CORTINA FORTE","CORTINA FORTE (Infections األصبثبد انجكت ٍش ٌخ)","Trimethoprim 40 mg / Sulfamethoxaz ole ( Co - trimoxazole ) 200 mg","40 mg",tablet,حبة,شريط,10,"RFA","Yemen","Antibacterial Bacterial",134,1
89330d9f-7fc4-4b8c-855b-5644da2de06a,MED-10919,"cortisal","cortisal (األنتهبثبد انجذنذ ٌخ)","Mometasone Furoate 0.1 %+ Salicylic acid 5 %","0.1 %",ointment,أنبوب,علبة,30,"Global Pharma","Yemen","Corticosteroid Dermatitis",134,2
6b81e993-8172-422a-82de-0fbf6a50c4f6,MED-10920,"CORYOL","CORYOL (استفبع ضغظ انذو)","CARVEDILOL Cardio Vascular 12.5 mg / tab","12.5 mg",tablet,حبة,شريط,30,"KRKA","India","System drugs Hypertension",134,3
7f496ac6-c416-4fae-8bb1-1119549e3e98,MED-10921,"CORYOL","CORYOL (استفبع ضغظ انذو)","CARVEDILOL Cardio Vascular 25 mg / tab","25 mg",tablet,حبة,شريط,30,"KRKA","India","System drugs Hypertension",134,4
b9d49467-c11f-4912-880e-d140afc7991a,MED-10922,"Co-trimoxazole","Co-trimoxazole (Infections األصبثبد انجكت ٍش ٌخ)","Trimethoprim/Sulf amethoxazole (Co-trimoxazole)","",syrup,مل,قارورة,100,"Pharmadex","Unknown","Antibacterial Bacterial",134,5
1e6d9b14-4467-4b91-874c-e19df27afd08,MED-10923,"Cotrix","Cotrix (Infections األصبثبد انجكت ٍش ٌخ)","Trimethoprim/Sulf amethoxazole (Co-trimoxazole)","",suspension,مل,قارورة,50,"Shiba pharma","Yemen","Antibacterial Bacterial",134,6
e928c9d9-3f5a-48b8-82b6-19a0f2417e7f,MED-10924,"Cotrix","Cotrix (Infections األصبثبد انجكت ٍش ٌخ)","Trimethoprim/Sulf amethoxazole (Co-trimoxazole)","",tablet,حبة,شريط,2,"Shiba pharma","Yemen","Antibacterial Bacterial",134,7
574f4fb9-9d8a-47c3-82ee-2326bff687f7,MED-10925,"Cotrix","Cotrix (Infections األصبثبد انجكت ٍش ٌخ)","Trimethoprim + Sulphamethoxazol e","",suspension,مل,قارورة,100,"Shiba pharma","Yemen","Antibacterial Bacterial",135,1
635baae7-beef-44aa-8f8b-9c579d4c75f3,MED-10926,"Cougo","Cougo (َضالد انجشد)","Pseudoephedrine +paracetamol+chl oraphiniramine","",tablet,حبة,شريط,20,"BMP","Thailand","Respiratory drugs Common Cold",135,2
5c02596b-3e8a-4837-8167-2307e3613645,MED-10927,"Cougo","Cougo (َضالد انجشد)","Pseudoephedrine +paracetamol + diphenhydramine","",syrup,مل,قارورة,60,"BMP","Thailand","Respiratory drugs Common Cold",135,3
00175159-330c-466e-8af2-1d04f53aa1cd,MED-10928,"Coxydil","Coxydil (انغغىالد انف ًى ٌخ)","Chlorhexidine Gluconate 0.2% W / V","0.2%",other,وحدة,علبة,1,"Shaphaco","Yemen","Antiseptic and Desinfectants Mouth Wash",135,4
06665842-ad30-45a9-875a-7a8ac4160d8e,MED-10929,"CPM","CPM (َضالد انجشد)","Chlorphenamine Maleate 2 mg / 5 ml","2 mg / 5 ml",syrup,مل,قارورة,60,"RFA","Yemen","Antihistamines Common Cold",135,5
3a81ecfe-3ede-4aa7-86fa-78ed6c6dfa63,MED-10930,"CPM - 4","CPM - 4 (َضالد انجشد)","Chlorphenamine Maleate 4 mg / tab","4 mg",tablet,حبة,شريط,100,"RFA","Yemen","Antihistamines Common Cold",135,6
d9c7ed13-c9eb-438b-8177-9ef9f0a0e375,MED-10931,"crestomed - 20 mg","crestomed - 20 mg (ً انذو ٌ ف ص ٌبدح انذهى)","20 mg Cardio Vascular Rosuvastatin ( as Rosuvastatin calcium )","20 mg",tablet,حبة,شريط,30,"Biomed","Unknown","System drugs Hyperlipidaemias",135,7
97988cc8-3cd3-46b4-8ad9-c35d64b30468,MED-10932,"CRESTOR 5 mg","CRESTOR 5 mg (ً انذو ٌ ف ص ٌبدح انذهى)","Rosuvastatin Cardio Vascular Calcium","5 mg",tablet,حبة,شريط,28,"ASTRAZENEC A","Unknown","System drugs Hyperlipidaemias",136,1
420411e0-d080-4b71-8849-f1c1ea18852f,MED-10933,"CRESTOR - 20 mg","CRESTOR - 20 mg (ً انذو ٌ ف ص ٌبدح انذهى)","Rosuvastatin 20 mg Cardio Vascular","20 mg",tablet,حبة,شريط,28,"ASTRAZENEC A","Unknown","System drugs Hyperlipidaemias",136,2
0c014df1-3ed1-4efb-8b2b-b0c2ffc7438c,MED-10934,"Crotaphil-H","Crotaphil-H (األنتهبثبد انجذنذ ٌخ)","Unknown","",cream,أنبوب,علبة,25,"Unknown","USA","Skin Disorders Dermatitis",136,3
00447ebf-3d0c-4262-888d-0bfff2de5cdd,MED-10935,"Curazole","Curazole (األنتهبثبد انجذنذ ٌخ)","Ketoconazole","",cream,أنبوب,علبة,1,"Unknown","Unknown","Antifungals Dermatitis",136,4
954a9195-779d-4571-8f44-80c6dd8fd9e5,MED-10936,"Curcef 500 mg","Curcef 500 mg (Infections األصبثبد انجكت ٍش ٌخ)","Cefadroxil 500 mg / cap","500 mg",capsule,كبسولة,شريط,1,"PHARCO","Egypt","Antibacterial Bacterial",136,5
d8ba211b-f25d-4b09-8cb1-279917ce865f,MED-10937,"Curisafe 250 mg","Curisafe 250 mg (Infections األصبثبد انجكت ٍش ٌخ)","Cefadroxil 250 mg / 5 ml","250 mg",suspension,مل,قارورة,60,"PHARCO","Egypt","Antibacterial Bacterial",136,6
c7a43322-6646-4548-8ba6-fa578198e334,MED-10938,"CUSICROM","CUSICROM","Sodium Cromoglicate as Cromoglycic Acid 40 mg / ml","40 mg",drops,مل,قطارة,10,"Cusi","Spain","Ophthalmic drugs Eye ٍٍ انؼ",136,7
07f58a6b-e111-45e1-871d-bbf590952008,MED-10939,"CUSIMOLOL","CUSIMOLOL","Timolol Maleate 0.5 %","0.5 %",drops,مل,قطارة,1,"Cusi","Spain","Ophthalmic drugs Eye ٍٍ انؼ",137,1
072f12b7-360d-48ef-87d9-5214efeb71d7,MED-10940,"CUSIVIRAL","CUSIVIRAL","Acyclovir 30 g","30 g",ointment,أنبوب,علبة,5,"Cusi","Spain","Antivirals Eye ٍٍ انؼ",137,2
715531be-f35b-4d9c-8ea3-682c8f63cf21,MED-10941,"CUSIVIRAL","CUSIVIRAL","Acyclovir","",ointment,أنبوب,علبة,1,"Cusi","Spain","Antivirals Eye ٍٍ انؼ",137,3
a8ea935a-3722-42f4-87c7-33e443bf7aba,MED-10942,"C-VITA","C-VITA (Deficiency َمص ف ٍتبي ٍُبد)","Vitamin c 1000 mg","1000 mg",other,وحدة,علبة,10,"Modern Pharama","Yemen","Vitamines and Menirals Vitamins",137,4
cf8a8cd7-947c-4da4-8ddc-13b90cd177a9,MED-10943,"Cyclofen","Cyclofen (Analgesic يهذئبد األوجبع وانح ًى)","Paracetamol 500 mg + caffine 60 mg + pyrilamine maleate 15 mg","500 mg",tablet,حبة,شريط,20,"Modern Pharama","Yemen","NSAID Antipyretic -",137,5
b444a149-b0a0-499c-8484-c1fd4a515256,MED-10944,"Cypro-BC","Cypro-BC (Deficiency َمص ف ٍتبي ٍُبد)","cyproheptadine 4 mg , vit . A 1670 I . U , vit . D 167 I . U , vit . B 1 0.60 mg , vit . B 2 0.75 mg vit . B 6","4 mg",syrup,مل,قارورة,114,"ALGORITHM","Lebanon","Vitamines and Menirals Vitamins",137,6
5c66387e-1521-45fc-8f10-cc3b05e65dcb,MED-10945,"Cypro-vita","Cypro-vita (Deficiency َمص ف ٍتبي ٍُبد)","cyproheptadine 4 mg , vit . A 1670 I . U , vit . D 167 I . U , vit . B 1 0.60 mg , vit . B 2 0.75 mg vit . B 6","4 mg",tablet,حبة,شريط,30,"ALGORITHM","Lebanon","Vitamines and Menirals Vitamins",137,7
f97491d9-b0be-48c5-83dd-686557592ce5,MED-10946,"Cystazole - 200","Cystazole - 200 (ٌ انشبئؼخ انذ ٌذا)","Albendazole","",capsule,كبسولة,شريط,1,"JOSWE","Jordan","Anthelmentic Common Worms",138,1
1dc505e5-4ee2-4f74-839c-8715b6e2e2f6,MED-10947,"Cystone","Cystone (Infection اصبثبد ً انجهبص انجىن)","Unknown","",tablet,حبة,شريط,100,"Co","India","Health Care Himalaya Drug Urinary Tract",138,2
975500a7-3587-4ac1-89a9-b3ffbcfa8727,MED-10948,"Cytasept","Cytasept","Clorhexidine + Hexamidine + Chlorocresol","",syrup,مل,قارورة,250,"Shiba pharma","Yemen","Antiseptic and Desinfectants Vaginal ان ًهجم",138,3
a227c974-c193-4c36-83d0-9e38f6254e54,MED-10949,"Cytochrome C","Cytochrome C (انصذس ٌخ)","Cytochrome C Cardio Vascular","",injection,أمبولة,باكت,5,"SAMSON- MED","Russia","System drugs Angina انزثحخ",138,4
0009298f-b0d6-43e3-8cf8-902915c2e160,MED-10950,"Cytodrox","Cytodrox (ٌ انغشطب ) ) انخج ٍثخ)","Hydroxycarbamid e","",other,وحدة,علبة,1,"Unknown","Unknown","Antineoplastic Cancer ( األيشاض",138,5
0f76afbf-892e-4054-89b5-776bce71fffb,MED-10951,"Cytraz","Cytraz (Infections األصبثبد انجكت ٍش ٌخ)","Ceftriaxone Sodium","",injection,أمبولة,باكت,1,"Lupin","Unknown","Antibacterial Bacterial",138,6
d4c0016d-7354-4fc6-8146-4727def06ebc,MED-10952,"C - ZAR 100","C - ZAR 100 (استفبع ضغظ انذو)","Losartan Cardio Vascular Potassium 100 mg","100 mg",tablet,حبة,شريط,30,"RFA","Yemen","System drugs Hypertension",138,7
e1c66c6e-5632-47d2-85ed-a6901d53c37e,MED-10953,"C - ZAR 25","C - ZAR 25 (استفبع ضغظ انذو)","Losartan Cardio Vascular Potassium 25 mg","25 mg",tablet,حبة,شريط,30,"RFA","Yemen","System drugs Hypertension",139,1
4c701a2d-e6de-424d-81f9-41c164f43d37,MED-10954,"C - ZAR 50","C - ZAR 50 (استفبع ضغظ انذو)","Losartan Cardio Vascular Potassium 50 mg","50 mg",tablet,حبة,شريط,30,"RFA","Yemen","System drugs Hypertension",139,2
a638ae8a-df2e-4e07-8c2d-e11df7991c8d,MED-10955,"C-ZAR-H","C-ZAR-H (استفبع ضغظ انذو)","Losartan Cardio Vascular Potassium 100 mg + hydrochloroth iazid 25 mg","100 mg",tablet,حبة,شريط,30,"RFA","Yemen","System drugs Hypertension",139,3
ff154f1f-92c6-4b73-8d74-7c7cc5ea2365,MED-10956,"D.V.IRON","D.V.IRON","ferrous fumarate 120 mg + f olic acid 400 micro gram + vitB 1 1.5 microgram + vit B 6","120 mg",tablet,حبة,شريط,20,"Unknown","Unknown","Vitamines and Menirals Anaemia فمش انذو",139,4
903e5b7b-8e49-495d-8cdb-0b2929de0239,MED-10957,"D.V.Iron","D.V.Iron","Ferrus","",tablet,حبة,شريط,20,"Unknown","Unknown","Vitamines and Menirals Anaemia فمش انذو",139,5
5bcf1c7d-a941-4133-89bf-ba96ffff85b5,MED-10958,"D.VITA","D.VITA (Deficiency َمص ف ٍتبي ٍُبد)","Vitamin D 400 I . U","",drops,مل,قطارة,50,"Pharmetics","Canada","Vitamines and Menirals Vitamins",139,6
3c10f8ea-bbf1-4491-82f9-799133baef38,MED-10959,"DactaGel","DactaGel (األصبثبد انفطش ٌخ)","Miconazole 2%","2%",ointment,أنبوب,علبة,15,"Shaphaco","Yemen","Antifungals Fungal Infections",139,7
6d126adf-1ad3-4434-8923-00a85b31a4cf,MED-10960,"Dacta-Vag","Dacta-Vag","Miconazole Nitrate","",other,وحدة,علبة,6,"Shaphaco","Yemen","Antifungals Vaginal ان ًهجم",140,1
029d89fd-c121-40f0-8d07-3d2d0ed751fa,MED-10961,"Dactonaz","Dactonaz","Miconazole Nitrate 20 mg","20 mg",ointment,أنبوب,علبة,20,"Global Pharma","Yemen","Antifungals Vaginal ان ًهجم",140,2
c41be2f1-910f-4c05-86e2-47ade09d9dbe,MED-10962,"Daflon","Daflon (انجىاع ٍش)","Dio smin .. ......... ......... ........................... 90%","90%",tablet,حبة,شريط,30,"Servier Egypt industries","Unknown","Antihaemorrhag es Haemorrhoids",140,3
4cf1f0f1-b391-4a07-8635-29be6fcc42ba,MED-10963,"Daflon 500","Daflon 500 (األوػ ٍخ انذيى ٌخ وانمهت)","Flavonoid Cardio Vascular Compounds","",other,وحدة,علبة,1,"Unknown","Unknown","System drugs Cardio Vascular",140,4
00f01f6e-cdcf-47c1-8ede-bafceb2200bd,MED-10964,"Dafrex","Dafrex (انجىاع ٍش)","Diosmin + Hesperidin","",tablet,حبة,شريط,15,"EGYPHAR","Egypt","Antihaemorrhag es Haemorrhoids",140,5
8eef104a-d604-4aa3-86f0-a30913cee3e5,MED-10965,"Daily one","Daily one (Deficiency َمص ف ٍتبي ٍُبد)","Vitamin B Substances","",tablet,حبة,شريط,30,"LIFEPLAN","Unknown","Vitamines and Menirals Vitamins",140,6
967a59d2-7e4f-4b9c-84b2-877aabc60a74,MED-10966,"Daktacort","Daktacort","Miconazole Nitrate","",other,وحدة,علبة,1,"Janssen-Cilag","Switzerland","Antifungals Vaginal ان ًهجم",140,7
f8ac3e6b-8944-48a5-8cca-03e8279613eb,MED-10967,"Daktarin oral gel","Daktarin oral gel","Miconazole","",other,وحدة,علبة,40,"Janssen-Cilag","Switzerland","Antifungals Vaginal ان ًهجم",141,1
8fbb99fa-083a-4426-8ac1-d4f244dde428,MED-10968,"Dalacin C","Dalacin C (Infections ًٍكشوثبد انالهىائ ٍخ ان)","Clindamycin","",capsule,كبسولة,شريط,2,"Pfizer","USA","Antibiotics Anaerobic",141,2
6ac0e5cd-941a-4e39-8e42-c1ff8a380004,MED-10969,"Daonil","Daonil (أيشاض انغكشي)","Glibenclamide 5 mg","5 mg",tablet,حبة,شريط,20,"Sanofi aventis","France","Antidiabetics Diabetes Mellitus",141,3
27ca2dfc-887f-419d-8a72-96c9106b1c36,MED-10970,"Dastamol","Dastamol (Analgesic يهذئبد األوجبع وانح ًى)","Paracetamol","",other,وحدة,علبة,1,"Unknown","Unknown","Nonsteroidal Anti- Antipyretic -",141,4
3fe304de-46e4-4f92-8611-90d051b84fa0,MED-10971,"DAWAGRA 25","DAWAGRA 25 (ي ُشطبد ج ُغ ٍخ)","Sildenafil Citrate 25 mg / tablet","25 mg",tablet,حبة,شريط,4,"Modern Pharama","Yemen","Sex Stimulants Sex Stimulants",141,5
f602f46c-de1e-4c00-883b-a130d95708c5,MED-10972,"DAWAGRA 50","DAWAGRA 50 (ي ُشطبد ج ُغ ٍخ)","Sildenafil Citrate 50 mg / tablet","50 mg",tablet,حبة,شريط,4,"Modern Pharama","Yemen","Sex Stimulants Sex Stimulants",141,6
f7652cb6-c7ae-48f9-8c78-267f093e9f5d,MED-10973,"Dazolic","Dazolic (Gardiasis جبسد ٌب واي ٍج ٍب)","Ornidazole 500 mg","500 mg",tablet,حبة,شريط,1,"SUN Pharma","India","Antiprtozoal Amoebiasis ,",141,7
9b90eac0-0515-4a09-88cb-536165f2c4b2,MED-10974,"Deanxit","Deanxit (األيشاض انؼمه ٍخ)","flupentixol 0.5 Central Nervous tablet mg","",tablet,حبة,شريط,100,"Lundbeck","Denmark","system drugs Mental Disorders",142,1
a508524f-2814-493a-8642-8b7445f903c7,MED-10975,"Deanxit","Deanxit (األيشاض انؼمه ٍخ)","Flupentixol Central Nervous Hydrochloride + Melitracen Hydrochloride","",tablet,حبة,شريط,100,"H.Lundbeck","Denmark","system drugs Mental Disorders",142,2
31b5209e-9898-4538-8457-af5278fd1f75,MED-10976,"DECADRALE","DECADRALE (األنتهبثبد)","Dexamethasone","",injection,أمبولة,باكت,2,"ALPHA","Syria","Corticosteroid Inflammations",142,3
6c3ae55f-bde5-4953-88f7-1ad6b155ca96,MED-10977,"Decal B 12","Decal B 12 (انتهبثبد انؼظبو)","Each 5 ml syrup contains : Calcium laevulinate 50 mg + Vitamin D 3 1000 IU + Vitamin B 12 10","5 ml",syrup,مل,قارورة,120,"AMRIYA PHARMA","Egypt","Vitamines and Menirals Osteoarthritis",142,4
7fb903ce-48cb-412a-8779-7817675ab69c,MED-10978,"Declarine","Declarine","Desloratadine 0.5 mg","0.5 mg",tablet,حبة,شريط,20,"Shiba pharma","Yemen","Antihistamines Allergy انحغبع ٍخ",142,5
7ea70e5f-37e0-4d91-8b65-6ae0d6d75477,MED-10979,"Declarine","Declarine (األنتهبثبد انجذنذ ٌخ)","Desloratadine 2.5 mg / 5 ml","2.5 mg / 5 ml",syrup,مل,قارورة,100,"Shiba pharma","Yemen","Antihistamines Dermatitis",142,6
3af7a7cd-1466-4bd8-8d22-f97436baf6d4,MED-10980,"Declophen","Declophen (األوجبع)","Diclofenac Sodium tablet 25 mg .","25 mg",tablet,حبة,شريط,20,"PHARCO","Egypt","Nonsteroidal Anti- Analgesic يهذئبد",142,7
54c97d36-add7-4153-8084-6ecd587425ec,MED-10981,"DECLOPHEN","DECLOPHEN (األوجبع)","Diclofenac Sodium","",other,وحدة,علبة,5,"PHARCO","Egypt","Non-Steroidal Anti- Analgesic يهذئبد",143,1
bbb11a5f-067a-4e38-82c7-4af9d2e9a488,MED-10982,"Declophen S.R.","Declophen S.R. (األوجبع)","Diclofenac Sodium 100 mg","100 mg",capsule,كبسولة,شريط,8,"PHARCO","Egypt","Non-Steroidal Anti- Analgesic يهذئبد",143,2
ae2cd919-ffcd-49e2-8196-3fa4b6e37b08,MED-10983,"Decozal 0.05%","Decozal 0.05%","Xylometazoline Hydrochloride","0.05%",drops,مل,قطارة,1,"API","Jordan","Antihistamines Allergy انحغبع ٍخ",143,3
0db67bd2-eab7-4a47-8554-62547a41732a,MED-10984,"Deflat","Deflat (انهضى)","simethicone","",drops,مل,قطارة,1,"Hayet pharma","Unknown","Gastro Intestinal drugs Indigestion عىء",143,4
3e92d199-9ff8-4c9e-8db3-871db880c58f,MED-10985,"DELROSA","DELROSA","Combination","",syrup,مل,قارورة,100,"Delta pharma","Egypt","Antiseptic and Desinfectants Vaginal ان ًهجم",143,5
9885843f-4be8-4222-8e14-9856c0fa2676,MED-10986,"Deltasone","Deltasone (األنتهبثبد)","Dexamethasone","",syrup,مل,قارورة,120,"NILE CO.","Egypt","Corticosteroid Inflammations",143,6
f3e7f9c8-33d3-40e2-81a9-9e6a679e3255,MED-10987,"Deltasone Tablets","Deltasone Tablets (األنتهبثبد)","dexmethasone","",tablet,حبة,شريط,10,"NILE CO.","Egypt","Corticosteroid Inflammations",143,7
c5e25077-5644-417a-814c-265e78cede8a,MED-10988,"Denavir cream","Denavir cream (األصبثبد انف ٍشوع ٍخ)","Penciclovir","",other,وحدة,علبة,1,"Unknown","Unknown","Antivirals Viral Infections",144,1
4f2ac4fd-0024-4fd7-8e3f-597cfcf7d4b5,MED-10989,"De-nol","De-nol (انهضى)","colloidal bismuth subcitate","",tablet,حبة,شريط,40,"Astellas pharma","Unknown","Gastro Intestinal drugs Indigestion عىء",144,2
ea1fcce6-5350-4b82-85cf-6754e17dab6f,MED-10990,"DENTACARE","DENTACARE","Spiramycin 75000 0 IU + Metronidazol 125 mg","0 IU",tablet,حبة,شريط,20,"BIOPHARM","Yemen","antibacterial Dental ٌ األع ُب",144,3
f4811c83-3a6b-47c2-8129-651aa21c439d,MED-10991,"DENTACIN","DENTACIN","Spiramycin 75000 0 IU + / Metronidazol 125 mg","0 IU",tablet,حبة,شريط,20,"Global Pharma","Yemen","antibacterial Dental ٌ األع ُب",144,4
2d52c0fd-3450-484a-8e84-ce0a963c834b,MED-10992,"DENTACIN forte","DENTACIN forte","Spiramycin 1500000 IU + / Metronidazol 250 mg","1500000 IU",tablet,حبة,شريط,10,"Global Pharma","Yemen","antibacterial Dental ٌ األع ُب",144,5
d02ef316-68f3-4dac-888b-124662e9491b,MED-10993,"Dentazol","Dentazol","Spiramycin 75000 0 IU + / Metronidazol 125 mg","0 IU",tablet,حبة,شريط,2,"Modern Pharama","Yemen","antibacterial Dental ٌ األع ُب",144,6
2cacd6ae-fc6f-453b-81a8-5c350f6bb461,MED-10994,"DENTAZOL forte","DENTAZOL forte","Spiramycin 1500000 IU + / Metronidazol 250 mg / tab","1500000 IU",tablet,حبة,شريط,10,"Modern Pharama","Yemen","antibacterial Dental ٌ األع ُب",144,7
5b27bae8-b051-4952-8e69-35efaf6c65a4,MED-10995,"Dentoxil","Dentoxil (انغغىالد انف ًى ٌخ)","Each bottle contains : Chlorhexidine Gluconate B . P . 0.1%","0.1%",syrup,مل,قارورة,100,"Pharmacare","Yemen","Antiseptic and Desinfectants Mouth Wash",145,1
4e46d275-b038-418f-83dc-d6906f9a5101,MED-10996,"Deolin","Deolin (Spasm ٍ آالو انجط)","Drotaverine","",tablet,حبة,شريط,10,"UNISON","Thailand","Gastro Intestinal drugs Abdominal",145,2
0aa78c39-c667-451f-87f7-985a35b8dcca,MED-10997,"Depakine - 200","Depakine - 200","Na valproate Central Nervous syrap 200 mg / ml","200 mg",syrup,مل,قارورة,40,"Sanofi Aventis","France","system drugs Epilepsy انصشع",145,3
5b0a9e15-2afa-4ff0-8883-2a1563d13bba,MED-10998,"DepakineCHRON O - 500","DepakineCHRON O - 500","Valproic Central Nervous Acid & Na valproate tablet 500 mg","500 mg",tablet,حبة,شريط,30,"Sanofi Aventis","France","system drugs Epilepsy انصشع",145,4
cb9e34fa-7e50-4a60-8e49-9047a398a1a7,MED-10999,"deplatt","deplatt (انجهطبد)","Clopidogrel Cardio Vascular Bisulfate","",tablet,حبة,شريط,30,"Torrent","India","System drugs Thrombosis",145,5
f40dc738-6e3a-4040-8f4c-c20f4a489890,MED-11000,"Depofort B 12","Depofort B 12 (Deficiency َمص ف ٍتبي ٍُبد)","Vitamin B 12 1000","",injection,أمبولة,باكت,2,"PHARCO","Egypt","Vitamines and Menirals Vitamins",145,6
91dc69b9-00b0-4853-817b-95ae7f38e8f0,MED-11001,"Depo-Pred","Depo-Pred (َضالد انجشد)","Unknown","",injection,أمبولة,باكت,1,"OUBARY PHARMA","Syria","Corticosteroid Common Cold",145,7
6519b658-570e-41bc-8795-0c1a38e449ec,MED-11002,"Depo-provera","Depo-provera (ا َمطبع انط ًث)","Progesterone 150 mg / ml","150 mg",injection,أمبولة,باكت,1,"pharmacia","Unknown","Gynaecology drugs Amenorrhea",146,1
fa88324c-b099-4299-8827-ec0e632ef791,MED-11003,"DEPOTVINC","DEPOTVINC (األيشاض انؼمه ٍخ)","Vincamine 30 mg Cardio Vascular","30 mg",capsule,كبسولة,شريط,20,"OCTOBER PHARMA","Egypt","System drugs Mental Disorders",146,2
ee44741e-4946-49c4-80ae-9a7fae6d99a2,MED-11004,"Depovit B 12-1000","Depovit B 12-1000","Hyroxocobalamin 1000 mcg","1000 mcg",injection,أمبولة,باكت,2,"AMRIYA PHARMA","Egypt","Vitamines and Menirals Anaemia فمش انذو",146,3
e3c262f0-4943-4ba2-845b-644be2f58bb9,MED-11005,"Dermlin","Dermlin (األنتهبثبد انجذنذ ٌخ)","Unknown","",other,وحدة,علبة,1,"Unknown","Unknown","Antibacterial Dermatitis",146,4
e999db43-dd9a-4976-815c-79ad38c222b5,MED-11006,"Dermomax","Dermomax (األنتهبثبد انجذنذ ٌخ)","Clobetasol Propionate 0.05%","0.05%",ointment,أنبوب,علبة,20,"Global Pharma","Yemen","Corticosteroid Dermatitis",146,5
4f807afb-33ca-4563-8b82-503e2df903c5,MED-11007,"Dermomax","Dermomax (األنتهبثبد انجذنذ ٌخ)","Clobetasol Propionate 0.05% w / w","0.05%",cream,أنبوب,علبة,20,"Global Pharma","Yemen","Corticosteroid Dermatitis",146,6
7f9e1a31-32c4-4e42-803c-13cd7044d802,MED-11008,"Dermotan","Dermotan (األنتهبثبد انجذنذ ٌخ)","Clobetasol Propionate","",other,وحدة,علبة,1,"Unknown","Unknown","Corticosteroid Dermatitis",146,7
613af961-19fb-4756-8bb3-8529cdd6f0c2,MED-11010,"Dermovate Cream","Dermovate Cream (األنتهبثبد انجذنذ ٌخ)","Clobetasol Propionate","",cream,أنبوب,علبة,25,"gsk glaxosmithkline","UK","Corticosteroid Dermatitis",147,2
702de2d3-9e4b-4ea9-8ee1-45de5701d9f3,MED-11011,"Desora 5 mg","Desora 5 mg","Desloratadine","5 mg",tablet,حبة,شريط,30,"OUBARY PHARMA","Syria","Antihistamines Allergy انحغبع ٍخ",147,3
12d4666e-bad1-47dc-8b79-86f648832fb7,MED-11012,"Despasm","Despasm (Spasm ٍ آالو انجط)","Mebeverine 135 mg","135 mg",tablet,حبة,شريط,20,"Shiba pharma","Yemen","Gastro Intestinal drugs Abdominal",147,4
b134fb47-de50-4423-8b4b-1d35a95a8b91,MED-11013,"Despasm Retard","Despasm Retard (Spasm ٍ آالو انجط)","Mebeverine 200 mg","200 mg",tablet,حبة,شريط,20,"Shiba pharma","Yemen","Gastro Intestinal drugs Abdominal",147,5
5afdeb20-33bd-42e9-887f-87e027d8a57a,MED-11014,"Detamol","Detamol (Analgesic يهذئبد األوجبع وانح ًى)","Paracetamol 300 mg + Lignocain 20 mg + Benzy alcohol 30 mg / 2 mL .","300 mg",injection,أمبولة,باكت,10,"Thai","Thailand","Nonsteroidal Anti- Antipyretic -",147,6
74476603-8309-4344-86ca-9acc1ed70921,MED-11015,"Devarol-S","Devarol-S (Deficiency َمص ف ٍتبي ٍُبد)","Cholecalciferol ( Vit . D , ) 5 mg ( equivalent to 600.000 I . U ./ 2 ml ) Excipients :","5 mg",injection,أمبولة,باكت,3,"Memphis","Egypt","Vitamines and Menirals Vitamins",147,7
32443cba-958e-456f-8a8b-0c7a502632b5,MED-11016,"DEXALAB","DEXALAB (األنتهبثبد)","Each ml contains Dexamethasone 4 mg","4 mg",injection,أمبولة,باكت,2,"KD","India","Corticosteroid Inflammations",148,1
40e3561a-423b-4d49-83f4-b0b0f89abd95,MED-11017,"Dexamecortin","Dexamecortin (األنتهبثبد)","Dexamethasone 0.5 mg","0.5 mg",tablet,حبة,شريط,24,"LABATEC pharma","Switzerland","Corticosteroid Inflammations",148,2
df464392-19e3-4218-8e8c-901803203325,MED-11018,"DEXAMED","DEXAMED","Dexamethasone","",drops,مل,قطارة,1,"Unknown","Unknown","Corticosteroid Eye ٍٍ انؼ",148,3
19ce5f85-ea17-404b-8ce0-6a8d3cd2910a,MED-11019,"DEXAMED","DEXAMED (األنتهبثبد)","Dexamethasone","",tablet,حبة,شريط,20,"MEDICO LABS","Syria","Corticosteroid Inflammations",148,4
259b1889-dfe1-4973-85d2-d8fce7d52b38,MED-11020,"Dexamed","Dexamed (األنتهبثبد)","Dexamethasone","",other,وحدة,علبة,1,"Unknown","Unknown","Corticosteroid Inflammations",148,5
7e9a9630-56e8-4f6b-8c2b-b43a7e91ea1f,MED-11021,"Dexamethasone","Dexamethasone (األنتهبثبد)","Each ml contains Dexamethasone 4 mg","4 mg",injection,أمبولة,باكت,10,"Huazhong","China","Corticosteroid Inflammations",148,6
48505e60-e957-468d-83e0-d9511af66610,MED-11022,"Dexamethasone","Dexamethasone (األنتهبثبد)","Dexamethasone 8 mg / 2 ml","8 mg / 2 ml",injection,أمبولة,باكت,2,"WODEX","","Corticosteroid Inflammations",148,7
ea61c6cf-7bab-4b41-8833-e3f7fb8090a4,MED-11023,"Dexamethasone","Dexamethasone (األنتهبثبد)","Dexamethasone 4 mg / 1 ml","4 mg / 1 ml",injection,أمبولة,باكت,25,"Unknown","","Corticosteroid Inflammations",149,1
4b834c42-6b89-4945-82f5-e3a53c1f28ab,MED-11024,"Dexamethasone 4 mg","Dexamethasone 4 mg (األنتهبثبد)","Dexamethasone","4 mg",injection,أمبولة,باكت,10,"ROTEXMEDI CA","Germany","Corticosteroid Inflammations",149,2
71c8f07f-d07c-42d6-8114-e868d4753a7e,MED-11025,"DEXAVIN","DEXAVIN (األنتهبثبد)","Dexamethasone 4 mg / 1 ml","4 mg / 1 ml",injection,أمبولة,باكت,2,"VINDAS","India","Corticosteroid Inflammations",149,3
6248645d-b6ac-4db0-8398-1cc0bb5c1b9f,MED-11026,"DEXAWIN","DEXAWIN (األنتهبثبد)","Dexamethasone 4 mg / 1 ml","4 mg / 1 ml",injection,أمبولة,باكت,2,"CSPC","China","Corticosteroid Inflammations",149,4
a71d5fe8-6c64-47cc-8b1b-e1b25e60a774,MED-11027,"Dexipan","Dexipan (األنتهبثبد انجذنذ ٌخ)","Dexpanthenol","",cream,أنبوب,علبة,20,"Julphar","UAE","Skin Disorders Dermatitis",149,5
b00b276a-dced-49ea-8403-d3a9870823d7,MED-11028,"Dexmethasone","Dexmethasone (األنتهبثبد)","Dexamethasone","",injection,أمبولة,باكت,10,"Unknown","Unknown","Corticosteroid Inflammations",149,6
592673ee-6210-4ff0-81f6-629e409cb368,MED-11029,"DEXO","DEXO (األنتهبثبد)","Each ml contains Dexamethasone 4 mg","4 mg",injection,أمبولة,باكت,1,"Unknown","","Corticosteroid Inflammations",149,7
b85265b2-b8a2-4ac6-8ac2-f2c4818f45cd,MED-11030,"Dexomine","Dexomine (َضالد انجشد)","Each 5 ml contains : Dextromethorphan 15 mg + Pseudoephedrine 60 mg +","5 ml",syrup,مل,قارورة,100,"Pharmacare","Yemen","Respiratory drugs Common Cold",150,1
36fa8283-b665-4fef-89bf-988d91fbdc48,MED-11031,"Dexona","Dexona (األنتهبثبد)","Each ml contains Dexamethasone 4 mg","4 mg",injection,أمبولة,باكت,1,"CADILA","India","Corticosteroid Inflammations",150,2
271caa12-b490-47a9-8044-4721bdb474f1,MED-11032,"Dextro-M","Dextro-M (َضالد انجشد)","Dextromethorphan 15 mg","15 mg",syrup,مل,قارورة,100,"Shiba pharma","Yemen","Respiratory drugs Common Cold",150,3
816071da-779b-4ff7-8446-3dcc74438b59,MED-11033,"DH-Gel","DH-Gel (َضالد انجشد)","Diphenhydramine","",other,وحدة,علبة,1,"Unknown","Unknown","Respiratory drugs Common Cold",150,4
c12281b8-ec05-42f9-8344-64bc2a808c30,MED-11034,"DIABEN","DIABEN (أيشاض انغكشي)","Glibenclamide","",tablet,حبة,شريط,1,"PHARCO","Egypt","Antidiabetics Diabetes Mellitus",150,5
5b27608d-43ac-46d3-8b0b-3ca7d99557fa,MED-11035,"Diabetone","Diabetone (Deficiency َمص ف ٍتبي ٍُبد)","L - Carnitine + Vit . A + Vit . D 3 + Vit . E + Vit . C + Vit . B 1 + Vit . B 2 Vit . B 3 + Vit . B 6 + F olacin","",capsule,كبسولة,شريط,30,"VITABIOTICS","Unknown","Vitamines and Menirals Vitamins",150,6
2751ab05-0f3a-4e49-8820-d02896920584,MED-11036,"Diabinil","Diabinil (أيشاض انغكشي)","Glibenclamide","",tablet,حبة,شريط,20,"BIOPHARM","Yemen","Antidiabetics Diabetes Mellitus",150,7
8c481f61-4034-49f3-8035-8b80af58cc18,MED-11037,"Dia-Furyl","Dia-Furyl","Nifuroxazide","",suspension,مل,قارورة,60,"Unknown","Unknown","Gastro Intestinal drugs Diarrhea األعهبل",151,1
d27345dc-9e71-4d57-826a-e5697396bc7a,MED-11038,"Diamecron 30 MR","Diamecron 30 MR (أيشاض انغكشي)","Gliclazide","",tablet,حبة,شريط,30,"Unknown","Unknown","Antidiabetics Diabetes Mellitus",151,2
db118b5d-cb75-477f-8404-2b9a73f559ce,MED-11039,"Diamicron 60 MR","Diamicron 60 MR (أيشاض انغكشي)","Gliclazide","",tablet,حبة,شريط,30,"Unknown","Unknown","Antidiabetics Diabetes Mellitus",151,3
cd7f546c-a54a-4a6c-8b19-7be500994a72,MED-11040,"Diane 35","Diane 35","ethinyledtradiol - cyproterone","",tablet,حبة,شريط,21,"BAYER","Germany","Skin Disorders Acne حت انشجبة",151,4
d13228e2-0d43-42c2-8334-920175d7e683,MED-11041,"Dianormal","Dianormal (أيشاض انغكشي)","Gliclazide","",tablet,حبة,شريط,20,"RAMEDA","Egypt","Antidiabetics Diabetes Mellitus",151,5
c1d1f21a-ebb5-4327-8889-dee66c2d90c2,MED-11042,"Diarrimide","Diarrimide","loperamide Hydrochloride","",tablet,حبة,شريط,20,"BIOPHARM","Yemen","Gastro Intestinal drugs Diarrhea األعهبل",151,6
0bd48718-f0e5-42dc-80d5-0f9c9094806d,MED-11043,"Diarrimide","Diarrimide","Loperamide Hydrochloride","",tablet,حبة,شريط,20,"Unknown","Unknown","Gastro Intestinal drugs Diarrhea األعهبل",151,7
c37c414a-3f70-47da-8a00-4b947666e61f,MED-11044,"Diatab","Diatab (أيشاض انغكشي)","Metformin 500 mg","500 mg",tablet,حبة,شريط,5,"Al doawieha","Unknown","Antidiabetics Diabetes Mellitus",152,1
891e6f1f-e861-49d1-82c7-6c686f6022b5,MED-11045,"Diazepam","Diazepam (Insumnea األسق وانمهك)","Diazepam Central Nervous","",injection,أمبولة,باكت,25,"KRKA","India","system drugs Anxiety ,",152,2
0b6adef4-5314-4f81-8dac-e2fb0b42fe11,MED-11046,"Diazepam","Diazepam (Insumnea األسق وانمهك)","Diazepam Central Nervous","",injection,أمبولة,باكت,5,"BIOPHARM","Yemen","system drugs Anxiety ,",152,3
55c45dc3-cbb4-4451-8548-78a4d71bf0e2,MED-11047,"Diazepam 5","Diazepam 5 (Insumnea األسق وانمهك)","Diazepam 4 mg Central Nervous","4 mg",tablet,حبة,شريط,20,"BIOPHARM","Yemen","system drugs Anxiety ,",152,4
d417d2de-24a7-42b7-8040-06dbcb635b49,MED-11048,"dicin fort 500 mg","dicin fort 500 mg (ان ُض ٌف)","etamsylate 500 mg","500 mg",tablet,حبة,شريط,20,"Y.E.PHARMA","Yemen","Antihaemorrhag es Haemorrhage",152,5
831341a4-02a1-422e-8232-f7db65596465,MED-11049,"Dicloban 12.5 mg","Dicloban 12.5 mg (األوجبع)","Diclofenac Sodium 12.5 mg","12.5 mg",other,وحدة,علبة,5,"Global Pharma","Yemen","NSAID Analgesic يهذئبد",152,6
7abdffc5-fd09-478e-8408-24d0f7cda158,MED-11050,"Dicloban 25 mg","Dicloban 25 mg (األوجبع)","Diclofenac Sodium 25 mg","25 mg",other,وحدة,علبة,5,"Global Pharma","Yemen","NSAID Analgesic يهذئبد",152,7
d3e0da46-b8f9-4a5c-89d1-d63fc4043990,MED-11051,"Dicloban 50","Dicloban 50 (األوجبع)","Diclofenac Sodium 50 mg","50 mg",tablet,حبة,شريط,20,"Global Pharma","Yemen","NSAID Analgesic يهذئبد",153,1
82c4e33e-208b-4141-8cd3-cd3f259bb593,MED-11052,"Dicloban gel","Dicloban gel (األوجبع)","Diclofenac Sodium 40 g","40 g",ointment,أنبوب,علبة,40,"Global Pharma","Yemen","NSAID Analgesic يهذئبد",153,2
c6672e96-f3ef-4da6-836d-7cc5a9ec6659,MED-11053,"Dicloban s . r 100","Dicloban s . r 100 (األوجبع)","Diclofenac Sodium 100 mg","100 mg",capsule,كبسولة,شريط,10,"Global Pharma","Yemen","NSAID Analgesic يهذئبد",153,3
7c671a6a-92f9-415e-84b2-e37e59dab75c,MED-11054,"Diclocare SR","Diclocare SR (األوجبع)","Diclofenac Sodium 100 mgas sustained release pellets / capsule","100 mg",capsule,كبسولة,شريط,20,"Pharmacare","Yemen","NSAID Analgesic يهذئبد",153,4
4a820f01-dcb6-40d6-8f9a-8ed043012fbd,MED-11055,"Diclocare SR","Diclocare SR (األوجبع)","Diclofenac Sodium","",capsule,كبسولة,شريط,20,"Unknown","Unknown","Non-Steroidal Anti- Analgesic يهذئبد",153,5
006a14a9-8310-4504-8e64-ca8f2bc0cd67,MED-11056,"Diclo - Denk 50 mg","Diclo - Denk 50 mg (األوجبع)","Diclofenac Sodium","50 mg",other,وحدة,علبة,1,"Unknown","Unknown","Non-Steroidal Anti- Analgesic يهذئبد",153,6
b4d45376-8196-4673-89c2-354d8e5af096,MED-11057,"Diclo - Denk - 100 Retard","Diclo - Denk - 100 Retard (األوجبع)","Diclofenac Sodium tablet 100 mg","100 mg",tablet,حبة,شريط,100,"Denk Pharma","Germany","Nonsteroidal Anti- Analgesic يهذئبد",153,7
3042ad67-4864-424b-858e-51133f92aa9b,MED-11058,"Diclo - Denk - 75","Diclo - Denk - 75 (األوجبع)","Diclofenac Sodium ampoule 75 mg / 3 ml .","75 mg / 3 ml",injection,أمبولة,باكت,5,"Denk pharma","Germany","Nonsteroidal Anti- Analgesic يهذئبد",154,1
448a906e-5f24-4963-8089-33886e4ac9da,MED-11059,"Diclof 25","Diclof 25 (األوجبع)","Diclofenac Sodium capsule 25 mg","25 mg",other,وحدة,علبة,5,"Modern Pharama","Yemen","NSAID Analgesic يهذئبد",154,2
5ca763b0-0184-4031-89e9-9144b8a13380,MED-11060,"Diclof 50","Diclof 50 (األوجبع)","Diclofenac Sodium capsule 50 mg","50 mg",tablet,حبة,شريط,20,"Modern Pharama","Yemen","NSAID Analgesic يهذئبد",154,3
6992b5d6-ab3d-4972-889f-11fcfd0bab56,MED-11061,"Diclof gel","Diclof gel (األوجبع)","Diclofenac Sodium capsule 40 mg","40 mg",ointment,أنبوب,علبة,40,"Modern Pharama","Yemen","NSAID Analgesic يهذئبد",154,4
d41cf95b-8cc0-4303-8b59-6a9acc5e2be8,MED-11062,"Diclof S . R . 100","Diclof S . R . 100 (األوجبع)","Diclofenac Sodium capsule 100 mg","100 mg",capsule,كبسولة,شريط,10,"Modern Pharama","Yemen","NSAID Analgesic يهذئبد",154,5
d66eb026-b123-43a9-8521-f135fda8e75e,MED-11063,"DICLOFEN retard - 100","DICLOFEN retard - 100 (األوجبع)","Diclofenac Sodium tablet 100 mg","100 mg",tablet,حبة,شريط,10,"United","Jordan","Nonsteroidal Anti- Analgesic يهذئبد",154,6
53c55871-fd63-474f-85cf-5037e96755f5,MED-11064,"DICLOFEN - 50","DICLOFEN - 50 (األوجبع)","Diclofenac Sodium tablet 50 mg","50 mg",tablet,حبة,شريط,20,"United","Jordan","Nonsteroidal Anti- Analgesic يهذئبد",154,7
e08f3f00-bb2d-40aa-880f-92ac511a865a,MED-11065,"Diclofenac drops","Diclofenac drops (األوجبع)","Diclofenac Potassium","",other,وحدة,علبة,1,"Unknown","Unknown","Non-Steroidal Anti- Analgesic يهذئبد",155,1
2b592742-f58d-459e-8cb0-065657256f0b,MED-11066,"Diclofenac sodium","Diclofenac sodium (األوجبع)","Diclofenac Sodium 25 mg + Benzyl alcohol 4% + Water","25 mg",injection,أمبولة,باكت,5,"Kalfen","Unknown","Nonsteroidal Anti- Analgesic يهذئبد",155,2
4d664706-a77a-43b3-8cb0-8bb68f95dc08,MED-11067,"DICLOFENAC SODIUM","DICLOFENAC SODIUM (األوجبع)","Each 1 ml contains Diclofenac Sodium 25 mg","1 ml",injection,أمبولة,باكت,10,"ROTEXMEDI CA","Germany","Non-Steroidal Anti- Analgesic يهذئبد",155,3
ccdaabe7-15a4-4104-8e96-df622c83b275,MED-11068,"Diclofenac- Hameln","Diclofenac- Hameln (األوجبع)","Diclofenac Sodium 25 mg / ml","25 mg",injection,أمبولة,باكت,5,"hameln","Germany","Non-Steroidal Anti- Analgesic يهذئبد",155,4
5a75ecc0-7de0-42d5-8fcf-09ae27d88fbe,MED-11069,"Diclogesic","Diclogesic (األوجبع)","Diclofenac Sodium","",other,وحدة,علبة,1,"Dar Al Dawa","Jordan","Non-Steroidal Anti- Analgesic يهذئبد",155,5
13dcf077-1687-4ed5-8acb-9fd7a599a323,MED-11070,"Diclogesic 50","Diclogesic 50 (األوجبع)","Diclofenac Sodium","",tablet,حبة,شريط,20,"Dar Al Dawa","Jordan","Non-Steroidal Anti- Analgesic يهذئبد",155,6
b9bd9bd6-539d-49ba-8e25-2f9a3b448159,MED-11071,"Diclogesic - 25","Diclogesic - 25 (األوجبع)","Diclofenac Sodium tablet 25 mg .","25 mg",tablet,حبة,شريط,20,"Dar Al Dawa","Jordan","Nonsteroidal Anti- Analgesic يهذئبد",155,7
96da7dc3-3537-4d54-8b32-5830c58baf92,MED-11072,"Diclogin","Diclogin (األوجبع)","Diclofenac Sodium 75 mg / 3 ml","75 mg / 3 ml",injection,أمبولة,باكت,5,"BIOPHARM","Yemen","NSAID Analgesic يهذئبد",156,1
73b64639-bf11-4195-85d6-86ea0a60c6fe,MED-11073,"DICLO-K","DICLO-K (األوجبع)","Diclofenac Sodium capsule 50 mg","50 mg",other,وحدة,علبة,10,"Modern Pharama","Yemen","NSAID Analgesic يهذئبد",156,2
e6510742-0b8e-471a-8ab3-a959741c9cc2,MED-11074,"Diclomax","Diclomax (األوجبع)","Diclofenac Potassium","",ointment,أنبوب,علبة,1,"Unknown","Unknown","Non-Steroidal Anti- Analgesic يهذئبد",156,3
485d2975-f1e8-4c8b-8c1e-6558127c5220,MED-11075,"Diclomax - 50","Diclomax - 50 (األوجبع)","Diclofenac Sodium tablet 50 mg .","50 mg",tablet,حبة,شريط,20,"JPI","","Nonsteroidal Anti- Analgesic يهذئبد Saudi Arabia",156,4
23bc3c88-4467-49c1-896f-c68c32e57c1d,MED-11076,"Diclomec-Gel","Diclomec-Gel (األوجبع)","Diclofenac Sodium gel 1.16%","1.16%",other,وحدة,علبة,50,"ABDIIbrahim","Unknown","Nonsteroidal Anti- Analgesic يهذئبد",156,5
ca1ec2db-5692-4616-807f-779e1422b4f9,MED-11077,"DICLON","DICLON (األوجبع)","Diclofenac Potassium","",ointment,أنبوب,علبة,1,"Unknown","Unknown","Non-Steroidal Anti- Analgesic يهذئبد",156,6
7cc3f8e3-9e77-40b8-8006-4cf6769d2855,MED-11078,"Diclon - 75","Diclon - 75 (األوجبع)","Diclofenac Sodium ampoule 75 mg / 3 ml .","75 mg / 3 ml",injection,أمبولة,باكت,5,"IBN- HYYANpharm a","Syria","Nonsteroidal Anti- Analgesic يهذئبد",156,7
6637d5fc-1ddb-4a9e-8188-af4769075a7b,MED-11079,"Dicloneuron","Dicloneuron (األوجبع)","Diclofenac Sodium 25 mg + vit . B 1 50 mg + vit . B 6 50 mg + vit . B 12 0.25 mg / capsule","25 mg",capsule,كبسولة,شريط,30,"Biopharm","Yemen","NSAID Analgesic يهذئبد",157,1
62598e17-eab8-42be-841c-eb46172735af,MED-11080,"Diclopan","Diclopan (األوجبع)","vit . B 1 50 mg + vit . B 6 50 mg + vit . B 12 0.25 mg and diclofenac sodium 25 mg","50 mg",other,وحدة,علبة,5,"Global Pharma","Yemen","NSAID Analgesic يهذئبد",157,2
ab94f830-f7a7-4c21-8f31-9a4d2fcc42e4,MED-11081,"DICLOREN 75","DICLOREN 75 (األوجبع)","Diclofenac Sodium 75 mg","75 mg",injection,أمبولة,باكت,5,"EXIR","IRAN","Nonsteroidal Anti- Analgesic يهذئبد",157,3
2435931f-04c0-42f5-8f75-2f5fc597e525,MED-11082,"Dicloretard","Dicloretard (األوجبع)","Diclofenac Sodium","",other,وحدة,علبة,1,"Unknown","Unknown","Non-Steroidal Anti- Analgesic يهذئبد",157,4
07e2c71e-f0d2-4857-8c9f-73f88df23470,MED-11083,"Diclosan DRS","Diclosan DRS (األوجبع)","Diclofenac Sodium capsule 100 mg","100 mg",capsule,كبسولة,شريط,10,"Shiba pharma","Yemen","NSAID Analgesic يهذئبد",157,5
013596ac-d0c4-413d-8731-7b3642d3441f,MED-11084,"Diclosan DRS","Diclosan DRS (األوجبع)","Diclofenac Potassium 50 mg","50 mg",other,وحدة,علبة,30,"Shiba pharma","Yemen","NSAID Analgesic يهذئبد",157,6
a863e8b4-9af8-4a8a-81b9-9381c0f0e9f9,MED-11085,"Diclotab","Diclotab (األوجبع)","Diclofenac Sodium","",tablet,حبة,شريط,20,"JOSWE","Jordan","Non-Steroidal Anti- Analgesic يهذئبد",157,7
efc1f8fd-537a-40e9-864f-3eecb3df70b4,MED-11086,"DICLOWAL 50","DICLOWAL 50 (األوجبع)","Diclofenac Sodium tablet 50 mg .","50 mg",tablet,حبة,شريط,20,"Walter Ritter","Germany","Nonsteroidal Anti- Analgesic يهذئبد",158,1
3a14f435-53ec-43e3-875f-22bad60490ab,MED-11087,"DICLOWAl retard - 100","DICLOWAl retard - 100 (األوجبع)","Diclofenac Sodium tablet 100 mg","100 mg",tablet,حبة,شريط,10,"Walter Ritter","Germany","Nonsteroidal Anti- Analgesic يهذئبد",158,2
a17a37d0-51e0-43c2-80bb-db8f5db4cdbc,MED-11088,"Diclowal - 75","Diclowal - 75 (األوجبع)","Diclofenac Sodium ampoule 75 mg / 3 ml .","75 mg / 3 ml",injection,أمبولة,باكت,5,"Walter Ritter","Germany","Nonsteroidal Anti- Analgesic يهذئبد",158,3
8635d132-33c9-4b19-8b56-7bb5ffa411be,MED-11089,"Diclozaf","Diclozaf (األوجبع)","Diclofenac Sodium 75 mg / 3 ml","75 mg / 3 ml",injection,أمبولة,باكت,5,"ZAFA","Pakistan","Non-Steroidal Anti- Analgesic يهذئبد",158,4
e4a4ba3d-718f-444b-8cef-7ad6430b5008,MED-11090,"DICOLON INJ","DICOLON INJ (األوجبع)","Diclofenac Sodium ampoule 75 mg / 3 ml .","75 mg / 3 ml",injection,أمبولة,باكت,5,"Huons","Korea","Nonsteroidal Anti- Analgesic يهذئبد",158,5
a74f68b9-eecb-410e-8ff1-b8a8674f522e,MED-11091,"Dicynone 500 mg","Dicynone 500 mg (ان ُض ٌف)","Etamsylate 500 mg","500 mg",tablet,حبة,شريط,20,"OM pharma","Switzerland","Antihaemorrhag es Haemorrhage",158,6
85f0fb80-9a41-4da6-8b17-5985c708a3cf,MED-11092,"Dicynone - 250","Dicynone - 250 (ان ُض ٌف)","etamsylate 250 mg","250 mg",injection,أمبولة,باكت,4,"meth pharama","Egypt","Antihaemorrhag es Haemorrhage",158,7
46435695-e693-48d7-890b-917de85d0d7c,MED-11093,"Diens","Diens (Disorders اضطشاثبد انكجذ)","Vitamin B Substances","",capsule,كبسولة,شريط,12,"Unknown","Unknown","Vitamines and Menirals Hepatic",159,1
cafc18b3-13d3-4962-89a0-955c05e37a95,MED-11094,"Diens soft","Diens soft (Disorders اضطشاثبد انكجذ)","Nicotinamide + cardus + vit b 6,12","",capsule,كبسولة,شريط,60,"hanbul","Unknown","Gastro Intestinal drugs Hepatic",159,2
4f50bc5f-fc17-43ab-8014-720614c5aaf7,MED-11095,"Diflucan","Diflucan (األنتهبثبد انجذنذ ٌخ)","Fluconazole","",injection,أمبولة,باكت,100,"Pfizer","USA","Antifungals Dermatitis",159,3
5e8bdb21-7dde-4f7f-89b3-47401197f3cb,MED-11096,"Diflucan","Diflucan (األنتهبثبد انجذنذ ٌخ)","Fluconazole 100 mg","100 mg",capsule,كبسولة,شريط,1,"Pfizer","USA","Antifungals Dermatitis",159,4
a8a957c7-6b3e-483f-8915-1369850086cc,MED-11097,"Difluzol","Difluzol (األنتهبثبد انجذنذ ٌخ)","Fluconazole 150 mh / cap","",capsule,كبسولة,شريط,1,"Stada","Unknown","Antifungals Dermatitis",159,5
956a25ca-d683-4ac8-826a-d483a4f69831,MED-11098,"Diformin","Diformin (أيشاض انغكشي)","Metformin 500 mg + glimepirid e 2 mg","500 mg",tablet,حبة,شريط,30,"Modern Pharama","Yemen","Antidiabetics Diabetes Mellitus",159,6
54292320-4153-4524-8b1e-7f6167193120,MED-11099,"Digestin","Digestin (انهضى)","papain 80 mg + sanzme 10 mg 5 ml + pepsin 40 mg","80 mg",syrup,مل,قارورة,120,"PHARCO","Egypt","Gastro Intestinal drugs Indigestion عىء",159,7
f754c010-16f6-42c5-8ce7-8a3258850bc1,MED-11100,"Digestin Tablets","Digestin Tablets (انهضى)","papain 80 mg + sanzme 10 mg 5 ml","80 mg",tablet,حبة,شريط,20,"PHARCO","Egypt","Gastro Intestinal drugs Indigestion عىء",160,1
87d43d2d-5346-48e8-8155-ca5635c363b3,MED-11101,"Digetix","Digetix (supplementation ًٍه ٍخ تغز ٌخ تك)","Combination","",capsule,كبسولة,شريط,10,"Unknown","Unknown","Gastro Intestinal drugs Nutrition",160,2
a77353ce-1967-4ebf-8bf5-bd26f16263d0,MED-11102,"Digisty fort","Digisty fort (انهضى)","Enzyme digestion","",capsule,كبسولة,شريط,12,"Germany lab","Germany","Gastro Intestinal drugs Indigestion عىء",160,3
9aacc822-d496-43df-84e4-d81d2005c9eb,MED-11103,"Digoxin","Digoxin (Failure)","Digoxin Cardio Vascular","",tablet,حبة,شريط,1,"Unknown","Unknown","System drugs Congstive Heart",160,4
b41fffea-fd21-4df4-88ab-1a80e5fecb73,MED-11104,"Diklofen","Diklofen (األوجبع)","Diclofenac 75 mg / 3 ml","75 mg / 3 ml",injection,أمبولة,باكت,5,"GALENICA Republic of Serbia","","Non-Steroidal Anti- Analgesic يهذئبد",160,5
b553f74e-0cb4-4be6-8f65-68046a6a5ce6,MED-11105,"dilatrend","dilatrend (استفبع ضغظ انذو)","Carvedilol Cardio Vascular","",tablet,حبة,شريط,30,"ROCHE","Germany","System drugs Hypertension",160,6
897b132d-e020-47d3-8c88-4ece8f7af282,MED-11106,"Dilefenac 50","Dilefenac 50 (األوجبع)","Diclofenac Sodium","",tablet,حبة,شريط,20,"Unknown","Unknown","Non-Steroidal Anti- Analgesic يهذئبد",160,7
de550603-dd0f-40cb-85be-af80344b77c8,MED-11107,"dilox","dilox (انجهطبد)","Clopidogrel Cardio Vascular Bisulfate","",tablet,حبة,شريط,28,"bilim","Turkey","System drugs Thrombosis",161,1
5e271f69-618a-43fb-82aa-1b5197109ce2,MED-11108,"Diltiazem","Diltiazem (استفبع ضغظ انذو)","Diltiazem Cardio Vascular Hydrochloride","",other,وحدة,علبة,1,"Unknown","Unknown","System drugs Hypertension",161,2
4c7a88a6-9158-49e6-8c96-dfa0a396d2ff,MED-11109,"Diltiazem","Diltiazem (استفبع ضغظ انذو)","Diltiazem Cardio Vascular Hydrochloride 60 mg","60 mg",tablet,حبة,شريط,20,"EIPICO","Egypt","System drugs Hypertension",161,3
24c0ef7d-6e55-4cfa-875d-6eea3b663d31,MED-11110,"Dimet - 500","Dimet - 500 (أيشاض انغكشي)","Metformin 500 mg","500 mg",tablet,حبة,شريط,50,"ZYNOVA","Unknown","Antidiabetics Diabetes Mellitus",161,4
51536703-8726-4501-8f18-bfb1a2984ed5,MED-11111,"Diopril 5","Diopril 5 (استفبع ضغظ انذو)","Enalapril 5 mg / Cardio Vascular tab","5 mg",tablet,حبة,شريط,10,"Pharmacare","Yemen","System drugs Hypertension",161,5
54a91ba3-c582-4206-8700-fd49210eabfb,MED-11112,"Diosed - C","Diosed - C (انجىاع ٍش)","Diosmin 450 mg + Ascorbic Acid 100 mg + Hesperidin 50 mg","450 mg",tablet,حبة,شريط,20,"PHARCO","Egypt","Antihaemorrhag es Haemorrhoids",161,6
20adc6d5-683a-4a71-89e1-448c74a3fd81,MED-11113,"diovan","diovan (استفبع ضغظ انذو)","Valsartan Cardio Vascular","",other,وحدة,علبة,1,"Unknown","Unknown","System drugs Hypertension",161,7
ad57702f-58e0-44d8-8dde-9afc80f87930,MED-11114,"Diphelin adults","Diphelin adults (َضالد انجشد)","Dextromethorphan","",syrup,مل,قارورة,100,"med pharma","Unknown","Respiratory drugs Common Cold",162,1
c236cdcc-5511-47b7-828a-70a4b982d77c,MED-11115,"Diphelin Pediatric","Diphelin Pediatric (َضالد انجشد)","Dextromethorphan","",syrup,مل,قارورة,100,"med pharma","Unknown","Respiratory drugs Common Cold",162,2
96617ea6-9cf8-4c75-8145-ae865ec5af1a,MED-11116,"Diprosalic","Diprosalic (األنتهبثبد انجذنذ ٌخ)","Betamethasone","",ointment,أنبوب,علبة,30,"schering- ploughg","Belgium","Corticosteroid Dermatitis",162,3
f4c52f4b-9e71-4308-82c6-7370709e55c8,MED-11117,"Disflatyl","Disflatyl (انهضى)","simethicone","",drops,مل,قطارة,1,"VALEANT","Unknown","Gastro Intestinal drugs Indigestion عىء",162,4
0956f2fa-e067-4c2c-8e55-ec0b36af3139,MED-11118,"Disflatyl","Disflatyl (انهضى)","Semethicone","",drops,مل,قطارة,30,"MEDA","Unknown","Gastro Intestinal drugs Indigestion عىء",162,5
7d74678f-b19a-46f2-8c2c-d06341d06ea5,MED-11119,"Disflatyl","Disflatyl (انهضى)","Semethicone","",tablet,حبة,شريط,30,"VALEANT","Unknown","Gastro Intestinal drugs Indigestion عىء",162,6
eb46b252-97b8-4e20-8d75-9d7267b47f37,MED-11120,"Disflatyl tab meda","Disflatyl tab meda (انهضى)","Semethicone","",tablet,حبة,شريط,100,"MEDA","Unknown","Gastro Intestinal drugs Indigestion عىء",162,7
fac0f1b5-7d0b-404f-8c48-8d23df4758b2,MED-11121,"Dispercam","Dispercam (Analgesic يهذئبد األوجبع وانح ًى)","Piroxicam 20 mg / 1 ml","20 mg / 1 ml",injection,أمبولة,باكت,3,"MUP","Egypt","Nonsteroidal Anti- Antipyretic -",163,1
52a5ba84-9c92-42de-8a4a-81af0771f92e,MED-11122,"Dispercam","Dispercam (Analgesic يهذئبد األوجبع وانح ًى)","Piroxicam dispersible tablets 20 mg .","20 mg",tablet,حبة,شريط,10,"MUP","Egypt","Nonsteroidal Anti- Antipyretic -",163,2
54f113d7-62e9-4e57-8d30-76178e368dea,MED-11123,"Dispercam","Dispercam (Analgesic يهذئبد األوجبع وانح ًى)","Piroxicam","",other,وحدة,علبة,1,"Unknown","Unknown","Nonsteroidal Anti- Antipyretic -",163,3
48920d57-18d6-491f-828e-84ad55ec9e20,MED-11126,"Distocid","Distocid (( Bilharziasis ) انجههبسع ٍب)","Praziquantel 600 mg","600 mg",tablet,حبة,شريط,4,"EIPICO","Egypt","Anthelmentic Schistosomiasis",163,6
c615168a-cd82-4d8d-8f2d-04c001327667,MED-11127,"Ditrospam","Ditrospam (Infection اصبثبد ً انجهبص انجىن)","Oxybutynin Hydrochloride 5 mg","5 mg",tablet,حبة,شريط,20,"Avenzor","Syria","Urinary tract drugs Urinary Tract",163,7
fba0cf47-1002-4aed-81be-43b8d5c889f8,MED-11128,"DiVance","DiVance (أيشاض انغكشي)","Metformin 500 mg + Metclopromide 5 mg","500 mg",tablet,حبة,شريط,30,"Y.E.PHARMA","Yemen","Antidiabetics Diabetes Mellitus",164,1
145ac29a-4073-4c81-8a78-b502e067709a,MED-11130,"Dizinil","Dizinil (vomiting ٌ انغث ٍب وانطشػ)","di","",tablet,حبة,شريط,20,"Julphar","UAE","Gastro Intestinal drugs Nausea and",164,3
0d5b68c9-6d16-437d-8f57-6047259daa52,MED-11132,"Dizirest B 7","Dizirest B 7 (vomiting ٌ انغث ٍب وانطشػ)","Meclozine + Pyrodixine","",tablet,حبة,شريط,20,"SIGMACO","","Gastro Intestinal drugs Nausea and Saudi Arabia",164,5
09ac039d-8d77-4596-856b-9c7219ed156b,MED-11133,"Dizirest B 6","Dizirest B 6 (vomiting ٌ انغث ٍب وانطشػ)","Meclizine 25 mg + Pyridoxin 50 mg","25 mg",tablet,حبة,شريط,20,"SIGMA","Egypt","Gastro Intestinal drugs Nausea and",164,6
d3325ebf-0ad2-4c3d-8a31-59f2d3a91f80,MED-11134,"DODEPAR","DODEPAR (Deficiency َمص ف ٍتبي ٍُبد)","Multi Vitamines","",other,وحدة,علبة,1,"Unknown","Unknown","Vitamines and Menirals Vitamins",164,7
e076afa6-cb05-4e58-8000-f1878b9d1b50,MED-11135,"Dodex","Dodex (ٌ انشبئؼخ انذ ٌذا)","Mebendazole 100 mg","100 mg",tablet,حبة,شريط,6,"Shiba Pharma","Yemen","Anthelmentic Common Worms",165,1
2f83ab8e-0062-4ac6-8e8d-dcc6b8d1bb2f,MED-11136,"Dogmatil","Dogmatil (األيشاض انؼمه ٍخ)","sulpirde Central Nervous","",capsule,كبسولة,شريط,30,"Sanofi Aventis","France","system drugs Mental Disorders",165,2
062ae046-9a75-4f01-86e5-369e704c7951,MED-11137,"Dogmatil fort","Dogmatil fort (األيشاض انؼمه ٍخ)","sulpirde Central Nervous","",tablet,حبة,شريط,10,"Sanofi Aventis","France","system drugs Mental Disorders",165,3
f81537a1-fb72-43bb-8919-0feaa79d250e,MED-11138,"Dogmatil - 50","Dogmatil - 50 (األيشاض انؼمه ٍخ)","Sulpiride capsule Central Nervous 50 mg","50 mg",capsule,كبسولة,شريط,30,"Sanofi Aventis","France","system drugs Mental Disorders",165,4
33e21c5d-2de5-43e2-8875-d521bf5be4ad,MED-11139,"Dolic","Dolic (Spasm ٍ آالو انجط)","Each one ml contains methyl Hyoscine nitrate 0.1 mg .","0.1 mg",drops,مل,قطارة,1,"Pharmacare","Yemen","Gastro Intestinal drugs Abdominal",165,5
59ff3240-5f9d-455e-8c25-53cee0cee4c1,MED-11140,"Dolo-D","Dolo-D (َضالد انجشد)","Each 5 ml contains : Pseudoephedrine 15 mg + Ibuprofen 100 mg","5 ml",suspension,مل,قارورة,115,"BORG","Egypt","Respiratory drugs Common Cold",165,6
5bb32cde-276b-4e04-8d4a-e107f176f8c2,MED-11141,"Dolo-D","Dolo-D (َضالد انجشد)","Pseudoephedrine +ibuprofen","",tablet,حبة,شريط,20,"BORG","Egypt","Respiratory drugs Common Cold",165,7
3519ae13-d896-409b-8110-b2888ecdfc4c,MED-11142,"Dolo-d Syrup","Dolo-d Syrup (َضالد انجشد)","ibuprofen","",suspension,مل,قارورة,60,"BORG","Egypt","Respiratory drugs Common Cold",166,1
44b58339-7c63-43b8-8078-072a5f7799b1,MED-11143,"Dolo-d Tablets","Dolo-d Tablets (َضالد انجشد)","ibuprofen","",tablet,حبة,شريط,20,"BORG","Egypt","Respiratory drugs Common Cold",166,2
636869da-f2f8-4fb7-8e9c-c7c02577fee4,MED-11144,"Dolofen","Dolofen (األوجبع)","Ibuprofen 100 mg / 5 ml","100 mg / 5 ml",suspension,مل,قارورة,100,"Pharmacare","Yemen","NSAID Analgesic يهذئبد",166,3
8ca5e94a-6d99-48f1-8482-38751be8e285,MED-11145,"Dolonev","Dolonev (Deficiency َمص ف ٍتبي ٍُبد)","- vit . B 1 50 mg - vit . B 6 100 mg - vit . B 12 0.5 mg","50 mg",tablet,حبة,شريط,20,"GEROT LANNACH Viena,","Austria","Vitamines and Menirals Vitamins",166,4
c3acf9d5-0820-4a67-8105-f9bfc56feb40,MED-11146,"DOLORAZ 400","DOLORAZ 400 (األوجبع)","Ibuprofen 200 mg + Pseudoephedrine 30 mg .","200 mg",capsule,كبسولة,شريط,20,"JPM","Jordan","Nonsteroidal Anti- Analgesic يهذئبد",166,5
b7eaa6f5-fd4e-4fae-8bc5-a4c4eec0cbfa,MED-11147,"DOLOREX","DOLOREX (األوجبع)","Diclofenac Potassium dragee 50 mg .","50 mg",other,وحدة,علبة,1,"ABDIIbrahim","Unknown","Non-Steroidal Anti- Analgesic يهذئبد",166,6
159a1daa-b054-49df-88c0-33ff64d539fe,MED-11148,"Dolphin 12.5 mg","Dolphin 12.5 mg (األوجبع)","Diclofenac Sodium","12.5 mg",other,وحدة,علبة,3,"Delta pharma","Egypt","Non-Steroidal Anti- Analgesic يهذئبد",166,7
5527f274-f3d0-4482-8b68-2ced4c349d19,MED-11149,"Dolphin 25 mg","Dolphin 25 mg (األوجبع)","Diclofenac Sodium","25 mg",other,وحدة,علبة,5,"Delta pharma","Egypt","Non-Steroidal Anti- Analgesic يهذئبد",167,1
ca75074c-058c-4869-848e-6ea93889f1fa,MED-11150,"Domi","Domi (vomiting ٌ انغث ٍب وانطشػ)","Domperidone 10 mg","10 mg",tablet,حبة,شريط,30,"RFA","Yemen","Gastro Intestinal drugs Nausea and",167,2
7176174f-ca4a-4b2c-883d-9902d9493ec0,MED-11151,"Domolin","Domolin (vomiting ٌ انغث ٍب وانطشػ)","Domperidone 1 mg","1 mg",drops,مل,قطارة,30,"Modern Pharama","Yemen","Gastro Intestinal drugs Nausea and",167,3
65c7d944-92fa-4719-8abb-6080741f1923,MED-11152,"Domolin","Domolin (vomiting ٌ انغث ٍب وانطشػ)","Domperidone 5 mg","5 mg",suspension,مل,قارورة,100,"Modern Pharama","Yemen","Gastro Intestinal drugs Nausea and",167,4
8555c07c-97b4-4ada-89a5-287345973bc3,MED-11153,"Domolin 10 mg","Domolin 10 mg (vomiting ٌ انغث ٍب وانطشػ)","Domperidone","10 mg",tablet,حبة,شريط,10,"Modern Pharama","Yemen","Gastro Intestinal drugs Nausea and",167,5
4874b95f-50cd-408a-8c19-a524cf303d57,MED-11154,"Domotil","Domotil (vomiting ٌ انغث ٍب وانطشػ)","Domperidone","",suspension,مل,قارورة,60,"Y.E.PHARMA","Yemen","Gastro Intestinal drugs Nausea and",167,6
9fc8b36a-bcfe-40c5-8a7c-16245f86824b,MED-11155,"Domotil drops","Domotil drops (vomiting ٌ انغث ٍب وانطشػ)","Domperidone","",drops,مل,قطارة,30,"Y.E.PHARMA","Yemen","Gastro Intestinal drugs Nausea and",167,7
97f1f516-7a7f-4201-8108-de1fa92ed58b,MED-11157,"Domotil Tablets","Domotil Tablets (vomiting ٌ انغث ٍب وانطشػ)","Domperidone","",tablet,حبة,شريط,20,"Y.E.PHARMA","Yemen","Gastro Intestinal drugs Nausea and",168,2
b03a8510-a04b-441d-8a82-169a535ab98b,MED-11158,"Domperidone","Domperidone (vomiting ٌ انغث ٍب وانطشػ)","Domperidone","",tablet,حبة,شريط,30,"WOCKHADT","UK","Gastro Intestinal drugs Nausea and",168,3
6d3136cd-2a72-4000-88c5-3fbbd426e553,MED-11159,"Domstal","Domstal (vomiting ٌ انغث ٍب وانطشػ)","Domperidone","",tablet,حبة,شريط,30,"Torrent","India","Gastro Intestinal drugs Nausea and",168,4
706d61ac-31b0-4e30-8651-fc02f7b30d9b,MED-11160,"Dopamine","Dopamine (Failure فشم انمهت انحبد)","Dopamine Cardio Vascular","",injection,أمبولة,باكت,1,"Unknown","Unknown","System drugs Acute Heart",168,5
845e49d8-fba3-4b8b-8b12-4abe012bdb43,MED-11161,"Doremol","Doremol (Analgesic يهذئبد األوجبع وانح ًى)","Paracetamol syrup 120 mg / 5 ml .","120 mg / 5 ml",other,وحدة,علبة,1,"Unknown","Unknown","Nonsteroidal Anti- Antipyretic -",168,6
2fe8d00b-e962-4b53-8b97-9513d3dff629,MED-11162,"Dormicum","Dormicum (General انتخذ ٌش انؼبو)","Midazolam Central Nervous","",injection,أمبولة,باكت,5,"ROCHE","Germany","system drugs Anaesthetics",168,7
09270dd5-64d6-4c61-8004-9c93bbfa797e,MED-11163,"Dormicum","Dormicum (General انتخذ ٌش انؼبو)","Midazolam 7.5 mg Central Nervous","7.5 mg",tablet,حبة,شريط,10,"ROCHE","Germany","system drugs Anaesthetics",169,1
f406b975-ee0e-4563-8949-05a22e945baa,MED-11164,"DORMIVAL","DORMIVAL (Insumnea األسق وانمهك)","Unknown Central Nervous","",capsule,كبسولة,شريط,20,"MEPACO","Egypt","system drugs Anxiety ,",169,2
f307c995-7a40-401e-8f88-9b59ffe64bcf,MED-11165,"Do-Spacure","Do-Spacure (Spasm ٍ آالو انجط)","Drotaverine","",tablet,حبة,شريط,20,"Alexendria","Egypt","Gastro Intestinal drugs Abdominal",169,3
bf7edd46-a863-4a6c-8f20-f4487c38787a,MED-11166,"Dotil","Dotil (vomiting ٌ انغث ٍب وانطشػ)","Domperidone","",other,وحدة,علبة,1,"Unknown","Unknown","Gastro Intestinal drugs Nausea and",169,4
0fee7bde-79de-46f8-8d5b-2e7b53548b93,MED-11167,"Doucheal","Doucheal (األنتهبثبد انجذنذ ٌخ)","Unknown","",syrup,مل,قارورة,250,"Unknown","Unknown","Health Care Dermatitis",169,5
adf7357b-2865-4039-8ae9-6638c16aa2cb,MED-11168,"Doxef - 200","Doxef - 200 (Microbial Infections)","Cefpodoxime Proxetil","",tablet,حبة,شريط,1,"Lupin","Unknown","Antibiotics ًٍكشوث ٍخ األصبثبد ان",169,6
cd03a140-1a8f-4ae6-8756-4a95f3f06e54,MED-11169,"Doxin","Doxin (Microbial Infections)","Doxycycline","",capsule,كبسولة,شريط,10,"Shiba pharma","Yemen","Antibiotics ًٍكشوث ٍخ األصبثبد ان",169,7
fb2db454-ba69-4050-83f5-beda72200f40,MED-11170,"DOXINIL 100","DOXINIL 100 (Microbial Infections)","Doxycycline 100 mg","100 mg",tablet,حبة,شريط,10,"Global Pharma","Yemen","Antibiotics ًٍكشوث ٍخ األصبثبد ان",170,1
056bc635-7ad3-4ec9-8f8a-7ac1c3e62a02,MED-11171,"Doxiproct plus","Doxiproct plus (األنتهبثبد)","Dexamethasone = Lidocaine +","",other,وحدة,علبة,1,"Unknown","Unknown","Corticosteroid Inflammations",170,2
6c9c65af-bf46-4f44-8ef5-58cb7f27deac,MED-11172,"Doxium - 500","Doxium - 500 (انتهبثبد انؼظبو)","Calcium dobesilate tablet 500 mg .","500 mg",other,وحدة,علبة,1,"OM Pharma","Unknown","Vitamines and Menirals Osteoarthritis",170,3
1503e24f-0bdb-4556-87a2-f26fc63b8ed2,MED-11173,"Doxycaps","Doxycaps (Microbial Infections)","Doxycycline","",capsule,كبسولة,شريط,1,"Wolf","Unknown","Antibiotics ًٍكشوث ٍخ األصبثبد ان",170,4
a64424c8-92d9-4c26-8d69-f484b09bf8a2,MED-11174,"Doxy-Denk","Doxy-Denk (ان ًضبداد انح ٍى ٌخ)","Doxycycline","",other,وحدة,علبة,1,"Denk Pharma","Germany","Unknown Antibiotics",170,5
9f01b0f7-809a-4ff6-831a-98ab562d894c,MED-11175,"Doxy-Denk","Doxy-Denk (Microbial Infections)","Doxycycline","",capsule,كبسولة,شريط,2,"Denk Pharma","Germany","Antibiotics ًٍكشوث ٍخ األصبثبد ان",170,6
3670478c-c278-423d-88c8-c0399ffb19ea,MED-11176,"Doxylin","Doxylin (Microbial Infections)","Doxycycline","",capsule,كبسولة,شريط,1,"Modern Pharama","Yemen","Antibiotics ًٍكشوث ٍخ األصبثبد ان",170,7
a42a4129-3b29-4221-81d0-90b1c67bf023,MED-11177,"DOXYLIN","DOXYLIN (Microbial Infections)","Doxycycline 100 mg","100 mg",capsule,كبسولة,شريط,10,"Modern Pharama","Yemen","Antibiotics ًٍكشوث ٍخ األصبثبد ان",171,1
c75c6e5e-9dde-4c73-8e0a-176351ffea20,MED-11178,"Dramenex","Dramenex (vomiting ٌ انغث ٍب وانطشػ)","Dimenhydrinate 50 mg","50 mg",tablet,حبة,شريط,20,"KAHIRA PHARM","Egypt","Antihistamines Nausea and",171,2
c9da47b9-d48a-4ce6-88d8-42e42da96072,MED-11179,"Drofen","Drofen (األوجبع)","Diclofenac Sodium","",other,وحدة,علبة,1,"Unknown","Unknown","Non-Steroidal Anti- Analgesic يهذئبد",171,3
e295d37d-22eb-441c-8877-c3362ccbf5aa,MED-11180,"DROTAB","DROTAB (Spasm ٍ آالو انجط)","Drotaverine","",tablet,حبة,شريط,20,"Y.E.PHARMA","Yemen","Gastro Intestinal drugs Abdominal",171,4
ad47810b-1373-4120-8e69-d85360d224c5,MED-11181,"DROTAB Plus","DROTAB Plus (Spasm ٍ آالو انجط)","Drotaverine 40 mg + paracetamol 500 mg","40 mg",tablet,حبة,شريط,20,"Y.E.PHARMA","Yemen","Gastro Intestinal drugs Abdominal",171,5
5f11ce2a-04ad-4afa-846b-e69ac5ae7720,MED-11182,"Drotacip","Drotacip (Spasm ٍ آالو انجط)","Drotaverine","",injection,أمبولة,باكت,2,"Unknown","Unknown","Gastro Intestinal drugs Abdominal",171,6
0a8b333b-15d9-4688-87dd-70744a192de0,MED-11183,"Dulcolax 5 mg","Dulcolax 5 mg (األيغبن)","Bisacodyl 5 mg / tab","5 mg",tablet,حبة,شريط,30,"Boehringer Ingelhim","Germany","Gastro Intestinal drugs Constipation",171,7
68d37f98-8680-4787-8b74-34e54f961012,MED-11184,"DUOCLAV","DUOCLAV (Microbial Infections)","Amoxicillin 250 mg + Clavulanate Potassium 62 = 312 mg / 5 ml","250 mg",suspension,مل,قارورة,100,"LABORATE","India","Antibiotics ًٍكشوث ٍخ األصبثبد ان",172,1
da25f0f7-d508-4fc9-820f-f3093e9497ac,MED-11185,"DUOCLAV - 1000","DUOCLAV - 1000 (Microbial Infections)","Amoxicillin 875 mg / Clavulanate Potassium 125 mg = 1000 mg","875 mg",tablet,حبة,شريط,2,"LABORATE","India","Antibiotics ًٍكشوث ٍخ األصبثبد ان",172,2
fca6b02f-def1-4ec2-8db5-a2bb7645a47f,MED-11186,"Duolin Capsules","Duolin Capsules (Asthma انشثى ً انشؼج)","Ipratropium + Salbutamol","",capsule,كبسولة,شريط,1,"CIPLA","India","Respiratory drugs Bronchial",172,3
73f9dd7a-e8a6-4448-861d-d098f9937c53,MED-11187,"Duolin Respules","Duolin Respules (Asthma انشثى ً انشؼج)","Ipratropium + Salbutamol","",capsule,كبسولة,شريط,1,"CIPLA","India","Respiratory drugs Bronchial",172,4
27dfe58b-842e-48d0-8cc7-fc3cc4f8cdc4,MED-11188,"Duovir","Duovir","Lamivudine and Zidovudine","",tablet,حبة,شريط,10,"CIPLA","India","Antivirals AIDS األ ٌذص",172,5
b6f818c6-3585-46cb-8b23-9b2512e31fef,MED-11189,"Duovir-N","Duovir-N","Lamivudine,Zidov udine and Nevirapine","",tablet,حبة,شريط,30,"CIPLA","India","Antivirals AIDS األ ٌذص",172,6
4f788019-4c73-4317-8412-37bcfd53791b,MED-11190,"Duphalac","Duphalac (األيغبن)","Lactulose 6.67 g + Galactose 1 mg","6.67 g",syrup,مل,قارورة,300,"ABBOTT","USA","Gastro Intestinal drugs Constipation",172,7
8cab3079-05fa-40d2-89cb-d2b64514014c,MED-11191,"Duphalac","Duphalac (األيغبن)","Lactulose","",other,وحدة,علبة,1,"Unknown","Unknown","Gastro Intestinal drugs Constipation",173,1
c763ffe5-55af-49a7-8c8f-2cee22899d72,MED-11192,"Duphaston","Duphaston (انط ًث)","dydrogesterone","",tablet,حبة,شريط,20,"ABBOTT","USA","Gynaecology drugs Menorrhagia ص ٌبدح",173,2
2551dba2-42eb-462a-83be-99cefe52fd07,MED-11193,"Duptamine","Duptamine (Failure فشم انمهت انحبد)","Dobutamine Cardio Vascular","",other,وحدة,علبة,1,"Unknown","Unknown","System drugs Acute Heart",173,3
b9b677b7-f0db-41b7-8e51-52e3ca5b79e1,MED-11194,"Duspamen","Duspamen (Spasm ٍ آالو انجط)","Mebeverine","",tablet,حبة,شريط,30,"JPI","","Gastro Intestinal drugs Abdominal Saudi Arabia",173,4
59791218-e16a-4172-87ac-e568bff9a36a,MED-11195,"DUSPAPHEN","DUSPAPHEN (Spasm ٍ آالو انجط)","Mebeverine HCL","",tablet,حبة,شريط,30,"IBN- HYYANpharm a","Syria","Gastro Intestinal drugs Abdominal",173,5
714c6e0a-126b-42a2-8db6-ef2d9360dc1c,MED-11196,"duspatalin","duspatalin (Spasm ٍ آالو انجط)","Mebeverine","",tablet,حبة,شريط,50,"SOLVAY","France","Gastro Intestinal drugs Abdominal",173,6
bf54bff6-8854-4f47-836a-0e9cbe27d452,MED-11197,"Duspatalin retard","Duspatalin retard (Spasm ٍ آالو انجط)","Mebeverine","",capsule,كبسولة,شريط,30,"SOLVAY","France","Gastro Intestinal drugs Abdominal",173,7
ea9e0d0f-85d0-43a3-88b0-4736dee125a0,MED-11198,"Duspaverine 135 mg","Duspaverine 135 mg (Spasm ٍ آالو انجط)","Mebeverine","135 mg",tablet,حبة,شريط,30,"Sothema","Morocco","Gastro Intestinal drugs Abdominal",174,1
b765dc22-149c-4ba7-873b-814fcf0480af,MED-11199,"Duxil","Duxil (األيشاض انؼمه ٍخ)","Almitrine Cardio Vascular bismesylate ....... 30 mg + Raubasine……… …………… ..","30 mg",tablet,حبة,شريط,30,"SERVIER","Unknown","System drugs Mental Disorders",174,2
f75900bb-307c-4dcc-83be-11c430a1d4d4,MED-11200,"DWABETIC","DWABETIC (أيشاض انغكشي)","Glibenclamide 5 mg","5 mg",tablet,حبة,شريط,20,"Modern Pharama","Yemen","Antidiabetics Diabetes Mellitus",174,3
a44a5e74-058b-40fd-8aa6-7da1979c5369,MED-11201,"Dwafil 10","Dwafil 10 (ي ُشطبد ج ُغ ٍخ)","Tadalafil 10 mg","10 mg",tablet,حبة,شريط,4,"Modern Pharama","Yemen","Sex Stimulants Sex Stimulants",174,4
abc49106-0743-4ce4-84f5-dc7263ebdd3a,MED-11202,"Dwafil 20","Dwafil 20 (ي ُشطبد ج ُغ ٍخ)","Tadalafil 20 mg","20 mg",tablet,حبة,شريط,4,"Modern Pharama","Yemen","Sex Stimulants Sex Stimulants",174,5
d6df62ab-b27d-4f69-8d2a-114655c50aaf,MED-11203,"DWAPRIL","DWAPRIL (استفبع ضغظ انذو)","Captopril 25 mg Cardio Vascular","25 mg",tablet,حبة,شريط,20,"Modern Pharama","Yemen","System drugs Hypertension",174,6
185a9397-6c42-4f9c-8cf2-edd8568403b1,MED-11204,"Dwaspasm","Dwaspasm (Spasm ٍ آالو انجط)","Hyoscine N- Butylbromide","",syrup,مل,قارورة,60,"Modern Pharama","Yemen","Gastro Intestinal drugs Abdominal",174,7
bb53baae-fa71-4263-8908-0319dfe5490c,MED-11205,"Dwaspasm plus","Dwaspasm plus (Spasm ٍ آالو انجط)","Hyoscine - N - Butylbromide 10 mg + paracetamol 500 mg","10 mg",tablet,حبة,شريط,20,"Modern Pharama","Yemen","Gastro Intestinal drugs Abdominal",175,1
e490e6ff-4f3e-45dd-8fc8-89e0590ed118,MED-11207,"Dwaspsm","Dwaspsm (Spasm ٍ آالو انجط)","Hyoscine- N- Butylbromide","",syrup,مل,قارورة,60,"Modern Pharama","Yemen","Gastro Intestinal drugs Abdominal",175,3
d7e9e082-f49d-4acf-8e56-10b7adeac8ba,MED-11208,"Dwaspsm","Dwaspsm (Spasm ٍ آالو انجط)","Hyoscine - N - Butylbromide 10 mg","10 mg",tablet,حبة,شريط,20,"Modern Pharama","Yemen","Gastro Intestinal drugs Abdominal",175,4
ce2bed45-97dd-4749-8a92-707f2e87ac05,MED-11209,"Dyrade_M","Dyrade_M (Gardiasis جبسد ٌب واي ٍج ٍب)","Metronidazole 200 mg + diloxnide 250 mg","200 mg",tablet,حبة,شريط,30,"CIPLA","India","Antiprtozoal Amoebiasis ,",175,5
47c89606-ae24-4ba9-8702-6ebdd6959391,MED-11210,"Dyrade-M","Dyrade-M (Gardiasis جبسد ٌب واي ٍج ٍب)","Metronidazole 100 mg + diloxnide","100 mg",suspension,مل,قارورة,100,"CIPLA","India","Antiprtozoal Amoebiasis ,",175,6
25da8466-20ed-4a09-8d6c-d4f82336d92c,MED-11211,"Ebixa 10 mg","Ebixa 10 mg (األيشاض انؼمه ٍخ)","Memantine Central Nervous Hydrochloride 10 mg","10 mg",tablet,حبة,شريط,20,"H.Lundbeck","Denmark","system drugs Mental Disorders",175,7
b25c98d2-b1c1-442a-8582-92c9c15f8070,MED-11212,"E - CITALOP 10","E - CITALOP 10 (األيشاض انؼمه ٍخ)","Escitalopram Central Nervous tablet 10 mg","10 mg",tablet,حبة,شريط,30,"RFA","Yemen","system drugs Mental Disorders",176,1
9b9c4400-c253-42d8-8eba-60f5b968373e,MED-11213,"Ecitam","Ecitam (األيشاض انؼمه ٍخ)","Escitalopram Central Nervous Oxalate 10 mg","10 mg",tablet,حبة,شريط,30,"Y.E.PHARMA","Yemen","system drugs Mental Disorders",176,2
ff777cf0-a6b8-46ab-8328-fbc6a1a996c6,MED-11214,"Ecitam","Ecitam (األيشاض انؼمه ٍخ)","Escitalopram Central Nervous Oxalate 20 mg","20 mg",tablet,حبة,شريط,30,"Y.E.PHARMA","Yemen","system drugs Mental Disorders",176,3
784f04de-aba1-4ffa-8dd8-e5b97074f699,MED-11215,"E-COD","E-COD (Deficiency َمص ف ٍتبي ٍُبد)","Vitamin E + cod liver oil","",capsule,كبسولة,شريط,30,"Unknown","Unknown","Vitamines and Menirals Vitamins",176,4
6fcb3e65-935e-4507-84ba-44c4f20040c4,MED-11216,"Econazole Nitrate","Econazole Nitrate","Econazole Nitrate 150 mg","150 mg",other,وحدة,علبة,3,"Unknown","Unknown","Antifungals Vaginal ان ًهجم",176,5
75b0cde6-314e-48a8-8737-a5630f0c1c49,MED-11217,"ednyt 5","ednyt 5 (استفبع ضغظ انذو)","Enalapril Cardio Vascular","",tablet,حبة,شريط,30,"GEDEON RICHTER","HUNGARY","System drugs Hypertension",176,6
8d107b9f-09ed-482c-82c0-048b9c6d3bfd,MED-11218,"Efemyo","Efemyo","Fluorometholone 0.1% + Tetrahydrozoline 0.025%","0.1%",syrup,مل,قارورة,10,"Orchidia Pharma","Egypt","Ophthalmic drugs Eye ٍٍ انؼ",176,7
2b05cec3-764f-41cc-8849-8262e2c188bf,MED-11219,"Effexin","Effexin (Infections األصبثبد انجكت ٍش ٌخ)","Ofloxacin*","",tablet,حبة,شريط,1,"ILDONG","Korea","Antibacterial Bacterial",177,1
f99e1d2e-d1a1-4d3e-8d5e-2757f74c344e,MED-11220,"EFFOREX - XR 75 mg","EFFOREX - XR 75 mg (األيشاض انؼمه ٍخ)","Venlafaxine 75 Central Nervous mg","75 mg",capsule,كبسولة,شريط,20,"Shiba pharma","Yemen","system drugs Mental Disorders",177,2
74a362d4-7325-45f3-8c0a-3e0642c4c76b,MED-11221,"Efforti","Efforti (ا َخفبض ضغظ انذو)","Etilefrine Cardio Vascular Hydrochloride 7.5 mg / ml","7.5 mg",drops,مل,قطارة,10,"Boehringer Ingelhim","Unknown","System drugs Hypotension",177,3
f438278b-4296-48e1-8073-9a959026907a,MED-11222,"Effortil","Effortil (ا َخفبض ضغظ انذو)","Etilefrine Cardio Vascular Hydrochloride","",tablet,حبة,شريط,20,"Boehringer Ingelhim","Unknown","System drugs Hypotension",177,4
113b07e3-8be7-4634-8caa-b7e75ea076e1,MED-11223,"Eflaron","Eflaron (Gardiasis جبسد ٌب واي ٍج ٍب)","Metronidazole 500 mg / 100 ml","500 mg / 100 ml",injection,أمبولة,باكت,100,"KRKA","India","Antiprtozoal Amoebiasis ,",177,5
3f55c078-d8a4-4e2f-88f7-e4ded6d2b01f,MED-11224,"EGYVIT","EGYVIT (Deficiency َمص ف ٍتبي ٍُبد)","Multi vitamins&mineral s. Food supplement","",tablet,حبة,شريط,15,"EGYPHAR","Egypt","Vitamines and Menirals Vitamins",177,6
d806fe06-f422-436e-8724-1ee0960dcd26,MED-11225,"Eleptin","Eleptin","carbamazepine Central Nervous tablet 200 mg","200 mg",tablet,حبة,شريط,30,"Daewon","Korea","system drugs Epilepsy انصشع",177,7
b8e1febe-5523-434c-8153-5da3c03a3d57,MED-11226,"Elevit","Elevit (Deficiency َمص ف ٍتبي ٍُبد)","Multi Vitamines","",tablet,حبة,شريط,30,"BAYER","Germany","Vitamines and Menirals Vitamins",178,1
e6d5857e-abcb-4ff3-842e-e4e26a3384ac,MED-11227,"Elica","Elica (األنتهبثبد انجذنذ ٌخ)","Mometasone Furoate","",cream,أنبوب,علبة,30,"Jamjoom Pharma","","Unknown Dermatitis Saudi Arabia",178,2
2c2b07fe-6500-46b5-8b19-4225ba0aee3a,MED-11228,"Elica","Elica (األنتهبثبد انجذنذ ٌخ)","Mometasone furoate 0.1% w / w","0.1%",cream,أنبوب,علبة,30,"Jamjoom Pharma","","Corticosteroid Dermatitis Saudi Arabia",178,3
bd2ea184-cc74-406a-80fd-50e51c6e5474,MED-11229,"Elicasal","Elicasal (األنتهبثبد انجذنذ ٌخ)","Mometasone furoate 0.1% w / w + Salicylic acid 5% w / w","0.1%",ointment,أنبوب,علبة,30,"Jamjoom Pharma","","Corticosteroid Dermatitis Saudi Arabia",178,4
eeb4980d-7367-4967-8c1a-74e17bb4e600,MED-11230,"elipa","elipa (األوجبع)","Ketorolac Trometamol","",other,وحدة,علبة,1,"Unknown","Unknown","Nonsteroidal Anti- Analgesic يهذئبد",178,5
ab88fea8-886d-4d4a-8540-f7eebaf1b5df,MED-11231,"Elkof","Elkof (َضالد انجشد)","Terbutaline+brom hexine+guaifenesi ne ??","",syrup,مل,قارورة,100,"RFA","Yemen","Respiratory drugs Common Cold",178,6
3e171274-12e4-442c-8727-360f7195d829,MED-11232,"Elkof-D","Elkof-D (َضالد انجشد)","Terbutaline+brom hexine+guaifenesi ne ??","",syrup,مل,قارورة,100,"RFA","Yemen","Respiratory drugs Common Cold",178,7
995ed2b7-9689-4141-86c7-e141e5887bf7,MED-11233,"Elkof-T","Elkof-T (َضالد انجشد)","Terbutaline+brom hexine+guaifenesi ne ??","",syrup,مل,قارورة,100,"RFA","Yemen","Respiratory drugs Common Cold",179,1
c5fae31d-0c6d-4833-882f-63b854bc9efa,MED-11234,"Elkophed","Elkophed (َضالد انجشد)","Dextromethorphan","",syrup,مل,قارورة,120,"RFA","Yemen","Respiratory drugs Common Cold",179,2
af79c34c-4806-4dcf-831d-9226071751a5,MED-11235,"ELTROXIN 100","ELTROXIN 100 (انغذح انذسل ٍخ)","levothyroxine sodium","",tablet,حبة,شريط,1,"ASPEN","Ireland","Hormones Thyroid hormone",179,3
f906f11c-273e-4832-886c-984a54cd7aa0,MED-11236,"ELTROXIN 50","ELTROXIN 50 (انغذح انذسل ٍخ)","LEVOTYROXIN E SODIUME 50","",tablet,حبة,شريط,1,"ASPANE","Unknown","Hormones Thyroid hormone",179,4
d40a2fb7-ae23-4170-86ca-55bd29253cf8,MED-11237,"Eludril","Eludril (انغغىالد انف ًى ٌخ)","Antiseptic","",syrup,مل,قارورة,1,"Unknown","Unknown","Antiseptic and Desinfectants Mouth Wash",179,5
0ecfa107-5a14-4c4a-8062-abb36ddeed40,MED-11238,"EMEDROP","EMEDROP (vomiting ٌ انغث ٍب وانطشػ)","Metoclopramide 1 mg / 1 ml","1 mg / 1 ml",drops,مل,قطارة,30,"Pharmacare","Yemen","Gastro Intestinal drugs Nausea and",179,6
12c7eef3-b055-4945-882d-9c06499d5afb,MED-11239,"EMERAL","EMERAL (vomiting ٌ انغث ٍب وانطشػ)","Unknown","",tablet,حبة,شريط,20,"EIPICO","Egypt","Gastro Intestinal drugs Nausea and",179,7
875617c6-5166-4bc1-8247-dd9bec5a9d6e,MED-11240,"Emeset","Emeset (vomiting ٌ انغث ٍب وانطشػ)","Ondansetron Hydrochloride 2 mg / ml","2 mg",injection,أمبولة,باكت,5,"CIPLA","India","Gastro Intestinal drugs Nausea and",180,1
dfde97a9-cb44-4c7e-81f6-02164d855dfd,MED-11241,"Emeset - 8","Emeset - 8 (vomiting ٌ انغث ٍب وانطشػ)","ondansetron","",tablet,حبة,شريط,20,"CIPLA","India","Gastro Intestinal drugs Nausea and",180,2
c43e79b7-e66f-474c-8711-f49df5905422,MED-11242,"Emeset - 4","Emeset - 4 (vomiting ٌ انغث ٍب وانطشػ)","Ondansetron Hydrochloride","",tablet,حبة,شريط,6,"CIPLA","India","Gastro Intestinal drugs Nausea and",180,3
8b315c35-c921-4f1f-8a2a-21ebe0332505,MED-11244,"Emetac 150","Emetac 150 (ان ًؼذح)","Ranitidine","",tablet,حبة,شريط,100,"Unknown","Unknown","Gastro Intestinal drugs Peptic ulcer لشحخ",180,5
6bc1f094-a9a4-4071-8c7c-ad78686162e6,MED-11245,"Emidol","Emidol (Analgesic يهذئبد األوجبع وانح ًى)","Paracetamol tablet 500 mg .","500 mg",tablet,حبة,شريط,24,"Global Pharma","Unknown","Nonsteroidal Anti- Antipyretic -",180,6
dc7b7d42-315b-4f5b-89d1-05b7896d6ee1,MED-11246,"Emidol","Emidol (Analgesic يهذئبد األوجبع وانح ًى)","Paracetamol suspention 120 mg / 5 ml .","120 mg / 5 ml",suspension,مل,قارورة,100,"Global Pharma","Unknown","Nonsteroidal Anti- Antipyretic -",180,7
5ab342df-829b-438a-89ac-75fdd8c58066,MED-11247,"Emidol","Emidol (Analgesic يهذئبد األوجبع وانح ًى)","Paracetamol","",tablet,حبة,شريط,1,"Unknown","Unknown","Nonsteroidal Anti- Antipyretic -",181,1
a6719cfa-a217-4509-8e6a-fe69e46a4957,MED-11248,"Emifen","Emifen (األوجبع)","Ibuprofen suspention 20 mg / ml","20 mg",other,وحدة,علبة,1,"global pharma","Unknown","Nonsteroidal Anti- Analgesic يهذئبد",181,2
8c97c33b-dc4d-4e7a-8eb1-25329cbf5c3d,MED-11249,"Emifen","Emifen (األوجبع)","Ibuprofen","",other,وحدة,علبة,1,"Unknown","Unknown","Non-Steroidal Anti- Analgesic يهذئبد",181,3
0d042426-d8a6-4f49-8629-3e80b4411d14,MED-11250,"Emifenac - 50 DT","Emifenac - 50 DT (األوجبع)","Diclofenac dispersible tablets 50 mg","50 mg",tablet,حبة,شريط,20,"Global Pharma","UAE","Nonsteroidal Anti- Analgesic يهذئبد",181,4
d4dc5fe8-e571-4b08-81ee-74a008fd836a,MED-11251,"Emilora","Emilora","Loratadine","",syrup,مل,قارورة,100,"Global Pharma","Unknown","Antihistamines Allergy انحغبع ٍخ",181,5
830a6c17-e527-40a6-80bd-686b47c35567,MED-11252,"EMOFLUOR","EMOFLUOR (انغغىالد انف ًى ٌخ)","Antiseptic","",syrup,مل,قارورة,1,"Unknown","Unknown","Antiseptic and Desinfectants Mouth Wash",181,6
fbb2478f-5537-4f3c-8060-ef57f1b50571,MED-11253,"E-Mox","E-Mox (Microbial Infections)","Amoxicillin 250 mg / 5 ml","250 mg / 5 ml",suspension,مل,قارورة,100,"EIPICO","Egypt","Antibiotics ًٍكشوث ٍخ األصبثبد ان",181,7
4c499736-b3a9-4644-8465-d165b5f5821b,MED-11254,"E-Mox","E-Mox (Microbial Infections)","Amoxicillin 125 mg / 5 ml","125 mg / 5 ml",suspension,مل,قارورة,100,"EIPICO","Egypt","Antibiotics ًٍكشوث ٍخ األصبثبد ان",182,1
421b1927-83eb-4d62-860d-02d897a08e79,MED-11255,"Emugesic","Emugesic (يشخ ٍبد انؼضالد)","Unknown","",cream,أنبوب,علبة,70,"Unknown","Unknown","Muscle relaxations Muscle relaxation",182,2
2f1ab7b2-19f8-447f-8647-5f43572745b4,MED-11256,"E - MYCIN 400","E - MYCIN 400 (Microbial Infections)","Erythromycin 400 mg","400 mg",tablet,حبة,شريط,100,"RFA","Yemen","Antibiotics ًٍكشوث ٍخ األصبثبد ان",182,3
53186b23-1a15-466b-8780-c5daf441fb76,MED-11257,"E - MYCIN 400","E - MYCIN 400 (Microbial Infections)","Erythromycin 200 mg / 5 ml","200 mg / 5 ml",suspension,مل,قارورة,100,"RFA","Yemen","Antibiotics ًٍكشوث ٍخ األصبثبد ان",182,4
01372203-1016-43e8-846d-bb834d7f99b9,MED-11258,"Enap","Enap (استفبع ضغظ انذو)","Enalapril 10 mg / Cardio Vascular tab","10 mg",tablet,حبة,شريط,20,"KRKA","India","System drugs Hypertension",182,5
fba87606-a99c-4670-886c-b7086fc32993,MED-11259,"Enap-HL","Enap-HL (استفبع ضغظ انذو)","Enalapril 10 mg + Cardio Vascular Hydrochlorothiazi de 12.5 mg / tab","10 mg",tablet,حبة,شريط,20,"KRKA","India","System drugs Hypertension",182,6
74598be6-0217-4721-8a5e-681d328b344d,MED-11260,"Enap-HL","Enap-HL (استفبع ضغظ انذو)","Enalapril 20 mg + Cardio Vascular Hydrochlorothiazi de 12.5 mg / tab","20 mg",tablet,حبة,شريط,20,"KRKA","India","System drugs Hypertension",182,7
5eaf959e-101a-45b5-8c24-1574f76287d1,MED-11261,"ENAT","ENAT (Deficiency َمص ف ٍتبي ٍُبد)","Vit . E 400 I . U","",cream,أنبوب,علبة,50,"MEGA","Thailand","Vitamines and Menirals Vitamins",183,1
fb8388c2-9686-4cd5-84ad-18ec6a63f73e,MED-11262,"ENAT 400","ENAT 400 (Deficiency َمص ف ٍتبي ٍُبد)","Vit . E 400 mcg","400 mcg",capsule,كبسولة,شريط,30,"MEGA","Thailand","Vitamines and Menirals Vitamins",183,2
5384d217-c7b0-42e5-89a7-8e6eb815b658,MED-11263,"Encephabol","Encephabol (األوػ ٍخ انذيى ٌخ وانمهت)","Pyritinol Cardio Vascular Hydrochloride","",other,وحدة,علبة,1,"MERCK","France","System drugs Cardio Vascular",183,3
7e1d4965-208e-4eba-87f1-daaac55f045b,MED-11264,"Enclex - 40","Enclex - 40 (انجهطبد)","Enoxaparin Cardio Vascular Sodium","",other,وحدة,علبة,1,"Unknown","Unknown","System drugs Thrombosis",183,4
da3b7bd8-e362-4ecd-87f9-6a7c6d112eb0,MED-11265,"Enclex - 40 .","Enclex - 40 . (انجهطبد)","Enoxaparin Cardio Vascular sodium","",injection,أمبولة,باكت,40,"CIPLA","India","System drugs Thrombosis",183,5
e9b20a79-526e-4db9-8f94-da458ff8a06c,MED-11266,"Enclex - 60","Enclex - 60 (انجهطبد)","Enoxaparin Cardio Vascular Sodium 60 mg / 0.6 ml or Enoxaparin Sodium 6000 i . u / 0.6 ml","60 mg / 0.6 ml",injection,أمبولة,باكت,2,"CIPLA","India","System drugs Thrombosis",183,6
b1b34b39-7af2-4492-84c4-4ce5b9d94a14,MED-11267,"Encorate","Encorate","Na valproate Central Nervous tablet 200 mg","200 mg",tablet,حبة,شريط,1,"SUN","India","system drugs Epilepsy انصشع",183,7
782fb6e5-3138-4905-8c04-e0f7408b92bb,MED-11268,"Encorate Chrono - 200","Encorate Chrono - 200","Valproic Central Nervous Acid & Na valproate tablet 200 mg","200 mg",tablet,حبة,شريط,30,"SUN","India","system drugs Epilepsy انصشع",184,1
db8b2302-dde3-482e-8236-7798405f697f,MED-11269,"Encorate Chrono - 500","Encorate Chrono - 500","Valproic Central Nervous Acid & Na valproate tablet 500 mg","500 mg",tablet,حبة,شريط,30,"SUN","India","system drugs Epilepsy انصشع",184,2
72e66920-c81b-4de7-8282-6186f0ae6fca,MED-11270,"Enfexia 250 mg","Enfexia 250 mg (Infections األصبثبد انجكت ٍش ٌخ)","Cefuroxime","250 mg",tablet,حبة,شريط,2,"Bilim","Turkey","Antibacterial Bacterial",184,3
ae70f4e0-b6e4-45fa-8388-bd565bb257ab,MED-11271,"Enfexia 500 mg","Enfexia 500 mg (Infections األصبثبد انجكت ٍش ٌخ)","Cefuroxime","500 mg",tablet,حبة,شريط,1,"Bilim","Turkey","Antibacterial Bacterial",184,4
72d7392a-9266-4bdc-8c1e-03275c709066,MED-11272,"Enfexia 750 mg","Enfexia 750 mg (Infections األصبثبد انجكت ٍش ٌخ)","Cefuroxime","750 mg",injection,أمبولة,باكت,1,"Bilim","Turkey","Antibacterial Bacterial",184,5
7939a13b-a070-45bc-80de-488c040396e3,MED-11273,"ENTOPHAR","ENTOPHAR (Gardiasis جبسد ٌب واي ٍج ٍب)","Metronidazole","",suspension,مل,قارورة,120,"PHARCO","Egypt","Antiprtozoal Amoebiasis ,",184,6
234f1d1d-4e68-4729-87a6-39b81bc2ec18,MED-11274,"ENZYME PLUS","ENZYME PLUS (انهضى)","Combination","",other,وحدة,علبة,1,"LIFEPLAN","Unknown","Gastro Intestinal drugs Indigestion عىء",184,7
a1fa16a3-ff68-46f9-8562-bc629809ecef,MED-11275,"Epanutin","Epanutin","Phenytoin capsule Central Nervous 100 mg","100 mg",capsule,كبسولة,شريط,100,"Pfizer","USA","system drugs Epilepsy انصشع",185,1
9f5340ac-773f-4f4e-89ed-7c93131794b3,MED-11276,"Ephedrine Hcl","Ephedrine Hcl (َضالد انجشد)","Ephedrine+carben oxamine+ pholcodiene","",injection,أمبولة,باكت,1,"Unknown","Unknown","Respiratory drugs Common Cold",185,2
fa0741d2-0bff-4193-849c-44bb75e9dac2,MED-11277,"EPICEPHIN","EPICEPHIN (Infections األصبثبد انجكت ٍش ٌخ)","Ceftriaxone Sodium 1 gm","1 g",injection,أمبولة,باكت,1,"EIPICO","Egypt","Antibacterial Bacterial",185,3
c7d1e596-2a88-4725-8c83-0c3561f076b9,MED-11278,"EPICOCILLIN","EPICOCILLIN (Microbial Infections)","Ampicillin 1 gm / vial","1 g",injection,أمبولة,باكت,1,"EIPICO","Egypt","Antibiotics ًٍكشوث ٍخ األصبثبد ان",185,4
dfeed5ee-4193-41fa-8e92-b19feb53c681,MED-11279,"Epicogel","Epicogel (انهضى)","Each 15 ml contain Al ( OH ) 918 + Mg ( OH ) 300 + Simethicone 60","15 ml",suspension,مل,قارورة,120,"EIPICO","Egypt","Gastro Intestinal drugs Indigestion عىء",185,5
8f251a86-288a-4448-831c-051a0bf4fcd5,MED-11280,"Epicophylline","Epicophylline (Asthma انشثى ً انشؼج)","Acefylline + Aminophylline","",syrup,مل,قارورة,125,"EIPICO","Egypt","Respiratory drugs Bronchial",185,6
73ee65ec-bcd1-4c08-80a7-f2723d374089,MED-11281,"Epicozym","Epicozym (Deficiency َمص ف ٍتبي ٍُبد)","Vitamin B 1 5 mg - Vitamin B 2 2 mg - Vitamin B 6 2 mg - Ncotinamide 20 mg - panthenol","5 mg",syrup,مل,قارورة,125,"EIPICO","Egypt","Vitamines and Menirals Vitamins",185,7
4d0fe936-5ac4-4238-8421-511b1552f906,MED-11282,"EPIFENAC","EPIFENAC (األوجبع)","Diclofenac Sodium 75 mg / 3 ml","75 mg / 3 ml",injection,أمبولة,باكت,3,"EIPICO","Egypt","NSAID Analgesic يهذئبد",186,1
08feb5cc-f431-4423-8b3f-dc09403aa667,MED-11283,"EPILAT","EPILAT (استفبع ضغظ انذو)","Nifedipine 10 mg Cardio Vascular / cap","10 mg",capsule,كبسولة,شريط,30,"EIPICO","Egypt","System drugs Hypertension",186,2
5f496599-50ad-410d-80c4-4f160b7fdc4d,MED-11284,"EPILAT Retard","EPILAT Retard (استفبع ضغظ انذو)","Nifedipine 20 mg Cardio Vascular / tab","20 mg",tablet,حبة,شريط,20,"EIPICO","Egypt","System drugs Hypertension",186,3
9f22eb89-2092-4f69-83aa-00aaf3cae3d8,MED-11285,"EPIMAG","EPIMAG (Infection اصبثبد ً انجهبص انجىن)","Magnesium Citrate+ ….","",other,وحدة,علبة,10,"EIPICO","Egypt","Urinary tract drugs Urinary Tract",186,4
bde012ba-7dda-46b7-82a0-8b17a58e0404,MED-11286,"Epinephrine","Epinephrine (Shock انصذيخ األغ ًبئ ٍخ)","Adrenaline Cardio Vascular","",injection,أمبولة,باكت,25,"NDCO","Unknown","System drugs Anaphylactic",186,5
a969d46b-df00-4460-86ad-244824e08c33,MED-11287,"EPINOR","EPINOR (Infections األصبثبد انجكت ٍش ٌخ)","Norfloxacin 400 / tab","",tablet,حبة,شريط,14,"EIPICO","Egypt","Antibacterial Bacterial",186,6
b04763ea-c49d-4a78-898c-49f0b5638429,MED-11288,"EPINOSINE-B","EPINOSINE-B (ا َتظبو ضشثبد انمهت)",". Adenosine 10 Cardio Vascular mg + cocaboxylase 50 mg + Vit . B 12 . 500 mcg + nicotinamide 20 mg","50 mg",injection,أمبولة,باكت,3,"EIPICO","Egypt","System drugs Arrhythmia ػذو",186,7
4962a99c-c38e-4fec-80e9-d417dbdc198e,MED-11289,"Epiran","Epiran (ان ًؼذح)","Ranitidine","",tablet,حبة,شريط,20,"Unknown","Egypt","Gastro Intestinal drugs Peptic ulcer لشحخ",187,1
1b6ee09c-a95f-40d5-8897-c37f1c182c30,MED-11290,"Epirax","Epirax (ان ًؼذح)","Chlordiazopoxide + Clidinium bromaid tablet ( 5/2.5 ) mg","",tablet,حبة,شريط,30,"EIPICO","Egypt","Gastro Intestinal drugs Peptic ulcer لشحخ",187,2
87dae14a-d770-4f81-8f6b-e3b8e3f4267b,MED-11291,"EPIRAZOLE","EPIRAZOLE (ان ًؼذح)","Omeprazole 20 mg / cap","20 mg",capsule,كبسولة,شريط,14,"EIPICO","Egypt","Gastro Intestinal drugs Peptic ulcer لشحخ",187,3
80e5457f-e61a-456f-8821-35b4a9850c87,MED-11292,"EPISTAT - 500","EPISTAT - 500","levetiracetam Central Nervous tablet 500 mg","500 mg",tablet,حبة,شريط,30,"CIPLA","India","system drugs Epilepsy انصشع",187,4
d9c1f0ce-0725-47a0-8d5c-cd4641de824a,MED-11293,"Epitoin","Epitoin","Each 5 ml Central Nervous contains phenytoin U . S . P . 30 mg .","5 ml",suspension,مل,قارورة,120,"Pharmacare","Yemen","system drugs Epilepsy انصشع",187,5
ac5e7ee5-7f1a-4bd8-8ef7-6bc4950b1452,MED-11294,"Epival - 500","Epival - 500","Na valproate Central Nervous tablet 500 mg","500 mg",tablet,حبة,شريط,50,"United","Jordan","system drugs Epilepsy انصشع",187,6
ef1bf48f-4526-40c5-8199-e18a50f55348,MED-11295,"EPIZOLONE- DEPOT","EPIZOLONE- DEPOT (األنتهبثبد)","Methylprednisolo ne 40 mg / 1 ml","40 mg / 1 ml",injection,أمبولة,باكت,1,"EIPICO","Egypt","Corticosteroid Inflammations",187,7
fff2b667-60c7-4b26-8def-92ae756849f8,MED-11296,"EPRAZOLE","EPRAZOLE (ان ًؼذح)","Omeprazole 20 mg","20 mg",capsule,كبسولة,شريط,10,"LABORATE","India","Gastro Intestinal drugs Peptic ulcer لشحخ",188,1
15eff82f-b537-4abe-8fc4-cbf56c14753f,MED-11297,"EPSOM SALTS","EPSOM SALTS (األيغبن)","Magnesium Sulphate 25 g / sachet","25 g",other,وحدة,علبة,25,"Shiba pharma","Yemen","Gastro Intestinal drugs Constipation",188,2
aa64e35e-b442-4ab6-854b-587a2c30ad87,MED-11298,"Eracid","Eracid (Disorders اضطشاثبد انجهبص ً انت ُفغ)","Clarithromycin","",tablet,حبة,شريط,2,"JPM","Jordan","Antibiotics Respiratory",188,3
09bf7193-8166-498f-8278-021315dab5d4,MED-11299,"Ercefuryl 200 mg","Ercefuryl 200 mg","Nifuroxazide","200 mg",other,وحدة,علبة,1,"Unknown","Unknown","Gastro Intestinal drugs Diarrhea األعهبل",188,4
dddb791f-f9bc-4f49-86ce-c6185a29c74a,MED-11300,"Eromed","Eromed (Microbial Infections)","Erythromycin","",suspension,مل,قارورة,100,"Global Pharma","Yemen","Antibiotics ًٍكشوث ٍخ األصبثبد ان",188,5
9964ba28-1f19-48c9-8b22-f6dbef69285f,MED-11301,"Eromycin","Eromycin (Microbial Infections)","Erythromycin","",syrup,مل,قارورة,100,"Julphar","UAE","Antibiotics ًٍكشوث ٍخ األصبثبد ان",188,6
5398502b-cafd-41bc-81b4-9ce6cb02d480,MED-11302,"Eros","Eros (Local انتخذ ٌش ً ان ًىضؼ)","lidocaine Central Nervous","",cream,أنبوب,علبة,5,"Abingdon","Unknown","system drugs Anaesthetics",188,7
42dd9dcc-2d4b-40b0-82a5-2fef0396db0f,MED-11303,"Erotab","Erotab (Microbial Infections)","Erythromycin","",tablet,حبة,شريط,10,"Hayat pharma","Unknown","Antibiotics ًٍكشوث ٍخ األصبثبد ان",189,1
408f103a-a1cf-4f59-8cc3-a04450e88e23,MED-11304,"Erothin","Erothin (Microbial Infections)","Erythromycin 200 mg / 5 ml","200 mg / 5 ml",syrup,مل,قارورة,100,"Modern Pharama","Yemen","Antibiotics ًٍكشوث ٍخ األصبثبد ان",189,2
d600a891-d322-44bd-82df-c0d2885b8106,MED-11305,"Erythrodar","Erythrodar (Microbial Infections)","Erythromycin","",syrup,مل,قارورة,100,"Dar Aldawa","Jordan","Antibiotics ًٍكشوث ٍخ األصبثبد ان",189,3
8d6afa8a-d1d6-4923-88dc-1e3388daae88,MED-11306,"Erythromycin","Erythromycin (Microbial Infections)","Erythromycin 125 mg / 5 ml","125 mg / 5 ml",suspension,مل,قارورة,100,"FULTON","Italy","Antibiotics ًٍكشوث ٍخ األصبثبد ان",189,4
4552f17f-5ada-48a0-84ad-037e40ec1f1f,MED-11307,"Erythromycin Stearate","Erythromycin Stearate (Microbial Infections)","Erythromycin","",other,وحدة,علبة,1,"Unknown","Unknown","Antibiotics ًٍكشوث ٍخ األصبثبد ان",189,5
4e340987-8936-4995-85ac-188932113f18,MED-11308,"Erythrosan","Erythrosan (Microbial Infections)","Erythromycin 250 mg","250 mg",tablet,حبة,شريط,2,"Shiba pharma","Yemen","Antibiotics ًٍكشوث ٍخ األصبثبد ان",189,6
ddd0b88d-5fdd-45e3-890f-a1c8edab4812,MED-11309,"Erythrosan","Erythrosan (Microbial Infections)","Erythromycin 125 mg / 5 ml","125 mg / 5 ml",suspension,مل,قارورة,100,"Shiba pharma","Yemen","Antibiotics ًٍكشوث ٍخ األصبثبد ان",189,7
6f68b284-1b70-4b8f-855a-2602cf324dc6,MED-11310,"Erythrosan","Erythrosan (Microbial Infections)","Erythromycin 200 mg / 5 ml","200 mg / 5 ml",suspension,مل,قارورة,100,"Shiba pharma","Yemen","Antibiotics ًٍكشوث ٍخ األصبثبد ان",190,1
3ad5d285-1f21-499c-8fbd-d65482c5dc7f,MED-11311,"Erythrosan","Erythrosan (Microbial Infections)","Erythromycin 250 mg / 5 ml","250 mg / 5 ml",suspension,مل,قارورة,100,"Shiba pharma","Yemen","Antibiotics ًٍكشوث ٍخ األصبثبد ان",190,2
5443a8ef-5b1e-454b-8ad3-54ac9ab80281,MED-11312,"Escodyne","Escodyne (Deficiency َمص ف ٍتبي ٍُبد)","vitamins + minerals +trace elements","",tablet,حبة,شريط,10,"Sothema","Morocco","Vitamines and Menirals Vitamins",190,3
c675f881-b7b2-4a1b-8e6b-b078c02caf75,MED-11313,"Esi - Pram - 10","Esi - Pram - 10 (األيشاض انؼمه ٍخ)","Escitalopram Central Nervous tablet 10 mg","10 mg",tablet,حبة,شريط,20,"MEDICO LABS","Syria","system drugs Mental Disorders",190,4
10ee908c-df30-4db0-869d-122293586d91,MED-11314,"Esomac 20","Esomac 20 (ان ًؼذح)","Esomeprazole","",tablet,حبة,شريط,10,"CIPLA","India","Gastro Intestinal drugs Peptic ulcer لشحخ",190,5
36c5bd83-5bb6-4ae5-8882-aafc427fc046,MED-11315,"Esomac 40","Esomac 40 (ان ًؼذح)","Esomeprazole","",tablet,حبة,شريط,10,"CIPLA","India","Gastro Intestinal drugs Peptic ulcer لشحخ",190,6
847a85f0-a95e-43ac-8fc8-58193b74567d,MED-11316,"Esomac 40","Esomac 40 (ان ًؼذح)","Esomeprazole","",syrup,مل,قارورة,1,"CIPLA","India","Gastro Intestinal drugs Peptic ulcer لشحخ",190,7
0abbc2cc-aa42-4c1c-8a97-9e32462681a9,MED-11318,"Es - omepral 20","Es - omepral 20 (ان ًؼذح)","Esomeprazole","",capsule,كبسولة,شريط,20,"ASIA","Syria","Gastro Intestinal drugs Peptic ulcer لشحخ",191,2
62777923-602d-4622-84c4-6b784e444b78,MED-11319,"Es - omepral 40","Es - omepral 40 (ان ًؼذح)","Esomeprazole","",capsule,كبسولة,شريط,20,"ASIA","Syria","Gastro Intestinal drugs Peptic ulcer لشحخ",191,3
39b4d868-d136-43d6-8615-d69471eb3d65,MED-11320,"Esoprax","Esoprax (ان ًؼذح)","Esomeprazole 20 mg / cap","20 mg",capsule,كبسولة,شريط,10,"Shiba pharma","Yemen","Gastro Intestinal drugs Peptic ulcer لشحخ",191,4
3d0b868a-4dc1-46d5-8dfe-c4b0e19d6995,MED-11321,"Esoprax 20","Esoprax 20 (ان ًؼذح)","Esomeprazole 20 mg / cap","20 mg",capsule,كبسولة,شريط,14,"Shiba pharma","Yemen","Gastro Intestinal drugs Peptic ulcer لشحخ",191,5
01579073-9092-4de3-8f92-865953aa938b,MED-11322,"Esoprax 40","Esoprax 40 (ان ًؼذح)","Esomeprazole","",capsule,كبسولة,شريط,14,"Shiba pharma","Yemen","Gastro Intestinal drugs Peptic ulcer لشحخ",191,6
fcfd967e-4180-4854-8fa7-d075705d26d7,MED-11323,"Esoprax 40","Esoprax 40 (ان ًؼذح)","Esomeprazole","",capsule,كبسولة,شريط,10,"Shiba pharma","Yemen","Gastro Intestinal drugs Peptic ulcer لشحخ",191,7
d74e9bf7-bfca-4244-8442-a33a169479dc,MED-11324,"ESOprazol","ESOprazol (ان ًؼذح)","Esomeprazole","",tablet,حبة,شريط,20,"Shaphaco","Yemen","Gastro Intestinal drugs Peptic ulcer لشحخ",192,1
2a74c9b9-0aae-4402-8faf-21b3c38275b1,MED-11325,"Esoprazol 40","Esoprazol 40 (ان ًؼذح)","Esomeprazole","",tablet,حبة,شريط,20,"Shaphaco","Unknown","Gastro Intestinal drugs Peptic ulcer لشحخ",192,2
dc0cb9ab-083b-4386-8d3f-0e4eb9f11e7f,MED-11326,"ESOREST 20","ESOREST 20 (ان ًؼذح)","Esomeprazole 20 mg","20 mg",tablet,حبة,شريط,100,"RFA","Yemen","Gastro Intestinal drugs Peptic ulcer لشحخ",192,3
98f64565-1820-4d07-867b-75c4371d7d5b,MED-11327,"ESOREST 40","ESOREST 40 (ان ًؼذح)","Esomeprazole 40 mg","40 mg",tablet,حبة,شريط,100,"RFA","Yemen","Gastro Intestinal drugs Peptic ulcer لشحخ",192,4
a1eaf60a-d846-4d17-8247-1294047145ab,MED-11328,"Esoxium ???","Esoxium ??? (ان ًؼذح)","Esomeprazole","",capsule,كبسولة,شريط,14,"BIOPHARM","Yemen","Gastro Intestinal drugs Peptic ulcer لشحخ",192,5
9822f92d-0683-470c-8581-1e79ddaaecc8,MED-11329,"Esoxium 40","Esoxium 40 (ان ًؼذح)","Esomeprazole","",capsule,كبسولة,شريط,14,"BIOPHARM","Yemen","Gastro Intestinal drugs Peptic ulcer لشحخ",192,6
f6053cf5-f3f7-46ed-8189-b5e9aba2dfd5,MED-11330,"Esoz","Esoz (ان ًؼذح)","Esomeprazole","",tablet,حبة,شريط,1,"Glenmark","India","Gastro Intestinal drugs Peptic ulcer لشحخ",192,7
578054af-de59-4cfc-8996-a8e6b5b7717a,MED-11331,"Essential forte","Essential forte (Disorders اضطشاثبد انكجذ)","Phospholipids from soya - beas Hard capsule 300 mg .","300 mg",capsule,كبسولة,شريط,50,"Sanofi aventis","France","Vitamines and Menirals Hepatic",193,1
62259137-7de6-4c7b-81c7-568e4db0b56d,MED-11332,"Essentiale Forte 300 mg","Essentiale Forte 300 mg (Disorders اضطشاثبد انكجذ)","essential phospholipids + vit b 1 , b 2 , b 12 , E","300 mg",capsule,كبسولة,شريط,50,"Sanofi Aventis","France","Gastro Intestinal drugs Hepatic",193,2
82dd217c-d6b2-4cc2-80c5-7c6bb7f68962,MED-11333,"Essentiale forte N","Essentiale forte N (Disorders اضطشاثبد انكجذ)","essential phospholipids 300 mg + vit b 1 , b 2 , b 12 , E","300 mg",capsule,كبسولة,شريط,30,"Sanofi Aventis","France","Gastro Intestinal drugs Hepatic",193,3
86868bb8-7102-4fab-8edc-8268bc2a1049,MED-11334,"essentials folic acid","essentials folic acid","folic acid 400 mcg","400 mcg",tablet,حبة,شريط,90,"Unknown","Unknown","Vitamines and Menirals Anaemia فمش انذو",193,4
992429d4-45d1-4d05-8af3-c7c8f518be32,MED-11335,"Estecina","Estecina (Infections األصبثبد انجكت ٍش ٌخ)","Ciprofloxacin Hydrochloride","",other,وحدة,علبة,1,"ES NORMON, S.A.","Unknown","Antibacterial LABORATORI Bacterial",193,5
281ff8f6-b69b-4814-8aa2-5e20f7dd0639,MED-11336,"Estecina 100 ml","Estecina 100 ml (Infections األصبثبد انجكت ٍش ٌخ)","Ciprofloxacin*","100 ml",injection,أمبولة,باكت,1,"Normon","Spain","Antibacterial Bacterial",193,6
e3088682-9cd3-4255-8ea7-01d1682f3a03,MED-11337,"Estecina Tablets","Estecina Tablets (Infections األصبثبد انجكت ٍش ٌخ)","Ciprofloxacin*","",tablet,حبة,شريط,20,"Normon","Spain","Antibacterial Bacterial",193,7
eddf9663-3857-43e3-8365-8b6123b22c11,MED-11338,"ETODINE - 300","ETODINE - 300 (األوجبع)","Etodolac capsule 300 mg .","300 mg",capsule,كبسولة,شريط,10,"PHARCO","Egypt","Nonsteroidal Anti- Analgesic يهذئبد",194,1
7f59f63f-2239-4d99-8172-3a191577bb71,MED-11339,"Eucarbon","Eucarbon","charcoal","",tablet,حبة,شريط,100,"F. Tranka","Unknown","Gastro Intestinal drugs Poisons انتغ ًى",194,2
94de7957-9e3e-4121-8d1e-0305ef95d73d,MED-11340,"Euphyllin","Euphyllin (Asthma انشثى ً انشؼج)","Theophyllin 200 mg / 10 ml","200 mg / 10 ml",injection,أمبولة,باكت,5,"Nycomed Viena,","Austria","Respiratory drugs Bronchial",194,3
67eb33d7-8482-4e34-88f4-20290061695c,MED-11341,"Eurax","Eurax","Benzyl Benzoate","",other,وحدة,علبة,1,"Unknown","Unknown","Skin Disorders Scabies انجشة",194,4
63cb90f4-7e2e-4244-8a0a-d7a121f7dbf7,MED-11342,"Eurozole 500 mg","Eurozole 500 mg (Gardiasis جبسد ٌب واي ٍج ٍب)","Secnidazole 500 mg","500 mg",tablet,حبة,شريط,4,"European Egyption Pharma","Egypt","Antiprtozoal Amoebiasis ,",194,5
e9e2d10b-c32c-41a4-813c-46800e693c64,MED-11343,"EUTHROX","EUTHROX (انغذح انذسل ٍخ)","levothyroxine sodium 150","",other,وحدة,علبة,1,"MERCK","France","Hormones Thyroid hormone",194,6
7bad7204-96fd-4bab-8148-19c7d5851cb2,MED-11344,"euthyrox","euthyrox (انغذح انذسل ٍخ)","levothyroxine sodium 25","",other,وحدة,علبة,1,"MERCK","France","Hormones Thyroid hormone",194,7
9183c0b8-5c8e-4ee8-807d-dbdb097aac5b,MED-11346,"EVA PHARMA","EVA PHARMA (ان ُتىء انصغ ٍشح)","Salicylic Acid","",ointment,أنبوب,علبة,20,"OCTOBER PHARMA","Egypt","Skin Disorders Warts انثآن ٍم او",195,2
6f2ae395-16ef-476d-8609-413158a1d545,MED-11347,"EVIT 400","EVIT 400 (Deficiency َمص ف ٍتبي ٍُبد)","Vit . E ( tocopherols ) 400 mg","400 mg",capsule,كبسولة,شريط,30,"Square Pharma Logo","Unknown","Vitamines and Menirals Vitamins",195,3
0d033f56-48ee-4987-83db-5c3759f95de3,MED-11348,"Exolvane","Exolvane (Disorders اضطشاثبد انجهبص ً انت ُفغ)","Bromhexine","",syrup,مل,قارورة,100,"Razi Pharma","Syria","Respiratory drugs Respiratory",195,4
d43b8e7f-7337-4b50-8e57-179c1d827368,MED-11349,"Exolvane","Exolvane (Disorders اضطشاثبد انجهبص ً انت ُفغ)","Bromhexine","",other,وحدة,علبة,1,"Unknown","Unknown","Respiratory drugs Respiratory",195,5
6e225ad1-1169-4f82-87e8-3a6f34804394,MED-11350,"eX-pylori","eX-pylori (ان ًؼذح)","Pantoprazole 40 mg + Clarithromyci ne 500 mg + Amoxicillin 1000 ( dose = one kit for 7 days )","40 mg",tablet,حبة,شريط,1,"Pharmacare","Yemen","Gastro Intestinal drugs H - Pylori جشثىيخ",195,6
b87465a3-c1ac-4b1a-8fba-c1edf6ca3e1b,MED-11351,"Extra Strength","Extra Strength (األوجبع)","Ibuprofen 400 mg","400 mg",tablet,حبة,شريط,84,"WOCKHADT","UK","Nonsteroidal Anti- Analgesic يهذئبد",195,7
bcc3bf7f-e5e3-42b2-8660-bb338c082958,MED-11352,"Ezilax","Ezilax (األيغبن)","Lactulose","",syrup,مل,قارورة,300,"Tabuk pharma","","Gastro Intestinal drugs Constipation Saudi Arabia",196,1
b8f5bb88-1fe9-4bce-8c3e-9568c2338fe2,MED-11353,"Ezivac","Ezivac (األيغبن)","Glycerin + Sodium Chloride","",other,وحدة,علبة,30,"Unknown","Unknown","Gastro Intestinal drugs Constipation",196,2
2be28862-2442-4437-850a-f25f9dfa7b8e,MED-11354,"EZTOR EZ","EZTOR EZ (ً انذو ٌ ف ص ٌبدح انذهى)","atorvastatin Cardio Vascular 10 mg + ezetimibe 10 mg","10 mg",tablet,حبة,شريط,1,"SUN Pharma","India","System drugs Hyperlipidaemias",196,3
35dcd984-dbf7-46e3-8942-0a645c176163,MED-11355,"Fadine 20","Fadine 20 (ان ًؼذح)","Famotidine 20 mg","20 mg",tablet,حبة,شريط,20,"Shaphaco","Yemen","Gastro Intestinal drugs Peptic ulcer لشحخ",196,4
4c4b721b-6d71-40da-86dc-3117051aef0a,MED-11356,"Fadine 40","Fadine 40 (ان ًؼذح)","Famotidine 40 mg","40 mg",tablet,حبة,شريط,10,"Shaphaco","Yemen","Gastro Intestinal drugs Peptic ulcer لشحخ",196,5
ec65ace0-651c-46bf-8417-1a4502cb0a88,MED-11357,"Famciclovir","Famciclovir (األصبثبد انف ٍشوع ٍخ)","Famciclovir 250 mg","250 mg",other,وحدة,علبة,1,"Unknown","Unknown","Antivirals Viral Infections",196,6
cf1b2ec6-7262-41d8-82d5-68675a4a4eb4,MED-11358,"Famciclovir stada","Famciclovir stada (األصبثبد انف ٍشوع ٍخ)","Famciclovir 500 mg / tab","500 mg",tablet,حبة,شريط,21,"STADA","Unknown","Antivirals Viral Infections",196,7
29bc3f0b-83ec-496b-8373-56ad384e7106,MED-11359,"Famciclovir Teva","Famciclovir Teva (األصبثبد انف ٍشوع ٍخ)","Famciclovir 125 mg","125 mg",other,وحدة,علبة,1,"TEVN","Unknown","Antivirals Viral Infections",197,1
78bdbe5d-5ba0-470b-8aa2-45462ee53980,MED-11360,"Famid 40 mg","Famid 40 mg (ان ًؼذح)","Famotidine 40 mg","40 mg",tablet,حبة,شريط,20,"Modern Pharama","Yemen","Gastro Intestinal drugs Peptic ulcer لشحخ",197,2
2d59017d-392e-41d5-858a-5a46ab8db8d7,MED-11361,"Famodar","Famodar (ان ًؼذح)","famotidine","",tablet,حبة,شريط,30,"Dar Aldawa","Unknown","Gastro Intestinal drugs Peptic ulcer لشحخ",197,3
c64b176e-49ab-4045-8d14-3ad3126314cf,MED-11362,"Famotak 20 mg","Famotak 20 mg (ان ًؼذح)","Famotidine","20 mg",tablet,حبة,شريط,20,"SEDICO","Egypt","Gastro Intestinal drugs Peptic ulcer لشحخ",197,4
b7e7ca4f-e583-4504-8067-105339444aba,MED-11363,"Famotak 40 mg","Famotak 40 mg (ان ًؼذح)","Famotidine","40 mg",tablet,حبة,شريط,20,"SEDICO","Egypt","Gastro Intestinal drugs Peptic ulcer لشحخ",197,5
26ba4372-ce39-41b0-889f-6d29296a271f,MED-11364,"Famvir 250 mg","Famvir 250 mg (األصبثبد انف ٍشوع ٍخ)","Famciclovir","250 mg",tablet,حبة,شريط,21,"NOVARTIS","Switzerland","Antivirals Viral Infections",197,6
cd906bca-4f49-433e-8021-0b678420c7b4,MED-11365,"Famvir 500 mg","Famvir 500 mg (األصبثبد انف ٍشوع ٍخ)","Famciclovir","500 mg",tablet,حبة,شريط,3,"NOVARTIS","Switzerland","Antivirals Viral Infections",197,7
f9368a70-6df2-4554-8fe1-c428f250b262,MED-11366,"Fansitab","Fansitab","Sulfadoxine 500 mg + Pyrimethamine 25 mg","500 mg",tablet,حبة,شريط,250,"Shaphaco","Yemen","Antimalarial medicines Malaria ان ًالس ٌب",198,1
d9949f9a-34f0-49d6-8496-b50106988dc3,MED-11367,"Farcolin Syrup","Farcolin Syrup (Asthma انشثى ً انشؼج)","Each 5 ml contains : Salbutamol 2 mg + Ammonium chloride 100 mg","5 ml",syrup,مل,قارورة,120,"PHARCO","Egypt","Respiratory drugs Bronchial",198,2
30a612de-0861-4078-8f2f-0ab45aeed6c0,MED-11368,"Farcolin Tablets","Farcolin Tablets (Asthma انشثى ً انشؼج)","Salbutamol 2 mg","2 mg",tablet,حبة,شريط,20,"PHARCO","Egypt","Respiratory drugs Bronchial",198,3
48d3f255-d22f-42be-8d6e-24be9f83d92c,MED-11369,"Farconcil","Farconcil (Microbial Infections)","Amoxicillin*","",syrup,مل,قارورة,80,"PHARCO","Egypt","Antibiotics ًٍكشوث ٍخ األصبثبد ان",198,4
ca8dd6c9-4857-4dd1-8fdc-148a609ef28a,MED-11370,"FARCONCIL","FARCONCIL (Microbial Infections)","Amoxicillin","",other,وحدة,علبة,1,"PHARCO","Egypt","Antibiotics ًٍكشوث ٍخ األصبثبد ان",198,5
39ce54ef-4f69-4fd3-8ff4-1e671e2ea4ff,MED-11371,"farcopril","farcopril (استفبع ضغظ انذو)","Captopril Cardio Vascular","",other,وحدة,علبة,1,"Unknown","Unknown","System drugs Hypertension",198,6
543222fd-8477-4484-8161-a5d8f8f7f02b,MED-11372,"Farcosolvin","Farcosolvin (Disorders اضطشاثبد انجهبص ً انت ُفغ)","Ambroxol+Guaip henisin","",syrup,مل,قارورة,120,"PHARCO","Egypt","Respiratory drugs Respiratory",198,7
2c5b342f-5826-4eed-830f-a385e4f3f90a,MED-11374,"Farcotilium","Farcotilium (vomiting ٌ انغث ٍب وانطشػ)","Domperidone","",suspension,مل,قارورة,120,"PHARCO","Egypt","Gastro Intestinal drugs Nausea and",199,2
20fc8af8-6a50-422a-8c80-c9d1a7e57788,MED-11375,"Farcotilium","Farcotilium (vomiting ٌ انغث ٍب وانطشػ)","Domperidone","",capsule,كبسولة,شريط,24,"PHARCO","Egypt","Gastro Intestinal drugs Nausea and",199,3
996d5672-778a-4bc7-8824-dc06999222fb,MED-11377,"Farcotrim","Farcotrim (Infections األصبثبد انجكت ٍش ٌخ)","Trimethoprim/Sulf amethoxazole (Co-trimoxazole)","",tablet,حبة,شريط,2,"PHARCO","Egypt","Antibacterial Bacterial",199,5
5f00be0c-8948-4b83-8484-99d6eeac9783,MED-11378,"Farcovit B 12","Farcovit B 12 (Deficiency َمص ف ٍتبي ٍُبد)","essential phosphate 10 mg + vitB 1 2 mg + vitB 2 1 mg + vitB 6 2 mg + vitB 12","10 mg",capsule,كبسولة,شريط,24,"PHARCO","Egypt","Vitamines and Menirals Vitamins",199,6
6f345bb3-49b6-459b-8a76-0bd2ea38ad6c,MED-11379,"FARCOZEPAM","FARCOZEPAM (Insumnea األسق وانمهك)","Diazepam Central Nervous","",injection,أمبولة,باكت,5,"PHARCO","Egypt","system drugs Anxiety ,",199,7
66de07bf-7ced-47d5-87a0-a7ba9eb8314a,MED-11380,"FARCOZOL","FARCOZOL (Gardiasis جبسد ٌب واي ٍج ٍب)","metronidazole","",tablet,حبة,شريط,20,"PHARCO","Egypt","Antiprtozoal Amoebiasis ,",200,1
425b962a-5174-4684-82f1-7c72ab364cf9,MED-11381,"Farin 5 mg","Farin 5 mg (انجهطبد)","warfarin 5 mg / Cardio Vascular tab","5 mg",tablet,حبة,شريط,30,"GALENICA Republic of Serbia","","System drugs Thrombosis",200,2
133ff676-4ee3-4f05-8002-aefe178d13d3,MED-11382,"Farolax","Farolax (األيغبن)","sodium picosulfate","",syrup,مل,قارورة,1,"Pharo pharma","Egypt","Gastro Intestinal drugs Constipation",200,3
ea7284e1-303a-49c9-88ba-3af41326800b,MED-11383,"FAROSTAN FORTE","FAROSTAN FORTE (Analgesic يهذئبد األوجبع وانح ًى)","Unknown","",tablet,حبة,شريط,20,"PHARCO","Egypt","Non-Steroidal Anti- Antipyretic -",200,4
6ef15a8b-9203-4806-8f13-ff62d9a27596,MED-11384,"Fasigyn","Fasigyn (Gardiasis جبسد ٌب واي ٍج ٍب)","Tinidazole","",tablet,حبة,شريط,4,"Pfizer","USA","Antiprtozoal Amoebiasis ,",200,5
2c8c4936-c23e-4998-8848-ef29e41fea79,MED-11385,"Fasonat 10","Fasonat 10 (انتهبثبد انؼظبو)","Alendronate 10 mg","10 mg",tablet,حبة,شريط,10,"Modern Pharama","Yemen","Osteoarthritis drugs Osteoarthritis",200,6
a076c400-fe0a-4421-8f3d-126b8011cdcb,MED-11386,"Fasonat 70","Fasonat 70 (انتهبثبد انؼظبو)","Alendronate 70 mg","70 mg",tablet,حبة,شريط,1,"Modern Pharama","Yemen","Osteoarthritis drugs Osteoarthritis",200,7
88de26c2-6fea-46bd-8b9b-99f7f6c26c61,MED-11387,"Fast","Fast (َضالد انجشد)","herbal extract","",syrup,مل,قارورة,120,"pharaonia","Unknown","Respiratory drugs Common Cold",201,1
9604f94a-c1b0-4625-854d-1c51607fa16f,MED-11388,"Fastum gel","Fastum gel (األوجبع)","Ketoprofen","",other,وحدة,علبة,1,"Unknown","Unknown","Nonsteroidal Anti- Analgesic يهذئبد",201,2
e24fffd3-9418-4e4d-84e8-c153f9c1b2ca,MED-11389,"Fastum-gel","Fastum-gel (األوجبع)","Ketoprofen gel 2.5% .","2.5%",other,وحدة,علبة,1,"MENARINI","Italy","Nonsteroidal Anti- Analgesic يهذئبد",201,3
9eb32e4c-3914-407e-8854-bacd9393c794,MED-11390,"Faverin 100 mg","Faverin 100 mg (األيشاض انؼمه ٍخ)","Fluvoxamine Central Nervous Maleate tablet 100 mg","100 mg",tablet,حبة,شريط,30,"ABBOTT","USA","system drugs Mental Disorders",201,4
58017b94-e457-4189-8af5-2a385f6293d8,MED-11391,"Faverin 50 mg","Faverin 50 mg (األيشاض انؼمه ٍخ)","Fluvoxamine Central Nervous Maleate tablet 50 mg","50 mg",tablet,حبة,شريط,60,"ABBOTT","USA","system drugs Mental Disorders",201,5
17860350-630c-425a-8e5b-c858a8d9ef14,MED-11392,"Faverin 50 mg","Faverin 50 mg (األيشاض انؼمه ٍخ)","Fluvoxamine Central Nervous Maleate 50 mg","50 mg",tablet,حبة,شريط,60,"SOLVAY","France","system drugs Mental Disorders",201,6
3923d3a4-cfc1-473f-80a7-1f36f68f2991,MED-11393,"Fawakeh Fawar","Fawakeh Fawar (انهضى)","NaHCO 2.80 g + Citric acid 0.82 gm + Tartraic acid 1.33 gm","2.80 g",other,وحدة,علبة,6,"Shiba pharma","Yemen","Gastro Intestinal drugs Indigestion عىء",201,7
0541891e-91be-4157-8d37-62a2c15ab52a,MED-11394,"FAWAR FRUIT","FAWAR FRUIT (انهضى)","NaHCO 2.80 g + citric acid 1.33 g + titraic acid 0.82 g","2.80 g",other,وحدة,علبة,1,"PHARCO","Egypt","Gastro Intestinal drugs Indigestion عىء",202,1
8220401f-aecb-4682-833f-0ea11b42bae2,MED-11395,"Fawarcid","Fawarcid (انهضى)","NaHCO+citric acid +titraic acid","",other,وحدة,علبة,1,"Global Pharma","Yemen","Gastro Intestinal drugs Indigestion عىء",202,2
9caf8b83-5299-4eb3-8ec0-8fc8787f926c,MED-11396,"FAXART Amp","FAXART Amp","Each 1 ml contains 80 mg Artemether","1 ml",injection,أمبولة,باكت,6,"Unknown","Unknown","Antimalarial medicines Malaria ان ًالس ٌب",202,3
39541df9-7c79-43db-8e1f-51a0ff60adc4,MED-11397,"Febilex SR","Febilex SR","Each capsule contains : Iron ( as ferrous sulphate . ) 150 mg + Thiamine nitrate 2 mg +","150 mg",capsule,كبسولة,شريط,30,"Pharmacare","Yemen","Vitamines and Menirals Anaemia فمش انذو",202,4
db369ec7-9fec-484b-842c-440e82b9f35f,MED-11398,"Fedecol","Fedecol (Disorders اضطشاثبد انجهبص ً انت ُفغ)","Ambroxol ( 15 mg / 5 ml )","15 mg / 5 ml",syrup,مل,قارورة,100,"Pharma International","Jordan","Respiratory drugs Respiratory",202,5
14f92069-10bd-49a8-861b-5574480a5268,MED-11399,"Feelfresh","Feelfresh (انغغىالد األ َثى ٌخ)","Combination","",syrup,مل,قارورة,1,"INFINITY","Unknown","Antiseptic and Desinfectants Feminine wash",202,6
738fd6ac-2129-4647-8a6c-298b22bbd72f,MED-11400,"Fefadol-Plus","Fefadol-Plus (Analgesic يهذئبد األوجبع وانح ًى)","Paracetamol 500 mg + codeine 8 mg + caffeine 30 mg per tablet .","500 mg",tablet,حبة,شريط,20,"SPIMACO","","Nonsteroidal Anti- Antipyretic - Saudi Arabia",202,7
32d3cd3a-f46d-4c50-8536-b9cf7a0080bb,MED-11401,"Fefol","Fefol","Ferrous sulphate 47 mg & folic acid 500 mcg / capsule","47 mg",capsule,كبسولة,شريط,30,"ICN","USA","Vitamines and Menirals Anaemia فمش انذو",203,1
a33a1ad1-2000-44e4-874f-9aea6fb06621,MED-11402,"Fefosan","Fefosan","Ferrous Sulfate 150 mg + Folic Acid 0.5 mg","150 mg",capsule,كبسولة,شريط,20,"Shiba pharma","Yemen","Vitamines and Menirals Anaemia فمش انذو",203,2
56f51f4f-7ba4-4866-8984-45e5df1f434b,MED-11403,"FefosanZ","FefosanZ","Ferrous Sulfate 150 mg + Folic Acid 0.5 mg + Zinc / cap .","150 mg",capsule,كبسولة,شريط,20,"Shiba pharma","Yemen","Vitamines and Menirals Anaemia فمش انذو",203,3
43e418bc-5051-4625-839e-13811059ca33,MED-11404,"FELDENE","FELDENE (Analgesic يهذئبد األوجبع وانح ًى)","Piroxicam capsule 20 mg .","20 mg",capsule,كبسولة,شريط,10,"Pfizer","USA","Nonsteroidal Anti- Antipyretic -",203,4
e30ec0ff-659e-4be2-88e4-45c30259ec50,MED-11405,"Feldene","Feldene (Analgesic يهذئبد األوجبع وانح ًى)","Piroxicam","",other,وحدة,علبة,1,"Unknown","Unknown","Nonsteroidal Anti- Antipyretic -",203,5
957639b0-31e4-405c-8075-fc9a18a96bff,MED-11406,"Felic SR","Felic SR","Each capsule contains : Ferrous sulphate 150 mg + Folic acid . 0.5 mg","150 mg",capsule,كبسولة,شريط,30,"Pharmacare","Yemen","Vitamines and Menirals Anaemia فمش انذو",203,6
093ad406-f53a-4082-8337-6e3b8beeb334,MED-11407,"Femigiene","Femigiene (األنتهبثبد انجذنذ ٌخ)","Combination","",other,وحدة,علبة,1,"Unknown","Unknown","Antiseptic and Desinfectants Dermatitis",203,7
0b40175a-091b-4b27-88a8-c4bd35eadeda,MED-11408,"Femigin","Femigin","Combination","",other,وحدة,علبة,10,"PHARCO","Egypt","Antiseptic and Desinfectants Vaginal ان ًهجم",204,1
15ecfb11-71e1-4ac3-85bf-f6aa6471e291,MED-11409,"Fenalerg 10 mg","Fenalerg 10 mg","Cetirizine Hydrochloride","10 mg",tablet,حبة,شريط,20,"Unknown","Unknown","Antihistamines Allergy انحغبع ٍخ",204,2
2c163baa-b4bb-451f-8267-9355ece228ec,MED-11410,"Fenam","Fenam (األوجبع)","Mefenamic Acid syrup 50 mg / 5 ml .","50 mg / 5 ml",syrup,مل,قارورة,120,"JPI","","Nonsteroidal Anti- Analgesic يهذئبد Saudi Arabia",204,3
c5dd70d2-5a27-45f0-8fc5-de3236602abd,MED-11411,"Fenam","Fenam (األوجبع)","Mefenamic Acid","",other,وحدة,علبة,1,"Unknown","Unknown","Nonsteroidal Anti- Analgesic يهذئبد",204,4
44d1d273-ce4b-43ab-8237-b50c9638966c,MED-11412,"Fenam Forte","Fenam Forte (األوجبع)","Mefenamic Acid tablet 500 mg","500 mg",tablet,حبة,شريط,20,"JPI","","Nonsteroidal Anti- Analgesic يهذئبد Saudi Arabia",204,5
64191c65-d01b-4b32-848d-5e263f3c735c,MED-11413,"Fenamic 500","Fenamic 500 (األوجبع)","Each one tablet contains Mefenamic acid BP 500 mg .","500 mg",tablet,حبة,شريط,20,"Pharmacare","Yemen","NSAID Analgesic يهذئبد",204,6
60025630-0a59-412c-8b44-737ed01bdfe0,MED-11414,"Fenamol","Fenamol (األوجبع)","Mefenamic Acid suspension 50 mg / 5 ml .","50 mg / 5 ml",suspension,مل,قارورة,60,"Shiba pharma","Yemen","NSAID Analgesic يهذئبد",204,7
4a02d23b-b59b-47ff-82fc-3c83fa6c5044,MED-11415,"Fenamol","Fenamol (األوجبع)","Mefenamic Acid suspension 50 mg / 5 ml .","50 mg / 5 ml",suspension,مل,قارورة,100,"shiba pharma","Yemen","NSAID Analgesic يهذئبد",205,1
5603f226-1fc4-4e21-804e-ed3c94b670c1,MED-11416,"Fenamol - 250","Fenamol - 250 (األوجبع)","Mefenamic Acid capsule 250 mg","250 mg",capsule,كبسولة,شريط,20,"Shiba pharma","Yemen","NSAID Analgesic يهذئبد",205,2
3ecd1d45-9495-453b-8402-5a06bd052423,MED-11417,"Fenamol - 500","Fenamol - 500 (األوجبع)","Mefenamic Acid tablet 500 mg","500 mg",capsule,كبسولة,شريط,1,"Shiba pharma","Yemen","NSAID Analgesic يهذئبد",205,3
60a1629f-243f-4454-88a5-672a8a4112a1,MED-11418,"Fenazine","Fenazine","promethazine Hydrochloride 5 mg / 5 ml","5 mg / 5 ml",syrup,مل,قارورة,100,"Shiba pharma","Yemen","Antihistamines Allergy انحغبع ٍخ",205,4
345b855c-ee9e-4c8f-8c14-75917b680814,MED-11419,"Fenistil","Fenistil","Dimetindene Maleate","",tablet,حبة,شريط,20,"Unknown","Unknown","Antihistamines Allergy انحغبع ٍخ",205,5
f80ec534-a581-4574-8da9-570a66cc110f,MED-11420,"Fenostal","Fenostal","Dimetindene Maleate 0.5 mg / 5 ml","0.5 mg / 5 ml",syrup,مل,قارورة,1,"Modern Pharama","Yemen","Antihistamines Allergy انحغبع ٍخ",205,6
754633a8-5087-4c78-8491-fd8468a4edbf,MED-11421,"Fenostal","Fenostal","Dimetindene Maleate 1 mg / 1 ml","1 mg / 1 ml",syrup,مل,قارورة,1,"Modern Pharama","Yemen","Antihistamines Allergy انحغبع ٍخ",205,7
3891c304-50f6-42db-8d17-be7bd6753f7b,MED-11422,"Feratonic-Vit","Feratonic-Vit","Iron + Vitamins + Folic acid","",capsule,كبسولة,شريط,30,"HANSEL","Unknown","Vitamines and Menirals Anaemia فمش انذو",206,1
afd5a083-91be-4a51-8d30-5e54251a901e,MED-11423,"ferfol","ferfol","ferrous sulphate 150 mg + fo lic acid 500 mcg","150 mg",capsule,كبسولة,شريط,30,"BIOPHARM","Yemen","Vitamines and Menirals Anaemia فمش انذو",206,2
c3ba5b87-5972-4e06-8a3d-4eef1e9ab05b,MED-11424,"FERFOLIC Z","FERFOLIC Z","Ferrous Sulfate+ Folic Acid+Zinc capsule S.R .","",capsule,كبسولة,شريط,20,"Alpha","Syria","Vitamines and Menirals Anaemia فمش انذو",206,3
32927fdb-1bdf-4a38-82c2-ab0ca639fc31,MED-11425,"feridex","feridex","ferrous fumarate 200 mg + f olic acid 200 mg","200 mg",capsule,كبسولة,شريط,50,"ACI Bangladesh","","Vitamines and Menirals Anaemia فمش انذو",206,4
8ebfac64-cea8-4d64-8fc8-f5325dae3de6,MED-11426,"FERIMAX","FERIMAX","Ferrous Sulfate","",syrup,مل,قارورة,5,"Bilim","Turkey","Vitamines and Menirals Anaemia فمش انذو",206,5
da9ceac2-d921-489e-87d9-d4548ece07e6,MED-11427,"Feroglobin","Feroglobin","Ferrous Sulfate","",syrup,مل,قارورة,200,"VITABIOTICS England","","Vitamines and Menirals Anaemia فمش انذو",206,6
0b84db58-9970-4718-874f-447cb9e2b7b2,MED-11428,"Feroglobin","Feroglobin","Iron","",capsule,كبسولة,شريط,30,"VITABIOTICS","Unknown","Vitamines and Menirals Anaemia فمش انذو",206,7
51c60abd-3080-4cde-8632-ac647d41255d,MED-11429,"feroglobin","feroglobin (B deficiency)","Zinc + Vit Bcomplex - Vit B 12 5 microgram","",syrup,مل,قارورة,240,"VITABIOTICS","Unknown","Vitamines and Menirals Neuritis; vitamin",207,1
633b972a-8346-44f5-82f6-6f66b20a8e28,MED-11430,"Feroglobin ??","Feroglobin ??","Iron 24 mg , zinc 12 mg , coppar 2000 mcg , folic acid 500 mcg , vit . B 12 10 mcg , vit . B 6 5 mg / 15 ml .","24 mg",syrup,مل,قارورة,200,"VITABIOTICS","Unknown","Vitamines and Menirals Anaemia فمش انذو",207,2
185c4fac-5e64-45aa-8a90-7a10a09620d4,MED-11431,"feroglobin B 12","feroglobin B 12","iron ( as fumarate ) 24 mg + zinc 12 mg + capper 2000 micro gram + folacin ( asfo","24 mg",capsule,كبسولة,شريط,30,"VITABIOTICS","Unknown","Vitamines and Menirals Anaemia فمش انذو",207,3
e65bc23a-4e75-42ad-83e1-351b00d63faa,MED-11432,"Feroglobin Caps","Feroglobin Caps","Iron 24 mg , zinc 12 mg , coppar 2000 mcg , folic acid 500 mcg , vit . B 12 10 mcg , vit . B 6 5 mg / cap .","24 mg",capsule,كبسولة,شريط,30,"VITABIOTICS","Unknown","Vitamines and Menirals Anaemia فمش انذو",207,4
08b278a7-232a-4f5b-83db-f2614027f46b,MED-11433,"Feromin","Feromin","Ferrous Sulfate 25 mg / 1 ml","25 mg / 1 ml",syrup,مل,قارورة,1,"RIYADH PHARMA","","Vitamines and Menirals Anaemia فمش انذو Saudi Arabia",207,5
5def0721-5249-48b1-808f-d248bf5cca30,MED-11434,"ferro cal Capsules","ferro cal Capsules","vitC 60 mg + calcium carbonate 500 mg + vitD 3 400 U . I + iron 10 mg + folic","60 mg",capsule,كبسولة,شريط,14,"alabor city","Egypt","Vitamines and Menirals Anaemia فمش انذو",207,6
a4604df8-9c3c-4d85-8ecc-8517a56562d4,MED-11435,"Ferro Sanol- duodenal","Ferro Sanol- duodenal","Ferrous Sulfate Capsules.","",capsule,كبسولة,شريط,20,"Schwarz pharma","Unknown","Vitamines and Menirals Anaemia فمش انذو",207,7
d53b0cf3-bf28-446d-8bcb-6b6f6df6db6c,MED-11436,"FerroCAL","FerroCAL","Calcium 500 mg + vi t , C 60 mg + vit , D 400 IU + Ferrous Sulfate 10 mg + folic acid 0.5 mg + zinc","500 mg",capsule,كبسولة,شريط,14,"EGYPHAR","Egypt","Vitamines and Menirals Anaemia فمش انذو",208,1
75d9950e-9d00-4abb-84a6-fddaa251745e,MED-11437,"FERRO-FOL","FERRO-FOL","ferrous sulphate 150 mg + folic acid 0.5 mg","150 mg",capsule,كبسولة,شريط,3,"EIPICO","Egypt","Vitamines and Menirals Anaemia فمش انذو",208,2
82297c84-ee95-4d75-8e2b-e78cdce9a72a,MED-11438,"FERRO-FOL","FERRO-FOL","Ferrous sulphate 47 mg & folic acid 500 mcg / capsule .","47 mg",capsule,كبسولة,شريط,30,"EIPICO","Egypt","Vitamines and Menirals Anaemia فمش انذو",208,3
9280048e-77d8-4e5b-894f-d487ce1b9b7d,MED-11439,"ferrotone","ferrotone","ferrous fumarate 162.00 mg + folic acid 0.75 mg + vitam ineB 127.50 mcg","162.00 mg",capsule,كبسولة,شريط,3,"mega we care","Unknown","Vitamines and Menirals Anaemia فمش انذو",208,4
598870db-1b06-4041-8c05-654c74a13952,MED-11440,"FERROTONE","FERROTONE","Ferrous furmate 162 mg + folic acid 0.75 mg + vit . B 12 7.50 mcg / softgel cap .","162 mg",capsule,كبسولة,شريط,30,"MEGA We Care","Unknown","Vitamines and Menirals Anaemia فمش انذو",208,5
e2b18d76-b419-4fec-81df-07527a64673a,MED-11441,"Ferrum","Ferrum","iron","",injection,أمبولة,باكت,2,"Unknown","Unknown","Vitamines and Menirals Anaemia فمش انذو",208,6
2331cee3-60e5-4ba7-8df6-26f5a254f78e,MED-11442,"FERTAB","FERTAB","clomifen 50","",other,وحدة,علبة,1,"ZYNOVA","Unknown","Gynaecology drugs Infertility انؼمى",208,7
32917418-3e73-419b-8e5d-abc42e3d805b,MED-11443,"FERTILAN","FERTILAN","clomifene citrate 2","",other,وحدة,علبة,1,"CODAL- SYNTO","Cyprus","Gynaecology drugs Infertility انؼمى",209,1
d33cd515-a578-43c2-8177-62bb7d03e40d,MED-11444,"Festamin","Festamin (َضالد انجشد)","Dimetindene Maleate 1 mg / 1 ml","1 mg / 1 ml",drops,مل,قطارة,20,"Global Pharma","Yemen","Antihistamines Common Cold",209,2
77bc224d-6d63-4c97-83e8-3db2fd19d484,MED-11445,"Festamin","Festamin (َضالد انجشد)","Dimetindene Maleate 0.5 mg / 5 ml","0.5 mg / 5 ml",syrup,مل,قارورة,1,"Global Pharma","Yemen","Antihistamines Common Cold",209,3
68c22465-95d5-42b3-81d1-fa25f6da63bc,MED-11446,"Fetax","Fetax (Infections األصبثبد انجكت ٍش ٌخ)","Cefotaxime Sodium","",injection,أمبولة,باكت,1,"Youcare","Unknown","Antibacterial Bacterial",209,4
b964d487-2466-4af3-8970-5a4cd8136a4c,MED-11447,"Fevadol","Fevadol (Analgesic يهذئبد األوجبع وانح ًى)","Paracetamol syrup 160 mg / 5 ml .","160 mg / 5 ml",syrup,مل,قارورة,145,"SEDICO","Egypt","Nonsteroidal Anti- Antipyretic -",209,5
62116609-f482-4a1c-8fee-ad81eec78911,MED-11448,"Fevorit","Fevorit","triprolidine HCL+paracetamol","",drops,مل,قطارة,15,"Unknown","Unknown","Vitamines and Menirals Anaemia فمش انذو",209,6
79292799-1ea3-41d4-8d1c-ffb97dbf9745,MED-11449,"Fexon","Fexon","Fexofenadine Hydrochloride","",tablet,حبة,شريط,10,"HIKMA","Jordan","Antihistamines Allergy انحغبع ٍخ",209,7
bd16f726-6909-4934-8ee4-520a86bfe963,MED-11450,"Fexon","Fexon","Fexofenadine Hydrochloride 30 mg / 5 ml","30 mg / 5 ml",suspension,مل,قارورة,100,"HIKMA","Jordan","Antihistamines Allergy انحغبع ٍخ",210,1
ee79d59c-22c9-4c1b-8b25-0a095b5aba5a,MED-11451,"Fibrolax","Fibrolax (األيغبن)","Bran","",other,وحدة,علبة,200,"Unknown","Unknown","Gastro Intestinal drugs Constipation",210,2
cd4d1c73-6b9d-417a-84aa-05eaf53005a2,MED-11452,"Fikxime","Fikxime (Infections األصبثبد انجكت ٍش ٌخ)","Cefixime 400 mg / capsule cefixime , 100 mg / 5 ml","400 mg",capsule,كبسولة,شريط,10,"Pharmacare","Yemen","Antibacterial Bacterial",210,3
8e0c3e2a-12b8-4d98-8355-83a68d998911,MED-11453,"Finallerg","Finallerg","Cetirizine Hydrochloride 10 mg","10 mg",tablet,حبة,شريط,20,"Pharma International","Jordan","Antihistamines Allergy انحغبع ٍخ",210,4
8df6bb34-aca2-485b-8501-da44eca7aafa,MED-11454,"Fiocazole 150","Fiocazole 150 (األنتهبثبد انجذنذ ٌخ)","Fiocazole 150","",capsule,كبسولة,شريط,1,"aldaweah","Unknown","Antifungals Dermatitis",210,5
308ea0a0-238f-4171-8f47-cfd437fe9932,MED-11455,"Fixoral","Fixoral (Infections األصبثبد انجكت ٍش ٌخ)","Cefixime","",capsule,كبسولة,شريط,1,"Alpha","Syria","Antibacterial Bacterial",210,6
b4b80a1f-5e25-45bc-8111-990c4d930256,MED-11456,"Fixoral","Fixoral (Infections األصبثبد انجكت ٍش ٌخ)","Cefixime","",other,وحدة,علبة,1,"Unknown","Unknown","Antibacterial Bacterial",210,7
09ff6055-fac9-41f2-8730-36b7039f8692,MED-11457,"Flagena 500","Flagena 500 (Gardiasis جبسد ٌب واي ٍج ٍب)","Secnidazole 500 mg","500 mg",tablet,حبة,شريط,4,"Bahry medical","Syria","Antiprtozoal Amoebiasis ,",211,1
458351f3-db1b-456b-8e56-36d87bae38f0,MED-11458,"Flagicure Forte","Flagicure Forte (Gardiasis جبسد ٌب واي ٍج ٍب)","Metronidazole","",tablet,حبة,شريط,20,"KAHIRA PHARM","Egypt","Antiprtozoal Amoebiasis ,",211,2
9f6a4f12-57b8-41f0-8dde-e26268ff27c1,MED-11459,"Flaginol","Flaginol (Gardiasis جبسد ٌب واي ٍج ٍب)","Secnidazole","",tablet,حبة,شريط,4,"DOMINA","Unknown","Antiprtozoal Amoebiasis ,",211,3
88bbf978-ae07-4189-89c3-9e44e94e3fee,MED-11460,"Flagydil","Flagydil (Gardiasis جبسد ٌب واي ٍج ٍب)","Metronidazole 200 mg + diloxnide 250 mg","200 mg",tablet,حبة,شريط,20,"shaphaco","Yemen","Antiprtozoal Amoebiasis ,",211,4
f456b068-f6a4-4dfc-806b-800eaaab2719,MED-11461,"Flagyl 250","Flagyl 250 (Gardiasis جبسد ٌب واي ٍج ٍب)","Metronidazole","",tablet,حبة,شريط,1,"Aventis","Unknown","Antiprtozoal Amoebiasis ,",211,5
2efb0b66-41a2-45c6-83fd-5898342cdfe2,MED-11462,"Flagyl 500 mg","Flagyl 500 mg (Gardiasis جبسد ٌب واي ٍج ٍب)","Metronidazole","500 mg",tablet,حبة,شريط,14,"Sanofi Aventis","France","Antiprtozoal Amoebiasis ,",211,6
85fed75c-ad26-41bf-8f7a-7ebefbba9200,MED-11463,"Flagyzol","Flagyzol (Gardiasis جبسد ٌب واي ٍج ٍب)","Metronidazole","",tablet,حبة,شريط,20,"YEDCO","Yemen","Antiprtozoal Amoebiasis ,",211,7
fff96160-d032-4d04-89ba-70a6b6aa1729,MED-11464,"Flaticol","Flaticol (انهضى)","Simethicone 30 ml","30 ml",syrup,مل,قارورة,30,"Global Pharma","Yemen","Gastro Intestinal drugs Indigestion عىء",212,1
d25ae641-9463-4918-82c3-1534263b30f0,MED-11465,"Flaton","Flaton (انهضى)","Enzyme digestion","",tablet,حبة,شريط,30,"Bilim","Turkey","Gastro Intestinal drugs Indigestion عىء",212,2
19b11d56-f08e-44a9-8ad2-0237f9ff8b5d,MED-11466,"Flazol","Flazol (Gardiasis جبسد ٌب واي ٍج ٍب)","Metronidazole 250 mg","250 mg",tablet,حبة,شريط,20,"Shiba pharma","Yemen","Antiprtozoal Amoebiasis ,",212,3
2e5d1b29-0406-499c-8d7e-ca58d66247d3,MED-11467,"Flazol","Flazol (Gardiasis جبسد ٌب واي ٍج ٍب)","Metronidazole 125 mg / 5 ml","125 mg / 5 ml",suspension,مل,قارورة,100,"Shiba pharma","Yemen","Antiprtozoal Amoebiasis ,",212,4
60e4a2a3-b9d9-48f3-868a-14bf631d17d0,MED-11468,"Flazol 500","Flazol 500 (Gardiasis جبسد ٌب واي ٍج ٍب)","Metronidazole","",tablet,حبة,شريط,20,"shiba pharma","Yemen","Antiprtozoal Amoebiasis ,",212,5
aebf0419-d023-41ef-85ff-3774e75de414,MED-11469,"Flazol Plus","Flazol Plus (Gardiasis جبسد ٌب واي ٍج ٍب)","Metronidazole 100 mg + Diloxanide 125 mg","100 mg",suspension,مل,قارورة,100,"Shiba pharma","Yemen","Antiprtozoal Amoebiasis ,",212,6
d78e0a94-8789-45c1-8efd-5e7aaf58c88c,MED-11470,"Flazol Plus","Flazol Plus (Gardiasis جبسد ٌب واي ٍج ٍب)","Metronidazole +Diloxanide","",tablet,حبة,شريط,30,"Shiba pharma","Yemen","Antiprtozoal Amoebiasis ,",212,7
17076a29-df7a-4786-87a7-9353c642ba2d,MED-11471,"Flecoxine","Flecoxine (Disorders اضطشاثبد انجهبص ً انت ُفغ)","Bromhexine 8 mg + herbal","8 mg",tablet,حبة,شريط,1,"REMEDICA","Unknown","Respiratory drugs Respiratory",213,1
fdab2554-8289-4084-82b3-12f25aa44317,MED-11472,"Fleming 1200","Fleming 1200 (Microbial Infections)","Amoxicillin + Clavulanic Acid","",injection,أمبولة,باكت,5,"medrich ph.","Unknown","Antibiotics ًٍكشوث ٍخ األصبثبد ان",213,2
d66705f0-61b9-45cb-87b1-eb6499f00912,MED-11473,"Flexen gel","Flexen gel (األوجبع)","Ketoprofen","",other,وحدة,علبة,1,"Unknown","Unknown","Nonsteroidal Anti- Analgesic يهذئبد",213,3
d1058abb-711a-4773-82f5-51becdca4f4b,MED-11474,"Flixonase","Flixonase (َضالد انجشد)","Fluticasone propionate","",spray,بخة,علبة,1,"gsk glaxosmithkline","UK","Respiratory drugs Common Cold",213,4
03f44a9a-9106-47f5-86d7-e12aef965faf,MED-11475,"FLOGOFENAC","FLOGOFENAC (األوجبع)","Diclofenac Sodium 100 mg","100 mg",other,وحدة,علبة,10,"ECOBI","Italy","Non-Steroidal Anti- Analgesic يهذئبد",213,5
8dadf847-f8ab-4f0e-8fe0-f50796363f75,MED-11476,"Flomist","Flomist (َضالد انجشد)","Fluticasone propionate","",spray,بخة,علبة,1,"CIPLA","India","Respiratory drugs Common Cold",213,6
c1d9d191-314a-424a-8837-d5344a27a963,MED-11477,"Flomist","Flomist (َضالد انجشد)","Fluticasone Propionate","",spray,بخة,علبة,1,"Unknown","Unknown","Respiratory drugs Common Cold",213,7
0efbd50d-425f-44bd-821c-3a7eb9bb0359,MED-11478,"FLORALIN","FLORALIN (vomiting ٌ انغث ٍب وانطشػ)","Domperidone","",tablet,حبة,شريط,30,"CODAL- SYNTO","Cyprus","Gastro Intestinal drugs Nausea and",214,1
fbcba8f2-0ffa-4762-81e6-97e257a89f4e,MED-11479,"Floumizin","Floumizin","Unknown","",cream,أنبوب,علبة,30,"Domin pharma","Unknown","Skin Disorders Burns انحشوق",214,2
986049ca-91d1-42b5-8c30-41ec017a2e49,MED-11480,"Floxadex","Floxadex","Ciprofloxacin Hydrochloride","",suspension,مل,قارورة,10,"Liqvor Armenia","","Antibacterial Eye ٍٍ انؼ",214,3
7103a037-9f89-4167-845a-1027107c2f6b,MED-11481,"FLOXAMED","FLOXAMED (Infections األصبثبد انجكت ٍش ٌخ)","Norfloxacin 300 mg","300 mg",other,وحدة,علبة,1,"Unimed","Tunisia","Antibacterial Bacterial",214,4
3b942921-9730-4f74-8c27-2c709f4e7c39,MED-11482,"FLOXAMED","FLOXAMED (Infections األصبثبد انجكت ٍش ٌخ)","Norfloxacin","",other,وحدة,علبة,1,"Laboratories Unimed","Thailand","Antibacterial Bacterial",214,5
2366ff07-5366-48f1-8c74-b67cc50417dd,MED-11483,"Floximax","Floximax (Infections األصبثبد انجكت ٍش ٌخ)","Moxifloxacin Hydrochloride 400 mg","400 mg",capsule,كبسولة,شريط,1,"Shiba pharma","Yemen","Antibacterial Bacterial",214,6
b796df16-cb96-4ade-88b8-6a68b69f69f3,MED-11484,"Flozak 20 mg","Flozak 20 mg (األيشاض انؼمه ٍخ)","Fluoxetine Central Nervous capsule 20 mg","20 mg",capsule,كبسولة,شريط,30,"RIYADH PHARMA","","system drugs Mental Disorders Saudi Arabia",214,7
84e8ca67-b47f-4197-8123-b36560a5ea69,MED-11485,"FLU OFF","FLU OFF (َضالد انجشد)","Pseudoephedrine 15 mg + Paracetamol 120 mg + Chloraphiniramine 2 mg","15 mg",syrup,مل,قارورة,60,"Shiba pharma","Yemen","Respiratory drugs Common Cold",215,1
d0fa1f9b-65f9-4ca8-837d-88a1d6bb59b9,MED-11487,"Fluanxol","Fluanxol (األيشاض انؼمه ٍخ)","flupentixol tablet Central Nervous 1 mg","1 mg",tablet,حبة,شريط,50,"Lundbeck","Denmark","system drugs Mental Disorders",215,3
0f4c06d1-9cda-4de8-8ef9-70dcb24606a9,MED-11488,"Fluanxol - Depot 20","Fluanxol - Depot 20 (األيشاض انؼمه ٍخ)","flupentixol Central Nervous ampule 20 mg / ml","20 mg",injection,أمبولة,باكت,1,"Lundbeck","Denmark","system drugs Mental Disorders",215,4
f08af8a3-2c14-43e5-8b13-7e36b5eb3e3e,MED-11489,"Fluanxol - Depot 40","Fluanxol - Depot 40 (األيشاض انؼمه ٍخ)","flupentixol Central Nervous ampule 40 mg / 2 ml","40 mg / 2 ml",injection,أمبولة,باكت,1,"Lundbeck","Denmark","system drugs Mental Disorders",215,5
b8c8d9b1-b98e-4406-8997-7956a98c1483,MED-11490,"FLUB","FLUB (ٌ انشبئؼخ انذ ٌذا)","flubendazole","",tablet,حبة,شريط,6,"Unknown","Unknown","Anthelmentic Common Worms",215,6
ff356bae-f40d-4042-8bd5-07c348756476,MED-11491,"Fluca","Fluca","Sodium chromoglycate","",suspension,مل,قارورة,1,"Jamjoum Pharma","","Antihistamines Allergy انحغبع ٍخ Saudi Arabia",215,7
70c1a8d7-45ce-45af-8ea0-8a699815d907,MED-11492,"Flucan","Flucan (األنتهبثبد انجذنذ ٌخ)","Fluconazole 150 mg","150 mg",capsule,كبسولة,شريط,2,"Pfizer","USA","Antifungals Dermatitis",216,1
7803dcc3-42c1-49e6-8ef0-a387c6d6711a,MED-11493,"Flucan - 150","Flucan - 150 (األنتهبثبد انجذنذ ٌخ)","Fluconazole capsule 150 mg","150 mg",capsule,كبسولة,شريط,2,"Shiba pharma","Yemen","Antifungals Dermatitis",216,2
37a2f530-7e05-42e7-83c9-ce70f207c240,MED-11494,"Flucand","Flucand (األنتهبثبد انجذنذ ٌخ)","Fluconazole","",capsule,كبسولة,شريط,1,"Unknown","Unknown","Antifungals Dermatitis",216,3
4a694609-536d-407e-82cf-70d0a123ca65,MED-11495,"Fluconazole","Fluconazole (األنتهبثبد انجذنذ ٌخ)","Fluconazole 150 mg","150 mg",capsule,كبسولة,شريط,1,"Bsistol","Unknown","Antifungals Dermatitis",216,4
2c9c6970-2a32-4f01-80a1-7d8ebb6a2ff4,MED-11496,"Fluconazole","Fluconazole (األنتهبثبد انجذنذ ٌخ)","Fluconazole 400 mg","400 mg",injection,أمبولة,باكت,200,"TEVN","Unknown","Antifungals Dermatitis",216,5
bbdcb05d-cbca-43b5-8e87-de20983af359,MED-11497,"Fluconazole","Fluconazole (األنتهبثبد انجذنذ ٌخ)","Fluconazole capsule 150 mg","150 mg",capsule,كبسولة,شريط,2,"BIOPHARM","Yemen","Antifungals Dermatitis",216,6
a87aabac-2fa8-4e00-8ebe-9af43a6ff913,MED-11498,"Fluconazole 150 mg","Fluconazole 150 mg (األنتهبثبد انجذنذ ٌخ)","Fluconazole 150 mg","150 mg",capsule,كبسولة,شريط,1,"WOCKHADT","UK","Antifungals Dermatitis",216,7
88a619d4-b2d7-4c1f-8e45-7ad62b7eb60a,MED-11499,"Flucoral","Flucoral (األنتهبثبد انجذنذ ٌخ)","Fluconazole 150 mg","150 mg",capsule,كبسولة,شريط,2,"SEDICO","Egypt","Antifungals Dermatitis",217,1
b4a6dada-c5a9-4025-87a6-bfe402f10287,MED-11500,"Flucosel","Flucosel (األنتهبثبد انجذنذ ٌخ)","Fluconazole","",capsule,كبسولة,شريط,1,"HANSEL","Unknown","Antifungals Dermatitis",217,2
713fc46d-a0e1-43b7-8260-f47617fbfa49,MED-11501,"Flucotal","Flucotal (األنتهبثبد انجذنذ ٌخ)","Fluconazole 200 mg / 100 ml","200 mg / 100 ml",syrup,مل,قارورة,100,"Vitalis","USA","Antifungals Dermatitis",217,3
16d53e3e-9609-4be2-89a4-5fbbe631748e,MED-11502,"Flucozal 150 mg","Flucozal 150 mg (األنتهبثبد انجذنذ ٌخ)","Each capsule contains 150 mg Fluconazole","150 mg",capsule,كبسولة,شريط,1,"DELORBIS","Cyprus","Antifungals Dermatitis",217,4
44831a66-1df1-4935-854e-80d2cd3fc4de,MED-11503,"Flucozal 150 mg","Flucozal 150 mg (األنتهبثبد انجذنذ ٌخ)","Each capsule contains 150 mg Fluconazole","150 mg",capsule,كبسولة,شريط,1,"EIPICO","Egypt","Antifungals Dermatitis",217,5
4f6ec0e9-9aab-4e3f-82cb-57c3863f1a40,MED-11504,"Fludac","Fludac (األيشاض انؼمه ٍخ)","Fluoxetine Central Nervous capsule 20 mg","20 mg",capsule,كبسولة,شريط,20,"CADILA","India","system drugs Mental Disorders",217,6
fe5aa1b7-c324-4ade-8d9d-df6df910d04a,MED-11505,"Fludinium","Fludinium (األيشاض انؼمه ٍخ)","Trifluoperazine 1 Central Nervous mg + Clidinium bromaid capsule 2.5 mg","2.5 mg",capsule,كبسولة,شريط,30,"Medipharm","Unknown","system drugs Mental Disorders",217,7
eb68fc41-85bd-45c9-84f6-40d90f91a4ba,MED-11506,"FLUDITEC","FLUDITEC (َضالد انجشد)","Carbocisteine 2%","2%",syrup,مل,قارورة,125,"INNOTECH","France","Respiratory drugs Common Cold",218,1
521ee775-a6ed-4f35-8ca8-3b0a635ae3ca,MED-11507,"Fludrin","Fludrin (َضالد انجشد)","Carbocisteine 2%","2%",suspension,مل,قارورة,60,"Global Pharma","Yemen","Respiratory drugs Common Cold",218,2
0d6d6860-9285-43de-88da-b3a2177cab07,MED-11508,"Fluimucil","Fluimucil (Disorders اضطشاثبد انجهبص ً انت ُفغ)","N - acetylcysteine 600 mg","600 mg",tablet,حبة,شريط,1,"Zambon","Unknown","Respiratory drugs Respiratory",218,3
fd24776d-006d-43b9-81be-2d1e564333cf,MED-11509,"Fluka - 150","Fluka - 150 (األنتهبثبد انجذنذ ٌخ)","Fluconazole 150 mg","150 mg",tablet,حبة,شريط,1,"CIPLA","India","Antifungals Dermatitis",218,4
1002e85a-ef3a-415b-8ad5-02dc82876748,MED-11510,"Flukit","Flukit (َضالد انجشد)","pseudoephedrine +paracetamol+chl oraphiniramine","",tablet,حبة,شريط,20,"julphar","UAE","Respiratory drugs Common Cold",218,5
2ab95adb-056a-47f6-8a5d-273cf3e2eca0,MED-11511,"Flukit","Flukit (َضالد انجشد)","Pseudoephedrine 15 mg + Paracetamol 120 mg + Chloraphiniramine 2 mg","15 mg",syrup,مل,قارورة,60,"julphar","UAE","Respiratory drugs Common Cold",218,6
53b9c35b-cb4c-4e62-8d75-f14be22cf726,MED-11512,"FLUMOX","FLUMOX (Microbial Infections)","Amoxicillin and Flucloxacilline 250 mg / 5 ml","250 mg / 5 ml",suspension,مل,قارورة,100,"EIPICO","Egypt","Antibiotics ًٍكشوث ٍخ األصبثبد ان",218,7
535dc3c6-62c5-4ecb-8aa4-379977b6d44c,MED-11513,"FLUMOX","FLUMOX (Microbial Infections)","Amoxicillin and Flucloxacilline 500 mg / cap","500 mg",capsule,كبسولة,شريط,2,"EIPICO","Egypt","Antibiotics ًٍكشوث ٍخ األصبثبد ان",219,1
807a0754-42f3-4edb-8df7-3fd5b1d7aa5a,MED-11514,"Flunil -N SR","Flunil -N SR (َضالد انجشد)","Each capsule contains : Cetirizine HCl 5 mg + Pseudoephedrine 120 mg As","5 mg",capsule,كبسولة,شريط,20,"Pharmacare","Yemen","Respiratory drugs Common Cold",219,2
244be7ae-f0f5-4afc-8b47-ae169d96c594,MED-11515,"Fluoxet - 20","Fluoxet - 20 (األيشاض انؼمه ٍخ)","Fluoxetine Central Nervous capsule 20 mg","20 mg",capsule,كبسولة,شريط,30,"Sothema","Morocco","system drugs Mental Disorders",219,3
a52209fc-be1e-4c7e-8a1f-f09bd63e1127,MED-11516,"Flutab","Flutab (Analgesic يهذئبد األوجبع وانح ًى)","Paracetamol 500 mg + pseudoep hedrine 30 mg + diphenhydr amine 25 mg / tablet","500 mg",tablet,حبة,شريط,20,"SPIMACO","","Nonsteroidal Anti- Antipyretic - Saudi Arabia",219,4
60e4eddf-082a-42f9-84b0-20b80bb56277,MED-11517,"Flutab","Flutab (َضالد انجشد)","pseudoephedrine+ triprolidin +paracetamol","",tablet,حبة,شريط,20,"SPIMACO","","Respiratory drugs Common Cold Saudi Arabia",219,5
5d61532f-31b9-4f92-885c-a30e522be68c,MED-11518,"Fluvoxin - 50","Fluvoxin - 50 (األيشاض انؼمه ٍخ)","Fluvoxamine Central Nervous tablet 50 mg","50 mg",tablet,حبة,شريط,50,"SUN","India","system drugs Mental Disorders",219,6
e89a4e62-b292-4857-80f0-f2c5cc81f4a3,MED-11519,"Folatine","Folatine","Folic Acid tablet 400 mcg .","400 mcg",tablet,حبة,شريط,60,"LIFEPLAN","Unknown","Vitamines and Menirals Anaemia فمش انذو",219,7
dc95f6e9-b615-41ec-89c7-ca4dd83fbd27,MED-11520,"Folic Acid","Folic Acid","Folic Acid tablet 400 mcg .","400 mcg",tablet,حبة,شريط,100,"CENTURY","USA","Vitamines and Menirals Anaemia فمش انذو",220,1
50ac0135-4960-4fbf-851a-0210d1713e78,MED-11521,"Folic Acid","Folic Acid","Folic Acid tablet 400 mcg .","400 mcg",tablet,حبة,شريط,90,"Appeton","Unknown","Vitamines and Menirals Anaemia فمش انذو",220,2
c66876c9-314e-4a09-8699-ec2e114c7c7d,MED-11522,"Folic Acid","Folic Acid","Folic Acid tablet 400 mcg .","400 mcg",tablet,حبة,شريط,90,"Vitarenew","Unknown","Vitamines and Menirals Anaemia فمش انذو",220,3
7878c43c-ef03-4d40-8dc8-f25124e07758,MED-11523,"Folic Acid","Folic Acid","Folic Acid","",tablet,حبة,شريط,5,"NILE CO.","Egypt","Vitamines and Menirals Anaemia فمش انذو",220,4
2189ab3e-1bb9-463b-8729-919c3a3ea531,MED-11524,"Folic Acid","Folic Acid","Folic Acid","",tablet,حبة,شريط,50,"Unknown","Unknown","Vitamines and Menirals Anaemia فمش انذو",220,5
daa1b5a2-3145-433c-8528-55c8c7fddada,MED-11525,"Folic Acid","Folic Acid","Folic Acid 5 mg","5 mg",tablet,حبة,شريط,30,"Global Pharma","Yemen","Vitamines and Menirals Anaemia فمش انذو",220,6
5062500a-c618-4323-8103-92a79695d6a1,MED-11526,"Folic Acid 5 mg","Folic Acid 5 mg","Folic Acid tablet 5 mg .","5 mg",tablet,حبة,شريط,28,"WOCKHADT","UK","Vitamines and Menirals Anaemia فمش انذو",220,7
5cf1cca5-ad47-48a9-825a-cc16022c0aa5,MED-11527,"Folic Acid Tablets","Folic Acid Tablets","Folic Acid tablet 400 mcg .","400 mcg",tablet,حبة,شريط,200,"Jamieson","Canada","Vitamines and Menirals Anaemia فمش انذو",221,1
a6ace2f8-b94f-4809-82df-e9088dc3cead,MED-11528,"Folin - B 6","Folin - B 6 (Deficiency َمص ف ٍتبي ٍُبد)","Vitamin B 6 5 mg + folic acid 50 mg","5 mg",tablet,حبة,شريط,30,"Modern Pharama","Yemen","Vitamines and Menirals Vitamins",221,2
8bd05c68-1466-41a5-82ae-472fdc207324,MED-11529,"FOLIRON","FOLIRON","Ferrous Sulfate 150 mg + Folic Acid 0.5 mg / cap .","150 mg",other,وحدة,علبة,1,"Medreich Limited","Unknown","Vitamines and Menirals Anaemia فمش انذو",221,3
ffc97870-0c82-40f4-89cb-757abe2dc2d6,MED-11530,"Folmid","Folmid","Folic Acid tablet 5 mg .","5 mg",tablet,حبة,شريط,50,"Medeco Lab.","Unknown","Vitamines and Menirals Anaemia فمش انذو",221,4
4322c1cc-629f-4e4e-831e-8319e50467f6,MED-11531,"Folvit - 12","Folvit - 12 (Deficiency َمص ف ٍتبي ٍُبد)","Hydroxocobalami n 1000 mcg + folic acid 1000 mcg + vit . B 6 20 mg","1000 mcg",injection,أمبولة,باكت,2,"MUP","Egypt","Vitamines and Menirals Vitamins",221,5
31f083db-d316-4fcc-881b-fbef9aa6b9a7,MED-11532,"Foracort 100","Foracort 100 (Asthma انشثى ً انشؼج)","budesonide +formoterol","",spray,بخة,علبة,120,"CIPLA","India","Respiratory drugs Bronchial",221,6
fd87cd51-764d-4e17-8ec8-05b17cba2245,MED-11533,"Foracort - 200","Foracort - 200 (Asthma انشثى ً انشؼج)","Budesonide +formoterol","",spray,بخة,علبة,120,"CIPLA","India","Respiratory drugs Bronchial",221,7
c8949ed8-7d54-4753-8ed3-b5b0d163ad27,MED-11534,"Foracort - 100","Foracort - 100 (Asthma انشثى ً انشؼج)","budesonide +formoterol","",capsule,كبسولة,شريط,30,"CIPLA","India","Respiratory drugs Bronchial",222,1
816c6471-d87c-43bf-8370-7b0ef9bfe8af,MED-11535,"Forasef","Forasef (Infections األصبثبد انجكت ٍش ٌخ)","Ceftriaxone Sodium","",injection,أمبولة,باكت,1,"Bilim","Turkey","Antibacterial Bacterial",222,2
ae793b95-6178-4ea5-85ef-6e19b8a66209,MED-11536,"forcan - 150","forcan - 150 (األنتهبثبد انجذنذ ٌخ)","Fluconazole capsule 150 mg","150 mg",capsule,كبسولة,شريط,1,"CIPLA","India","Antifungals Dermatitis",222,3
5668d8dc-afda-490b-86f0-bca5221a72ea,MED-11537,"Forgine","Forgine","Combination","",other,وحدة,علبة,1,"Unknown","Unknown","Antiseptic and Desinfectants Antiseptic يطهشاد",222,4
4aa71cfc-5cee-4960-8231-3a06e94942d4,MED-11538,"Forgyne","Forgyne","Unknown","",other,وحدة,علبة,1,"Unknown","Unknown","Unknown Unknown",222,5
0ed10783-034f-4058-8a8f-702db313348e,MED-11539,"Forpar","Forpar (Infections األصبثبد انجكت ٍش ٌخ)","Cefepime","",injection,أمبولة,باكت,1,"CIPLA","India","Antibacterial Bacterial",222,6
f82a5926-129d-4b52-8475-0f3bba0753f0,MED-11540,"Forsef - 1 gm","Forsef - 1 gm (Infections األصبثبد انجكت ٍش ٌخ)","Ceftriaxone Sodium","1 g",injection,أمبولة,باكت,1,"Bilim","Turkey","Antibacterial Bacterial",222,7
cbc89e31-9772-4c61-81ab-74f3140dc086,MED-11541,"Forsef 0.5 gm","Forsef 0.5 gm (Infections األصبثبد انجكت ٍش ٌخ)","Ceftriaxone Sodium","0.5 g",injection,أمبولة,باكت,1,"Bilim","Turkey","Antibacterial Bacterial",223,1
201651c9-a8e4-4c25-8b6f-18de9ca42304,MED-11542,"Fortazaar","Fortazaar (استفبع ضغظ انذو)","HCTZ + Losartan Cardio Vascular","",tablet,حبة,شريط,28,"MSD","USA","System drugs Hypertension",223,2
1df1ee38-6c6f-4e87-8bd3-966fc30d78a2,MED-11543,"Forticef","Forticef (Microbial Infections)","Unknown","",suspension,مل,قارورة,75,"Unknown","Unknown","Antibiotics ًٍكشوث ٍخ األصبثبد ان",223,3
c2248f92-00d1-46b7-85a6-764f742e1b0e,MED-11544,"Fortymox","Fortymox","Moxifloxacin Hydrochloride 0.5%","0.5%",syrup,مل,قارورة,10,"Orchidia Pharma","Egypt","Ophthalmic drugs Eye ٍٍ انؼ",223,4
a237fa52-395e-4bec-8e5b-b8a652fb3591,MED-11545,"Forus","Forus","Unknown","",suspension,مل,قارورة,10,"Unknown","Unknown","Unknown Eye ٍٍ انؼ",223,5
a6e1ade9-4244-4b3a-84db-1697a34c7cef,MED-11546,"Forus","Forus","Polymexin + Neomycin + Dexamethasone","",suspension,مل,قارورة,1,"Unknown","Unknown","Antibacterial Eye ٍٍ انؼ",223,6
feb14a11-c5d8-4662-820f-1bb25b7d43c5,MED-11547,"Fosamax","Fosamax (انتهبثبد انؼظبو)","Alendronate sodium + Vitamine D 3","",tablet,حبة,شريط,2,"EGYPHAR","Egypt","Osteoarthritis drugs Osteoarthritis",223,7
db5348b9-f2a4-4406-8f39-60b746b9b173,MED-11548,"Fricks","Fricks (َضالد انجشد)","lozenges","",other,وحدة,علبة,1,"Lozen Pharma","India","Respiratory drugs Common Cold",224,1
06e6329d-b1f5-4cfb-871a-2734c53cee87,MED-11549,"Fricks","Fricks (َضالد انجشد)","Different Lozenges Ingredients","",other,وحدة,علبة,24,"Lozen Pharma","India","Antiseptic and Desinfectants Common Cold",224,2
18e1aa24-7a95-425b-87c4-0003cd70b1e0,MED-11550,"Fromilid","Fromilid (Disorders اضطشاثبد انجهبص ً انت ُفغ)","Clarithromycin 250 mg / tab","250 mg",tablet,حبة,شريط,14,"KRKA","India","Antibiotics Respiratory",224,3
7179dd2e-319e-4cfb-8767-9b793f7f1db9,MED-11551,"Fromilid Uno","Fromilid Uno (Disorders اضطشاثبد انجهبص ً انت ُفغ)","Clarithromycin 500 mg / tab","500 mg",tablet,حبة,شريط,7,"KRKA","India","Antibiotics Respiratory",224,4
9b316bd5-37d4-4aea-8748-f522fccef494,MED-11552,"FRUTAMIN","FRUTAMIN (انهضى)","NaHCO 2.80 g + citric acid 1.33 g + titraic acid 0.82 g","2.80 g",other,وحدة,علبة,1,"Modern Pharama","Yemen","Gastro Intestinal drugs Indigestion عىء",224,5
3d35fe43-595d-41e2-894a-473eebf57a30,MED-11553,"Fucicort","Fucicort (األنتهبثبد انجذنذ ٌخ)","Fusidic Acid","",other,وحدة,علبة,1,"Unknown","Unknown","Antibacterial Dermatitis",224,6
62d7c544-b029-4894-8a23-a021d7014d0d,MED-11554,"Fucidal","Fucidal (األنتهبثبد انجذنذ ٌخ)","Fusidic Acid 2 %","2 %",cream,أنبوب,علبة,15,"YEDCO","Yemen","Antibacterial Dermatitis",224,7
9a994be3-a42c-4d2e-87c0-3e4cfdc4d2f6,MED-11555,"Fucide","Fucide (األنتهبثبد انجذنذ ٌخ)","Sodium Fusidate","",cream,أنبوب,علبة,15,"Shaphaco","Yemen","Antibacterial Dermatitis",225,1
7400cef6-c8a8-4cc0-893f-bf1d9f84189f,MED-11556,"Fucidol","Fucidol (األنتهبثبد انجذنذ ٌخ)","Fusidic Acid 2%","2%",cream,أنبوب,علبة,15,"Global Pharma","Yemen","Antibacterial Dermatitis",225,2
bc2e29e1-1e53-4bdd-8779-a6f52b89ed26,MED-11557,"Fucidol-B","Fucidol-B (األنتهبثبد انجذنذ ٌخ)","Fusidic Acid 2% + Betamethasone 0.1%","2%",other,وحدة,علبة,1,"Unknown","Unknown","Antibacterial Dermatitis",225,3
b046f842-a205-4f2d-8503-48e60e367a6a,MED-11558,"Fucithalmic","Fucithalmic","Fusidic Acid","",drops,مل,قطارة,5,"LEO","Denmark","Antibacterial Eye ٍٍ انؼ",225,4
a29e69de-3373-4a59-861a-eb63d9bcffe7,MED-11559,"Fucithalmic","Fucithalmic","Fusidic Acid","",ointment,أنبوب,علبة,5,"LEO","Denmark","Antibacterial Eye ٍٍ انؼ",225,5
3e7343d3-406b-47be-8f6b-41d330f26ca6,MED-11560,"FUKOLE","FUKOLE (األنتهبثبد انجذنذ ٌخ)","Fluconazole 150 mg","150 mg",capsule,كبسولة,شريط,1,"Y.S.P.","Malaysia","Antifungals Dermatitis",225,6
e4ad0d12-32a3-4c0a-888b-8f2780715456,MED-11561,"Fungidal Cream","Fungidal Cream (األنتهبثبد انجذنذ ٌخ)","Miconazole Nitrate 200 mg","200 mg",cream,أنبوب,علبة,10,"SQUARE","Unknown","Antifungals Dermatitis",225,7
365fcee0-055d-40ca-8cb0-f160339085d0,MED-11562,"Fungimid 150","Fungimid 150 (األنتهبثبد انجذنذ ٌخ)","Fluconazole","",other,وحدة,علبة,1,"MID Pharma","Jordan","Antifungals Dermatitis",226,1
5816a5c2-8c26-416f-8eb9-6e1023aaca2c,MED-11563,"Fungistatin","Fungistatin (األنتهبثبد انجذنذ ٌخ)","Nystatin 100000 i . u .","",suspension,مل,قارورة,30,"Delta pharma","Egypt","Antifungals Dermatitis",226,2
019d2f8b-f3e0-49d8-8f44-8579f5a619b0,MED-11564,"Furamebe","Furamebe (Gardiasis جبسد ٌب واي ٍج ٍب)","Metronidazole","",other,وحدة,علبة,1,"Unknown","Unknown","Antiprtozoal Amoebiasis ,",226,3
5f74fd22-07f5-4896-8b04-329804b7ec00,MED-11565,"FURAMET","FURAMET (Gardiasis جبسد ٌب واي ٍج ٍب)","Metronidazole 200 mg + Diloxnide 250 mg","200 mg",tablet,حبة,شريط,30,"BIOPHARM","Yemen","Antiprtozoal Amoebiasis ,",226,4
94e7213f-8ad5-47a4-81f5-a318d12d0af1,MED-11566,"Furazina","Furazina (األنتهبثبد انجذنذ ٌخ)","Nitrofurazone","",ointment,أنبوب,علبة,30,"Unknown","Unknown","Antibacterial Dermatitis",226,5
23bdd649-9137-4517-8781-ea5809e16ec4,MED-11567,"FURAZOL","FURAZOL (Gardiasis جبسد ٌب واي ٍج ٍب)","Metronidazole","",suspension,مل,قارورة,100,"EIPICO","Egypt","Antiprtozoal Amoebiasis ,",226,6
d8ae8b40-8f57-4e8b-89f0-547ca2d04b96,MED-11568,"FURAZOL","FURAZOL (Gardiasis جبسد ٌب واي ٍج ٍب)","Metronidazole 200 mg + diloxnide 250 mg","200 mg",tablet,حبة,شريط,30,"EIPICO","Egypt","Antiprtozoal Amoebiasis ,",226,7
7830d4f7-ff1e-4adc-8869-d72b32250b11,MED-11569,"Furopine","Furopine","Unknown","",suspension,مل,قارورة,60,"B.M Pharma","Thailand","Gastro Intestinal drugs Diarrhea األعهبل",227,1
71206fd1-b7fe-4f18-81d5-bcb5ee8c0baf,MED-11570,"Fusi","Fusi (األنتهبثبد انجذنذ ٌخ)","Unknown","",cream,أنبوب,علبة,15,"PHARCO","Egypt","Antibacterial Dermatitis",227,2
923b204f-8124-47a5-8a3f-52c41622528e,MED-11571,"Fusidate","Fusidate (األنتهبثبد انجذنذ ٌخ)","Fusidic Acid","",ointment,أنبوب,علبة,20,"BALSAM","Syria","Antibacterial Dermatitis",227,3
6996ef7d-e7ee-463e-8dbb-e54c8e48a5bc,MED-11572,"Fusidate","Fusidate (األنتهبثبد انجذنذ ٌخ)","Sodium Fusidate","",other,وحدة,علبة,1,"Unknown","Unknown","Antibacterial Dermatitis",227,4
8dc4a604-9cde-4039-8c43-a9ee89d935c9,MED-11573,"fusimide 40","fusimide 40 (استفبع ضغظ انذو)","Furosemide 40 Cardio Vascular mg / tablet","",tablet,حبة,شريط,20,"BIOPHARM","Yemen","System drugs Hypertension",227,5
819aa4ec-1940-4bf1-8358-d0f6e3610864,MED-11574,"Fusl","Fusl (األنتهبثبد انجذنذ ٌخ)","Unknown","",cream,أنبوب,علبة,15,"PHARCO","Egypt","Antibacterial Dermatitis",227,6
ce65f704-865d-4d11-8c94-5bc4db0b7367,MED-11575,"Fybogel","Fybogel (األيغبن)","Ispaghula husk eff","",other,وحدة,علبة,1,"Reckett Benckiser =UK","Unknown","Gastro Intestinal drugs Constipation",227,7
a2102195-d1e8-4725-80e5-b1e07f641ce5,MED-11576,"Fybogel","Fybogel (األيغبن)","Natural Fibre","",other,وحدة,علبة,1,"Unknown","Unknown","Gastro Intestinal drugs Constipation",228,1
1338de15-1a0d-4c4a-8df9-0ca9f2faf2a1,MED-11577,"Fybogel","Fybogel (األيغبن)","Natural Fibre","",other,وحدة,علبة,10,"Unknown","Unknown","Gastro Intestinal drugs Constipation",228,2
c4fd0ea9-a3b5-4a7d-8996-c34f42eda330,MED-11578,"Gabakern 300 mg","Gabakern 300 mg","Gabapentin tablet Central Nervous 300 mg","300 mg",tablet,حبة,شريط,30,"KERN pharma","Korea","system drugs Epilepsy انصشع",228,3
efc1d2e9-25a3-460e-8c35-b2ade249b721,MED-11579,"Gabantin 300","Gabantin 300","Gabapentin tablet Central Nervous 300 mg","300 mg",tablet,حبة,شريط,30,"SUN","India","system drugs Epilepsy انصشع",228,4
42437ef4-45cd-4243-80d1-a0cbe2875b29,MED-11580,"Gabapentin - 100","Gabapentin - 100","Gabapentin Central Nervous capsule 100 mg","100 mg",capsule,كبسولة,شريط,20,"NCPI","Syria","system drugs Epilepsy انصشع",228,5
e00908d6-0035-4b80-8bde-fcaba320d8a0,MED-11581,"Gabatrex","Gabatrex","Gabapentin Central Nervous capsule 400 mg","400 mg",capsule,كبسولة,شريط,50,"Hikma","Jordan","system drugs Epilepsy انصشع",228,6
e3066385-e545-4b17-8212-4aa83c9ed5d5,MED-11582,"GABATREX","GABATREX","Gabapentin Central Nervous","",capsule,كبسولة,شريط,50,"HIKMA","Jordan","system drugs Epilepsy انصشع",228,7
b1b0bf73-2ceb-4ec7-8880-229e7f84a04e,MED-11583,"Galfer","Galfer","Ferrous fumarate 140 mg / 5 ml","140 mg / 5 ml",suspension,مل,قارورة,100,"Unknown","Unknown","Vitamines and Menirals Anaemia فمش انذو",229,1
159c4457-a5d7-449c-891c-54d209104adc,MED-11584,"Galfer fa","Galfer fa","Ferrous fumarate 305 mg + 0.35 mg folic acid","305 mg",capsule,كبسولة,شريط,28,"Unknown","Unknown","Vitamines and Menirals Anaemia فمش انذو",229,2
3e6db788-88d9-4cd4-8b9c-7c08d80700f5,MED-11585,"Galvus","Galvus (أيشاض انغكشي)","Vildagliptin 50 mg","50 mg",tablet,حبة,شريط,28,"Novartis","Switzerland","Antidiabetics Diabetes Mellitus",229,3
d08c09b9-1dc0-4c6f-8a8e-1f0e888b12b9,MED-11586,"Ganvir","Ganvir","Ganciclovir 0.15%","0.15%",ointment,أنبوب,علبة,10,"Orchidia Pharma","Egypt","Ophthalmic drugs Eye ٍٍ انؼ",229,4
b0e2cc4c-7c41-4d67-8e65-0744cc904070,MED-11587,"Gasec","Gasec (ان ًؼذح)","Omeprazol","",capsule,كبسولة,شريط,14,"Mephe","Unknown","Gastro Intestinal drugs Peptic ulcer لشحخ",229,5
d62cb885-2d91-493d-8e8a-dc99fd74b2d8,MED-11588,"Gasex","Gasex (انهضى)","Herbal extract","",other,وحدة,علبة,1,"Co","India","Gastro Himalaya Drug Intestinal drugs Indigestion عىء",229,6
75477459-9f2c-4f95-8918-03143fba64d1,MED-11589,"Gastrazole","Gastrazole (ان ًؼذح)","Omeprazole","",capsule,كبسولة,شريط,14,"European Egyption Pharma","Egypt","Gastro Intestinal drugs Peptic ulcer لشحخ",229,7
9e028873-cc1b-4d1d-8ff6-0da95a850146,MED-11590,"Gast-Reg","Gast-Reg (Spasm ٍ آالو انجط)","Trimebutine 100 mg","100 mg",tablet,حبة,شريط,20,"AMOUN","Egypt","Gastro Intestinal drugs Abdominal",230,1
08c94e02-d733-4e96-8320-c03f5fcf053d,MED-11591,"Gast-Reg","Gast-Reg (Spasm ٍ آالو انجط)","Trimebutline maleate 200 mg","200 mg",tablet,حبة,شريط,20,"AMOUN","Egypt","Gastro Intestinal drugs Abdominal",230,2
e5f28794-f107-477e-8bce-d5f085653add,MED-11592,"Gastrimut","Gastrimut (ان ًؼذح)","Omeprazole","",capsule,كبسولة,شريط,14,"Normon","Spain","Gastro Intestinal drugs Peptic ulcer لشحخ",230,3
1ae55009-1370-45f8-822f-c8a3a855a2e5,MED-11593,"GASTROFAIT","GASTROFAIT (ان ًؼذح)","Sucralfate 1 gm","1 g",tablet,حبة,شريط,20,"EIPICO","Egypt","Gastro Intestinal drugs Peptic ulcer لشحخ",230,4
6daabb43-50ff-43d2-86fb-7d555cbf1d8f,MED-11594,"Gastrosec","Gastrosec (ان ًؼذح)","Pantoprazole","",tablet,حبة,شريط,2,"HANSEL","Unknown","Gastro Intestinal drugs Peptic ulcer لشحخ",230,5
630d8e75-4923-4aea-86e5-2d6a2ce7a12f,MED-11595,"Gatistar","Gatistar","Gatifloxacin 0.5%","0.5%",syrup,مل,قارورة,5,"Orchidia Pharma","Egypt","Antibacterial Eye ٍٍ انؼ",230,6
8c87d76f-22ea-4d16-8926-525a4e43dccb,MED-11596,"Gatistar","Gatistar","Gatifloxacin 0.3%","0.3%",syrup,مل,قارورة,5,"Orchidia Pharma","Egypt","Antibacterial Eye ٍٍ انؼ",230,7
9130c49b-d914-4c67-897c-b1527e769cea,MED-11597,"Gaviscon","Gaviscon (انهضى)","Sodium Alginate + Sodium Bicarbonate while Gaviscon extra strenght contain","",tablet,حبة,شريط,24,"Unknown","Unknown","Gastro Intestinal drugs Indigestion عىء",231,1
5c77ce87-3b1e-46b0-82f7-97423593b522,MED-11598,"Gaviscone","Gaviscone (انهضى)","Na . Aligenate 500 mg + Na . bicarbonate 267 mg + Ca . carbonate 160 mg","500 mg",tablet,حبة,شريط,24,"Reckett Benckiser =UK","Unknown","Gastro Intestinal drugs Indigestion عىء",231,2
681d7928-ffe6-46cf-850b-280ba257e9ef,MED-11599,"Gaviscone","Gaviscone (انهضى)","Na . Aligenate 500 mg + Na . bicarbonate 267 mg + Ca . carbonate 160 mg","500 mg",suspension,مل,قارورة,1,"Reckett Benckiser =UK","Unknown","Gastro Intestinal drugs Indigestion عىء",231,3
1cc32abb-56bd-40c5-8e0c-50581dbaa96d,MED-11600,"Gelo Cough","Gelo Cough (َضالد انجشد)","Dextromethorphan","",other,وحدة,علبة,1,"Unknown","Unknown","Respiratory drugs Common Cold",231,4
48e8fd60-fd43-4e2b-84f4-9b652ed71895,MED-11601,"Gelofen","Gelofen (األوجبع)","Ibuprofen","",other,وحدة,علبة,1,"Unknown","Unknown","Non-Steroidal Anti- Analgesic يهذئبد",231,5
331a848e-2c66-41f6-83b8-86aa46b5f71d,MED-11602,"Gelofen compound","Gelofen compound (Analgesic يهذئبد األوجبع وانح ًى)","Acetaminophen 325 mg + Caffine 40 mg + Ibuprofen 200 mg","325 mg",capsule,كبسولة,شريط,30,"Daana Pharma","Unknown","Non-Steroidal Anti- Antipyretic -",231,6
a1e89a7b-90d1-40d0-8572-14d69dd54351,MED-11603,"Gelofen- Sinus","Gelofen- Sinus (األوجبع)","Ibuprofen","",capsule,كبسولة,شريط,40,"Unknown","Unknown","Non-Steroidal Anti- Analgesic يهذئبد",231,7
aef901c0-b508-4547-880c-b2dd5a6a6d0f,MED-11604,"Gencet","Gencet","Cetirizine Hydrochloride 10 mg","10 mg",tablet,حبة,شريط,20,"Neopharma","UAE","Antihistamines Allergy انحغبع ٍخ",232,1
d5b36072-8cb4-4b4f-8515-0f9f96e1f020,MED-11605,"GENTALAB","GENTALAB (Infections ًٍكشوث ٍخ األصبثبد ان انخط ٍشح)","Gentamicin Sulfate 80 mg / 2 ml","80 mg / 2 ml",injection,أمبولة,باكت,2,"LABORATE","India","Antibiotics Serious M .",232,2
3cfeae4d-bd60-44d2-8e40-db01c4852312,MED-11606,"Gentamicin","Gentamicin (األنتهبثبد انجذنذ ٌخ)","Gentamicin Sulfate","",ointment,أنبوب,علبة,30,"MEDICO LABS","Syria","Antibiotics Dermatitis",232,3
dfce7a44-6561-42af-82fb-1df394880c2b,MED-11607,"Gentamicin","Gentamicin","Gentamicin Sulfate","",drops,مل,قطارة,10,"EIPICO","Egypt","Antibiotics Eye ٍٍ انؼ",232,4
b9f104b8-3799-4c9f-8d1d-657194bd4a2a,MED-11608,"Gentamicin","Gentamicin (Infections ًٍكشوث ٍخ األصبثبد ان انخط ٍشح)","Gentamicin Sulfate","",other,وحدة,علبة,1,"Unknown","Unknown","Antibiotics Serious M .",232,5
b31f5266-cc4e-4241-8e5a-d80af60b6c94,MED-11609,"Gentamicin","Gentamicin (Infections ًٍكشوث ٍخ األصبثبد ان انخط ٍشح)","Gentamicin Sulfate 40 mg / 1 ml","40 mg / 1 ml",injection,أمبولة,باكت,2,"Unknown","","Antibiotics Serious M .",232,6
75c696ff-e7a2-4d1e-8f57-c312235be11b,MED-11610,"Gentamicin 40","Gentamicin 40 (Infections ًٍكشوث ٍخ األصبثبد ان انخط ٍشح)","Gentamicin Sulfate 40 mg / 1 ml","40 mg / 1 ml",injection,أمبولة,باكت,10,"KRKA","India","Antibiotics Serious M .",232,7
21489283-042f-4793-83e0-e9a3bdad001d,MED-11611,"Gentamicin 80","Gentamicin 80 (Infections ًٍكشوث ٍخ األصبثبد ان انخط ٍشح)","Gentamicin Sulfate 80 mg / 2 ml","80 mg / 2 ml",injection,أمبولة,باكت,10,"KRKA","India","Antibiotics Serious M .",233,1
ca69dd12-9fb2-43a2-8ecb-366549f156ca,MED-11612,"gentamicina solfato","gentamicina solfato (Infections ًٍكشوث ٍخ األصبثبد ان انخط ٍشح)","Gentamicin Sulfate 80 / 2 ml","2 ml",injection,أمبولة,باكت,1,"LFM","Italy","Antibiotics Serious M .",233,2
5cd21405-808d-443f-85c4-284422fcc2c7,MED-11613,"Gentamicine","Gentamicine (Infections ًٍكشوث ٍخ األصبثبد ان انخط ٍشح)","Gentamicin Sulfate 80 / 2 ml","2 ml",injection,أمبولة,باكت,1,"NCPC","China","Antibiotics Serious M .",233,3
d57dcdd3-b21d-4fa1-8514-639842dfcc25,MED-11614,"Gentamycin","Gentamycin (Infections ًٍكشوث ٍخ األصبثبد ان انخط ٍشح)","Gentamicin Sulfate 80 mg","80 mg",injection,أمبولة,باكت,10,"Shanghai pharmaceutical","China","Antibiotics Serious M .",233,4
b5c8a893-f90c-4b53-8bad-f19772afabc8,MED-11615,"Gentamycin","Gentamycin (Infections ًٍكشوث ٍخ األصبثبد ان انخط ٍشح)","Gentamicin Sulfate 80 mg","80 mg",injection,أمبولة,باكت,10,"HUAYANG","China","Antibiotics Serious M .",233,5
945585ec-c63d-4a69-8158-df5e9f440ff6,MED-11616,"Gentamycin","Gentamycin (Infections ًٍكشوث ٍخ األصبثبد ان انخط ٍشح)","Gentamicin Sulfate 80 mg / 2 ml = 40 mg / ml","80 mg / 2 ml",injection,أمبولة,باكت,2,"KWALITY","India","Antibiotics Serious M .",233,6
60a040fd-5d62-4163-8185-d12b4d03cba5,MED-11617,"Gentamycin","Gentamycin (Infections ًٍكشوث ٍخ األصبثبد ان انخط ٍشح)","Gentamicin Sulfate 80 mg / 2 ml = 40 mg / 1 ml","80 mg / 2 ml",injection,أمبولة,باكت,2,"SHIN POONG","Korea","Antibiotics Serious M .",233,7
e8f598cf-4063-44c2-8cd1-92a9fe4a15fa,MED-11618,"GENTAMYCIN EYE OIN","GENTAMYCIN EYE OIN","Gentamicin Sulfate","",ointment,أنبوب,علبة,5,"MEDICO LABS","Syria","Antibiotics Eye ٍٍ انؼ",234,1
9af57753-4faa-4fe6-8095-622967f722b4,MED-11619,"GENTO","GENTO (Infections ًٍكشوث ٍخ األصبثبد ان انخط ٍشح)","Gentamicin Sulfate 40 mg / 1 ml","40 mg / 1 ml",injection,أمبولة,باكت,2,"WOCKHADT","","Antibiotics Serious M .",234,2
ae2b2a2b-ea7a-45f1-889a-cfbe3d0fa696,MED-11620,"GERVIZINE","GERVIZINE (Deficiency َمص ف ٍتبي ٍُبد)","vit , A 400 I . U + vit . E 25 I . U + vit . C 200 mg + vit . B 1 2.5 mg + vit . B 2 5 mg + vit . B 6","200 mg",capsule,كبسولة,شريط,20,"RAMEDA","Egypt","Vitamines and Menirals Vitamins",234,3
d5e8b831-b220-4d9f-81eb-59b8cce8bbbf,MED-11621,"GESAL Cream","GESAL Cream (األوجبع)","Diethylamine Salicylate 0.1 gm","0.1 g",cream,أنبوب,علبة,40,"Shaphaco","Yemen","NSAID Analgesic يهذئبد",234,4
0a4f1002-c4d0-429c-8f2a-1683134bbeb6,MED-11622,"GESTAL","GESTAL (ا َمطبع انط ًث)","progesteron","",tablet,حبة,شريط,20,"ALFURQAN PHARMA","Unknown","Gynaecology drugs Amenorrhea",234,5
fbdae539-f775-40a2-89f6-282a2b5e8368,MED-11623,"GESTAMRIT","GESTAMRIT","Allyestrenol","",tablet,حبة,شريط,20,"AMRIYA PHARMA","Egypt","Gynaecology drugs Abortion األجهبض",234,6
07ddec20-ac1d-4848-869b-9ea1e4c47f2c,MED-11624,"Ginsana","Ginsana (Deficiency َمص ف ٍتبي ٍُبد)","Multi vit +Ginseng","",capsule,كبسولة,شريط,30,"Ginsana","Unknown","Vitamines and Menirals Vitamins",234,7
5574f993-6680-4a07-8a5c-e0d39ca2c2de,MED-11625,"GINSAVIT","GINSAVIT (Deficiency َمص ف ٍتبي ٍُبد)","vitamin,amino acids,mineral,gins eng","",capsule,كبسولة,شريط,30,"Huons","Korea","Vitamines and Menirals Vitamins",235,1
6eb137c2-da29-4b1e-8427-0b6242b03c03,MED-11626,"GINSING TON","GINSING TON (Deficiency َمص ف ٍتبي ٍُبد)","Multi vit +Ginseng","",other,وحدة,علبة,1,"Huons","Korea","Vitamines and Menirals Vitamins",235,2
cd0f4fc7-df79-48bc-8b7e-45132f050b9b,MED-11627,"Gioryl-M","Gioryl-M (أيشاض انغكشي)","Metformin 500 mg + glimepirid e 2 mg","500 mg",tablet,حبة,شريط,30,"Global Pharma","Yemen","Antidiabetics Diabetes Mellitus",235,3
841a9451-65ef-46b9-8912-cab0e587d89e,MED-11628,"Glafer","Glafer","Ferrous Fumarate oral suspension 140 mg / 5 ml .","140 mg / 5 ml",syrup,مل,قارورة,100,"Thornton&ross ltd(UK)","UK","Vitamines and Menirals Anaemia فمش انذو",235,4
1046285e-505f-4ed4-8d03-1985b48d034a,MED-11629,"Glafer-Fa","Glafer-Fa","Ferrous Sulfate 305 mg + Folic Acid 0.36 mg / capsule .","305 mg",capsule,كبسولة,شريط,28,"Thornton&ross ltd(UK)","UK","Vitamines and Menirals Anaemia فمش انذو",235,5
17f54eea-7c9e-4030-8f54-c207fd60c30a,MED-11630,"Glaveral","Glaveral (ان ًؼذح)","Omeprazole","",tablet,حبة,شريط,14,"Help pharmaceutical","Unknown","Gastro Intestinal drugs Peptic ulcer لشحخ",235,6
4646a957-50ee-427b-8865-0e01d2a85b4a,MED-11631,"Glecomin","Glecomin (أيشاض انغكشي)","Metformin HCL 850 mg","850 mg",tablet,حبة,شريط,30,"Modern Pharama","Yemen","Antidiabetics Diabetes Mellitus",235,7
a9dfef07-29b3-44e9-8685-c42929674f2c,MED-11632,"Glemax 2","Glemax 2 (أيشاض انغكشي)","Glimepiride 2 mg","2 mg",capsule,كبسولة,شريط,1,"JOSWE","Jordan","Antidiabetics Diabetes Mellitus",236,1
68238fa5-1b64-48d3-85a0-17689625fa54,MED-11633,"Glemax 3","Glemax 3 (أيشاض انغكشي)","Glimepiride 3 mg","3 mg",capsule,كبسولة,شريط,1,"JOSWE","Jordan","Antidiabetics Diabetes Mellitus",236,2
15edfc77-71bd-4401-8e71-2da4f46fe559,MED-11634,"Glemax 4","Glemax 4 (أيشاض انغكشي)","Glimepiride 4 mg","4 mg",capsule,كبسولة,شريط,1,"JOSWE","Jordan","Antidiabetics Diabetes Mellitus",236,3
a4a619d9-809a-4cc5-8c3c-a82081323936,MED-11635,"Glibenase","Glibenase (أيشاض انغكشي)","Glibenclamide 5 mg","5 mg",tablet,حبة,شريط,20,"ADCO","Egypt","Antidiabetics Diabetes Mellitus",236,4
8b5ef090-8405-4a64-8a16-c8b8a38c744e,MED-11636,"glibevance","glibevance (أيشاض انغكشي)","Metformin 500 mg + Metclopromide 5 mg","500 mg",tablet,حبة,شريط,30,"BIOPHARM","Yemen","Antidiabetics Diabetes Mellitus",236,5
b979ccf0-a195-4ef3-85da-9e45fe74578f,MED-11637,"GLIBIL 5 mg","GLIBIL 5 mg (أيشاض انغكشي)","Glibenclamide 5 mg","5 mg",tablet,حبة,شريط,30,"HIKMA","Jordan","Antidiabetics Diabetes Mellitus",236,6
c5585107-caa1-45f1-86c7-b28c3cddae19,MED-11638,"GLIBONIL","GLIBONIL (أيشاض انغكشي)","Glibenclamide 5 mg","5 mg",tablet,حبة,شريط,20,"Shiba pharma","Yemen","Antidiabetics Diabetes Mellitus",236,7
3b8a3c2c-e278-4454-8953-402b267f38d2,MED-11639,"Gliclazide","Gliclazide (أيشاض انغكشي)","Gliclazide 5 mg","5 mg",tablet,حبة,شريط,60,"Unknown","Unknown","Antidiabetics Diabetes Mellitus",237,1
8c6bc6fb-19b1-43ad-8bf2-1f26ab22831e,MED-11640,"GLICOMIN 500","GLICOMIN 500 (أيشاض انغكشي)","Metformin HCL 500 mg","500 mg",tablet,حبة,شريط,30,"Modern Pharama","Yemen","Antidiabetics Diabetes Mellitus",237,2
ba990d49-70fe-4106-85fa-37e75ab235ae,MED-11641,"GLICOMIN 850","GLICOMIN 850 (أيشاض انغكشي)","Metformin HCL 850 mg","850 mg",tablet,حبة,شريط,30,"Modern Pharama","Yemen","Antidiabetics Diabetes Mellitus",237,3
d9eff5db-c768-465b-8a76-81e79efb387c,MED-11642,"Glifix 300 mg","Glifix 300 mg (أيشاض انغكشي)","Pioglitazone Hydrochloride","300 mg",tablet,حبة,شريط,30,"Bilim","Turkey","Antidiabetics Diabetes Mellitus",237,4
02918551-f39a-40fb-8b60-72af13e1d51c,MED-11643,"Glifor 1000 mg","Glifor 1000 mg (أيشاض انغكشي)","Metformin 1000 mg","1000 mg",tablet,حبة,شريط,100,"Bilim","Turkey","Antidiabetics Diabetes Mellitus",237,5
def95f64-2408-4c53-86a1-880fe1d32fec,MED-11644,"Glifor 850 mg","Glifor 850 mg (أيشاض انغكشي)","Metformin 850 mg","850 mg",tablet,حبة,شريط,100,"Bilim","Turkey","Antidiabetics Diabetes Mellitus",237,6
4da5127d-14ba-44df-835a-b4d4b39457d4,MED-11645,"Glimadel 1","Glimadel 1 (أيشاض انغكشي)","Glimepiride 1 mg","1 mg",tablet,حبة,شريط,10,"dp phrma","Unknown","Antidiabetics Diabetes Mellitus",237,7
4193d782-5d64-4304-81e5-dee1892fa53b,MED-11646,"Glimadel 2","Glimadel 2 (أيشاض انغكشي)","Glimepiride 2 mg","2 mg",tablet,حبة,شريط,10,"dp","Unknown","Antidiabetics Diabetes Mellitus",238,1
886ab922-ae99-4d42-8538-0cdddead73fc,MED-11647,"GLIMARYL","GLIMARYL (أيشاض انغكشي)","Glimepiride 3 mg","3 mg",tablet,حبة,شريط,30,"Y.E.PHARMA","Yemen","Antidiabetics Diabetes Mellitus",238,2
e8cce73d-4995-41ce-8549-36ee07da3a10,MED-11648,"GLIMARYL 2","GLIMARYL 2 (أيشاض انغكشي)","Glimepiride 2 mg","2 mg",tablet,حبة,شريط,30,"Y.E.PHARMA","Yemen","Antidiabetics Diabetes Mellitus",238,3
22067041-ca4f-4afc-8359-92b6378e3ef1,MED-11649,"GLIMARYL 2 mg","GLIMARYL 2 mg (أيشاض انغكشي)","Glimepiride 2 mg","2 mg",tablet,حبة,شريط,30,"Y.E.PHARMA","Yemen","Antidiabetics Diabetes Mellitus",238,4
717d45d2-adf1-4b9c-85f3-0304bc2f8fcb,MED-11650,"GLIMARYL 3","GLIMARYL 3 (أيشاض انغكشي)","Glimepiride 3 mg","3 mg",tablet,حبة,شريط,30,"Y.E.PHARMA","Yemen","Antidiabetics Diabetes Mellitus",238,5
24e29e18-ec7b-462d-86b7-ecd5cd63fedd,MED-11651,"Glimcip 2","Glimcip 2 (أيشاض انغكشي)","Glimepiride 2 mg","2 mg",tablet,حبة,شريط,10,"CIPLA","India","Antidiabetics Diabetes Mellitus",238,6
2e2ece50-6ca1-4931-8014-50fb031fd719,MED-11652,"Glimepirid Denk 2","Glimepirid Denk 2 (أيشاض انغكشي)","Glimepiride 2 mg","2 mg",tablet,حبة,شريط,30,"Denk pharma","Germany","Antidiabetics Diabetes Mellitus",238,7
14ef67c2-722a-4e7c-88d6-5935038937e3,MED-11653,"Glimepirid Denk 3","Glimepirid Denk 3 (أيشاض انغكشي)","Glimepiride 3 mg","3 mg",tablet,حبة,شريط,30,"Denk pharma","Germany","Antidiabetics Diabetes Mellitus",239,1
8f41aaa2-de60-43f9-86e9-590b20a4a3a8,MED-11654,"Glipicrone","Glipicrone (أيشاض انغكشي)","Glipicrone","",tablet,حبة,شريط,20,"Unknown","Unknown","Antidiabetics Diabetes Mellitus",239,2
88479ec0-4bfa-4958-8cc5-8235af7ab6f6,MED-11655,"GLIPRYL ??","GLIPRYL ?? (أيشاض انغكشي)","Glimepiride 2 mg","2 mg",tablet,حبة,شريط,20,"RFA","Yemen","Antidiabetics Diabetes Mellitus",239,3
bb58a131-7d98-44cf-86cc-d3988a844fef,MED-11656,"GLIPRYL ???","GLIPRYL ??? (أيشاض انغكشي)","Glimepiride 4 mg","4 mg",tablet,حبة,شريط,20,"RFA","Yemen","Antidiabetics Diabetes Mellitus",239,4
c07c8017-93fb-4a53-809c-c2c5218ca049,MED-11657,"Glipryl 1","Glipryl 1 (أيشاض انغكشي)","Glimepiride 1 mg","1 mg",tablet,حبة,شريط,30,"RAF pharma","Unknown","Antidiabetics Diabetes Mellitus",239,5
e8abe860-ab5e-4ac6-89de-e6a7c6487d5b,MED-11658,"GLIPRYL M","GLIPRYL M (أيشاض انغكشي)","Glimepiride 2 mg + Metformin 500 mg","2 mg",tablet,حبة,شريط,30,"RFA","Yemen","Antidiabetics Diabetes Mellitus",239,6
09b66d8b-b0f2-4981-8ff2-64d7df3d4c74,MED-11659,"GLIPRYL Tablets","GLIPRYL Tablets (أيشاض انغكشي)","Glimepiride 3 mg","3 mg",tablet,حبة,شريط,20,"RFA","Yemen","Antidiabetics Diabetes Mellitus",239,7
0dd22336-6c76-44dc-8d99-86c71395fce2,MED-11660,"Glired 2","Glired 2 (أيشاض انغكشي)","Glimepiride 2 mg","2 mg",tablet,حبة,شريط,30,"Modern Pharama","Yemen","Antidiabetics Diabetes Mellitus",240,1
5cf970dd-e8c4-466e-8ff5-214bf7ffb942,MED-11661,"Glired 3","Glired 3 (أيشاض انغكشي)","Glimepiride 3 mg","3 mg",tablet,حبة,شريط,30,"Modern Pharama","Yemen","Antidiabetics Diabetes Mellitus",240,2
03e53270-6289-4c75-8377-b092d6a32a4a,MED-11662,"GLITRA 3","GLITRA 3 (أيشاض انغكشي)","Glimepiride 3 mg","3 mg",tablet,حبة,شريط,30,"JPM","Jordan","Antidiabetics Diabetes Mellitus",240,3
71508e13-9476-4f39-87c9-cf498f92afd9,MED-11663,"GLITRA 4","GLITRA 4 (أيشاض انغكشي)","Glimepiride 4 mg","4 mg",tablet,حبة,شريط,30,"JPM","Jordan","Antidiabetics Diabetes Mellitus",240,4
31e21cae-e1b6-4a19-8233-276fb111d1fb,MED-11664,"Glivance","Glivance (أيشاض انغكشي)","Metformin + Glibenclamide","",tablet,حبة,شريط,30,"Unknown","Unknown","Antidiabetics Diabetes Mellitus",240,5
57410ff5-a900-4956-898d-9e804e671062,MED-11665,"Glivance Tablets","Glivance Tablets (أيشاض انغكشي)","Metformin 400 mg + glibenclamide 2.5 mg","400 mg",tablet,حبة,شريط,30,"Matcytl","Unknown","Antidiabetics Diabetes Mellitus",240,6
44e04265-3219-4e42-8f71-866e314b9aaf,MED-11666,"Globacin","Globacin (األيشاض انؼمه ٍخ)","Pefloxacin Central Nervous","",tablet,حبة,شريط,1,"GNP","Egypt","system drugs Mental Disorders",240,7
fdc506fc-b7dd-4d81-86fb-caa7bea08b28,MED-11667,"Gloclav","Gloclav (Microbial Infections)","Amoxicillin/Clavu lanate Potassium","",tablet,حبة,شريط,2,"Global pharma","Unknown","Antibiotics ًٍكشوث ٍخ األصبثبد ان",241,1
7cb9c666-7f22-4a51-8e41-78b5a487e3e7,MED-11668,"Gloclav 1 g","Gloclav 1 g (Microbial Infections)","Amoxicillin 875 mg + Clavulanate Potassium 125 mg = 1000 mg / tablet","1 g",other,وحدة,علبة,1,"Global Pharma","Unknown","Antibiotics ًٍكشوث ٍخ األصبثبد ان",241,2
29946a87-4487-48bf-85c0-c4c9401bdf5b,MED-11669,"Glomox 1000","Glomox 1000 (Microbial Infections)","Amoxicillin","",other,وحدة,علبة,1,"Unknown","Unknown","Antibiotics ًٍكشوث ٍخ األصبثبد ان",241,3
20958d8e-bce8-4528-88ed-bf670f8e4471,MED-11670,"Glomox 500","Glomox 500 (Microbial Infections)","Amoxicillin 500 mg","500 mg",capsule,كبسولة,شريط,100,"Global Pharma","Unknown","Antibiotics ًٍكشوث ٍخ األصبثبد ان",241,4
3326aef8-97fd-4d61-8438-43599e4dc78e,MED-11671,"Glomox Capsules","Glomox Capsules (Microbial Infections)","Amoxicillin*","",capsule,كبسولة,شريط,10,"Global pharma","Unknown","Antibiotics ًٍكشوث ٍخ األصبثبد ان",241,5
f869f2b9-469d-46d4-8ae9-5b939aeb1466,MED-11672,"Glomox Tablets","Glomox Tablets (Microbial Infections)","Amoxicillin*","",tablet,حبة,شريط,1,"Global pharma","Unknown","Antibiotics ًٍكشوث ٍخ األصبثبد ان",241,6
7ce85c14-76ad-4603-8dba-1f0b2e0a7efc,MED-11673,"Glopidon","Glopidon","Unknown","",syrup,مل,قارورة,100,"Global Pharma","Yemen","Antihistamines Allergy انحغبع ٍخ",241,7
72c10061-e137-4ce5-8647-7214f0a094d1,MED-11674,"GLORION","GLORION (أيشاض انغكشي)","Glimepiride 4 mg","4 mg",tablet,حبة,شريط,30,"HIKMA","Jordan","Antidiabetics Diabetes Mellitus",242,1
c9528026-07d9-4971-8413-5e24a313b6fc,MED-11675,"GLORION 2","GLORION 2 (أيشاض انغكشي)","Glimepiride 2 mg","2 mg",tablet,حبة,شريط,30,"HIKMA","Jordan","Antidiabetics Diabetes Mellitus",242,2
93badbd9-ce4c-4385-8d15-11d625a6e68c,MED-11676,"GLORION 3","GLORION 3 (أيشاض انغكشي)","Glimepiride 3 mg","3 mg",tablet,حبة,شريط,30,"HIKMA","Jordan","Antidiabetics Diabetes Mellitus",242,3
82dd4296-9a27-4a4f-8250-46e318a113c1,MED-11677,"Glorixone","Glorixone (Infections األصبثبد انجكت ٍش ٌخ)","Ceftriaxone Sodium","",other,وحدة,علبة,1,"Unknown","Unknown","Antibacterial Bacterial",242,4
9443a26d-de2a-42b8-867e-a23d9c2c2598,MED-11678,"Glormin 50","Glormin 50 (استفبع ضغظ انذو)","Atenolol 50 mg Cardio Vascular","50 mg",tablet,حبة,شريط,28,"Global Pharma","Unknown","System drugs Hypertension",242,5
1820d7c3-fd85-4894-806b-e3297607100a,MED-11679,"Glotac 150 mg","Glotac 150 mg (ان ًؼذح)","Ranitidine","150 mg",tablet,حبة,شريط,20,"Global Pharma","Unknown","Gastro Intestinal drugs Peptic ulcer لشحخ",242,6
765b72c3-0f6c-4ec1-8082-edb88ee012c9,MED-11680,"Glotrim","Glotrim (Infections األصبثبد انجكت ٍش ٌخ)","Trimethoprim/Sulf amethoxazole (Co-trimoxazole)","",syrup,مل,قارورة,1,"Global pharma","Unknown","Antibacterial Bacterial",242,7
6d5f792f-84dc-4b4f-877f-6dc86716fb48,MED-11681,"Glotrim","Glotrim (Infections األصبثبد انجكت ٍش ٌخ)","Trimethoprim/Sulf amethoxazole (Co-trimoxazole)","",syrup,مل,قارورة,1,"Global Pharma","Yemen","Antibacterial Bacterial",243,1
21497369-328d-4459-8550-87c41b54f1f0,MED-11682,"Glotrizine","Glotrizine","Cetirizine Hydrochloride 10 mg","10 mg",tablet,حبة,شريط,20,"Global Pharma","Unknown","Antihistamines Allergy انحغبع ٍخ",243,2
09817228-8fdd-4d5e-8b90-a628c1882718,MED-11683,"Glotrizine","Glotrizine","Unknown","",other,وحدة,علبة,1,"global pharma","Unknown","Unknown Unknown",243,3
c5a8aaeb-cdf8-43f9-82ac-8bd1fbae10e1,MED-11684,"Glovit 4 Lady","Glovit 4 Lady (Deficiency َمص ف ٍتبي ٍُبد)","Evening primrose oil 250 mg , Ca","250 mg",capsule,كبسولة,شريط,30,"Global pharma","Unknown","Vitamines and Menirals Vitamins",243,4
c7ac6125-f13a-4fc9-89dc-1925a43a897a,MED-11685,"Glovit A C &E","Glovit A C &E (Deficiency َمص ف ٍتبي ٍُبد)","vit(A,E,C) Copper,Selenium, Chromium picoliate,Excipient s","",capsule,كبسولة,شريط,30,"Global pharma","Unknown","Vitamines and Menirals Vitamins",243,5
9b43587e-05b4-4eaf-82d7-e707c4fbeeef,MED-11686,"Glovit cap","Glovit cap (Deficiency َمص ف ٍتبي ٍُبد)","Vit , A 5000 I . U + vit . E 25 mg + vit . C 100 mg + capper 1.0 mg + manganese sulphate","25 mg",capsule,كبسولة,شريط,30,"Global Pharma","Unknown","Vitamines and Menirals Vitamins",243,6
7c68c630-f6d0-43b5-895e-5e6f8dab961d,MED-11687,"Glovit-CAL","Glovit-CAL (انتهبثبد انؼظبو)","Calcium , Vit - D 3 - Minerals","",capsule,كبسولة,شريط,30,"Global Pharma","Unknown","Vitamines and Menirals Osteoarthritis",243,7
4eb042b2-0de8-420b-89f9-d95ded61ddb6,MED-11688,"Glovit-H","Glovit-H","ferrous fumarate 350 mg + f olic acid 0.5 mg + capper 2.5 mg + mganisum 2.5 mg + cyanocoba","350 mg",capsule,كبسولة,شريط,30,"Global Pharma","UAE","Vitamines and Menirals Anaemia فمش انذو",244,1
90e638d4-2e59-4cef-853d-7a7f390902ca,MED-11689,"GLRMIN-M","GLRMIN-M (أيشاض انغكشي)","Glibenclamide 2.5 mg + metformin 500 mg","2.5 mg",tablet,حبة,شريط,30,"RFA","Yemen","Antidiabetics Diabetes Mellitus",244,2
2fd3f769-b16c-43e2-82ce-d928b64c891f,MED-11690,"GLRMIN-M","GLRMIN-M (أيشاض انغكشي)","Glibenclamide 5 mg + metformin 500 mg","5 mg",tablet,حبة,شريط,30,"RFA","Yemen","Antidiabetics Diabetes Mellitus",244,3
5cc0f427-319e-46f2-8d11-ef4a93b4c61e,MED-11691,"Glucofer","Glucofer","Ferrous Gluconate 300 mg","300 mg",tablet,حبة,شريط,60,"CID","Egypt","Vitamines and Menirals Anaemia فمش انذو",244,4
386cc329-9ec2-48a5-8958-4f4f4d8f32e6,MED-11692,"Glucoless","Glucoless (أيشاض انغكشي)","Metformin 500 mg + glibenclamide 2 . 5 mg","500 mg",capsule,كبسولة,شريط,1,"Shiba pharma","Yemen","Antidiabetics Diabetes Mellitus",244,5
9c09f4ee-3b0a-49a8-8e61-228674b31a82,MED-11694,"Glucolow","Glucolow (أيشاض انغكشي)","Metformin 500 mg","500 mg",tablet,حبة,شريط,30,"Shiba pharma","Yemen","Antidiabetics Diabetes Mellitus",244,7
ae766817-4ad5-4d0f-847c-c145d7c09576,MED-11695,"Glucolow","Glucolow (أيشاض انغكشي)","Metformin 500 mg Prolonged Release","500 mg",capsule,كبسولة,شريط,1,"Shiba pharma","Yemen","Antidiabetics Diabetes Mellitus",245,1
770cb48d-4a66-41c5-8194-e5fc71b9cbde,MED-11696,"Glucolow 850 mg","Glucolow 850 mg (أيشاض انغكشي)","Metformin 850 mg","850 mg",capsule,كبسولة,شريط,1,"Shiba pharma","Yemen","Antidiabetics Diabetes Mellitus",245,2
6903f8d5-4a02-49c9-8a43-e4d2e57c5caa,MED-11697,"Glucolow XR 750 mg","Glucolow XR 750 mg (أيشاض انغكشي)","Metformin 500 mg Prolonged Release","750 mg",capsule,كبسولة,شريط,1,"Shiba pharma","Yemen","Antidiabetics Diabetes Mellitus",245,3
e865b5cc-100e-4a9d-8605-316283c60a79,MED-11698,"Glucoohage 500 mg","Glucoohage 500 mg (أيشاض انغكشي)","Metformin 500 mg","500 mg",tablet,حبة,شريط,50,"MERCK","France","Antidiabetics Diabetes Mellitus",245,4
139642cc-4a88-4c55-89f0-50a77df5f860,MED-11699,"Glucophage 1000 mg","Glucophage 1000 mg (أيشاض انغكشي)","Metformin 1000 mg","1000 mg",tablet,حبة,شريط,2,"Merck","France","Antidiabetics Diabetes Mellitus",245,5
3bfb90f3-9e9e-4b4e-8f69-f3b537fb51e8,MED-11700,"glucophage 500 mg","glucophage 500 mg (أيشاض انغكشي)","Metformin 500 mg","500 mg",tablet,حبة,شريط,50,"MERCK","France","Antidiabetics Diabetes Mellitus",245,6
0bf76edd-1105-407d-81fb-5a1717645270,MED-11701,"Glucophage 850 mg","Glucophage 850 mg (أيشاض انغكشي)","Metformin 850 mg","850 mg",tablet,حبة,شريط,30,"MERCK","France","Antidiabetics Diabetes Mellitus",245,7
d4ae2c57-0a39-4801-8643-2b100d76055f,MED-11702,"Glucophage XR","Glucophage XR (أيشاض انغكشي)","Metformin 500 mg HCL / chlorohydrat e","500 mg",tablet,حبة,شريط,30,"MERCK","France","Antidiabetics Diabetes Mellitus",246,1
28bcf191-3909-4dc8-8d6e-f5582459342e,MED-11703,"Glucophage XR 750","Glucophage XR 750 (أيشاض انغكشي)","Metformin HCL/chlorohydrat e","",tablet,حبة,شريط,30,"MERCK","France","Antidiabetics Diabetes Mellitus",246,2
da6bed6d-0894-4248-8f3e-d87c2e1c8cca,MED-11704,"Glucoplus","Glucoplus (انتهبثبد انؼظبو)","Glucosamine + Chondrotin","",capsule,كبسولة,شريط,60,"SPN pharma","Unknown","Osteoarthritis drugs Osteoarthritis",246,3
6450f838-464f-4c28-8128-597bfefb0351,MED-11705,"GLUCORED FORTE","GLUCORED FORTE (أيشاض انغكشي)","Metformin 500 mg + glibenclamide 5 mg","500 mg",tablet,حبة,شريط,1,"SUN pharma","India","Antidiabetics Diabetes Mellitus",246,4
96989ce0-a7f6-4bdf-8d49-99568916aa48,MED-11706,"Glucosamin compound","Glucosamin compound (انتهبثبد انؼظبو)","Glucosamine + Chondrotin","",tablet,حبة,شريط,1,"Unknown","Unknown","Osteoarthritis drugs Osteoarthritis",246,5
326465fb-40c1-4420-8c10-b802035bf508,MED-11707,"Glucosamin plus","Glucosamin plus (انتهبثبد انؼظبو)","Glucosamine HCL 1500 mg + Chondrotin S 1200 mg","1500 mg",tablet,حبة,شريط,30,"HZM","Syria","Osteoarthritis drugs Osteoarthritis",246,6
472005c5-d059-4f46-82c2-4d3e77c12d40,MED-11708,"Glucosamine","Glucosamine (انتهبثبد انؼظبو)","Glucosamine 500 mg","500 mg",tablet,حبة,شريط,30,"Unknown","Unknown","Osteoarthritis drugs Osteoarthritis",246,7
fc9f17a9-9d29-46ad-815b-0c3f54a37e2d,MED-11709,"GLUCOSAMINE PLUS","GLUCOSAMINE PLUS (انتهبثبد انؼظبو)","Glucosamine + Chondrotin","",capsule,كبسولة,شريط,30,"SUN","India","Osteoarthritis drugs Osteoarthritis",247,1
a1936368-419d-4cf4-8b40-f98afe6b4496,MED-11710,"Glucosamine T.S","Glucosamine T.S (انتهبثبد انؼظبو)","Glucosamine 500 mg + Chondrotin 200 mg + SMS 300 mg","500 mg",tablet,حبة,شريط,30,"HZM","Syria","Osteoarthritis drugs Osteoarthritis",247,2
145eed25-c26a-46d7-805d-7becab295efd,MED-11711,"glucoseamine plus","glucoseamine plus (انتهبثبد انؼظبو)","glucoseamine 1500 mg + condrotin 1200 mg","1500 mg",tablet,حبة,شريط,30,"HZM","Syria","Osteoarthritis drugs Osteoarthritis",247,3
32f0e75c-2404-4447-82c1-09cafc8db2c5,MED-11712,"Glucovance 500 mg / 2.5 mg","Glucovance 500 mg / 2.5 mg (أيشاض انغكشي)","Metformin 500 mg + glibenclamide 2.5 mg","500 mg / 2.5 mg",tablet,حبة,شريط,30,"Merck","France","Antidiabetics Diabetes Mellitus",247,4
baaeeb34-00f0-4a04-8063-354df97c2533,MED-11713,"Glucovance 500 mg / 5 mg","Glucovance 500 mg / 5 mg (أيشاض انغكشي)","Glucovance 500 mg / 5 mg","500 mg / 5 mg",tablet,حبة,شريط,30,"Merck","France","Antidiabetics Diabetes Mellitus",247,5
ff1e2c4d-8cff-48a8-81cb-abf97f00c4f9,MED-11714,"Glucox","Glucox (انتهبثبد انؼظبو)","Glucosamine + Chondrotin","",capsule,كبسولة,شريط,30,"Unknown","Unknown","Osteoarthritis drugs Osteoarthritis",247,6
491c7e9a-4ef4-40a4-8303-a722215bf8af,MED-11715,"Glufer","Glufer","ferrous gluconate 300 mg + ( equivelent to 37.5 mg iron","300 mg",injection,أمبولة,باكت,10,"IBN Al Haytham","Syria","Vitamines and Menirals Anaemia فمش انذو",247,7
06cd907e-6adf-4e7b-8be5-7af4bb949fa8,MED-11716,"Glycerin","Glycerin (انؼبيخ)","Glycerin","",syrup,مل,قارورة,100,"Shiba pharma","Yemen","Skin Disorders Health Care انصحخ",248,1
ea56e84b-7165-4ff1-81c9-9f7b0ec5d8a1,MED-11717,"Glycerin Adult rectal","Glycerin Adult rectal (األيغبن)","Glycerin","",other,وحدة,علبة,5,"PHARCO","Egypt","Gastro Intestinal drugs Constipation",248,2
4e67cde0-aebb-4feb-8459-44853560b469,MED-11718,"Glycerin 1800","Glycerin 1800 (انؼبيخ)","Glycerin 1800 mg","1800 mg",other,وحدة,علبة,10,"Global Pharma","Yemen","Skin Disorders Health Care انصحخ",248,3
e321ebc3-ce87-47ed-8930-bc00b09c1c7c,MED-11719,"Glycerin 900","Glycerin 900 (انؼبيخ)","Glycerin 900 mg","900 mg",other,وحدة,علبة,10,"Global Pharma","Yemen","Skin Disorders Health Care انصحخ",248,4
6f37dcb5-faef-4eda-8809-917f14a1a7b0,MED-11720,"Glycerin infant","Glycerin infant (األيغبن)","Glycerin","",other,وحدة,علبة,5,"PHARCO","Egypt","Gastro Intestinal drugs Constipation",248,5
11688505-0920-47de-8ec0-d40faf5b7edd,MED-11721,"GLYCERIN Infants","GLYCERIN Infants (األيغبن)","Glycerin + Gelatin","",other,وحدة,علبة,1,"PHARCO","Egypt","Gastro Intestinal drugs Constipation",248,6
2e1d9067-e251-4835-812e-d65de5e3c91a,MED-11722,"Glyzide","Glyzide (أيشاض انغكشي)","Gliclazide 80 mg","80 mg",tablet,حبة,شريط,60,"Julphar","UAE","Antidiabetics Diabetes Mellitus",248,7
c3ce8aa8-213e-47a1-83ba-6402847c1806,MED-11723,"G-Mox","G-Mox (Microbial Infections)","Amoxicillin 125 mg / 5 ml","125 mg / 5 ml",suspension,مل,قارورة,100,"Global Pharma","Yemen","Antibiotics ًٍكشوث ٍخ األصبثبد ان",249,1
cdd5eb80-9f30-4c87-8cf5-6e748057e8e2,MED-11724,"G-Mox","G-Mox (Microbial Infections)","Amoxicillin 100 mg / 1 ml","100 mg / 1 ml",suspension,مل,قارورة,10,"Global Pharma","Unknown","Antibiotics ًٍكشوث ٍخ األصبثبد ان",249,2
0a544e72-f286-46d4-8a15-319a7c7dea78,MED-11725,"G-Mox","G-Mox (Microbial Infections)","Amoxicillin 250 mg / 5 ml","250 mg / 5 ml",suspension,مل,قارورة,100,"Global Pharma","Yemen","Antibiotics ًٍكشوث ٍخ األصبثبد ان",249,3
fd33b6a1-9167-47e0-8643-958e1a0bbecd,MED-11726,"G - Mox 1000","G - Mox 1000 (Microbial Infections)","Amoxicillin 1000 mg","1000 mg",tablet,حبة,شريط,10,"Global Pharma","Yemen","Antibiotics ًٍكشوث ٍخ األصبثبد ان",249,4
4faa4fa5-1d84-4022-8174-5fe3c0bea764,MED-11727,"G - Mox 500","G - Mox 500 (Microbial Infections)","Amoxicillin 500 mg / cap","500 mg",capsule,كبسولة,شريط,10,"Global Pharma","Unknown","Antibiotics ًٍكشوث ٍخ األصبثبد ان",249,5
965dd1d3-a7d5-4f5e-816f-d91b7f9b8839,MED-11728,"G - Mox 500","G - Mox 500 (Microbial Infections)","Amoxicillin 500 mg / cap","500 mg",capsule,كبسولة,شريط,10,"Global Pharma","Yemen","Antibiotics ًٍكشوث ٍخ األصبثبد ان",249,6
bbb890e0-107e-4268-8cab-7c9af259bc01,MED-11729,"GOFEN","GOFEN (األوجبع)","Ibuprofen sofetgel capsule 400 mg .","400 mg",capsule,كبسولة,شريط,10,"MEGA","Thailand","Nonsteroidal Anti- Analgesic يهذئبد",249,7
b9becc22-eb70-4f37-8d83-ddde449c7ec7,MED-11730,"Golden tab","Golden tab (ي ُشطبد ج ُغ ٍخ)","Tadalafil 20 mg","20 mg",tablet,حبة,شريط,4,"Shiba pharma","Yemen","Sex Stimulants Sex Stimulants",250,1
3d13461e-df6d-4112-8df5-0cb40b972f40,MED-11731,"GOLDn Green","GOLDn Green (supplementation ًٍه ٍخ تغز ٌخ تك)","Fresh Natural Wheat Germ","",other,وحدة,علبة,1,"Unknown","Unknown","Gastro Intestinal drugs Nutrition",250,2
ebf45ed6-6c6c-4536-899a-0eaa34068d61,MED-11732,"Goldvite","Goldvite (Deficiency َمص ف ٍتبي ٍُبد)","Multivitamins- minerals","",capsule,كبسولة,شريط,30,"Shine unk","","Vitamines and Menirals Vitamins",250,3
2137f4ff-c847-441a-8a90-e84f1a4744ac,MED-11733,"Goovit-COD","Goovit-COD (Deficiency َمص ف ٍتبي ٍُبد)","Cod Liver Oil","",capsule,كبسولة,شريط,100,"Global Pharma","Unknown","Vitamines and Menirals Vitamins",250,4
8b88ba30-4a13-4c1f-8307-844c91f2e909,MED-11734,"Gordius 300 mg","Gordius 300 mg","Gabapentin 300 Central Nervous mg","300 mg",capsule,كبسولة,شريط,50,"GEDEON RICHTER","HUNGARY","system drugs Epilepsy انصشع",250,5
f625c742-b305-4966-887f-5fa2c4e3ae3d,MED-11735,"Gordius - 300","Gordius - 300","Gabapentin Central Nervous capsule 300 mg","300 mg",capsule,كبسولة,شريط,50,"GEDEON RICHTER","HUNGARY","system drugs Epilepsy انصشع",250,6
a4b5c7a8-60ae-482a-8bbe-068c8d35604c,MED-11736,"GRAND-VIT with calcium","GRAND-VIT with calcium (Deficiency َمص ف ٍتبي ٍُبد)","Multi vitamin with hany","",syrup,مل,قارورة,120,"SIGMA","Egypt","Vitamines and Menirals Vitamins",250,7
5043468a-e6b7-4368-8a9b-e42c854fc7a7,MED-11737,"GRAND-VIT with iron","GRAND-VIT with iron (Deficiency َمص ف ٍتبي ٍُبد)","Multi vitamin with Iron.","",syrup,مل,قارورة,120,"SIGMA","Egypt","Vitamines and Menirals Vitamins",251,1
d014cc49-0e99-4bbd-8535-82568d8b9180,MED-11738,"Gripe Water","Gripe Water (Spasm ٍ آالو انجط)","Terpeneless Seed Oil 2.3 mg + Sodium Bicarbonate 52.5 mg","2.3 mg",syrup,مل,قارورة,100,"Shiba pharma","Yemen","Gastro Intestinal drugs Abdominal",251,2
f3872daf-0213-4558-85d9-68387b3b81e2,MED-11739,"Gripe water","Gripe water (Spasm ٍ آالو انجط)","Each 5 ml contains : Oleum Anisi 0.0006 ml + Oleum Anethi . 0.005 ml + Natrii Bicarbonas","5 ml",syrup,مل,قارورة,100,"Pharmacare","Yemen","Gastro Intestinal drugs Abdominal",251,3
5eb854c4-44f1-4862-8d9d-12ee8bc44ed2,MED-11740,"Griseofulvin","Griseofulvin (األصبثبد انفطش ٌخ)","Griseofulvin 125 mg / 5 ml","125 mg / 5 ml",suspension,مل,قارورة,120,"ACTAVIS","Unknown","Antifungals Fungal Infections",251,4
447a388f-0ed3-44ab-8c29-44b0367f2405,MED-11741,"Griseofulvin tap","Griseofulvin tap (األصبثبد انفطش ٌخ)","Griseofulvin 500 mg","500 mg",tablet,حبة,شريط,10,"Unknown","Unknown","Antifungals Fungal Infections",251,5
bd766c1f-a76b-4cea-8a45-7b1ff7d857dc,MED-11742,"Griseovin","Griseovin (األصبثبد انفطش ٌخ)","Griseofulvin","",suspension,مل,قارورة,120,"Delta pharma","Egypt","Antifungals Fungal Infections",251,6
c700050d-b855-41b5-82bb-bf4388b622cd,MED-11743,"Grison - 250","Grison - 250 (األصبثبد انفطش ٌخ)","Griseofulvin 250 mg","250 mg",tablet,حبة,شريط,200,"VIP","Unknown","Antifungals Fungal Infections",251,7
d55d0649-5ec9-470d-8aef-14a8d2278142,MED-11744,"Guafacin","Guafacin (َضالد انجشد)","guava leaves extract","",syrup,مل,قارورة,1,"Global Pharma","Yemen","Respiratory drugs Common Cold",252,1
96faf5f4-eead-48a6-8508-ca28bd3d47c4,MED-11745,"Guafacin","Guafacin (َضالد انجشد)","guava leaves extract","",syrup,مل,قارورة,1,"Modern Pharama","Yemen","Respiratory drugs Common Cold",252,2
0bbc120c-210c-4b93-8a9c-57ea89ae1bc4,MED-11746,"Guaflex","Guaflex (َضالد انجشد)","herbal extract","",syrup,مل,قارورة,120,"MEPACO","Egypt","Respiratory drugs Common Cold",252,3
3567b0a3-2a52-4b99-8987-5201019f92e3,MED-11747,"Guava","Guava (َضالد انجشد)","herbal extract","",syrup,مل,قارورة,120,"Pharo pharma","Egypt","Respiratory drugs Common Cold",252,4
9a3418b0-3b4f-4c6a-848e-7f50ebd08a79,MED-11748,"Guava","Guava (َضالد انجشد)","Unknown","",syrup,مل,قارورة,120,"PHARCO","Egypt","Unknown Common Cold",252,5
e0dcf488-ef26-4d18-8033-1185ce083af4,MED-11749,"Guava leaf","Guava leaf (َضالد انجشد)","Herbal extract","",syrup,مل,قارورة,120,"Unknown","Unknown","Respiratory drugs Common Cold",252,6
6749d786-d2ac-4c2a-853b-43f06741a29f,MED-11750,"Gupisone","Gupisone (األنتهبثبد)","Prednisolone Acetate","",tablet,حبة,شريط,20,"Julphar","UAE","Corticosteroid Inflammations",252,7
5b95b9cc-c0e6-4a65-805b-b34aa544ba07,MED-11751,"GUPISONE 20","GUPISONE 20 (األنتهبثبد)","Prednisolone Acetate","",tablet,حبة,شريط,20,"Julphar","UAE","Corticosteroid Inflammations",253,1
77efa48a-3c92-47fc-8a70-2b634f7d4a54,MED-11752,"Gynera","Gynera (يىا َغ انح ًم)","ethinylestradiol 0.03 mg + Gestodene 0.07 mg","0.03 mg",tablet,حبة,شريط,21,"BAYER","Germany","Gynaecology drugs Contraceptives",253,2
a224fc6b-7baa-4851-8102-465cfde78b6c,MED-11753,"Gynera","Gynera (يىا َغ انح ًم)","ethinylestradiol 0.03 mg + Gestodene 0.07 mg","0.03 mg",tablet,حبة,شريط,21,"SCHERING","Germany","Gynaecology drugs Contraceptives",253,3
11e1b97d-a828-4b6c-8bce-5caf1b5bfba5,MED-11754,"Gyno-candizol","Gyno-candizol (األنتهبثبد انجذنذ ٌخ)","Miconazole Nitrate 400 mg","400 mg",other,وحدة,علبة,3,"United","Jordan","Antifungals Dermatitis",253,4
70fc8772-7f6a-4820-81ba-b61863e1d218,MED-11755,"Gyno-Mikozal","Gyno-Mikozal","Miconazole Nitarate 400 mg","400 mg",other,وحدة,علبة,1,"Julphar","UAE","Antifungals Vaginal ان ًهجم",253,5
57f7e265-d939-4a9d-888c-b2216709b46e,MED-11756,"Gynotrim","Gynotrim","Clotrimazole","",tablet,حبة,شريط,1,"HANSEL","Pakistan","Antifungals Vaginal ان ًهجم",253,6
cc5105cd-a209-4113-8549-ba824d6a9528,MED-11757,"Gynozol","Gynozol","Miconazole Nitrate 400 mg","400 mg",other,وحدة,علبة,3,"PHARCO","Egypt","Antifungals Vaginal ان ًهجم",253,7
62079af7-f8aa-47e6-8c70-5799b7bc29d4,MED-11758,"GYNOZOL","GYNOZOL","Miconazole Nitrate","",other,وحدة,علبة,6,"PHARCO","Egypt","Antifungals Vaginal ان ًهجم",254,1
50dc79c9-412f-4123-8c8f-07a2a2f8ef7a,MED-11759,"Gyzol 1200","Gyzol 1200","Miconazole Nitrate 1200 mg","1200 mg",other,وحدة,علبة,1,"Global Pharma","Yemen","Antifungals Vaginal ان ًهجم",254,2
87bde55c-6043-439a-8e5a-c1c158a28da7,MED-11760,"Gyzol 200","Gyzol 200","Miconazole Nitrate 200 mg","200 mg",other,وحدة,علبة,7,"Global Pharma","Yemen","Antifungals Vaginal ان ًهجم",254,3
fc0e1aee-41fc-4440-841d-0673a1320cab,MED-11761,"Gyzol 400","Gyzol 400","Miconazole Nitrate 400 mg","400 mg",other,وحدة,علبة,3,"Global Pharma","Yemen","Antifungals Vaginal ان ًهجم",254,4
8f1f1aa3-6df4-4c7c-8eb0-62e850ad0af5,MED-11762,"Gyzol M","Gyzol M","Miconazole Nitrate 150 mg + Metronidazol e 500 mg","150 mg",other,وحدة,علبة,10,"Global Pharma","Yemen","Antifungals Vaginal ان ًهجم",254,5
6e74246b-ca16-41df-8608-08ab22fcc931,MED-11763,"Haem plus","Haem plus","ferrous fumarate 45 mg + fol ic acid 500 mg + vitami neB 1 1.5 mg + vitamineB","45 mg",capsule,كبسولة,شريط,1,"Unknown","Unknown","Vitamines and Menirals Anaemia فمش انذو",254,6
cb20bf8e-e215-466e-84ae-7911a19badd9,MED-11764,"Haem Plus","Haem Plus","Ferrous Sulfate 150 mg + Folic Acid 0.5 mg + Zinc + other vitamin and meniral / cap .","150 mg",capsule,كبسولة,شريط,15,"Unknown","Unknown","Vitamines and Menirals Anaemia فمش انذو",254,7
ff1cea26-7094-4bbb-8399-5c752bee1091,MED-11765,"Haema-caps","Haema-caps","ASCORBICACID ,BIOPTERIN,BIO TIN,COBALT,C OPPER,CYANO COBALAMIN,FO LIC","",capsule,كبسولة,شريط,14,"Amoun Pharmaceutical","Unknown","Vitamines and Menirals Anaemia فمش انذو",255,1
134e7352-c970-49ef-86bd-41eea5996fbe,MED-11766,"haemasave","haemasave","carbony iron+foli acid+adenosyl cobalamine+zinc","",capsule,كبسولة,شريط,30,"Y.E.PHARMA","Yemen","Vitamines and Menirals Anaemia فمش انذو",255,2
60ae9ba3-aa2d-4d09-8a6c-7d751297ed8c,MED-11767,"Haemavit","Haemavit (Deficiency َمص ف ٍتبي ٍُبد)","Multi Vitamines","",other,وحدة,علبة,1,"BIOPHARM","Yemen","Vitamines and Menirals Vitamins",255,3
2d26fdfb-6581-4675-864e-e5a1cca77a0b,MED-11768,"Haemorich","Haemorich (Deficiency َمص ف ٍتبي ٍُبد)","Multi Vitamines","",capsule,كبسولة,شريط,30,"Global Pharma","Unknown","Vitamines and Menirals Vitamins",255,4
064c6465-3141-4fac-8ace-5fa858737fb4,MED-11769,"Haemovit gold","Haemovit gold","iron 14 mg + folic acid 400 microgram + vit B 12 2 microgram + vitB 6 ( pyridoxime ) 2 mg","14 mg",syrup,مل,قارورة,200,"Unknown","Unknown","Vitamines and Menirals Anaemia فمش انذو",255,5
1d39e901-03af-484a-81cc-6cbf05c1f602,MED-11770,"Haemovit Plus","Haemovit Plus","Ferrous Sulfate 150 mg + Folic Acid 0.5 mg + vit B 12 + vit B 6 / cap .","150 mg",capsule,كبسولة,شريط,30,"Health Aid","Thailand","Vitamines and Menirals Anaemia فمش انذو",255,6
0cc629df-94cd-4e71-826c-78978f6d484b,MED-11771,"HAEMUP","HAEMUP","Citrate ferrique 160 mg + Acide folique 0.5 mg + cyanocoba lamin 7.5 mcg + Sulfate","160 mg",capsule,كبسولة,شريط,30,"CADILA","India","Vitamines and Menirals Anaemia فمش انذو",255,7
c4db7d4d-375f-45f8-8b80-8493c0dde887,MED-11772,"HAEMUP","HAEMUP","Citrate ferrique 160 mg + Acide folique 0.5 mg + cyanocoba lamin 7.5 mcg + Sulfate","160 mg",syrup,مل,قارورة,200,"CADILA","India","Vitamines and Menirals Anaemia فمش انذو",256,1
377df2fc-afe0-4337-8beb-29fc3cb6fd5b,MED-11773,"HAEMUP","HAEMUP (Deficiency َمص ف ٍتبي ٍُبد)","Ferrus Fumarate 200 mg + Folic Acid 1.5 mg + Cupper sulphate 2.5 mg + Manganese 2.5 mg","200 mg",syrup,مل,قارورة,200,"CADILA","India","Vitamines and Menirals Vitamins",256,2
cd321b0f-a7c8-4650-84d5-19b2416c7255,MED-11774,"Haldol","Haldol (األيشاض انؼمه ٍخ)","Haloperidol oral Central Nervous drop 2 mg / ml","2 mg",syrup,مل,قارورة,15,"Janssen cilag","Unknown","system drugs Mental Disorders",256,3
ae0c0a27-6160-456e-8455-18c5e07a6bc1,MED-11775,"haldol Amp","haldol Amp (األيشاض انؼمه ٍخ)","Haloperidol Central Nervous ampole 2 mg / ml","2 mg",injection,أمبولة,باكت,1,"Janssen cilag","Unknown","system drugs Mental Disorders",256,4
3f691598-8237-4f93-8565-a9b204c138ea,MED-11776,"Halfan","Halfan","Halofantrine Hydrochloride","",other,وحدة,علبة,1,"Unknown","Unknown","Antimalarial medicines Malaria ان ًالس ٌب",256,5
6f80b58b-31e2-4e47-8a5f-566b91c283bc,MED-11777,"Halfan","Halfan","Halofantrine Hydrochloride","",suspension,مل,قارورة,1,"Unknown","Unknown","Antimalarial medicines Malaria ان ًالس ٌب",256,6
9e5e6b3a-f3dc-4bc3-84dd-b237f29b6fc7,MED-11778,"Halothane-phabco","Halothane-phabco (General انتخذ ٌش انؼبو)","Halothane Central Nervous","",spray,بخة,علبة,250,"Pharco","Egypt","system drugs Anaesthetics",256,7
7e60fb72-faad-4b2a-829f-81eb3e2abac9,MED-11779,"Hanmi Taxime","Hanmi Taxime (Infections األصبثبد انجكت ٍش ٌخ)","Cefotaxime Sodium","",other,وحدة,علبة,1,"Unknown","Unknown","Antibacterial Bacterial",257,1
c177c252-d3d2-44a2-8e36-98d018775534,MED-11780,"Hansprazole","Hansprazole (ان ًؼذح)","Esomeprazole 20 mg","20 mg",capsule,كبسولة,شريط,14,"HANSEL","Unknown","Gastro Intestinal drugs Peptic ulcer لشحخ",257,2
be6e74eb-e629-4676-8ed1-a6bc1b6f23b4,MED-11781,"Hantox","Hantox (Infections األصبثبد انجكت ٍش ٌخ)","Ceftriaxone Sodium 500 mg","500 mg",other,وحدة,علبة,1,"Unknown","Unknown","Antibacterial Bacterial",257,3
615355c5-d8ce-48b3-827f-e68c48c4a3b5,MED-11782,"HAR - AMOXYL 250 mg","HAR - AMOXYL 250 mg (Microbial Infections)","Amoxicillin 250 mg","250 mg",capsule,كبسولة,شريط,5,"HARBIN","China","Antibiotics ًٍكشوث ٍخ األصبثبد ان",257,4
16a315de-9453-41d9-85fe-f7ac722dd376,MED-11783,"HAWKBEN","HAWKBEN (ٌ انشبئؼخ انذ ٌذا)","Mebendazole 100 mg","100 mg",tablet,حبة,شريط,6,"L.B.S","Thailand","Anthelmentic Common Worms",257,5
0a63b2a5-ea87-4047-8353-5ebb261d87d4,MED-11784,"Hayadol - 1.5","Hayadol - 1.5 (األيشاض انؼمه ٍخ)","Haloperidol Central Nervous tablets 1.5 mg","1.5 mg",tablet,حبة,شريط,30,"IBN- HYYANpharm a","Syria","system drugs Mental Disorders",257,6
93eb6c0d-b16c-48d9-8e83-97fcba31a3c0,MED-11785,"HAZI Ca ViD","HAZI Ca ViD (انتهبثبد انؼظبو)","Calcum , Vit - D 3","",tablet,حبة,شريط,50,"Ben Al Haytham .syria","Unknown","Vitamines and Menirals Osteoarthritis",257,7
58049811-63b1-4088-8ad5-ea75e0a761ae,MED-11786,"Hb Plus","Hb Plus","Ferrous Sulfate+ Folic Acid","",capsule,كبسولة,شريط,30,"Unknown","Unknown","Vitamines and Menirals Anaemia فمش انذو",258,1
b6c66987-69f6-497d-8203-1447e403eb41,MED-11787,"HCQ 200","HCQ 200","Hydroxychloroqui ne sulfate 200 mg","200 mg",tablet,حبة,شريط,30,"Getz pharma","USA","Antimalarial medicines Malaria ان ًالس ٌب",258,2
6ad70b9c-923d-44b9-81fa-b7f7101df482,MED-11788,"Healar","Healar (انجىاع ٍش)","Herbal extract","",other,وحدة,علبة,1,"APM","Unknown","Antihaemorrhag es Haemorrhoids",258,3
43c3e742-f79b-448e-840e-1a9769bc8768,MED-11789,"Heamovit","Heamovit (Deficiency َمص ف ٍتبي ٍُبد)","vit . C 75 mg , vit . B 6 5 mg , folic acid 500 mcg , vit . B 12 100 mcg , Iron 47 mg , zinc 4 mg ,","75 mg",syrup,مل,قارورة,120,"HealthAid England","","Vitamines and Menirals Vitamins",258,4
3cb852fd-7310-4540-8748-a36b3b52202b,MED-11790,"Heamovit plus","Heamovit plus (Deficiency َمص ف ٍتبي ٍُبد)","vit . C 75 mg , vit . B 6 5 mg , folic acid 500 mcg , vit . B 12 100 mcg , Iron 47 mg , zinc 4 mg ,","75 mg",capsule,كبسولة,شريط,30,"HealthAid England","","Vitamines and Menirals Vitamins",258,5
d267231d-d346-4265-83ce-d8ac4465b887,MED-11791,"Heel forte","Heel forte (األنتهبثبد انجذنذ ٌخ)","Unknown","",other,وحدة,علبة,1,"Unknown","Unknown","Skin Disorders Dermatitis",258,6
69da7d0e-eabf-40f3-827a-51a9fd3f09bd,MED-11792,"Heel Forte","Heel Forte (ان ُتىء انصغ ٍشح)","Salicylic Acid","",ointment,أنبوب,علبة,20,"OCTOBER PHARMA","Egypt","Skin Disorders Warts انثآن ٍم او",258,7
bd08f2bd-2a59-4030-824d-8e55df0d88d0,MED-11793,"Heli-cure","Heli-cure (ان ًؼذح)","Omeprazole 20 mg + Tinidazole 5 oo mg + Clarithromycin 250 mg","20 mg",tablet,حبة,شريط,14,"EGYPHAR","Egypt","Gastro Intestinal drugs H - Pylori جشثىيخ",259,1
24d4f99e-ec78-479c-898f-b70394fa44bf,MED-11794,"Hema-care","Hema-care","300 mg // folic acid 1 mg + vit B 12 - 7.5 mg + vit B 6 - 1.2 mg zinc 66 mg","300 mg",capsule,كبسولة,شريط,30,"Modern Pharama","Yemen","Vitamines and Menirals Anaemia فمش انذو",259,2
fe0b8718-7088-4cac-8ec4-08d982c48753,MED-11795,"heme","heme","Iron","",injection,أمبولة,باكت,10,"STADA","","Vitamines and Menirals Anaemia فمش انذو",259,3
360032c6-794f-4729-830e-fddecf670de8,MED-11796,"hemsyl - 250 mg","hemsyl - 250 mg (ان ُض ٌف)","Etamsylate - 250 mg","250 mg",tablet,حبة,شريط,1,"indoco","Unknown","Antihaemorrhag es Haemorrhage",259,4
ef466e63-167f-4c8e-882c-7281d8208c15,MED-11797,"hemsyl-inj","hemsyl-inj (ان ُض ٌف)","Etamsylate- injection","",injection,أمبولة,باكت,2,"indoco","Unknown","Antihaemorrhag es Haemorrhage",259,5
d4c96b65-79f2-4bfc-868a-d746c56516ce,MED-11798,"Hepa-max plus","Hepa-max plus (Disorders اضطشاثبد انكجذ)","silymarin +vit b complex+zink","",capsule,كبسولة,شريط,20,"marcyral","Unknown","Gastro Intestinal drugs Hepatic",259,6
ced64643-b763-49b6-8599-6f5fe7fd41f0,MED-11799,"Hepa-Merz","Hepa-Merz (Disorders اضطشاثبد انكجذ)","One 5 mg sachets Natural products contains L - ornithin - aspartat e 3 mg","5 mg",other,وحدة,علبة,10,"MERZ","Unknown","Hepatic",259,7
71e387c2-edaa-4eb1-819c-a2a96ff653c1,MED-11800,"Hepa-merz amp","Hepa-merz amp (Disorders اضطشاثبد انكجذ)","L-Ornithine +L- Aspartate","",injection,أمبولة,باكت,5,"MERZ","Unknown","Gastro Intestinal drugs Hepatic",260,1
5e57dfb5-ccac-4cfc-828e-94442a3ecc26,MED-11801,"Hepa-merz sach","Hepa-merz sach (Disorders اضطشاثبد انكجذ)","l-orthenine-l- aspartate","",other,وحدة,علبة,1,"MERZ","Unknown","Gastro Intestinal drugs Hepatic",260,2
fb4a6101-d528-429d-87b8-8f4f32daf11a,MED-11802,"Heparin","Heparin (انجهطبد)","Heparin Sodium Cardio Vascular 25000 I . U / 5 ml or 5000 I . U / 1 ml","5 ml",injection,أمبولة,باكت,10,"PANPHARMA","Unknown","System drugs Thrombosis",260,3
839528d1-8b9a-43de-87dd-d4f6d2eceb30,MED-11803,"Heparin Vial","Heparin Vial (انجهطبد)","heparine Cardio Vascular","",injection,أمبولة,باكت,15,"PANPHARMA","Unknown","System drugs Thrombosis",260,4
6a149b2e-e0b1-4b8c-80cf-69df56be08e5,MED-11804,"Hepatic Forte","Hepatic Forte (Disorders اضطشاثبد انكجذ)","Silymarin + Essential phospholipids","",capsule,كبسولة,شريط,30,"ADWIA","Egypt","Gastro Intestinal drugs Hepatic",260,5
d0b48c41-1dce-4907-8bd7-1ad502e80fdb,MED-11805,"Hepatic Forte","Hepatic Forte (Disorders اضطشاثبد انكجذ)","Silymarin 70 mg + essential phospholipids 300 mg + Orotic acid 10 mg / capsule .","70 mg",capsule,كبسولة,شريط,30,"Adwia","Egypt","Gastro Intestinal drugs Hepatic",260,6
094054eb-2863-40cf-88d8-58b13869737b,MED-11806,"Hepato-forte","Hepato-forte (Disorders اضطشاثبد انكجذ)","essential phospholipids + vit b 1 , b 2 , b 12 , E","",capsule,كبسولة,شريط,20,"AMOUN","Egypt","Gastro Intestinal drugs Hepatic",260,7
0aecdb5f-b693-4bb4-8a63-2bddae537c29,MED-11807,"Hepaton","Hepaton (Disorders اضطشاثبد انكجذ)","cynarin+ dandelion","",tablet,حبة,شريط,20,"SEDICO","Egypt","Gastro Intestinal drugs Hepatic",261,1
b72aab38-8368-48da-83d4-f854d28cd86c,MED-11808,"Hepavite cap","Hepavite cap (Disorders اضطشاثبد انكجذ)","silymarin +vit b complex","",capsule,كبسولة,شريط,100,"Shine","Unknown","Gastro Intestinal drugs Hepatic",261,2
51eaf62a-0e7f-42fe-86ba-46433f42b348,MED-11809,"Herbolax","Herbolax","Combination","",capsule,كبسولة,شريط,10,"Himalaya drug co","India","Unknown Unknown",261,3
2180a337-d51a-41cf-85dd-56fb1f48a579,MED-11810,"Herborist","Herborist (األنتهبثبد انجذنذ ٌخ)","Combination","",syrup,مل,قارورة,1,"Unknown Indonesia","","Skin Disorders Dermatitis",261,4
9e807ea9-cfea-489b-8f1f-81d123ab6e0a,MED-11811,"Herborist","Herborist (انغغىالد األ َثى ٌخ)","Combination","",syrup,مل,قارورة,200,"Unknown","Unknown","Antiseptic and Desinfectants Feminine wash",261,5
0cb87937-bb29-42a9-853c-5da732bc9728,MED-11812,"HERMES Multivit","HERMES Multivit (Deficiency َمص ف ٍتبي ٍُبد)","Vit . A - Vit B 1 - Vit . B 2 - Vit . B 3 - Vit . B 5 - Vit . B 6 - Vit . B 12 - Vit . C - Vit . E - Vit . D 3 - Biotine","",tablet,حبة,شريط,20,"HERMES Arzneimittel GmbH","Unknown","Vitamines and Menirals Vitamins",261,6
9f7e7f1b-db6f-4b10-8781-3394f896ca67,MED-11813,"Hexadyl","Hexadyl (انغغىالد انف ًى ٌخ)","Chlorhexidine Gluconate 0.2% W / V","0.2%",other,وحدة,علبة,1,"Shiba pharma","Yemen","Antiseptic and Desinfectants Mouth Wash",261,7
87c33006-f8c6-4707-8300-0affb82509ab,MED-11816,"HICAND 16","HICAND 16 (استفبع ضغظ انذو)","Candesartan Cardio Vascular Cilexetil 16 mg","16 mg",tablet,حبة,شريط,30,"Y.E.PHARMA","Yemen","System drugs Hypertension",262,3
f935fdfe-4061-4ee4-8011-7819322b8e3f,MED-11817,"HICAND 8","HICAND 8 (استفبع ضغظ انذو)","Candesartan Cardio Vascular Cilexetil 8 mg","8 mg",tablet,حبة,شريط,30,"Y.E.PHARMA","Yemen","System drugs Hypertension",262,4
5731ac2a-05c9-4e05-82b1-4fd277e4a791,MED-11818,"Hicipro","Hicipro (Infections األصبثبد انجكت ٍش ٌخ)","Ciprofloxacin Hydrochloride","",other,وحدة,علبة,1,"Unknown","Unknown","Antibacterial Bacterial",262,5
95f92494-783d-4fed-8b57-812fa2ce8c89,MED-11820,"Hijuven","Hijuven (Deficiency َمص ف ٍتبي ٍُبد)","Vit . E ( tocopherols ) 200 mg / capsule .","200 mg",capsule,كبسولة,شريط,100,"Eisai","JAPAN","Vitamines and Menirals Vitamins",262,7
502ffc7f-c12a-43c1-8e89-723c041e7023,MED-11821,"Hipres - 50","Hipres - 50 (استفبع ضغظ انذو)","Atenolol Cardio Vascular","",tablet,حبة,شريط,14,"CIPLA","India","System drugs Hypertension",263,1
2ca3ac8d-686b-404e-8d26-79e32a1d7f6c,MED-11822,"hiprogin","hiprogin (ا َمطبع انط ًث)","250 mg hydroxyprogestero ne caporate","250 mg",injection,أمبولة,باكت,1,"Duopharma","Malaysia","Gynaecology drugs Amenorrhea",263,2
a70d34d9-c2e3-45b9-8b28-9ed924e4716c,MED-11823,"Hirudoid","Hirudoid (انجىاع ٍش)","Heparinoids","",cream,أنبوب,علبة,40,"Daiichi -Sankyo","Germany","Unknown Haemorrhoids",263,3
5e26488e-e543-4059-84b5-ba5344794b8f,MED-11824,"Histaphen","Histaphen (َضالد انجشد)","Chlorphenamine Maleate","",syrup,مل,قارورة,100,"Global Pharma","Unknown","Antihistamines Common Cold",263,4
e8ccf3ed-e634-4f53-8fe1-32f6bf0b863e,MED-11825,"Histat","Histat (َضالد انجشد)","Chlorphenamine Maleate 2.5 mg / 5 ml","2.5 mg / 5 ml",syrup,مل,قارورة,100,"Shiba pharma","Yemen","Antihistamines Common Cold",263,5
ebf96acd-72b1-42e6-8f12-42fd3277fb03,MED-11826,"Histat","Histat (َضالد انجشد)","Chlorphenamine Maleate","",tablet,حبة,شريط,20,"Shiba pharma","Yemen","Antihistamines Common Cold",263,6
27ea24d0-9a88-4105-8d07-9400197360eb,MED-11827,"Histavil","Histavil (َضالد انجشد)","Chlorphenamine Maleate 4 mg","4 mg",tablet,حبة,شريط,20,"Shaphaco","Yemen","Antihistamines Common Cold",263,7
c0247881-9536-4937-819e-b98ca56f83f0,MED-11828,"Histavil","Histavil (َضالد انجشد)","Chlorphenamine Maleate 2 mg","2 mg",syrup,مل,قارورة,100,"Shaphaco","Yemen","Antihistamines Common Cold",264,1
8a82b18f-3cb8-44f3-8a9c-c2a3171fa5e8,MED-11829,"Histazin","Histazin","promethazine Hydrochloride","",syrup,مل,قارورة,125,"United","Jordan","Antihistamines Allergy انحغبع ٍخ",264,2
ef19b6c7-9d1b-43f5-83d8-507191bd50f4,MED-11830,"Histazin","Histazin","promethazine Hydrochloride","",tablet,حبة,شريط,20,"United","Jordan","Antihistamines Allergy انحغبع ٍخ",264,3
2c3a6e8d-aa0c-48db-8640-8858e063fa8a,MED-11832,"Histin","Histin (َضالد انجشد)","Chlorphenamine Maleate","",syrup,مل,قارورة,100,"YEDCO","Yemen","Antihistamines Common Cold",264,5
85069380-e43f-479e-8081-9b40599f1964,MED-11833,"Homtamin Ginseng","Homtamin Ginseng (Deficiency َمص ف ٍتبي ٍُبد)","Multi vitamine +Ginseng","",capsule,كبسولة,شريط,30,"Korea united","Korea","Vitamines and Menirals Vitamins",264,6
fe50381a-8bfe-4338-881e-d909f4d1de29,MED-11834,"Honey Cure","Honey Cure","Honey","",ointment,أنبوب,علبة,30,"RAZA","Unknown","Skin Disorders Burns انحشوق",264,7
b78712c7-08e2-4125-8007-3e4a720119df,MED-11835,"Hostacortin H","Hostacortin H (األنتهبثبد)","Prednisolone 5 mg","5 mg",tablet,حبة,شريط,20,"Aventis","Germany","Corticosteroid Inflammations",265,1
40d85d88-43ad-4b3f-80b8-56621b928e02,MED-11836,"hovid OMEPRAZOLE","hovid OMEPRAZOLE (ان ًؼذح)","Omeprazole","",capsule,كبسولة,شريط,28,"Hovid","Malaysia","Gastro Intestinal drugs Peptic ulcer لشحخ",265,2
dfe04318-3d63-42a6-8066-e00453ada468,MED-11837,"HYCIP - 500","HYCIP - 500 (Infections األصبثبد انجكت ٍش ٌخ)","Ciprofloxacin*","",tablet,حبة,شريط,1,"Omega","Italy","Antibacterial Bacterial",265,3
939f2fa9-7b36-4423-8749-8ab713d82554,MED-11838,"hydikal","hydikal (استفبع ضغظ انذو)","Amlodipine Cardio Vascular","",other,وحدة,علبة,1,"Unknown","Unknown","System drugs Hypertension",265,4
0740f8fe-9bed-423a-8008-682bea53b900,MED-11839,"Hydralazin","Hydralazin (استفبع ضغظ انذو)","Hydralazin Cardio Vascular","",injection,أمبولة,باكت,1,"Unknown","Unknown","System drugs Hypertension",265,5
1af69b21-0d48-44b0-8f15-23a9ea297109,MED-11840,"Hydro-Atheer","Hydro-Atheer (( E . N . T ) األ َف ٌ وانح ُجشح واألر)","Combination","",drops,مل,قطارة,10,"Atheer","Yemen","Health Care Ear Nose Throat",265,6
dd092b8d-a01a-4f1f-8569-ca66f9aa1c1a,MED-11841,"Hydrocortisone","Hydrocortisone (األنتهبثبد انجذنذ ٌخ)","Hydrocortisone","",other,وحدة,علبة,1,"MISR","Egypt","Corticosteroid Dermatitis",265,7
0bd6c9e9-8751-4084-87f4-4e4d39de90cc,MED-11842,"Hydrocortisone","Hydrocortisone (األنتهبثبد انجذنذ ٌخ)","Hydrocortisone","",ointment,أنبوب,علبة,1,"Unknown","Unknown","Corticosteroid Dermatitis",266,1
981b3c50-a544-4815-8fdf-e5686125a1c7,MED-11843,"Hydrocortisone Acetate","Hydrocortisone Acetate (األنتهبثبد انجذنذ ٌخ)","Each 100 gm contains : Hydrocortisone Acetate 1 gm","100 g",ointment,أنبوب,علبة,15,"PHARCO","Egypt","Corticosteroid Dermatitis",266,2
11ce3e51-6e21-4be1-8c71-223590878fe4,MED-11844,"Hydrogen","Hydrogen","Hydrogen Peroxide","",drops,مل,قطارة,1,"Unknown","Unknown","Antiseptic and Desinfectants Antiseptic يطهشاد",266,3
7eb2ac29-6049-4c69-8bb6-e57386f7f664,MED-11846,"Hydrogen Peroxid","Hydrogen Peroxid (( E . N . T ) األ َف ٌ وانح ُجشح واألر)","Hydrogen peroxide 6%","6%",syrup,مل,قارورة,60,"Pharmacare","Yemen","Antiseptic and Desinfectants Ear Nose Throat",266,5
650ceeed-900d-4e02-8496-af600484a1a2,MED-11847,"Hyfresh","Hyfresh","Unknown","",syrup,مل,قارورة,1,"Unknown","Unknown","Unknown Eye ٍٍ انؼ",266,6
5ed08920-d665-49ce-8ae1-c9e83f6774ab,MED-11848,"Hygiene","Hygiene","chamomile + Aloe vera + Goldenseal + Propolis","",syrup,مل,قارورة,1,"Unknown","Unknown","Antiseptic and Desinfectants Vaginal ان ًهجم",266,7
53743195-1c32-4e50-88d4-99f359078f86,MED-11849,"HYLO COMOD","HYLO COMOD","Unknown","",drops,مل,قطارة,10,"Unknown","Unknown","Unknown Eye ٍٍ انؼ",267,1
756f38d1-af3f-4a95-82d7-7038488237ed,MED-11850,"Hymox","Hymox (Microbial Infections)","Amoxicillin*","",capsule,كبسولة,شريط,2,"SPIMACO","","Antibiotics ًٍكشوث ٍخ األصبثبد ان Saudi Arabia",267,2
33cd30ae-2891-420e-8e52-747eecd25ed0,MED-11852,"Hymox","Hymox (Microbial Infections)","Amoxicillin*","",syrup,مل,قارورة,100,"SPIMACO","","Antibiotics ًٍكشوث ٍخ األصبثبد ان Saudi Arabia",267,4
021e2f42-1f8e-45b0-85d1-c40756e970cf,MED-11853,"HYOBROMID","HYOBROMID (Spasm ٍ آالو انجط)","Hyoscine - N - Butylbromide 10 mg","10 mg",tablet,حبة,شريط,30,"Unknown","Unknown","Gastro Intestinal drugs Abdominal",267,5
21c663f1-150e-4c8c-8df6-201fe6fa8517,MED-11854,"Hyoscine- Butylbromide","Hyoscine- Butylbromide (Spasm ٍ آالو انجط)","Hyoscine- N- Butylbromide","",injection,أمبولة,باكت,10,"ROTEXMEDI CA","Germany","Gastro Intestinal drugs Abdominal",267,6
160cd849-6f61-4ada-8c94-c866a3843b19,MED-11855,"Hyosed Tablets","Hyosed Tablets (Spasm ٍ آالو انجط)","Hyoscine - N - Butylbromide 10 mg","10 mg",tablet,حبة,شريط,20,"SEDICO","Egypt","Gastro Intestinal drugs Abdominal",267,7
ecbc4014-7a17-49c2-8e7c-e1e61a6a4763,MED-11856,"Hyper oil","Hyper oil (انتئبو انجشوح)","Herbal extract","",other,وحدة,علبة,1,"Ri.MOS. Srl","Italy","Unknown Wounds Healing",268,1
50f3101f-bd19-43ae-8650-00f62afc2e93,MED-11857,"hypopresor","hypopresor (استفبع ضغظ انذو)","metoprolol Cardio Vascular","",other,وحدة,علبة,1,"Unknown","Unknown","System drugs Hypertension",268,2
47dad7a2-ba42-4242-82df-69b43910a736,MED-11858,"Hyposec","Hyposec (ان ًؼذح)","Omeprazole","",capsule,كبسولة,شريط,14,"RAM PHARMA","Jordan","Gastro Intestinal drugs Peptic ulcer لشحخ",268,3
39b05b0b-6f36-4375-8954-41ebb06b9117,MED-11859,"Hyzaar","Hyzaar (استفبع ضغظ انذو)","HCTZ + Losartan Cardio Vascular","",tablet,حبة,شريط,1,"MERCK SHARP","Unknown","System drugs Hypertension",268,4
6931e553-6dd2-4dff-893d-82323939426c,MED-11860,"Hyzaar ???","Hyzaar ??? (استفبع ضغظ انذو)","Hydrochlorothiazi Cardio Vascular de + Losartan","",other,وحدة,علبة,1,"Unknown","Unknown","System drugs Hypertension",268,5
ecd8bd3c-567a-47aa-85a9-a2f58c72d56f,MED-11861,"Ibidroxil Capsules","Ibidroxil Capsules (Infections األصبثبد انجكت ٍش ٌخ)","Cefadroxil 500 mg / cap","500 mg",capsule,كبسولة,شريط,1,"gsk glaxosmithkline","UK","Antibacterial Bacterial",268,6
cdb897d8-33ac-4daa-809a-22a8bc2bdd47,MED-11862,"Ibidroxil Syrup","Ibidroxil Syrup (Infections األصبثبد انجكت ٍش ٌخ)","Cefadroxil 250 mg / 5 ml","250 mg / 5 ml",syrup,مل,قارورة,60,"gsk glaxosmithkline","UK","Antibacterial Bacterial",268,7
4eb937ce-5267-42c4-8855-360cc16b5e75,MED-11863,"IBOFEN","IBOFEN (األوجبع)","Ibuprofen 400 mg / cap .","400 mg",capsule,كبسولة,شريط,10,"Modern Pharama","Yemen","NSAID Analgesic يهذئبد",269,1
884b1263-68c2-44eb-8097-d700de220ec8,MED-11864,"IBOFEN","IBOFEN (األوجبع)","Ibuprofen 400 mg / tablet .","400 mg",tablet,حبة,شريط,10,"Modern Pharama","Yemen","NSAID Analgesic يهذئبد",269,2
839dfc85-3276-4f8e-8345-6c827f429231,MED-11865,"IBOFEN","IBOFEN (األوجبع)","Ibuprofen 600 mg / tablet .","600 mg",tablet,حبة,شريط,10,"Modern Pharama","Yemen","NSAID Analgesic يهذئبد",269,3
83cf1927-0c85-46e4-8018-93ea7375bb77,MED-11866,"IBOFEN","IBOFEN (األوجبع)","Ibuprofen 100 mg / 5 ml","100 mg / 5 ml",suspension,مل,قارورة,100,"Modern Pharama","Yemen","NSAID Analgesic يهذئبد",269,4
981e680e-62e9-4502-83e7-a0c21c39f6bb,MED-11867,"IBUBID","IBUBID (األوجبع)","Ibuprofen 100 mg","100 mg",suspension,مل,قارورة,60,"RFA","Yemen","NSAID Analgesic يهذئبد",269,5
c3a0e01c-fcb9-4f1d-8e51-1e5ff73ae5e6,MED-11868,"IBUBID 200","IBUBID 200 (األوجبع)","Ibuprofen tablet 200 mg .","200 mg",tablet,حبة,شريط,100,"RFA","Yemen","NSAID Analgesic يهذئبد",269,6
1bd0a5b4-809f-46a0-87f1-863971def545,MED-11869,"IBUBID plus Susp","IBUBID plus Susp (األوجبع)","Ibuprofen 100 mg + paracetam ol 125 mg suspention / 5 mg .","100 mg",suspension,مل,قارورة,60,"RFA","Yemen","NSAID Analgesic يهذئبد",269,7
26774d7e-868c-4ef0-8fc8-9e68f50a1cf4,MED-11870,"IBUBID 400","IBUBID 400 (األوجبع)","Ibuprofen tablet 400 mg .","400 mg",tablet,حبة,شريط,100,"RFA","Yemen","NSAID Analgesic يهذئبد",270,1
8eb098a5-9e32-4aaa-8318-fdd109909004,MED-11871,"IBUBID 600","IBUBID 600 (األوجبع)","Ibuprofen tablet 600 mg .","600 mg",tablet,حبة,شريط,20,"RFA","Yemen","NSAID Analgesic يهذئبد",270,2
0fc7cd76-4dcb-48c6-82d5-0966df443ad7,MED-11872,"IBUBID-plus","IBUBID-plus (األوجبع)","Ibuprofen + paracet amol tablet 400 mg / 325 mg","400 mg / 325 mg",tablet,حبة,شريط,20,"RFA","Yemen","Nonsteroidal Anti- Analgesic يهذئبد",270,3
f8cbd63d-f75b-44b7-8319-e7412d00e1a1,MED-11873,"Ibufinal","Ibufinal (األوجبع)","Ibuprofen 100 mg","100 mg",suspension,مل,قارورة,60,"Global Pharma","Yemen","NSAID Analgesic يهذئبد",270,4
9db75c2e-9e6a-4640-8261-040bcf11a0cf,MED-11874,"Ibufinal","Ibufinal (األوجبع)","Ibuprofen 100 mg","100 mg",suspension,مل,قارورة,100,"Global Pharma","Yemen","NSAID Analgesic يهذئبد",270,5
8baa6385-6efc-4824-8a87-2a4d150037a8,MED-11875,"Ibuflam","Ibuflam (األوجبع)","Ibuprofen 100 mg","100 mg",suspension,مل,قارورة,100,"Shaphaco","Yemen","NSAID Analgesic يهذئبد",270,6
1b327fa2-8678-4561-8ca0-712e1eb53d31,MED-11876,"Ibuflam","Ibuflam (األوجبع)","Ibuprofen 100 mg","100 mg",suspension,مل,قارورة,50,"Shaphaco","Yemen","NSAID Analgesic يهذئبد",270,7
b8ce25ef-d400-47ea-878b-971c9f4751e1,MED-11877,"Ibukern 600 mg","Ibukern 600 mg (األوجبع)","Ibuprofen","600 mg",tablet,حبة,شريط,1,"KERN pharma","Korea","Non-Steroidal Anti- Analgesic يهذئبد",271,1
d04f74c6-8dc1-448e-85e5-db79841eab6b,MED-11878,"Ibuphil","Ibuphil (األوجبع)","Ibuprofen","",syrup,مل,قارورة,100,"Unknown","Unknown","Non-Steroidal Anti- Analgesic يهذئبد",271,2
68a157e6-f03e-4a4e-8505-6fb889ae060f,MED-11879,"Ibuprofen","Ibuprofen (األوجبع)","Ibuprofen tablet 400 mg .","400 mg",tablet,حبة,شريط,100,"SHAPHAR","China","Nonsteroidal Anti- Analgesic يهذئبد",271,3
ce9728a8-bd78-4c52-8778-f86a8548e267,MED-11880,"Ibuprofen 400","Ibuprofen 400 (األوجبع)","Ibuprofen","",other,وحدة,علبة,1,"Unknown","Unknown","Non-Steroidal Anti- Analgesic يهذئبد",271,4
634d9195-ad1d-4ebc-83c9-7e929ae04887,MED-11881,"Ibuprofen 800","Ibuprofen 800 (األوجبع)","Ibuprofen","",other,وحدة,علبة,1,"Unknown","Unknown","Non-Steroidal Anti- Analgesic يهذئبد",271,5
b5aa817c-22e8-4c1a-8cf1-03fecdd80a47,MED-11882,"Ibuprofen Denk 400","Ibuprofen Denk 400 (األوجبع)","Ibuprofen","",other,وحدة,علبة,1,"Denk Pharma","Germany","Non-Steroidal Anti- Analgesic يهذئبد",271,6
6ea66f41-0b5b-49b7-82f3-d5018ff17172,MED-11883,"Ibuprofen-Denk","Ibuprofen-Denk (األوجبع)","Ibuprofen tablet 400 mg .","400 mg",tablet,حبة,شريط,100,"Denk Pharma","Germany","Nonsteroidal Anti- Analgesic يهذئبد",271,7
146fff8d-8c9f-4286-804d-fcacefa6b565,MED-11884,"Idex","Idex (األنتهبثبد)","Dexamethasone","",other,وحدة,علبة,1,"Unknown","Unknown","Corticosteroid Inflammations",272,1
49140585-c572-40d1-8394-315e1b00672a,MED-11885,"Ifenec","Ifenec","Econazole Nitrate","",other,وحدة,علبة,3,"Unknown","Italy","Antifungals LIFEPHARMA Vaginal ان ًهجم",272,2
b2ee4b2c-2b4e-4fec-8109-004921e337f9,MED-11886,"Imodium","Imodium","loperamide Hydrochloride","",capsule,كبسولة,شريط,6,"Janseen","Switzerland","Gastro Intestinal drugs Diarrhea األعهبل",272,3
39bd64c0-cebe-4711-8362-34784193ea58,MED-11887,"Imodium","Imodium","Loperamide Hydrochloride 2 mg","2 mg",capsule,كبسولة,شريط,10,"aspen","Pakistan","Gastro Intestinal drugs Diarrhea األعهبل",272,4
998f8cc5-ff07-4101-88bf-efc41f6e253e,MED-11888,"Improfen","Improfen (األوجبع)","Ibuprofen","",suspension,مل,قارورة,60,"Y.E.PHARMA","Yemen","NSAID Analgesic يهذئبد",272,5
e941d7e6-f86b-4425-8696-ba06d6c96294,MED-11889,"Imuran","Imuran (ve ًُبػخ تثج ٍظ ان)","Azathioprine 50 mg / tab","50 mg",tablet,حبة,شريط,100,"aspen","Ireland","Immunosuppress ive Immunosuppressi",272,6
731accbe-bf40-4b42-8f66-672148b47efb,MED-11890,"Indacin","Indacin (األوجبع)","Indometacin","",other,وحدة,علبة,10,"Memphis","Egypt","Non-Steroidal Anti- Analgesic يهذئبد",272,7
f2c88067-2c62-40ec-8a9d-1ac4b1e01077,MED-11891,"Inderal 10","Inderal 10 (استفبع ضغظ انذو)","Propranolol Cardio Vascular Hydrochloride 10 mg , 40 mg","10 mg",tablet,حبة,شريط,50,"ASTRAZENEC A","Unknown","System drugs Hypertension",273,1
e6bff3a8-0ca0-403a-807b-d7a436631ae7,MED-11892,"INDERAL 40 mg","INDERAL 40 mg (استفبع ضغظ انذو)","Propranolol Cardio Vascular Hydrochloride","40 mg",tablet,حبة,شريط,50,"ASTRAZENEC A","Unknown","System drugs Hypertension",273,2
5fa4c2d4-ce7f-4393-8915-d79cd49e3f5b,MED-11893,"INDO - 250","INDO - 250 (Microbial Infections)","Erythromycin","",tablet,حبة,شريط,10,"Indoco","Unknown","Antibiotics ًٍكشوث ٍخ األصبثبد ان",273,3
a6f4f9d6-0b5f-430e-800d-6dbc740f2c1c,MED-11894,"INDO - 500","INDO - 500 (Microbial Infections)","Erythromycin","",tablet,حبة,شريط,10,"Indoco","Unknown","Antibiotics ًٍكشوث ٍخ األصبثبد ان",273,4
255b6356-2be7-46e5-8054-3c0048fa33fe,MED-11895,"Indocid","Indocid (األوجبع)","Indometacin","",other,وحدة,علبة,10,"ALGORITHM","Lebanon","Non-Steroidal Anti- Analgesic يهذئبد",273,5
8d1185d2-df2b-4b20-8dad-ccd8a88b2708,MED-11896,"Indocine","Indocine (األوجبع)","Indometacin","",other,وحدة,علبة,10,"Razi Pharma","Syria","Non-Steroidal Anti- Analgesic يهذئبد",273,6
2199773a-606d-4156-86dc-6683e84316e4,MED-11897,"Indomethacin","Indomethacin (األوجبع)","Indomethacin entric caoted tablet 50 mg .","50 mg",capsule,كبسولة,شريط,24,"PHARCO","Egypt","Nonsteroidal Anti- Analgesic يهذئبد",273,7
05ba508d-d081-4ed9-8a26-182b2e7f298e,MED-11898,"Indomethacin","Indomethacin (األوجبع)","Indomethacin entric caoted tablet 25 mg .","25 mg",tablet,حبة,شريط,24,"PHARCO","Egypt","Nonsteroidal Anti- Analgesic يهذئبد",274,1
7f37bf3f-25ec-4c82-88ed-012d09baeb72,MED-11899,"Indomethacin E.C.","Indomethacin E.C. (األوجبع)","Indometacin","",other,وحدة,علبة,1,"Unknown","Unknown","Non-Steroidal Anti- Analgesic يهذئبد",274,2
1568dbcd-8f83-4c2a-8da0-7fd2ee6877b0,MED-11900,"Indomethacine","Indomethacine (األوجبع)","Indomethacin supp , 100 mg .","100 mg",other,وحدة,علبة,10,"MEDICO LABS","Syria","Nonsteroidal Anti- Analgesic يهذئبد",274,3
f1a39941-0017-4fb2-8386-f054f447db62,MED-11901,"Indosan 25","Indosan 25 (األوجبع)","Indometacin","",capsule,كبسولة,شريط,20,"Shiba pharma","Yemen","NSAID Analgesic يهذئبد",274,4
6bfed274-d379-46df-86a0-5513aad51831,MED-11902,"Infacol","Infacol (انهضى)","simethicone","",drops,مل,قطارة,1,"Forest lab","UK","Gastro Intestinal drugs Indigestion عىء",274,5
cc3cdf10-68e2-4ae7-8a18-89a095870f6f,MED-11903,"INFLA - BAN 50","INFLA - BAN 50 (األوجبع)","Diclofenac Sodium tablet 50 mg","50 mg",tablet,حبة,شريط,20,"APM","Jordan","Nonsteroidal Anti- Analgesic يهذئبد",274,6
995e15e1-bcdf-4589-87d7-c3d66eb750bc,MED-11904,"INFLA - BAN 75","INFLA - BAN 75 (األوجبع)","Diclofenac Sodium 75 mg","75 mg",injection,أمبولة,باكت,5,"APM","Jordan","Non-Steroidal Anti- Analgesic يهذئبد",274,7
65557bfd-552d-458c-80c5-7956f8b54515,MED-11905,"Inflamac 100 هع حغ ٍٍش الصىسة","Inflamac 100 هع حغ ٍٍش الصىسة (األوجبع)","Unknown","",other,وحدة,علبة,1,"Unknown","Unknown","Non-Steroidal Anti- Analgesic يهذئبد",275,1
fdfbda50-a72d-4ce6-8674-c38b13e0b1eb,MED-11906,"Ingredient Facts","Ingredient Facts (supplementation ًٍه ٍخ تغز ٌخ تك)","gylatin + glycerin + soybean oil","",capsule,كبسولة,شريط,1,"SUN Naturals","Unknown","Gastro Intestinal drugs Nutrition",275,2
b5163616-79d7-44ed-88b9-c6e12f6e19ae,MED-11907,"Innohep","Innohep (انجهطبد)","Tinzaparin Cardio Vascular Sodium Syringe","",other,وحدة,علبة,1,"LEO","Denmark","System drugs Thrombosis",275,3
443aac37-ef6d-4e78-89f9-e4a8fef97655,MED-11908,"Inosert - 50","Inosert - 50 (األيشاض انؼمه ٍخ)","Sertraline tablet Central Nervous 50 mg","50 mg",tablet,حبة,شريط,30,"Ipca","Unknown","system drugs Mental Disorders",275,4
02736ce0-55d1-4786-85cf-feb7a96f5080,MED-11909,"INSAAR","INSAAR (استفبع ضغظ انذو)","Losartan Cardio Vascular Potassium","",other,وحدة,علبة,1,"Unknown","Unknown","System drugs Hypertension",275,5
28b3c4af-aa32-403e-8695-3d5ecd660aef,MED-11910,"Insaar","Insaar (استفبع ضغظ انذو)","losartan potassium Cardio Vascular","",tablet,حبة,شريط,30,"Interbat","Egypt","System drugs Hypertension",275,6
6610ecdb-2a9d-437e-869a-24a9afbf1a3e,MED-11911,"Insulatard","Insulatard (أيشاض انغكشي)","insulin human 100 i . u / ml","",injection,أمبولة,باكت,10,"Novo Nordisk","Denmark","Antidiabetics Diabetes Mellitus",275,7
9548d5dd-23b1-4721-8d9f-91285242f9bf,MED-11912,"Insulated pinfill","Insulated pinfill (أيشاض انغكشي)","insulin human 100 i . u / ml","",injection,أمبولة,باكت,3,"Novo Nordisk","Denmark","Antidiabetics Diabetes Mellitus",276,1
c1979c42-313a-48a1-86c9-a70f593da605,MED-11913,"insulet rapide","insulet rapide (أيشاض انغكشي)","insulin","",injection,أمبولة,باكت,1,"Sothema","Morocco","Antidiabetics Diabetes Mellitus",276,2
42d777bb-fdbb-4022-822a-f2f28dd4fd47,MED-11914,"Insulin h mix","Insulin h mix (أيشاض انغكشي)","insulin human 100 i . u / ml","",injection,أمبولة,باكت,10,"SEDICO","Egypt","Antidiabetics Diabetes Mellitus",276,3
b23cd4dc-8cc8-494d-8af1-3cb1b09bfc3b,MED-11915,"insulin H mix 100 iu","insulin H mix 100 iu (أيشاض انغكشي)","insulin","100 iu",injection,أمبولة,باكت,1,"SEDICO","Egypt","Antidiabetics Diabetes Mellitus",276,4
085ebc97-f2b3-4a92-82b4-fcc9737cd361,MED-11916,"Insulin h r 100 iu","Insulin h r 100 iu (أيشاض انغكشي)","insulin human 100 i . u / ml","100 iu",injection,أمبولة,باكت,10,"SEDICO","Egypt","Antidiabetics Diabetes Mellitus",276,5
69199fe8-ae1a-4051-87e6-3fc5500109f6,MED-11917,"Insulin h r 40 iu","Insulin h r 40 iu (أيشاض انغكشي)","insulin human 40 i . u / ml","40 iu",injection,أمبولة,باكت,10,"SEDICO","Egypt","Antidiabetics Diabetes Mellitus",276,6
6dbe87b9-bb6a-4d2f-860c-4bb86855d472,MED-11918,"INTARD","INTARD","Diphenoxylate Hydrochloride","",tablet,حبة,شريط,20,"Julphar","UAE","Gastro Intestinal drugs Diarrhea األعهبل",276,7
69014228-1ce6-4a72-800a-8af86942614a,MED-11919,"Interpril","Interpril (استفبع ضغظ انذو)","Lisinopril Cardio Vascular","",other,وحدة,علبة,1,"Unknown","Unknown","System drugs Hypertension",277,1
0a43133a-4225-4c29-8d2f-e5c7f9e5cc51,MED-11920,"Intrataxime","Intrataxime (Microbial Infections)","Unknown","",injection,أمبولة,باكت,1,"Unknown","Unknown","Antibiotics ًٍكشوث ٍخ األصبثبد ان",277,2
68674d3f-cfce-4214-860b-5925d01a1509,MED-11921,"Intrataxime TTT","Intrataxime TTT (Infections األصبثبد انجكت ٍش ٌخ)","Cefotaxime Sodium","",injection,أمبولة,باكت,1,"LDP","Unknown","Antibacterial Bacterial",277,3
886e0960-5bc3-4810-84a1-3c47c500f29e,MED-11922,"Intrataxime Vial","Intrataxime Vial (Infections األصبثبد انجكت ٍش ٌخ)","Cefotaxime Sodium","",injection,أمبولة,باكت,1,"LDP","Unknown","Antibacterial Bacterial",277,4
26be7bad-47e4-4460-88ba-f0bdd5886586,MED-11923,"Intratiaxone","Intratiaxone (Infections األصبثبد انجكت ٍش ٌخ)","Ceftriaxone Sodium","",injection,أمبولة,باكت,1,"LDP","Unknown","Antibacterial Bacterial",277,5
6cc371c5-8c5b-46e0-8cb3-9df67219d831,MED-11924,"Intratiaxone","Intratiaxone (Infections األصبثبد انجكت ٍش ٌخ)","Ceftriaxone Sodium","",other,وحدة,علبة,1,"Unknown","Unknown","Antibacterial Bacterial",277,6
d9d3de3b-a381-44e8-80ec-482c0c48e028,MED-11925,"Iproid","Iproid (األنتهبثبد انجذنذ ٌخ)","Hydrocortisone","",other,وحدة,علبة,1,"Unknown","Unknown","Corticosteroid Dermatitis",277,7
9331bcb5-8a72-4e02-8ea3-948ac42d1582,MED-11927,"Irfen - 400","Irfen - 400 (األوجبع)","Ibuprofen","",tablet,حبة,شريط,20,"Mepha","Unknown","Non-Steroidal Anti- Analgesic يهذئبد",278,2
21f74f14-d1ab-44b5-87f7-56a72563a326,MED-11928,"IRON+C","IRON+C","Iron 14 mg & vitamin C 134 mg","14 mg",tablet,حبة,شريط,20,"hansal","Unknown","Vitamines and Menirals Anaemia فمش انذو",278,3
29be365e-1e57-4269-8b4d-7f6f5ba9c1d5,MED-11929,"IroVit","IroVit","Ferrous Sulfate","",syrup,مل,قارورة,1,"Vitane pharma","Germany","Vitamines and Menirals Anaemia فمش انذو",278,4
648c385d-f1b3-41bb-8544-87823e16a0f5,MED-11930,"Isilin","Isilin (َضالد انجشد)","Pseudoephedrine + guaifenesin","",syrup,مل,قارورة,120,"NILE CO.","Egypt","Respiratory drugs Common Cold",278,5
e7e1102e-4353-4e20-8caf-0fd37638b645,MED-11931,"Isocort","Isocort (األنتهبثبد انجذنذ ٌخ)","Isoconazole 1 % + diflucortolone 0.1 %","1 %",cream,أنبوب,علبة,20,"Global Pharma","Yemen","Antifungals Dermatitis",278,6
1fc91dfc-29b7-4443-83f6-4c195d692838,MED-11932,"Isofen","Isofen (Analgesic يهذئبد األوجبع وانح ًى)","Paracetamol","",suspension,مل,قارورة,100,"Unknown Palestine","","Non-Steroidal Anti- Antipyretic -",278,7
6b2724ab-0629-4a48-87c5-b9fdf7837906,MED-11933,"Isoket","Isoket (انصذس ٌخ)","Isosorbide Cardio Vascular dinitrate 60 mg","60 mg",tablet,حبة,شريط,1,"Unknown","Unknown","System drugs Angina انزثحخ",279,1
d50b2a9d-fc08-4fcc-873d-461a47bc4b63,MED-11934,"Isoniazid","Isoniazid (( T . B ) ٌ انذس)","Isoniazid 300 mg","300 mg",tablet,حبة,شريط,100,"TEVN","Unknown","Antibiotics Tuberculosis",279,2
72520572-7493-48bd-8361-37a7aef3b160,MED-11935,"Isoniazid Tab.","Isoniazid Tab. (( T . B ) ٌ انذس)","Isoniazid 300 mg","300 mg",capsule,كبسولة,شريط,100,"Tevn","Unknown","Antibiotics Tuberculosis",279,3
56be02ce-03e6-4dab-8649-17abd65e2cf8,MED-11936,"ISOPTIN 120 mg","ISOPTIN 120 mg (استفبع ضغظ انذو)","Verapamil Cardio Vascular","120 mg",tablet,حبة,شريط,100,"ABBOTT","USA","System drugs Hypertension",279,4
45be21e6-ceaf-4f2f-8897-2a9f952226b5,MED-11937,"Isoptin 240 mg","Isoptin 240 mg (استفبع ضغظ انذو)","Verapamil Cardio Vascular","240 mg",tablet,حبة,شريط,30,"ABBOTT","USA","System drugs Hypertension",279,5
134692e4-5738-425a-89a9-4fa4c0f711f2,MED-11938,"Isoptin 40 mg","Isoptin 40 mg (استفبع ضغظ انذو)","Verapamil Cardio Vascular","40 mg",tablet,حبة,شريط,50,"ABBOTT","USA","System drugs Hypertension",279,6
6bcf1b7b-23f7-4228-8a90-dcb42299bb0b,MED-11939,"ISOSORBIDE","ISOSORBIDE (انصذس ٌخ)","Isosorbide Cardio Vascular Dinitrate 10 mg","10 mg",tablet,حبة,شريط,5,"EIPICO","Egypt","System drugs Angina انزثحخ",279,7
8a106903-f57a-416c-8b6d-a3477fa8a028,MED-11940,"ISOSORBIDE","ISOSORBIDE (انصذس ٌخ)","Isosorbide Cardio Vascular Dinitrate 4 mg","4 mg",tablet,حبة,شريط,30,"EIPICO","Egypt","System drugs Angina انزثحخ",280,1
c3996f07-db2f-44fa-88ad-711beca2dc32,MED-11941,"Isuprel","Isuprel (استفبع ضغظ انذو)","Isoprenalin Cardio Vascular","",other,وحدة,علبة,1,"Unknown","Unknown","System drugs Hypertension",280,2
0839da91-4672-4c3f-89cd-0df48c0417df,MED-11942,"Itracon","Itracon (األنتهبثبد انجذنذ ٌخ)","Itraconazole INE 100 mg","100 mg",capsule,كبسولة,شريط,12,"Bangladesh","","Antifungals Navana pharma Dermatitis",280,3
be5003b3-c3c9-4538-848b-d0ed473fa3bc,MED-11943,"Itracon","Itracon (األنتهبثبد انجذنذ ٌخ)","Itraconazole 100 mg","100 mg",capsule,كبسولة,شريط,4,"REKO","Unknown","Antifungals Dermatitis",280,4
1361a7ee-e2f4-4860-8c53-773d1309ec8c,MED-11944,"Itracon","Itracon (األنتهبثبد انجذنذ ٌخ)","Itraconazole","",other,وحدة,علبة,1,"Cipharma","Unknown","Antifungals Dermatitis",280,5
77f76f22-2f71-4173-824a-d849bf0d3e9a,MED-11945,"Itracon Capsules","Itracon Capsules (األنتهبثبد انجذنذ ٌخ)","Itraconazole 100 mg","100 mg",capsule,كبسولة,شريط,4,"GNP","Egypt","Antifungals Dermatitis",280,6
7cb13284-fe68-494d-83e4-7e5dd2637329,MED-11946,"Itranox","Itranox (األنتهبثبد انجذنذ ٌخ)","Itraconazole 100 mg","100 mg",capsule,كبسولة,شريط,4,"ADWIA","Egypt","Antifungals Dermatitis",280,7
fccd919b-dcc7-41a1-80e4-9d14cf44fd50,MED-11947,"Itronazole-s","Itronazole-s (األنتهبثبد انجذنذ ٌخ)","Itraconazole 100 mg","100 mg",capsule,كبسولة,شريط,4,"BALSAM","Syria","Antifungals Dermatitis",281,1
7b5caaf5-9ab5-44b4-843b-ded1ee4328b0,MED-11948,"IVEMETRO","IVEMETRO (Gardiasis جبسد ٌب واي ٍج ٍب)","Metronidazole","",injection,أمبولة,باكت,1,"Torrent","India","Antiprtozoal Amoebiasis ,",281,2
56657022-e207-4e6d-884d-f6a64fc4bdd2,MED-11949,"Ivex","Ivex (انشؼت انهىائ ٍخ)","Dried IVY leaf extract 35 mg","35 mg",syrup,مل,قارورة,100,"Shiba pharma","Yemen","Respiratory drugs Bronchitis انتهبة",281,3
5e1460fe-e5a5-455b-8dcc-182d2ebe4869,MED-11950,"Ivex","Ivex (انشؼت انهىائ ٍخ)","Dried IVY leaf extract 20 mg","20 mg",syrup,مل,قارورة,20,"Shiba pharma","Yemen","Respiratory drugs Bronchitis انتهبة",281,4
346f8268-1ad6-420c-8c7e-bd4a8e87252d,MED-11951,"IVY","IVY (انشؼت انهىائ ٍخ)","Dried IVY leaf extract","",syrup,مل,قارورة,100,"Deep","","Respiratory drugs Bronchitis انتهبة Saudi Arabia",281,5
c472d9e0-434b-4293-8298-e86c0bd8d7dc,MED-11952,"Ivy","Ivy (َضالد انجشد)","herbal extract cough &common cold","",syrup,مل,قارورة,100,"JOSWE","Jordan","Respiratory drugs Common Cold",281,6
4e628c35-3ba3-4c32-8bfa-23521ce7dd35,MED-11953,"Ivytus","Ivytus (َضالد انجشد)","Dried Ivy Leaf extract","",syrup,مل,قارورة,100,"neopharma","UAE","Respiratory drugs Common Cold",281,7
2c0001a4-cb0a-452c-8414-9321e8b98d7d,MED-11954,"Ixime","Ixime (Infections األصبثبد انجكت ٍش ٌخ)","Cefixime","",tablet,حبة,شريط,1,"Lupin","Unknown","Antibacterial Bacterial",282,1
9b097ca4-26d1-4996-8ddb-2ffbc59d59a6,MED-11955,"Jamieson","Jamieson (انتهبثبد انؼظبو)","Glucosamine + Chondrotin","",capsule,كبسولة,شريط,60,"Arthrimin","Unknown","Osteoarthritis drugs Osteoarthritis",282,2
ba6b4e22-3352-4f49-83bd-9f204e19bf37,MED-11956,"Janucare M","Janucare M (أيشاض انغكشي)","Sitagliptine 50 mg + Metformin 500 mg","50 mg",tablet,حبة,شريط,30,"Y.E.PHARMA","Yemen","Antidiabetics Diabetes Mellitus",282,3
28a8005d-34d7-447d-885c-5609b6d7ebf3,MED-11958,"Janumte 50/500","Janumte 50/500 (أيشاض انغكشي)","Sitagliptine 50 mg - Metformin 500 mg","50 mg",tablet,حبة,شريط,56,"MSD","USA","Antidiabetics Diabetes Mellitus",282,5
58926aba-e755-4a97-84fd-d5e467089ba9,MED-11959,"Januvia 100 mg","Januvia 100 mg (أيشاض انغكشي)","Sitagliptine 100 mg","100 mg",tablet,حبة,شريط,28,"MSD","USA","Antidiabetics Diabetes Mellitus",282,6
2a7836f1-9507-4013-8016-a2af9263560c,MED-11960,"JOFLEX","JOFLEX (انتهبثبد انؼظبو)","Glucosamine sulphate 500 mg","500 mg",capsule,كبسولة,شريط,30,"EMA","Unknown","Osteoarthritis drugs Osteoarthritis",282,7
e5fb1b98-7764-4da0-8a9b-624c04522f6b,MED-11961,"JOINT ACTION","JOINT ACTION (انتهبثبد انؼظبو)","Glucosamine + Chondrotin","",tablet,حبة,شريط,30,"LIFEPLAN","Unknown","Osteoarthritis drugs Osteoarthritis",283,1
9e082496-c856-4f9c-88f8-9e9bfeb03948,MED-11962,"Jointace Omega 3","Jointace Omega 3 (انتهبثبد انؼظبو)","Glucosamine + Chondrotin + Omega 3","",other,وحدة,علبة,1,"Unknown","Unknown","Osteoarthritis drugs Osteoarthritis",283,2
076da7bb-0f96-433a-819c-436af262d796,MED-11963,"JointFlex","JointFlex (انتهبثبد انؼظبو)","Glucosamine","",cream,أنبوب,علبة,14,"Unknown","Unknown","Osteoarthritis drugs Osteoarthritis",283,3
4214c032-8e9a-4712-8282-96aec90ceac9,MED-11964,"Jointfree","Jointfree (انتهبثبد انؼظبو)","Glucosamine + Chondrotin","",other,وحدة,علبة,1,"Unknown","Unknown","Osteoarthritis drugs Osteoarthritis",283,4
3f603b3e-d0df-4d1c-83bd-a300a6c925ac,MED-11965,"JOINTLUBE","JOINTLUBE (انتهبثبد انؼظبو)","Glucosamine + Chondrotin","",tablet,حبة,شريط,30,"HA pharma","Unknown","Osteoarthritis drugs Osteoarthritis",283,5
c2101e10-5f7f-4a5a-8ab4-0ba3dff12377,MED-11966,"JOLTAN","JOLTAN (استفبع ضغظ انذو)","Valsartan Cardio Vascular","",other,وحدة,علبة,1,"Unknown","Unknown","System drugs Hypertension",283,6
9c970375-34f9-42d6-87d3-0b09c54ec8cb,MED-11967,"Joltan Plus","Joltan Plus (استفبع ضغظ انذو)","Valsartan 160 mg Cardio Vascular + Hydrochorothiazid e 12.5 mg","160 mg",other,وحدة,علبة,1,"Unknown","Unknown","System drugs Hypertension",283,7
7ab627d7-7095-4afd-8929-dded335d6dc0,MED-11968,"Jos-Pan","Jos-Pan (َضالد انجشد)","herbal extract","",syrup,مل,قارورة,120,"PHARCO","Egypt","Respiratory drugs Common Cold",284,1
c976f8b8-3a4b-4bab-8552-1e3f619949cc,MED-11969,"Julmentin","Julmentin (Microbial Infections)","Amoxicillin/Clavu lanate Potassium","",tablet,حبة,شريط,3,"Julphar","UAE","Antibiotics ًٍكشوث ٍخ األصبثبد ان",284,2
b3c4913b-1a5f-4e9c-8f83-d4ab68391224,MED-11970,"Jusline 30/70","Jusline 30/70 (أيشاض انغكشي)","insulin human 100 u / ml ( 30% soluble insulin 70% isophane insulin","30%",injection,أمبولة,باكت,10,"julphar","UAE","Antidiabetics Diabetes Mellitus",284,3
af14a30b-4bbd-4f0b-8706-5547e10450c0,MED-11971,"Jusline R","Jusline R (أيشاض انغكشي)","insulin human 100 u / ml","",injection,أمبولة,باكت,10,"julphar","UAE","Antidiabetics Diabetes Mellitus",284,4
892a1f06-8b7a-409d-83e5-4694ffa0b3de,MED-11972,"Jusprin","Jusprin (األوجبع)","Acetylsalicylic acid","",tablet,حبة,شريط,40,"Julphar","UAE","Non-Steroidal Anti- Analgesic يهذئبد",284,5
58a9a386-2c7d-4229-840b-ae2ac3c8cf1c,MED-11973,"Juvamine Fizz","Juvamine Fizz (انتهبثبد انؼظبو)","Calcium 160 mg + m agnesium 60 mg + iron 6.9 mg + zinc 11.9 mg + iodine 150 mcg / effer , tab .","160 mg",tablet,حبة,شريط,30,"JUVA sante","France","Vitamines and Menirals Osteoarthritis",284,6
ebced6f5-0711-4fb8-8de5-67d3a227c433,MED-11974,"K - 99","K - 99 (supplementation ًٍه ٍخ تغز ٌخ تك)","Potassium","",capsule,كبسولة,شريط,30,"Unknown","Unknown","Gastro Intestinal drugs Nutrition",284,7
a88cac9f-3799-4308-8445-7181b3c48b9b,MED-11975,"KADOMET 250 mg","KADOMET 250 mg (استفبع ضغظ انذو)","Ketoprofen 100 Cardio Vascular mg","250 mg",tablet,حبة,شريط,30,"KAHIRA PHARM","Egypt","System drugs Hypertension",285,1
17a107b3-66a6-4945-8275-802ddafa3063,MED-11976,"Kafid","Kafid (َضالد انجشد)","Dextromethorphan + Quaiphenesin+ Psedoephedrine","",syrup,مل,قارورة,100,"Shaphaco","Yemen","Respiratory drugs Common Cold",285,2
34368097-a941-4178-83a8-3eedeca1e987,MED-11977,"Kafosed","Kafosed (َضالد انجشد)","Dextromethorphan","",syrup,مل,قارورة,100,"SPIMACO","","Respiratory drugs Common Cold Saudi Arabia",285,3
9f403250-59c3-4421-82fe-eeb9ce2d2b18,MED-11978,"Kandizol 150 mg","Kandizol 150 mg (األنتهبثبد انجذنذ ٌخ)","Fluconazole","150 mg",other,وحدة,علبة,1,"Unknown","Unknown","Antifungals Dermatitis",285,4
78983d68-946e-4f77-89ed-17cf0779192f,MED-11979,"kanzar 100","kanzar 100 (استفبع ضغظ انذو)","Losartan Cardio Vascular Potassium","",other,وحدة,علبة,1,"Unknown","Unknown","System drugs Hypertension",285,5
bfa4b87c-0c9a-49e0-8c25-701892771a24,MED-11980,"kanzar-h","kanzar-h (استفبع ضغظ انذو)","Losartan Cardio Vascular Potassium","",other,وحدة,علبة,1,"Unknown","Unknown","System drugs Hypertension",285,6
f0472e13-3629-476e-8d08-1ef6d233a5a7,MED-11981,"Kartastamine","Kartastamine","Unknown","",syrup,مل,قارورة,100,"ALSHAHBA","Syria","Antihistamines Allergy انحغبع ٍخ",285,7
45835224-8c14-495b-8d52-838b27916deb,MED-11982,"Kartastamine","Kartastamine","Unknown","",tablet,حبة,شريط,20,"ALSHAHBA","Syria","Antihistamines Allergy انحغبع ٍخ",286,1
7eb11af0-4198-451e-8e15-d70c0d6f1a6f,MED-11983,"Kemadrin","Kemadrin (disease يشض انشػبػ)","Procyclidine Central Nervous tablet 5 mg","5 mg",tablet,حبة,شريط,100,"GlaxoWellcome","Unknown","system drugs Parkinson ' s",286,2
b386e112-2863-43d8-8399-c22262d600a9,MED-11984,"Kemadrin","Kemadrin (disease يشض انشػبػ)","Procyclidine 5 Central Nervous mg / tab","",tablet,حبة,شريط,100,"aspen","Ireland","system drugs Parkinson ' s",286,3
bf6aa77e-7229-47e5-805e-08d9d1ebbd7c,MED-11985,"Kenacort-A","Kenacort-A (األنتهبثبد انجذنذ ٌخ)","Triamcinolone Acetonide","",other,وحدة,علبة,1,"Smthkline Beecham","Unknown","Corticosteroid Dermatitis",286,4
380f4626-0f7c-4b6b-8c90-90e0ecb05f46,MED-11986,"Kenazol Cream","Kenazol Cream (األنتهبثبد انجذنذ ٌخ)","Ketoconazole 30 g","30 g",cream,أنبوب,علبة,30,"Domin pharma","Unknown","Antifungals Dermatitis",286,5
1d42556e-d4ab-4ad5-899f-bdf9c3e97d8f,MED-11987,"Keppra","Keppra (األوجبع)","Ketoprofen 500 mg","500 mg",tablet,حبة,شريط,30,"Unknown","Unknown","Nonsteroidal Anti- Analgesic يهذئبد",286,6
b759ce79-c37f-417d-854c-6ce96539229f,MED-11988,"Keppra","Keppra","levetiracetam Central Nervous tablet 500 mg","500 mg",tablet,حبة,شريط,10,"gsk glaxosmithkline","UK","system drugs Epilepsy انصشع",286,7
97aaa51f-3456-4d67-8553-0d46c9bb17eb,MED-11989,"Keppra - 500","Keppra - 500","levetiracetam Central Nervous tablet 500 mg","500 mg",tablet,حبة,شريط,30,"UCB","Unknown","system drugs Epilepsy انصشع",287,1
77ba0b8e-78c6-40d3-8f8b-570cbfdeebd2,MED-11990,"Kernadol","Kernadol (Analgesic يهذئبد األوجبع وانح ًى)","Paracetamol 100 mg / ml","100 mg",syrup,مل,قارورة,30,"KERN pharma","Korea","Non-Steroidal Anti- Antipyretic -",287,2
4eb9e769-61a0-41f1-83f9-d86e4dc72d89,MED-11991,"KETAMINE","KETAMINE (General انتخذ ٌش انؼبو)","Ketamine Central Nervous hydrochloride","",injection,أمبولة,باكت,10,"ROTEXMEDI CA","Germany","system drugs Anaesthetics",287,3
7fa1ea9c-eb79-4158-8ac2-274b10674c1f,MED-11992,"KETESSE","KETESSE (األوجبع)","Dexketoprufen 25 mg","25 mg",tablet,حبة,شريط,20,"MENARINI","Italy","Non-Steroidal Anti- Analgesic يهذئبد",287,4
243d617a-bbf7-4243-88aa-2a74561dbcba,MED-11993,"Ketesse","Ketesse (األوجبع)","Dexketoprufen","",injection,أمبولة,باكت,5,"MENARINI","Italy","Non-Steroidal Anti- Analgesic يهذئبد",287,5
08cc89a6-089f-4878-8c1f-0a9f832cdc2f,MED-11994,"KETESSE","KETESSE (األوجبع)","25 mg Dexketoprufen","25 mg",tablet,حبة,شريط,4,"MENARINI","Italy","Non-Steroidal Anti- Analgesic يهذئبد",287,6
d6c8ef35-7a4c-4546-8407-6f2d96a13768,MED-11995,"Ketlac - 10","Ketlac - 10 (األوجبع)","Ketorolac Tromethamine tablet 10 mg","10 mg",tablet,حبة,شريط,30,"RFA","Yemen","NSAID Analgesic يهذئبد",287,7
61aebaf7-71af-45b8-873f-7d7abd40a4c7,MED-11996,"Keto 100","Keto 100 (األوجبع)","Ketoprofen tablet 100 mg .","100 mg",tablet,حبة,شريط,30,"Shiba pharma","Yemen","NSAID Analgesic يهذئبد",288,1
37487e9c-b6b3-4376-8087-a80d0dcddb6d,MED-11997,"Ketofan 50","Ketofan 50 (األوجبع)","Ketoprofen 50 mg","50 mg",capsule,كبسولة,شريط,20,"European Egyption Pharma","Egypt","Non-Steroidal Anti- Analgesic يهذئبد",288,2
5cd9579c-d085-4625-8da2-e98dd86c77db,MED-11998,"Ketofan gel","Ketofan gel (األوجبع)","Ketoprofen gel 2.5% .","2.5%",ointment,أنبوب,علبة,40,"AMRIYA PHARMA","Egypt","Nonsteroidal Anti- Analgesic يهذئبد",288,3
03f04534-dd28-415d-8bb2-e2ccd258e828,MED-11999,"Ketofan Susp","Ketofan Susp (األوجبع)","Ketoprofen suspension 12.5 mg / 5 ml","12.5 mg / 5 ml",suspension,مل,قارورة,120,"AMRIYA PHARMA","Egypt","Nonsteroidal Anti- Analgesic يهذئبد",288,4
0006113f-259d-4fd4-8f9d-92507d712a48,MED-12000,"Ketofan - 200 SR","Ketofan - 200 SR (األوجبع)","Ketoprofen capsule 200 mg .","200 mg",capsule,كبسولة,شريط,14,"AMRIYA PHARMA","Egypt","Nonsteroidal Anti- Analgesic يهذئبد",288,5
74ce29cc-c025-48e0-8da3-b0f9b744943a,MED-12001,"Ketolgen SR","Ketolgen SR (األوجبع)","Ketoprofen capsule 200 mg .","200 mg",capsule,كبسولة,شريط,10,"Amoun","Egypt","Nonsteroidal Anti- Analgesic يهذئبد",288,6
424194d1-0d39-42b9-80c1-3f32df4daf6c,MED-12002,"Ketolgin","Ketolgin (األوجبع)","Ketoprofen gel 2.5% .","2.5%",ointment,أنبوب,علبة,40,"Amoun","Egypt","Nonsteroidal Anti- Analgesic يهذئبد",288,7
091999dc-4710-40be-8722-051b2cc2dbea,MED-12003,"Ketolgin 50","Ketolgin 50 (األوجبع)","Ketoprofen","",tablet,حبة,شريط,10,"AMOUN","Egypt","Non-Steroidal Anti- Analgesic يهذئبد",289,1
f554663a-79df-4044-894d-4bb22c6d0624,MED-12004,"Ketoprek 75 mg","Ketoprek 75 mg (األوجبع)","Ketoprofen","75 mg",capsule,كبسولة,شريط,10,"BORG","Egypt","Non-Steroidal Anti- Analgesic يهذئبد",289,2
a7317039-5f53-45a8-8140-65b548e01088,MED-12005,"Ketoprof","Ketoprof (األوجبع)","Ketoprofen tablet 100 mg .","100 mg",tablet,حبة,شريط,30,"Y.E.PHARMA","Yemen","NSAID Analgesic يهذئبد",289,3
026545a1-4789-4160-8887-f2edf0257dc9,MED-12006,"Ketoprofen","Ketoprofen (األوجبع)","Ketoprofen 100 mg / apmoule .","100 mg",injection,أمبولة,باكت,2,"Huons","Korea","Nonsteroidal Anti- Analgesic يهذئبد",289,4
67c53dac-7a72-4552-83ef-86d632e81ed7,MED-12007,"KETORAL","KETORAL (األنتهبثبد انجذنذ ٌخ)","Ketoconazole 200 mg","200 mg",tablet,حبة,شريط,10,"Bilim","Turkey","Antifungals Dermatitis",289,5
7c4c3dba-3682-41ef-8a23-3c3db52e518b,MED-12008,"Ketoral","Ketoral (األنتهبثبد انجذنذ ٌخ)","Ketoconazole 200 mg","200 mg",capsule,كبسولة,شريط,1,"CPE","Unknown","Antifungals Dermatitis",289,6
92c9c2d4-02d1-48f6-8f56-35b6feab94f4,MED-12009,"Ketoral","Ketoral (األنتهبثبد انجذنذ ٌخ)","Ketoconazole 2%","2%",cream,أنبوب,علبة,40,"Bilim","Turkey","Antifungals Dermatitis",289,7
5e58875d-42c7-4088-85de-0a4b4a251ad6,MED-12010,"Ketoral","Ketoral (األنتهبثبد انجذنذ ٌخ)","Ketoconazole 2%","2%",injection,أمبولة,باكت,100,"Bilim","Turkey","Antifungals Dermatitis",290,1
ae32b212-c0d3-4f9d-81e6-c79e5c50fad1,MED-12011,"Ketotifen","Ketotifen (انشؼت انهىائ ٍخ)","Ketotifen Fumarate","",tablet,حبة,شريط,20,"AMRIYA PHARMA","Egypt","Respiratory drugs Bronchitis انتهبة",290,2
b2691263-f1ba-42bf-84c9-b93330b20a40,MED-12012,"Ketotifen","Ketotifen (انشؼت انهىائ ٍخ)","Ketotifen Fumarate","",syrup,مل,قارورة,100,"AMRIYA PHARMA","Egypt","Respiratory drugs Bronchitis انتهبة",290,3
7a96406b-1295-4d6b-8911-35c3f9e36cb7,MED-12013,"Ketotifen","Ketotifen (انشؼت انهىائ ٍخ)","Ketotifen Fumarate","",syrup,مل,قارورة,100,"hovid","Malaysia","Respiratory drugs Bronchitis انتهبة",290,4
66cbe383-99bd-4da0-8e4d-6cf63727884d,MED-12014,"KETOTIPHEN","KETOTIPHEN (انشؼت انهىائ ٍخ)","Ketotifen Fumarate","",tablet,حبة,شريط,20,"AMRIYA PHARMA","Egypt","Respiratory drugs Bronchitis انتهبة",290,5
7c3a5279-9b9e-4a13-8f9e-64be45e163f2,MED-12016,"Ketovent","Ketovent (انشؼت انهىائ ٍخ)","Each 5 ml contains 1 mg ketotifen","5 ml",syrup,مل,قارورة,100,"Pharmacare","Yemen","Respiratory drugs Bronchitis انتهبة",290,7
b04a177d-76fa-4b4e-8b6d-cd3499e81eef,MED-12017,"Ketya - 200","Ketya - 200 (األيشاض انؼمه ٍخ)","Quetiapine tablet Central Nervous 200 mg","200 mg",tablet,حبة,شريط,30,"ABDIIbrahim","Unknown","system drugs Mental Disorders",291,1
c9bd5ed0-4315-4bd5-8942-479f9748b8f3,MED-12018,"Kiddi pharmaton","Kiddi pharmaton (Deficiency َمص ف ٍتبي ٍُبد)","Multi vitamin and Menirals.","",syrup,مل,قارورة,100,"Ginsana","Unknown","Vitamines and Menirals Vitamins",291,2
b5413fc7-aa1c-414c-890e-328df9e8a835,MED-12019,"Kiddilyte","Kiddilyte","Dextrose + Fructose + Gripe flavor +Citric Acid + Potassium citrate +Sodium Chloride +","",syrup,مل,قارورة,200,"Shiba pharma","Yemen","Gastro Intestinal drugs Diarrhea األعهبل",291,3
2f5fe9f6-5e31-442f-828f-6ad6a287fd82,MED-12021,"Kidlyte","Kidlyte","Combination","",syrup,مل,قارورة,250,"Unknown","Unknown","Gastro Intestinal drugs Diarrhea األعهبل",291,5
280cdebc-adb4-48a9-8624-00aca45d6b11,MED-12022,"Kids Plus","Kids Plus (Deficiency َمص ف ٍتبي ٍُبد)","Multi Vitamines","",tablet,حبة,شريط,100,"Unknown","Unknown","Vitamines and Menirals Vitamins",291,6
7705adbb-02ac-4c0e-84c5-25a80e46d8af,MED-12023,"Kidviton","Kidviton (Deficiency َمص ف ٍتبي ٍُبد)","Multi Vitamines with Lysine + Calcium","",syrup,مل,قارورة,120,"satda","Unknown","Vitamines and Menirals Vitamins",291,7
412e56b4-0213-44f5-8da6-697b3763e060,MED-12024,"KIDZ KIT * 3 Forte","KIDZ KIT * 3 Forte (( T . B ) ٌ انذس)","Rifampicin + isoniazid + pyrazinamide","",other,وحدة,علبة,1,"Unknown","Unknown","Antibiotics Tuberculosis",292,1
bbf0471f-7132-4951-8d33-7d8e4c8e0b2e,MED-12025,"Kinsol - 5","Kinsol - 5 (disease يشض انشػبػ)","Benzhexol Central Nervous ( Trihexyphenidyl ) tablet 5 mg","5 mg",tablet,حبة,شريط,30,"Shiba pharma","Yemen","system drugs Parkinson ' s",292,2
3d234517-f929-43a7-894f-ce4bc7911a1d,MED-12026,"Kinsol - 2","Kinsol - 2 (disease يشض انشػبػ)","Benzhexol Central Nervous ( Trihexyphenidyl ) tablet 2 mg","2 mg",tablet,حبة,شريط,30,"Shiba pharma","Yemen","system drugs Parkinson ' s",292,3
01eef753-df0d-4d42-8177-f249f0380f4b,MED-12027,"Kiroll","Kiroll (Infections األصبثبد انجكت ٍش ٌخ)","Ofloxacin*","",tablet,حبة,شريط,1,"gsk glaxosmithkline","UK","Antibacterial Bacterial",292,4
f714dd7a-4b7c-4e52-869f-8957e2b18cf9,MED-12028,"Kitpylo-c","Kitpylo-c (ان ًؼذح)","Combination","",other,وحدة,علبة,1,"Unknown","Unknown","Gastro Intestinal drugs H - Pylori جشثىيخ",292,5
f691c01c-7512-4f9c-890c-9ee0f53282c5,MED-12029,"Kitpylo-c","Kitpylo-c (ان ًؼذح)","tinidazole 30 mg + clarithromycin 250 mg + Lansoprazole 30 mg","30 mg",other,وحدة,علبة,1,"Medley","India","Gastro Intestinal drugs Peptic ulcer لشحخ",292,6
cec6bf9f-0007-42be-8acf-f26b710d1e35,MED-12030,"Klacid","Klacid (Disorders اضطشاثبد انجهبص ً انت ُفغ)","Clarithromycin 125 mg / 5 ml","125 mg / 5 ml",other,وحدة,علبة,1,"ABBOTT","USA","Antibiotics Respiratory",292,7
ebff6acf-e05f-4fe7-8fb8-9ece15ac87d2,MED-12031,"KLACID 250","KLACID 250 (Disorders اضطشاثبد انجهبص ً انت ُفغ)","Clarithromycin","",tablet,حبة,شريط,14,"ABBOTT","USA","Antibiotics Respiratory",293,1
d6bf40ef-fcda-46a3-8727-a4e857ae0fe5,MED-12032,"KLACID 500","KLACID 500 (Disorders اضطشاثبد انجهبص ً انت ُفغ)","Clarithromycin","",tablet,حبة,شريط,1,"ABBOTT","USA","Antibiotics Respiratory",293,2
1afcb5b6-9402-4880-8987-5b123ab91aba,MED-12033,"Klamoks","Klamoks (Microbial Infections)","Amoxicillin + Clavulanic Acid","",other,وحدة,علبة,1,"Unknown","Unknown","Antibiotics ًٍكشوث ٍخ األصبثبد ان",293,3
cf40425a-f8f0-4e6d-8ed2-21a78924004f,MED-12035,"Klamoks BID","Klamoks BID (Microbial Infections)","Amoxicillin/Clavu lanate Potassium","",tablet,حبة,شريط,2,"Bilim","Turkey","Antibiotics ًٍكشوث ٍخ األصبثبد ان",293,5
df2e8e0a-5318-4d0f-8f66-441ac2180761,MED-12036,"Klamoks BID","Klamoks BID (Microbial Infections)","Amoxicillin + Clavulanic Acid","",other,وحدة,علبة,1,"Unknown","Unknown","Antibiotics ًٍكشوث ٍخ األصبثبد ان",293,6
db8f90ca-220b-4c25-86b8-d4d5adfc0a31,MED-12038,"Klamoks Tablets","Klamoks Tablets (Microbial Infections)","Amoxicillin/Clavu lanate Potassium","",tablet,حبة,شريط,3,"Bilim","Turkey","Antibiotics ًٍكشوث ٍخ األصبثبد ان",294,1
15f81abc-c62c-42ec-8612-54c3cfce629e,MED-12039,"KLARI tab","KLARI tab (Disorders اضطشاثبد انجهبص ً انت ُفغ)","Clarithromycin 500 mg","500 mg",tablet,حبة,شريط,14,"Global Pharma","Yemen","Antibiotics Respiratory",294,2
b565139a-5779-4535-8415-85ef2f472ac3,MED-12040,"KLARI tab","KLARI tab (Disorders اضطشاثبد انجهبص ً انت ُفغ)","Clarithromycin 250 mg","250 mg",tablet,حبة,شريط,14,"Global Pharma","Yemen","Antibiotics Respiratory",294,3
c663eb2e-e1ee-447c-8859-5cdefa9c4572,MED-12041,"Klavox","Klavox (Microbial Infections)","Amoxicillin/Clavu lanate Potassium","",tablet,حبة,شريط,2,"SPIMACO","","Antibiotics ًٍكشوث ٍخ األصبثبد ان Saudi Arabia",294,4
6a776fc4-6760-44c1-8073-ddd288232f5f,MED-12042,"Kleen enema adult","Kleen enema adult (األيغبن)","sodium phosphate + bi phosphate ad •Do not use more than 1 enema in 24 hours .","",other,وحدة,علبة,120,"Nabqasim = pakistan","Unknown","Gastro Intestinal drugs Constipation",294,5
8bbfcd17-8b44-4f35-8eb7-21ccb22880bf,MED-12043,"Kleen enema child","Kleen enema child (األيغبن)","sodium phosphate+bi phosphate","",other,وحدة,علبة,60,"Nabqasim = pakistan","Unknown","Gastro Intestinal drugs Constipation",294,6
ac97e0b7-3711-46d7-8609-b50ddfab81a5,MED-12044,"KLION _ D 100","KLION _ D 100 (Gardiasis جبسد ٌب واي ٍج ٍب)","Metronidazole 100 mg + miconazole nitrate 100 mg","100 mg",tablet,حبة,شريط,10,"MEGA","Thailand","Antiprtozoal Amoebiasis ,",294,7
ca021af3-d89e-4c6a-8f4d-2f730cb628bb,MED-12045,"Klion - D 100","Klion - D 100","Miconazole Nitrate+Metronida zole","",other,وحدة,علبة,10,"KLION","Unknown","Antifungals Vaginal ان ًهجم",295,1
f57f01be-1b1e-437d-8dc2-db384d87f9f9,MED-12046,"KLIRAX","KLIRAX (ان ًؼذح)","Chlordiazepoxide 5 mg + Clidinium Bromide 2.5 mg","5 mg",tablet,حبة,شريط,30,"RFA","Yemen","Gastro Intestinal drugs Peptic ulcer لشحخ",295,2
29fb5b80-15bc-4c09-85ac-478a5ae9c31e,MED-12047,"Koalavit","Koalavit (Deficiency َمص ف ٍتبي ٍُبد)","Multi Vitamines","",other,وحدة,علبة,1,"Unknown","Unknown","Vitamines and Menirals Vitamins",295,3
66c12e95-30f1-4a74-8772-e475252a973a,MED-12048,"Koflet","Koflet (َضالد انجشد)","herbal extract","",syrup,مل,قارورة,100,"Co","India","Respiratory Himalaya Drug drugs Common Cold",295,4
cf4925a3-269c-4a8d-822c-ec90ca36926e,MED-12049,"Kofol","Kofol (َضالد انجشد)","Ammonium chloride + ipecacuanha + liquid glucose+ honey + lemon juice","",other,وحدة,علبة,1,"Unknown","Unknown","Respiratory drugs Common Cold",295,5
3e228a63-cf73-409e-8903-69762b677e18,MED-12050,"Kofol","Kofol (( E . N . T ) األ َف ٌ وانح ُجشح واألر)","Antiseptic","",other,وحدة,علبة,12,"Unknown","Unknown","Antiseptic and Desinfectants Ear Nose Throat",295,6
01f83a5d-2eb8-489b-8c87-0214e25e8dd8,MED-12051,"Kofol","Kofol","Herbal extract","",syrup,مل,قارورة,1,"Unknown","Unknown","Unknown Unknown",295,7
4d31f531-8d44-4652-85e1-cf1e4df82e6a,MED-12052,"KOKAST","KOKAST (Asthma انشثى ً انشؼج)","Montelukast Sodium 10 mg","10 mg",tablet,حبة,شريط,30,"EGYPHAR","Egypt","Respiratory drugs Bronchial",296,1
a15b0ae8-0c55-4674-87a9-a37ca19781a3,MED-12053,"KOKAST","KOKAST (Asthma انشثى ً انشؼج)","Montelukast Sodium 10 mg","10 mg",tablet,حبة,شريط,10,"EGYPHAR","Egypt","Respiratory drugs Bronchial",296,2
d2da2666-8032-416a-8b1d-181580c5b713,MED-12054,"KOKAST","KOKAST (Asthma انشثى ً انشؼج)","Montelukast Sodium 10 mg","10 mg",tablet,حبة,شريط,7,"EGYPHAR","Egypt","Respiratory drugs Bronchial",296,3
d59c0964-2b2c-457f-8381-8bd3e843dd7c,MED-12055,"Kold off","Kold off (َضالد انجشد)","pseudoephedrine +paracetamol + chloraphiniramine","",tablet,حبة,شريط,20,"shiba pharma","Yemen","Respiratory drugs Common Cold",296,4
2b4d680b-9c5a-4b9c-882a-1ed41c897c45,MED-12056,"Kold Off","Kold Off (َضالد انجشد)","Pseudoephedrine 120 mg + Loratidine 5 mg","120 mg",capsule,كبسولة,شريط,10,"Shiba pharma","Yemen","Respiratory drugs Common Cold",296,5
72283160-9a3c-4dde-8730-1bc402582820,MED-12057,"kontal","kontal (انذودح انشش ٌط ٍخ)","niclosamide","",tablet,حبة,شريط,4,"Unknown","Unknown","Anthelmentic Tape Worms",296,6
af74d179-9c3e-46a8-8766-353a878f436c,MED-12058,"kopamin","kopamin","mecobalamine 500 micro gram","",tablet,حبة,شريط,30,"Korea Pharma","Korea","Vitamines and Menirals Anaemia فمش انذو",296,7
89831038-dd8a-4961-8b21-39053999a524,MED-12059,"Kopamin","Kopamin","Mecobalamin 500 mcg Tablets","500 mcg",tablet,حبة,شريط,30,"Korea Pharma","Korea","Vitamines and Menirals Anaemia فمش انذو",297,1
3ef6f1d0-f89a-48e5-8914-a197f9ee7951,MED-12060,"Krtoprek","Krtoprek (األوجبع)","Ketoprofen capsule 75 mg .","75 mg",capsule,كبسولة,شريط,10,"BORG","Egypt","Nonsteroidal Anti- Analgesic يهذئبد",297,2
cbb12c6c-ba85-4950-8536-5ccd9b81f4f3,MED-12061,"Kupan 50 mg","Kupan 50 mg (األوجبع)","Ketoprofen 50 mg","50 mg",capsule,كبسولة,شريط,20,"ALKAN Pharma","Egypt","Nonsteroidal Anti- Analgesic يهذئبد",297,3
1b5af2e5-a959-46a5-8f16-1981ad373828,MED-12062,"K-Vita","K-Vita (ان ُض ٌف)","Vitamin K","",injection,أمبولة,باكت,10,"Vitalis","USA","Antihaemorrhag es Haemorrhage",297,4
0144f89d-878e-4b7a-82b1-68be68d4f866,MED-12063,"K-VITON","K-VITON (ان ُض ٌف)","Acetomenaphthon e 10 mg / tablet .","10 mg",tablet,حبة,شريط,20,"KAHIRA PHARM","Egypt","Vitamines and Menirals Haemorrhage",297,5
03f15b8c-0c5b-4dda-891d-3a55763a50ae,MED-12064,"Kwnstan Forte","Kwnstan Forte (األوجبع)","Mefenamic Acid","",tablet,حبة,شريط,20,"Unknown","Unknown","Non-Steroidal Anti- Analgesic يهذئبد",297,6
158fc707-efe8-4843-8c96-5d06590016ca,MED-12065,"L.C","L.C (األنتهبثبد انجذنذ ٌخ)","Glycerin","",cream,أنبوب,علبة,60,"L.C","Syria","Skin Disorders Dermatitis",297,7
ca51adcd-04ff-4bf9-8b47-f6d6589c1860,MED-12066,"Labamezole","Labamezole (Gardiasis جبسد ٌب واي ٍج ٍب)","Labamezole","",tablet,حبة,شريط,20,"LABATEC pharma","Switzerland","Antiprtozoal Amoebiasis ,",298,1
19cd8c1d-f4b8-46b8-8e42-d179b04cb692,MED-12067,"LABMOX - 125","LABMOX - 125 (Microbial Infections)","Amoxicillin 125 mg / 5 ml","125 mg / 5 ml",suspension,مل,قارورة,100,"MILAN","India","Antibiotics ًٍكشوث ٍخ األصبثبد ان",298,2
f0d7490c-ab6a-45b3-8fc4-bbcb506ac501,MED-12068,"LABMOX - 250","LABMOX - 250 (Microbial Infections)","Amoxicillin 250 mg / 5 ml","250 mg / 5 ml",suspension,مل,قارورة,100,"Unknown","","Antibiotics ًٍكشوث ٍخ األصبثبد ان",298,3
14cf4bcf-51ae-4dc0-8c5b-317da9e80a0f,MED-12069,"LABOZOL","LABOZOL (Gardiasis جبسد ٌب واي ٍج ٍب)","Secnidazole 1000 mg","1000 mg",tablet,حبة,شريط,2,"LABORATE","India","Antiprtozoal Amoebiasis ,",298,4
c4b1573b-0091-4121-8e74-b67746e97063,MED-12070,"Labrtalol","Labrtalol (استفبع ضغظ انذو)","Labetalol Cardio Vascular","",other,وحدة,علبة,1,"Unknown","Unknown","System drugs Hypertension",298,5
c18e251f-aac1-44ba-88c9-b37d8a466310,MED-12071,"LABTAC - 150","LABTAC - 150 (ان ًؼذح)","Ranitidine 150 mg","150 mg",tablet,حبة,شريط,10,"LABORATE","India","Gastro Intestinal drugs Peptic ulcer لشحخ",298,6
b0e4d736-3c37-4d50-80be-5869c6dc323b,MED-12072,"LACALUT","LACALUT (انغغىالد انف ًى ٌخ)","Antiseptic","",syrup,مل,قارورة,75,"Unknown","Unknown","Antiseptic and Desinfectants Mouth Wash",298,7
36b02b2e-0198-40b1-84a1-80afa4690741,MED-12073,"lacine 50 mg","lacine 50 mg (استفبع ضغظ انذو)","losartan Cardio Vascular potassium ( 50 mg )","50 mg",tablet,حبة,شريط,50,"JPM","Unknown","System drugs Hypertension",299,1
3615bdb7-87fd-4405-8d06-48e8d27302e1,MED-12074,"Lacteol fort","Lacteol fort","Lactic Acid","",other,وحدة,علبة,100,"AXCAN PHARMA","France","Gastro Intestinal drugs Vaginal ان ًهجم",299,2
522562d1-44ec-4b58-8ac9-9d6ab6fd103b,MED-12075,"Lacteol fort","Lacteol fort","Lactic Acid","",capsule,كبسولة,شريط,12,"AXCAN PHARMA","France","Gastro Intestinal drugs Vaginal ان ًهجم",299,3
0c62ccff-e07e-47b8-815f-ced1854ca539,MED-12076,"Lacteol forte","Lacteol forte","Lactic Acid","",other,وحدة,علبة,6,"AXCAN PHARMA","France","Gastro Intestinal drugs Vaginal ان ًهجم",299,4
16a9761e-a577-480b-811d-c00711188545,MED-12077,"Lacti vag","Lacti vag","Lactic Acid","",syrup,مل,قارورة,200,"Shiba pharma","Yemen","Gastro Intestinal drugs Vaginal ان ًهجم",299,5
d837b85c-ba00-49b7-8151-04d584ec9a9c,MED-12078,"Lactisyr","Lactisyr","Combination","",syrup,مل,قارورة,300,"Unknown","Unknown","Antiseptic and Desinfectants Vaginal ان ًهجم",299,6
b5721ec6-ac47-44b9-82da-0f8b8f1eb8b6,MED-12079,"lactolac","lactolac (األيغبن)","Lactulose","",syrup,مل,قارورة,1,"Domin = Jorden","Unknown","Gastro Intestinal drugs Constipation",299,7
c1b972f8-e08b-4a3a-8cb7-73b1279269dd,MED-12080,"Ladium","Ladium","Loperamide Hydrochloride","",capsule,كبسولة,شريط,20,"Stada","Unknown","Gastro Intestinal drugs Diarrhea األعهبل",300,1
1decf07b-92c7-4fc5-834d-a5ee8dde946e,MED-12081,"Lakzil","Lakzil (األيغبن)","Bisacodyl","",tablet,حبة,شريط,30,"Unknown","Unknown","Gastro Intestinal drugs Constipation",300,2
629c8065-a6e2-4b65-8f4a-53a947eafaeb,MED-12082,"Lamicream","Lamicream (األنتهبثبد انجذنذ ٌخ)","Terbinafine HCL 1%","1%",cream,أنبوب,علبة,15,"Global Pharma","Yemen","Antifungals Dermatitis",300,3
c571ff4e-e48b-42cd-8df6-30e90920f261,MED-12083,"Lamictal - 25","Lamictal - 25","Lamotrigine Central Nervous tablet 25 mg","25 mg",tablet,حبة,شريط,30,"gsk glaxosmithkline","UK","system drugs Epilepsy انصشع",300,4
a51c7e09-0da7-4550-850d-4a7676924469,MED-12084,"Lamictal - 50","Lamictal - 50","Lamotrigine Central Nervous tablet 50 mg","50 mg",tablet,حبة,شريط,30,"gsk glaxosmithkline","UK","system drugs Epilepsy انصشع",300,5
bae0867f-1f1c-47a3-8048-2240b1868a2b,MED-12085,"LAMIFEN","LAMIFEN (األنتهبثبد انجذنذ ٌخ)","Terbinafine HCL 1% W / W","1%",cream,أنبوب,علبة,15,"Jamjoum Pharma","","Antifungals Dermatitis Saudi Arabia",300,6
4c43783f-ec75-4590-898a-fa9995fedcd0,MED-12086,"Lamivir HBV","Lamivir HBV (Disorders اضطشاثبد انكجذ)","Lamivudine 100 mg","100 mg",tablet,حبة,شريط,10,"CIPLA","India","Antivirals Hepatic",300,7
c80a6913-4446-4a66-8b47-222f07d3ede5,MED-12087,"Lamivir HBV tab","Lamivir HBV tab (Disorders اضطشاثبد انكجذ)","lamivudine","",tablet,حبة,شريط,28,"CIPLA","India","Antivirals Hepatic",301,1
36daaee1-cd48-45c0-87fd-055dff698b7a,MED-12088,"LANASOPRAL - 3 0","LANASOPRAL - 3 0 (ان ًؼذح)","Lansoprazole","",capsule,كبسولة,شريط,20,"Bahry medical","Syria","Gastro Intestinal drugs Peptic ulcer لشحخ",301,2
2f88217b-06f3-4b51-8c00-f69d797049a1,MED-12089,"LANCER 30","LANCER 30 (ان ًؼذح)","Lansoprazole","",capsule,كبسولة,شريط,30,"Aurobindo","Unknown","Gastro Intestinal drugs Peptic ulcer لشحخ",301,3
2a53f6f7-2a0f-49f0-82b1-d41821196a9a,MED-12090,"Lancid","Lancid (ان ًؼذح)","Lansoprazole","",capsule,كبسولة,شريط,14,"Micro lab =India","Unknown","Gastro Intestinal drugs Peptic ulcer لشحخ",301,4
50ded934-329c-4a9d-87d3-65153858ee9a,MED-12091,"Lancid","Lancid (ان ًؼذح)","Lansoprazole","",other,وحدة,علبة,1,"Unknown","Unknown","Gastro Intestinal drugs Peptic ulcer لشحخ",301,5
0177f673-9723-4636-875c-a890dd1214f4,MED-12092,"Lanoxin","Lanoxin (Failure)","Digoxin 0.25 mg / Cardio Vascular tab","0.25 mg",tablet,حبة,شريط,100,"aspen","Ireland","System drugs Congstive Heart",301,6
5bb00483-a09b-4346-8f8a-feea30ee1385,MED-12093,"Lanoxin","Lanoxin (Failure)","Digoxin 0.5 mg / Cardio Vascular 2 ml","0.5 mg",injection,أمبولة,باكت,5,"aspen","Ireland","System drugs Congstive Heart",301,7
176f6080-09f7-4269-8f87-28437997e389,MED-12094,"Lanprol","Lanprol (ان ًؼذح)","Lansoprazole 30 mg","30 mg",capsule,كبسولة,شريط,14,"Shiba pharma","Yemen","Gastro Intestinal drugs Peptic ulcer لشحخ",302,1
135b81ab-4776-4e9f-85cc-8d0995e0be0d,MED-12095,"Lanprol","Lanprol (ان ًؼذح)","Lansoprazole","",capsule,كبسولة,شريط,10,"Shiba pharma","Yemen","Gastro Intestinal drugs Peptic ulcer لشحخ",302,2
2def451b-bf8e-41d8-8608-9531c7d022b1,MED-12096,"Lanprol","Lanprol (ان ًؼذح)","Lansoprazole 30 mg","30 mg",capsule,كبسولة,شريط,10,"Shiba pharma","Yemen","Gastro Intestinal drugs Peptic ulcer لشحخ",302,3
ed674db2-58d0-4608-8d54-0758b5543c7b,MED-12097,"Lansazol","Lansazol (ان ًؼذح)","Lansoprazole","",capsule,كبسولة,شريط,14,"Hayat pharma","Unknown","Gastro Intestinal drugs Peptic ulcer لشحخ",302,4
208fb0de-824d-4be4-83f1-e25f84ac2c3f,MED-12098,"lansec","lansec (ان ًؼذح)","Lansoprazole","",capsule,كبسولة,شريط,14,"CIPLA","India","Gastro Intestinal drugs Peptic ulcer لشحخ",302,5
4c7e57d4-0323-4195-8370-0b8640522fc1,MED-12099,"Lansec","Lansec (ان ًؼذح)","Lansoprazole 30 mg","30 mg",capsule,كبسولة,شريط,14,"Unknown","Unknown","Gastro Intestinal drugs Peptic ulcer لشحخ",302,6
6f9f6899-5dd3-4a52-8163-9e1a3293c076,MED-12100,"Lansoprazol","Lansoprazol (ان ًؼذح)","Lansoprazole","",other,وحدة,علبة,1,"Unknown","Unknown","Gastro Intestinal drugs Peptic ulcer لشحخ",302,7
d7ba0384-1ddb-49cb-8d9b-846181f5725f,MED-12101,"Lansoprol","Lansoprol (ان ًؼذح)","Lansoprazole","",tablet,حبة,شريط,28,"NOBEL","Unknown","Gastro Intestinal drugs Peptic ulcer لشحخ",303,1
3dc1583c-7f31-42c7-840d-ca56b8495198,MED-12102,"lansotac","lansotac (ان ًؼذح)","Lansoprazole","",capsule,كبسولة,شريط,14,"BIOPHARM","Yemen","Gastro Intestinal drugs Peptic ulcer لشحخ",303,2
54faeffe-6bc4-4a0f-80b1-c5c26cedec9e,MED-12103,"Lanspral - 30","Lanspral - 30 (ان ًؼذح)","Lansoprazole","",other,وحدة,علبة,1,"Medical Bahri","Syria","Gastro Intestinal drugs Peptic ulcer لشحخ",303,3
dc490454-3cdb-4f04-89f7-a47c02ada8f5,MED-12104,"LANTAK","LANTAK (ان ًؼذح)","Lansoprazole 30 mg","30 mg",capsule,كبسولة,شريط,14,"Global Pharma","Yemen","Gastro Intestinal drugs Peptic ulcer لشحخ",303,4
08e72163-1790-4137-88d8-a39f66a0ef41,MED-12105,"Lantanon","Lantanon (ان ًؼذح)","Lansoprazole","",capsule,كبسولة,شريط,14,"UNICHiMA","Syria","Gastro Intestinal drugs Peptic ulcer لشحخ",303,5
d4dfcc0e-831a-4ddd-836d-e7c1a835737f,MED-12106,"Lanzack","Lanzack (ان ًؼذح)","Lansoprazole","",capsule,كبسولة,شريط,14,"Y.E.PHARMA","Yemen","Gastro Intestinal drugs Peptic ulcer لشحخ",303,6
6c29beda-2999-4f9d-8e4a-e702f34ce61a,MED-12107,"Lanzin","Lanzin (ان ًؼذح)","Lansoprazole 30 mg","30 mg",capsule,كبسولة,شريط,14,"YEDCO","Yemen","Gastro Intestinal drugs Peptic ulcer لشحخ",303,7
52893035-2a11-4c49-8ea1-90c826661519,MED-12108,"LANZOL","LANZOL (ان ًؼذح)","Lansoprazole","",capsule,كبسولة,شريط,14,"Modern Pharama","Yemen","Gastro Intestinal drugs Peptic ulcer لشحخ",304,1
43c82f2d-ab4d-43be-83e7-54aebb78f4d9,MED-12109,"Lanzomac 30","Lanzomac 30 (ان ًؼذح)","Lansoprazole","",capsule,كبسولة,شريط,100,"Shaphaco","Yemen","Gastro Intestinal drugs Peptic ulcer لشحخ",304,2
6a462d8e-6aca-4730-851d-2d6f104f01e9,MED-12110,"LANZOMAC 30","LANZOMAC 30 (ان ًؼذح)","Lansoprazole 30 mg","30 mg",capsule,كبسولة,شريط,14,"Shaphaco","Yemen","Gastro Intestinal drugs Peptic ulcer لشحخ",304,3
bc64c253-fb91-4ea4-816c-e5ebf7f1e8b5,MED-12111,"Lanzor","Lanzor","Unknown","",other,وحدة,علبة,1,"Unknown","Unknown","Unknown Unknown",304,4
1b6f983f-8a64-49c9-8c5d-c29904964198,MED-12112,"Lanzoram - 30","Lanzoram - 30 (ان ًؼذح)","Lansoprazole 30 mg","30 mg",capsule,كبسولة,شريط,14,"RAM PHARMA","Jordan","Gastro Intestinal drugs Peptic ulcer لشحخ",304,5
e6b53557-a177-43fd-8f6d-8034e241887a,MED-12113,"lanzotec 15","lanzotec 15 (ان ًؼذح)","Lansoprazole 15 mg","15 mg",capsule,كبسولة,شريط,15,"JOSWE","Jordan","Gastro Intestinal drugs Peptic ulcer لشحخ",304,6
1e7b96e6-ccdb-436b-85dd-96796aca315e,MED-12114,"lanzotec 30","lanzotec 30 (ان ًؼذح)","Lansoprazole 30 mg","30 mg",capsule,كبسولة,شريط,15,"JOSWE","Jordan","Gastro Intestinal drugs Peptic ulcer لشحخ",304,7
42916e90-8c61-47f7-8b7a-f71cfa5e7693,MED-12115,"Lapril 5","Lapril 5 (استفبع ضغظ انذو)","Enalapril Cardio Vascular","",tablet,حبة,شريط,20,"MID Pharma","Jordan","System drugs Hypertension",305,1
7572874a-9901-4fae-8571-dcc8ef2cce70,MED-12116,"Laredine","Laredine","Loratadine 10 mg","10 mg",tablet,حبة,شريط,10,"Shaphaco","Yemen","Antihistamines Allergy انحغبع ٍخ",305,2
dbfd8df6-876f-4b12-8117-9018893b51c3,MED-12117,"larither","larither","Artemether","",injection,أمبولة,باكت,1,"lpca","Unknown","Antimalarial medicines Malaria ان ًالس ٌب",305,3
a578abcb-8f98-460a-811b-6f1b2f2279c0,MED-12118,"Lasilactone","Lasilactone (استفبع ضغظ انذو)","Spironolactone Cardio Vascular","",tablet,حبة,شريط,10,"Unknown","Unknown","System drugs Hypertension",305,4
57f1221b-a91b-430a-81b0-a1103a40b3e2,MED-12119,"Lasix 40","Lasix 40 (استفبع ضغظ انذو)","Furosemide Cardio Vascular","",tablet,حبة,شريط,24,"Unknown","Egypt","Aventis Pharma System drugs Hypertension",305,5
2f3db8f7-bb28-4ff9-8c73-bf7ed9c880b8,MED-12120,"Lasoprol 30 mg","Lasoprol 30 mg (ان ًؼذح)","Lansoprazole","30 mg",capsule,كبسولة,شريط,14,"DELORBIS","Cyprus","Gastro Intestinal drugs Peptic ulcer لشحخ",305,6
4a2e20c9-af9e-4784-82cb-8cd31d13dda9,MED-12121,"Lavia 10","Lavia 10 (ي ُشطبد ج ُغ ٍخ)","Vardenafil 10 mg","10 mg",tablet,حبة,شريط,4,"Modern Pharama","Yemen","Sex Stimulants Sex Stimulants",305,7
ecdeb449-ce16-46c2-8482-ac00fbfc700f,MED-12122,"Lax -child","Lax -child (األيغبن)","sodium phosphate+bi phosphate","",other,وحدة,علبة,60,"Hariri","Syria","Gastro Intestinal drugs Constipation",306,1
cd7f39e6-1db1-4330-895d-d9651504fb7f,MED-12123,"laxamid","laxamid (األيغبن)","Bisacodyl","",tablet,حبة,شريط,20,"MEDICO LABS","Syria","Gastro Intestinal drugs Constipation",306,2
ba12e7af-93c3-40b6-8181-f2f47cf9fd2e,MED-12124,"Laxdrop","Laxdrop (األيغبن)","sodium picosulfate 7.5 mg / 1 ml","7.5 mg / 1 ml",syrup,مل,قارورة,1,"Shiba pharma","Yemen","Gastro Intestinal drugs Constipation",306,3
25435980-6e39-4747-8308-aee2644d52c8,MED-12125,"LAXIN","LAXIN (األيغبن)","Bisacodyl","",tablet,حبة,شريط,20,"PHARCO","Egypt","Gastro Intestinal drugs Constipation",306,4
a471993b-369d-4539-86a0-9a1c8129d736,MED-12126,"LAXOFIN","LAXOFIN (األيغبن)","lactulose","",suspension,مل,قارورة,125,"EIPICO","egypt","Gastro Intestinal drugs Constipation",306,5
7f477f38-b11c-4ad6-85ed-821cdf3dc61f,MED-12127,"Laxolac","Laxolac (األيغبن)","lactulose","",syrup,مل,قارورة,100,"MUP","egypt","Gastro Intestinal drugs Constipation",306,6
c65a8622-18fd-4330-82eb-600441ddda9d,MED-12128,"LAXOLAC","LAXOLAC (األيغبن)","Lactulose 67%","67%",syrup,مل,قارورة,120,"MUP","Egypt","Gastro Intestinal drugs Constipation",306,7
27445650-98fa-44ca-895b-1e18751c2a7c,MED-12129,"Laxolac","Laxolac (األيغبن)","Lactulose 67%","67%",syrup,مل,قارورة,300,"MUP","Egypt","Gastro Intestinal drugs Constipation",307,1
e2012b83-529a-461f-8890-b08537c1bb3a,MED-12130,"laxolyne adult rectal","laxolyne adult rectal (األيغبن)","Glycerin","",other,وحدة,علبة,1,"Julphar","UAE","Gastro Intestinal drugs Constipation",307,2
18a3d46c-51f9-4fd0-8d82-dc12ad6e4bc5,MED-12131,"Laxonil","Laxonil (األيغبن)","sodium picosulfate 7.5 mg / 1 ml","7.5 mg / 1 ml",syrup,مل,قارورة,1,"Global Pharma","Yemen","Gastro Intestinal drugs Constipation",307,3
025152b7-dccf-499f-8185-1470c7efffbe,MED-12132,"Lbidroxil","Lbidroxil (Infections األصبثبد انجكت ٍش ٌخ)","Cefadroxil 1000 mg / tab","1000 mg",tablet,حبة,شريط,8,"gsk glaxosmithkline","UK","Antibacterial Bacterial",307,4
74389594-962e-4811-8e27-11060073c700,MED-12133,"L-Carnitine","L-Carnitine (supplementation ًٍه ٍخ تغز ٌخ تك)","levocarnitine 350 mg","350 mg",capsule,كبسولة,شريط,20,"MEPACO","Egypt","Gastro Intestinal drugs Nutrition",307,5
2b551f22-f55f-4592-8ef2-ec13cdef52d4,MED-12134,"L-Cet","L-Cet","Levocetirizine","",tablet,حبة,شريط,20,"ZYNOVA","Unknown","Antihistamines Allergy انحغبع ٍخ",307,6
d31651bd-0e0a-42e0-853e-fa2f692fc798,MED-12135,"Lecital - 20","Lecital - 20 (األيشاض انؼمه ٍخ)","Citalopram tablet Central Nervous 20 mg","20 mg",tablet,حبة,شريط,30,"JOSWE","Jordan","system drugs Mental Disorders",307,7
8b8196d3-a0cf-4704-8497-708a5d206a45,MED-12136,"Lee-Flox","Lee-Flox (Infections األصبثبد انجكت ٍش ٌخ)","Levofloxacin*","",tablet,حبة,شريط,1,"Pharo pharma","Egypt","Antibacterial Bacterial",308,1
552743ae-1505-4ab3-8a28-e73a3d553c03,MED-12137,"Lefoxin","Lefoxin (Infections األصبثبد انجكت ٍش ٌخ)","Levofloxacin * 500 mg","500 mg",tablet,حبة,شريط,5,"Modern Pharama","Yemen","Antibacterial Bacterial",308,2
c3e53d2a-d920-4970-8702-252daba8aa6c,MED-12138,"Lermacine","Lermacine (Deficiency َمص ف ٍتبي ٍُبد)","Vit . B 1 + B 2 + B 6","",tablet,حبة,شريط,20,"LABATEC pharma","Switzerland","Vitamines and Menirals Vitamins",308,3
31df7ace-0e4b-45a7-8efe-36ae72f8b631,MED-12139,"Lesflam","Lesflam (األوجبع)","Diclofenac Potassium","",tablet,حبة,شريط,10,"Unknown","Unknown","Non-Steroidal Anti- Analgesic يهذئبد",308,4
c5eb232e-67e8-4fc7-88af-6747c48d71af,MED-12140,"Lesflam 50","Lesflam 50 (األوجبع)","Diclofenac Potassium 50 mg","50 mg",tablet,حبة,شريط,10,"UNISON","Thailand","Non-Steroidal Anti- Analgesic يهذئبد",308,5
08662578-8915-482c-8c04-31a66040d1ac,MED-12141,"LETHAR amp","LETHAR amp","Artemether 80 mg / 1 ml","80 mg / 1 ml",injection,أمبولة,باكت,6,"Unknown","Unknown","Antimalarial medicines Malaria ان ًالس ٌب",308,6
c5b10316-6d67-4204-8c62-f93abab8594a,MED-12142,"Letizen 10 mg","Letizen 10 mg","Cetirizine Hydrochloride","10 mg",tablet,حبة,شريط,20,"KRKA","India","Antihistamines Allergy انحغبع ٍخ",308,7
5cb5ab15-1054-48db-8a08-77db462cff98,MED-12143,"LETROX 100","LETROX 100 (انغذح انذسل ٍخ)","levothyroxine sodium","",tablet,حبة,شريط,1,"MENARINI","Italy","Hormones Thyroid hormone",309,1
7e1522e4-7d76-43b6-81c3-fb67785bca83,MED-12144,"LETROX 50","LETROX 50 (انغذح انذسل ٍخ)","levothyroxine sodium","",tablet,حبة,شريط,1,"MENARINL GERMANY","Unknown","Hormones Thyroid hormone",309,2
db187b71-5f29-4343-88d9-e52246b24954,MED-12145,"Levanic","Levanic (Infections األصبثبد انجكت ٍش ٌخ)","Levofloxacin*","",tablet,حبة,شريط,1,"MUP","Egypt","Antibacterial Bacterial",309,3
90b2ab8d-a599-453c-87f1-9aa9865d2972,MED-12146,"Levanic","Levanic (Infections األصبثبد انجكت ٍش ٌخ)","Levofloxacin","",other,وحدة,علبة,1,"Unknown","Unknown","Antibacterial Bacterial",309,4
e1ac1143-8100-4ecf-8102-9e2f240dbe7d,MED-12147,"Levar","Levar","Levocetirizine","",tablet,حبة,شريط,10,"Unknown","Unknown","Antihistamines Allergy انحغبع ٍخ",309,5
8ce84ad4-7a2f-4dd0-834b-cfb9b9fefb4f,MED-12148,"Levipil - 250","Levipil - 250","levetiracetam Central Nervous tablet 250 mg","250 mg",tablet,حبة,شريط,30,"SUN","India","system drugs Epilepsy انصشع",309,6
21b9ac4a-eccf-442a-8c94-33b41e9d2020,MED-12149,"Levobact Infusion","Levobact Infusion (Infections األصبثبد انجكت ٍش ٌخ)","Levofloxacin*","",injection,أمبولة,باكت,1,"CIPLA","India","Antibacterial Bacterial",309,7
ec6e8775-6030-4057-8639-9e91b281109b,MED-12150,"LEVOBACT - 250","LEVOBACT - 250 (Infections األصبثبد انجكت ٍش ٌخ)","Levofloxacin*","",tablet,حبة,شريط,1,"CIPLA","India","Antibacterial Bacterial",310,1
31f08d1c-54fb-4726-87e8-db644203aacb,MED-12151,"LEVOBACT - 500","LEVOBACT - 500 (Infections األصبثبد انجكت ٍش ٌخ)","Levofloxacin*","",tablet,حبة,شريط,1,"CIPLA","India","Antibacterial Bacterial",310,2
98d3a331-b61f-4e93-8dd6-ad36f38edf83,MED-12152,"Levocar","Levocar (disease يشض انشػبػ)","Carbidopa / Levodo Central Nervous pa tablet ( 25/250 ) mg","",tablet,حبة,شريط,10,"Alphamoun","Egypt","system drugs Parkinson ' s",310,3
687016e0-26d5-4b2a-80ff-7cfcaa7e5e10,MED-12153,"Levolin","Levolin (Asthma انشثى ً انشؼج)","levosalbutamol 50 mic g","",spray,بخة,علبة,200,"CIPLA","India","Respiratory drugs Bronchial",310,4
8cc3c00d-30b9-4839-865a-726e60f35af2,MED-12154,"Levolin Rotacaps","Levolin Rotacaps (Asthma انشثى ً انشؼج)","levosalbutamol 100 mic g","",capsule,كبسولة,شريط,1,"CIPLA","India","Respiratory drugs Bronchial",310,5
614fb723-fc58-4979-85a1-3da69381df71,MED-12155,"Levomac 500","Levomac 500 (Infections األصبثبد انجكت ٍش ٌخ)","Levofloxacin","",tablet,حبة,شريط,7,"MACLEODS","India","Antibacterial Bacterial",310,6
c076b8cd-5a97-40a4-845a-becc58b04722,MED-12156,"Levorid","Levorid","Levocetrizine 5 mg","5 mg",tablet,حبة,شريط,10,"CIPLA","India","Antihistamines Allergy انحغبع ٍخ",310,7
cd1809f1-657f-46d5-8f57-18522d93cacd,MED-12157,"Levoscot 500","Levoscot 500 (Infections األصبثبد انجكت ٍش ٌخ)","Levofloxacin 500 mg","500 mg",tablet,حبة,شريط,1,"Scott Edil Pharma","India","Antibacterial Bacterial",311,1
1aa349b6-9019-4373-8642-a6e5187e40c9,MED-12158,"LEVOTA 250","LEVOTA 250 (Infections األصبثبد انجكت ٍش ٌخ)","Levofloxacin 250 mg","250 mg",tablet,حبة,شريط,10,"RFA","Yemen","Antibacterial Bacterial",311,2
2b9984e8-a800-4008-8866-25c04f2d24bf,MED-12159,"LEVOTA 500","LEVOTA 500 (Infections األصبثبد انجكت ٍش ٌخ)","Levofloxacin 500 mg","500 mg",tablet,حبة,شريط,10,"RFA","Yemen","Antibacterial Bacterial",311,3
2efb1ddf-c6e2-4cea-89c8-989f9cc445b2,MED-12160,"Levoxine 500","Levoxine 500 (Infections األصبثبد انجكت ٍش ٌخ)","Levofloxacin 500 mg","500 mg",capsule,كبسولة,شريط,1,"Shiba pharma","Yemen","Antibacterial Bacterial",311,4
faa6a9e4-a921-4091-8cf6-bb5558ab899f,MED-12161,"LEVOZIN","LEVOZIN","Levocetirizine 2.5 mg / 5 ml","2.5 mg / 5 ml",syrup,مل,قارورة,1,"Modern Pharama","Yemen","Antihistamines Allergy انحغبع ٍخ",311,5
74b33d7f-b652-4c61-8582-77763fb9df1d,MED-12162,"LEVOZIN 5","LEVOZIN 5","Levocetirizine 5 mg","5 mg",tablet,حبة,شريط,30,"Modern Pharama","Yemen","Antihistamines Allergy انحغبع ٍخ",311,6
41b3dfe3-2b86-4a7c-8738-19af1ad1f3a2,MED-12163,"Lexotanil","Lexotanil (Insumnea األسق وانمهك)","Bromazepam Central Nervous tablets 3 mg","3 mg",tablet,حبة,شريط,1,"ROCHE","Germany","system drugs Anxiety ,",311,7
11070479-ac2d-4e63-834a-d0bb8f07b88d,MED-12164,"Lezin 5","Lezin 5","Levocetirizine 5 mg / tab","5 mg",tablet,حبة,شريط,10,"Global Pharma","Yemen","Antihistamines Allergy انحغبع ٍخ",312,1
9dba1a2c-7d65-4d25-8c15-a07c10cbc342,MED-12165,"Librax","Librax (Spasm ٍ آالو انجط)","Chlordiazopoxide 5 mg + Clidinium bromaid capsule 2.5 mg","5 mg",tablet,حبة,شريط,30,"MEDA","Unknown","Gastro Intestinal drugs Abdominal",312,2
cc628949-cc42-4b17-84a9-2760da9ba01f,MED-12166,"Librax","Librax (ان ًؼذح)","Chlordiazepoxide +Clidinium Bromide","",tablet,حبة,شريط,30,"ICN","USA","Gastro Intestinal drugs Peptic ulcer لشحخ",312,3
f1fda575-674a-455c-8e27-53da4dbcf551,MED-12167,"Librocol","Librocol (Spasm ٍ آالو انجط)","Chlordiazopoxide + Clidinium bromaid tablet ( 5/2.5 ) mg","",tablet,حبة,شريط,30,"Lagap","Switzerland","Gastro Intestinal drugs Abdominal",312,4
0ae12c05-5e59-4fa5-88e1-26aaed8581b0,MED-12168,"Librocol","Librocol (Insumnea األسق وانمهك)","Chlordiazepoxide Central Nervous Hydrochloride 5 mg + Clidinium Bromide 2.5 mg","5 mg",tablet,حبة,شريط,30,"Lagap","Switzerland","system drugs Anxiety ,",312,5
43efe7a5-6517-4bbc-8474-684dbc81aa98,MED-12170,"Lidaprim forte","Lidaprim forte (Infections األصبثبد انجكت ٍش ٌخ)","Trimethoprim 160 mg + 800 mg Sulphamethoxazol e","160 mg",tablet,حبة,شريط,10,"Nycomed Viena,","Austria","Antibacterial Bacterial",312,7
81faee95-0017-49d6-84b4-96b95770ad0e,MED-12171,"LIDO 40","LIDO 40 (Local انتخذ ٌش ً ان ًىضؼ)","lidocaine 40 mg / Central Nervous 2 ml","40 mg",injection,أمبولة,باكت,10,"CSPC","China","system drugs Anaesthetics",313,1
bf991443-f3ea-49ab-8344-578e488ad688,MED-12172,"LIDOCAINE","LIDOCAINE (Local انتخذ ٌش ً ان ًىضؼ)","adrinaline Central Nervous","",other,وحدة,علبة,10,"Huons","Korea","system drugs Anaesthetics",313,2
9ee2d4f3-4c75-4eca-83f2-d5dad9339087,MED-12173,"lidocaine injection BP 2%","lidocaine injection BP 2% (Local انتخذ ٌش ً ان ًىضؼ)","lidocaine Central Nervous injection BP 2%","2%",injection,أمبولة,باكت,50,"ROTEXMEDI CA","Germany","system drugs Anaesthetics",313,3
1989d746-bc8b-486a-8add-ff1379a09c37,MED-12174,"LIDOGEL 2%","LIDOGEL 2% (Local انتخذ ٌش ً ان ًىضؼ)","lidocaine 2% Central Nervous","2%",ointment,أنبوب,علبة,30,"MEDICO LABS","Syria","system drugs Anaesthetics",313,4
000f6ee9-4667-405e-880c-0657a8dfaf25,MED-12175,"Lidosol","Lidosol (Local انتخذ ٌش ً ان ًىضؼ)","lidocaine 5 gm / Central Nervous 50 ml 0 f 10 % w / v","5 g",spray,بخة,علبة,50,"Shiba pharma","Yemen","system drugs Anaesthetics",313,5
d9199bca-f0e1-4ce2-8822-edd3e9234783,MED-12176,"Lidosol Plus","Lidosol Plus (Local انتخذ ٌش ً ان ًىضؼ)","Lidocaine 5 gm + Central Nervous Cetrimide 0.0357 gm / 50 ml","5 g",spray,بخة,علبة,50,"Shiba pharma","Yemen","system drugs Anaesthetics",313,6
39adc2c5-f63a-4f65-8981-a0b165a77d06,MED-12177,"Limbitrol","Limbitrol (األيشاض انؼمه ٍخ)","Amitriptyline + Central Nervous Chlordiazopoxide capsule ( 12.5/5 ) mg","",capsule,كبسولة,شريط,30,"MEDA","Unknown","system drugs Mental Disorders",313,7
38301866-decc-4e76-8feb-f06c33107349,MED-12178,"Lincocile","Lincocile (Infections ًٍكشوثبد انالهىائ ٍخ ان)","Lincomycin","",other,وحدة,علبة,1,"Unknown","Unknown","Antibiotics Anaerobic",314,1
5bd4bf72-80b1-4007-8372-a64866042785,MED-12179,"Lincocile - 500","Lincocile - 500 (Infections ًٍكشوثبد انالهىائ ٍخ ان)","Lincomycin*","",capsule,كبسولة,شريط,12,"Alpha","Syria","Antibiotics Anaerobic",314,2
bc601496-c61c-4d9f-8d9f-cc1b0702c076,MED-12180,"Lincocile 300","Lincocile 300 (Infections ًٍكشوثبد انالهىائ ٍخ ان)","Lincomycin*","",injection,أمبولة,باكت,2,"Alpha","Syria","Antibiotics Anaerobic",314,3
bae5f053-797e-4c4a-8ed7-fadce0209be5,MED-12181,"Lincocile 500","Lincocile 500 (Infections ًٍكشوثبد انالهىائ ٍخ ان)","Lincomycin","",other,وحدة,علبة,1,"Unknown","Unknown","Antibiotics Anaerobic",314,4
a402acbd-d562-4042-8142-a88bc7a24a41,MED-12182,"Lincocile 600","Lincocile 600 (Infections ًٍكشوثبد انالهىائ ٍخ ان)","Lincomycin*","",injection,أمبولة,باكت,2,"Alpha","Syria","Antibiotics Anaerobic",314,5
b7a671b8-3c21-4233-8ce2-860ab0182596,MED-12183,"Lincocin","Lincocin (Infections ًٍكشوثبد انالهىائ ٍخ ان)","Lincomycin 600 mg / 2 ml","600 mg / 2 ml",injection,أمبولة,باكت,1,"Pfizer","USA","Antibiotics Anaerobic",314,6
0654a59a-8951-4c34-827a-a33d72b2f258,MED-12184,"LINCOLIFE","LINCOLIFE (Infections ًٍكشوثبد انالهىائ ٍخ ان)","Lincomycin 300 mg / ml","300 mg",injection,أمبولة,باكت,30,"eurolife","India","Antibiotics Anaerobic",314,7
e58daf30-6bf8-4fab-87ba-f0e24686fc92,MED-12185,"Lincomycin","Lincomycin (Infections ًٍكشوثبد انالهىائ ٍخ ان)","Lincomycin 300 mg / nl","300 mg",injection,أمبولة,باكت,10,"SHIN POONG","Korea","Antibiotics Anaerobic",315,1
da48a469-9c82-4a0a-8b16-ffd17602aa29,MED-12186,"Lincomycin","Lincomycin (Infections ًٍكشوثبد انالهىائ ٍخ ان)","Lincomycin 300 mg / ml","300 mg",injection,أمبولة,باكت,10,"Hemofarm Yugoslavia","","Antibiotics Anaerobic",315,2
d51f2d7e-9fea-493f-8968-9c0c77d65877,MED-12187,"Lincomycin","Lincomycin (Infections ًٍكشوثبد انالهىائ ٍخ ان)","Lincomycin","",other,وحدة,علبة,1,"ZHEJIANG","China","Antibiotics Anaerobic",315,3
c1633073-a86c-4997-8dc3-d1478c5958d0,MED-12188,"Lincomycin","Lincomycin (Infections ًٍكشوثبد انالهىائ ٍخ ان)","Lincomycin","",injection,أمبولة,باكت,2,"Hebel","China","Antibiotics Anaerobic",315,4
bee961f4-24d6-4d85-87aa-d9c1f5978738,MED-12189,"Lincomycin","Lincomycin (Infections ًٍكشوثبد انالهىائ ٍخ ان)","Lincomycin 600 mg / 2 ml","600 mg / 2 ml",injection,أمبولة,باكت,2,"Shanghai pharmaceutical","China","Antibiotics Anaerobic",315,5
dd3cc321-2120-4de6-8e75-910c27d67b9a,MED-12190,"Lincomycin normon","Lincomycin normon (Infections ًٍكشوثبد انالهىائ ٍخ ان)","Lincomycin*","",injection,أمبولة,باكت,1,"Normon","Spain","Antibiotics Anaerobic",315,6
55abf3ae-cb63-47ad-86c5-5fbf596d9121,MED-12191,"Lincomycin vial","Lincomycin vial (Infections ًٍكشوثبد انالهىائ ٍخ ان)","Lincomycin 600 / 1 vial","",injection,أمبولة,باكت,10,"ILDONG","Korea","Antibiotics Anaerobic",315,7
477443f4-2e86-497c-8e1d-827358dda1b6,MED-12192,"Lincomycin-UMD","Lincomycin-UMD (Infections ًٍكشوثبد انالهىائ ٍخ ان)","Lincomycin*","",injection,أمبولة,باكت,1,"Unknown","Unknown","Antibiotics Anaerobic",316,1
bfbb0151-831f-4a80-8104-830bf2a76932,MED-12193,"Lincovit","Lincovit (Infections ًٍكشوثبد انالهىائ ٍخ ان)","Lincomycin*","",injection,أمبولة,باكت,1,"Vitalis","USA","Antibiotics Anaerobic",316,2
af07898e-299a-43c4-8baa-ec75cb5894ec,MED-12194,"Lincovit","Lincovit (Infections ًٍكشوثبد انالهىائ ٍخ ان)","Lincomycin","",other,وحدة,علبة,1,"Unknown","Unknown","Antibiotics Anaerobic",316,3
234eb5ee-1312-447a-8cf4-a78d8322b7f3,MED-12195,"Lindynette","Lindynette (يىا َغ انح ًم)","ethinylestradiol - dessogestrel","",tablet,حبة,شريط,21,"GEDEON RICHTER","HUNGARY","Gynaecology drugs Contraceptives",316,4
9590a965-bcd6-4d6c-87af-a5305f38bfab,MED-12197,"Linocin","Linocin (Infections ًٍكشوثبد انالهىائ ٍخ ان)","Lincomycin 600 mg / vial","600 mg",injection,أمبولة,باكت,1,"Thai","Thailand","Antibiotics Anaerobic",316,6
3583a4e2-0b77-46ee-8b37-dd04aacaf0e1,MED-12198,"Linopril 10 mg","Linopril 10 mg (استفبع ضغظ انذو)","Lisinopril Cardio Vascular","10 mg",tablet,حبة,شريط,28,"Pharma International","Jordan","System drugs Hypertension",316,7
1fe7b6e7-8ea7-4040-877b-3288061ba646,MED-12199,"Linopril 5 mg","Linopril 5 mg (استفبع ضغظ انذو)","Lisinopril Cardio Vascular","5 mg",tablet,حبة,شريط,28,"PHARMA INTERNATIO NAL","Jordan","System drugs Hypertension",317,1
3bed626e-2b54-4c48-807f-9bf8c506e380,MED-12200,"Liocaine","Liocaine (Local انتخذ ٌش ً ان ًىضؼ)","Lidocaine Central Nervous","",spray,بخة,علبة,60,"Unknown","Unknown","system drugs Anaesthetics",317,2
04aaf694-b554-446c-8941-71c75efc0015,MED-12201,"Lioraz 10","Lioraz 10 (انفىاق)","Baclofen 10 mg","10 mg",syrup,مل,قارورة,120,"Unknown","Unknown","Muscle relaxations Hiccup انفهمخ او",317,3
06c6ea3f-f8a2-4ff3-884a-d94643f52d8d,MED-12202,"lioraz 25","lioraz 25 (انفىاق)","Baclofen 25 mg","25 mg",tablet,حبة,شريط,3,"Razi Pharma","Syria","Muscle relaxations Hiccup انفهمخ او",317,4
c0188926-fb4b-463b-85cc-2b453c008f32,MED-12203,"lipanthyl - 200 mg","lipanthyl - 200 mg (ً انذو ٌ ف ص ٌبدح انذهى)","fenofibrate 200 mg Cardio Vascular","200 mg",capsule,كبسولة,شريط,30,"reci pharama laboratory fouriner","Unknown","System drugs Hyperlipidaemias",317,5
73ce2ce6-a871-4fdd-8f16-9cdd328aca2d,MED-12204,"Lipinorm 20","Lipinorm 20 (ً انذو ٌ ف ص ٌبدح انذهى)","Atorvastatin Cardio Vascular Calcium","",tablet,حبة,شريط,28,"MUP","Egypt","System drugs Hyperlipidaemias",317,6
4cfd9f7b-0afc-45a2-861a-8e212268c44b,MED-12205,"lipitor - 20 mg","lipitor - 20 mg (ً انذو ٌ ف ص ٌبدح انذهى)","atorvastatin - 20 mg Cardio Vascular","20 mg",tablet,حبة,شريط,30,"Pfizer","USA","System drugs Hyperlipidaemias",317,7
c649b845-96d8-44ed-8abd-996c7c23912b,MED-12206,"Lipo-Flavonoid","Lipo-Flavonoid (( E . N . T ) األ َف ٌ وانح ُجشح واألر)","Combination","",capsule,كبسولة,شريط,1,"Unknown","Unknown","Dietary Supplement Ear Nose Throat",318,1
ccb696e7-5384-4377-8f58-3f4b23137c0b,MED-12207,"lipolysin - 20 mg","lipolysin - 20 mg (ً انذو ٌ ف ص ٌبدح انذهى)","atorvastatin 20 mg Cardio Vascular","20 mg",tablet,حبة,شريط,10,"OUBARY PHARMA","Syria","System drugs Hyperlipidaemias",318,2
d78f5c88-22c4-4ed4-83b4-d57af43caf62,MED-12208,"Liquid paraffin","Liquid paraffin (األيغبن)","paraffin oil","",syrup,مل,قارورة,100,"Shiba pharma","Yemen","Gastro Intestinal drugs Constipation",318,3
cfeaf86e-ff7c-4997-8117-d4478c9724f4,MED-12209,"Liquid Paraffin","Liquid Paraffin (األيغبن)","Paraffin oil","",syrup,مل,قارورة,60,"Unknown","Unknown","Gastro Intestinal drugs Constipation",318,4
4a2b565c-3cb3-48ca-8db2-9a4e1aef4031,MED-12210,"Liseva cap","Liseva cap (Disorders اضطشاثبد انكجذ)","nicotinamide + vit b 6 , b 12 + riboflavin + thiamine","",capsule,كبسولة,شريط,30,"ILDONG","Korea","Gastro Intestinal drugs Hepatic",318,5
256db26a-23d4-4937-8326-a8c5180d864c,MED-12211,"Lisinopril","Lisinopril (استفبع ضغظ انذو)","Lisinopril Cardio Vascular","",other,وحدة,علبة,1,"Unknown","Unknown","System drugs Hypertension",318,6
e1edacd2-c4a1-4fea-8d24-057e01c70bf3,MED-12212,"lisistril","lisistril (استفبع ضغظ انذو)","Lisinopril Cardio Vascular","",other,وحدة,علبة,1,"Unknown","Unknown","System drugs Hypertension",318,7
7b39366a-4a5e-4741-8a8e-6399f8bad730,MED-12213,"lisistril 10","lisistril 10 (استفبع ضغظ انذو)","Lisinopril 10 mg Cardio Vascular","10 mg",tablet,حبة,شريط,20,"BIOPHARM","Yemen","System drugs Hypertension",319,1
58f865aa-3c7c-4e13-8a53-26dd0cc0028c,MED-12214,"lisitens","lisitens (استفبع ضغظ انذو)","Lisinopril Cardio Vascular","",other,وحدة,علبة,1,"Unknown","Unknown","System drugs Hypertension",319,2
38bfdb51-8746-4331-85bd-eb757e229ae1,MED-12215,"lisopress","lisopress (استفبع ضغظ انذو)","Lisinopril Cardio Vascular","",other,وحدة,علبة,1,"Unknown","Unknown","System drugs Hypertension",319,3
c46b8b76-fa28-4fe0-833e-eaa60fa2bbd6,MED-12216,"Lisopril 5 mg","Lisopril 5 mg (استفبع ضغظ انذو)","Lisinopril 5 mg Cardio Vascular","5 mg",tablet,حبة,شريط,30,"ACTAVIS","Unknown","System drugs Hypertension",319,4
7051141a-fa00-4580-87ae-fe8effef3781,MED-12217,"LITOR - 20","LITOR - 20 (ً انذو ٌ ف ص ٌبدح انذهى)","atorvastatin 20 mg Cardio Vascular","20 mg",tablet,حبة,شريط,30,"BIOPHARM","Yemen","System drugs Hyperlipidaemias",319,5
4b4c49be-40fa-44fa-8097-5021cfbac626,MED-12218,"LITOR - 40","LITOR - 40 (ً انذو ٌ ف ص ٌبدح انذهى)","atorvastatin 40 mg Cardio Vascular","40 mg",tablet,حبة,شريط,30,"BIOPHARM","Yemen","System drugs Hyperlipidaemias",319,6
cbfba4cf-ed5c-4554-8f70-a7efe5a57696,MED-12219,"LiV - 52","LiV - 52 (Disorders اضطشاثبد انكجذ)","herbal mieral product","",other,وحدة,علبة,1,"Co","India","Gastro Himalaya Drug Intestinal drugs Hepatic",319,7
8368df4b-558c-46f5-802d-a398def0cf4d,MED-12220,"Liv - 52 syr","Liv - 52 syr (Disorders اضطشاثبد انكجذ)","herbal products","",syrup,مل,قارورة,200,"Co","India","Gastro Himalaya Drug Intestinal drugs Hepatic",320,1
6ee3e2b5-381a-4f41-88ba-b8871db2c2dc,MED-12221,"Liv - 52","Liv - 52 (Disorders اضطشاثبد انكجذ)","herbal products","",tablet,حبة,شريط,100,"Co","India","Gastro Himalaya Drug Intestinal drugs Hepatic",320,2
24e1b24b-20c3-431c-86bf-657a88805e6b,MED-12222,"Liver albumin plus","Liver albumin plus (Disorders اضطشاثبد انكجذ)","l - methionine + methionine + inositol + choline + vit b 1,2,5,6,12","",capsule,كبسولة,شريط,20,"drug agency","Unknown","Gastro Intestinal drugs Hepatic",320,3
2dbad890-3a0a-4181-8301-b203edf4a6f4,MED-12223,"Liver Albumin Plus","Liver Albumin Plus (Disorders اضطشاثبد انكجذ)","L - gluta ( thion 10 mc g + min 10 mg ) + lecit hin 300 mg + silymar in 140 mg + EggAlb umin 100 mg + Why","10 mg",capsule,كبسولة,شريط,20,"International drug agency","Unknown","Gastro Intestinal drugs Hepatic",320,4
0519ec0e-17fb-4bc6-8dea-7012c252b376,MED-12224,"Liver care","Liver care (Disorders اضطشاثبد انكجذ)","herbal products","",tablet,حبة,شريط,60,"HealthAid England","","Gastro Intestinal drugs Hepatic",320,5
db7ed87f-0e17-4d64-8fd0-3596f156da45,MED-12225,"Livercare","Livercare (Disorders اضطشاثبد انكجذ)","Hepatoprotective Agents","",tablet,حبة,شريط,60,"Health Aid","Thailand","Gastro Intestinal drugs Hepatic",320,6
c2a9acf1-5611-4313-859b-a7bf989b4614,MED-12226,"Livertonic","Livertonic (Disorders اضطشاثبد انكجذ)","l-methionine","",capsule,كبسولة,شريط,30,"australin meda","Australia","Gastro Intestinal drugs Hepatic",320,7
4c8f38cd-90fc-4a83-87aa-9d0555e0a922,MED-12227,"Livolin forte","Livolin forte (Disorders اضطشاثبد انكجذ)","essential phospholipids with vit","",capsule,كبسولة,شريط,30,"MEGA","Thailand","Gastro Intestinal drugs Hepatic",321,1
aafc586c-16b9-4fa4-8dba-8a7085f6d2e1,MED-12228,"livolin Forte","livolin Forte (Disorders اضطشاثبد انكجذ)","Essentiol phospholipids 300 mg + vit . B 1 10 mg + vit . B 2 6 mg + vit . B 6 10 mg + vit . B 12","300 mg",capsule,كبسولة,شريط,30,"MEGA","Thailand","Gastro Intestinal drugs Hepatic",321,2
84ad40ea-7ff5-4053-8753-40095512d76c,MED-12229,"lizo 10 mg","lizo 10 mg (استفبع ضغظ انذو)","Lisinopril Cardio Vascular","10 mg",tablet,حبة,شريط,30,"Shiba pharma","Yemen","System drugs Hypertension",321,3
33a16bde-91a6-4907-816c-324a742e69ac,MED-12230,"lizo 20 mg","lizo 20 mg (استفبع ضغظ انذو)","Lisinopril 20 mg Cardio Vascular","20 mg",tablet,حبة,شريط,30,"Shiba pharma","Yemen","System drugs Hypertension",321,4
584d4f30-9f7a-40e9-857d-968278696813,MED-12231,"lizo 5","lizo 5 (استفبع ضغظ انذو)","Lisinopril 5 mg Cardio Vascular","5 mg",tablet,حبة,شريط,30,"Shiba pharma","Yemen","System drugs Hypertension",321,5
f94761b2-2abc-4fe5-8bc0-75733b5c6053,MED-12232,"Locain","Locain (Local انتخذ ٌش ً ان ًىضؼ)","Lidocaine Central Nervous","",ointment,أنبوب,علبة,30,"Unknown","Unknown","system drugs Anaesthetics",321,6
e0fecf53-69d3-45b2-8a86-4406f17e3e70,MED-12233,"Lodoz","Lodoz (استفبع ضغظ انذو)","Bisoprolol + Cardio Vascular Hydrochlorothiazi de","",tablet,حبة,شريط,28,"MERCK","France","System drugs Hypertension",321,7
27e1021c-c3d2-4b32-80a6-5916b843a2cd,MED-12234,"Lofoto","Lofoto","Tobramycin 0.3% + Dexamethasone 0.1%","0.3%",suspension,مل,قارورة,5,"RAFARM","Unknown","Antibiotics Eye ٍٍ انؼ",322,1
a33abdbf-2761-4a39-8932-f0ec704c6f55,MED-12235,"Lohist","Lohist","Loratadine","",other,وحدة,علبة,1,"NPI Pharma","Unknown","Antihistamines Allergy انحغبع ٍخ",322,2
e124d7de-b47a-41ea-8038-640c24a64b15,MED-12236,"Lohist*","Lohist*","Loratadine","",tablet,حبة,شريط,10,"NP","Unknown","Antihistamines Allergy انحغبع ٍخ",322,3
968fc39c-8b9d-4243-8fb4-54d60faf0188,MED-12237,"Lokit","Lokit (ان ًؼذح)","Omeprazole","",capsule,كبسولة,شريط,100,"Kopran","India","Gastro Intestinal drugs Peptic ulcer لشحخ",322,4
b5d1b041-0840-4432-8044-b3d6bbfbe77a,MED-12238,"LOKIT","LOKIT (ان ًؼذح)","Omeprazole 20 mg","20 mg",capsule,كبسولة,شريط,10,"Unknown","Unknown","Gastro Intestinal drugs Peptic ulcer لشحخ",322,5
5854a00c-7ded-4d51-8d08-6da0bc913fcd,MED-12239,"LOMAC vial","LOMAC vial (ان ًؼذح)","Omeprazole","",injection,أمبولة,باكت,1,"CIPLA","India","Gastro Intestinal drugs Peptic ulcer لشحخ",322,6
530a1a80-d5b8-484c-86d3-d94b03731242,MED-12240,"LOMAC - 20","LOMAC - 20 (ان ًؼذح)","Omeprazole","",capsule,كبسولة,شريط,1,"CIPLA","India","Gastro Intestinal drugs Peptic ulcer لشحخ",322,7
3c0b5db5-0a92-4bb7-84b8-4043adcf2d92,MED-12241,"Lome Max","Lome Max (Infections األصبثبد انجكت ٍش ٌخ)","Lomefloxacin HCl*","",tablet,حبة,شريط,1,"Shiba pharma","Yemen","antibacterial Bacterial",323,1
ac6a2ca2-1ddd-4e57-863a-ea62319f768a,MED-12242,"Lomefent","Lomefent (األنتهبثبد انجذنذ ٌخ)","Fenticonazole nitrate 600 mg","600 mg",other,وحدة,علبة,1,"Global Pharma","Yemen","Antifungals Dermatitis",323,2
ea147f57-50b4-493e-847a-558e5f30e901,MED-12243,"Lomefent","Lomefent (األنتهبثبد انجذنذ ٌخ)","Fenticonazole nitrate 1000 mg","1000 mg",other,وحدة,علبة,1,"Global Pharma","Yemen","Antifungals Dermatitis",323,3
ce9d39b9-b8ad-4bb1-83ac-f5d1e3bb50f0,MED-12244,"Lomenaz 1000","Lomenaz 1000 (األنتهبثبد انجذنذ ٌخ)","Fenticonazole nitrate 1000 mg","1000 mg",other,وحدة,علبة,1,"Modern Pharama","Yemen","Antifungals Dermatitis",323,4
3f9484ec-6d92-46dc-889c-6998b16f22e3,MED-12245,"Lomenaz 600","Lomenaz 600 (األنتهبثبد انجذنذ ٌخ)","Fenticonazole nitrate 600 mg","600 mg",other,وحدة,علبة,1,"Modern Pharama","Yemen","Antifungals Dermatitis",323,5
9f24f4ca-07f4-439b-80b7-59d8d11916aa,MED-12246,"Lomex","Lomex (Infections األصبثبد انجكت ٍش ٌخ)","Lomefloxacin HCl*","",tablet,حبة,شريط,1,"SIGMA","Egypt","antibacterial Bacterial",323,6
e1f53a70-0385-4512-8fbc-a9f28dc17d11,MED-12247,"Lomexin","Lomexin (األنتهبثبد انجذنذ ٌخ)","Fenticonazole nitrate 200 mg","200 mg",other,وحدة,علبة,3,"Unknown","Unknown","Antifungals Dermatitis",323,7
688139e2-b81b-435e-8943-558b4fbd3015,MED-12248,"Lomflox","Lomflox (Infections األصبثبد انجكت ٍش ٌخ)","Lomefloxacin HCl","",tablet,حبة,شريط,1,"Ipca","Unknown","Antibacterial Bacterial",324,1
906f5fb6-3f1c-4458-8911-9befcf7e55c5,MED-12249,"Lomiflox","Lomiflox (Infections األصبثبد انجكت ٍش ٌخ)","Lomefloxacin 400 mg / tab","400 mg",tablet,حبة,شريط,1,"Pharmacare","Yemen","antibacterial Bacterial",324,2
a0c0b3c8-5997-414f-8f18-3801a07390c8,MED-12250,"Lopid 600","Lopid 600 (ً انذو ٌ ف ص ٌبدح انذهى)","Gemfibrozil Cardio Vascular","",tablet,حبة,شريط,30,"Pfizer","USA","System drugs Hyperlipidaemias",324,3
69bae369-e6b7-4980-84af-48cacb202f7b,MED-12251,"Loprax 200","Loprax 200 (Infections األصبثبد انجكت ٍش ٌخ)","Cefixime","",tablet,حبة,شريط,10,"EXIR","IRAN","Antibacterial Bacterial",324,4
d027c7b7-cbe8-4673-8ca6-9739d2f5edb7,MED-12252,"Loprax 400","Loprax 400 (Infections األصبثبد انجكت ٍش ٌخ)","Cefpodoxime Proxetil","",tablet,حبة,شريط,6,"EXIR","IRAN","Antibacterial Bacterial",324,5
d9023236-8474-40e0-85fe-7f84d22972f6,MED-12253,"Loprax Syrup","Loprax Syrup (Infections األصبثبد انجكت ٍش ٌخ)","Cefixime","",suspension,مل,قارورة,100,"EXIR","IRAN","Antibacterial Bacterial",324,6
b4370fac-5359-44f9-84e3-c1e3cee11481,MED-12254,"lopril","lopril (استفبع ضغظ انذو)","Lisinopril Cardio Vascular","",other,وحدة,علبة,1,"Unknown","Unknown","System drugs Hypertension",324,7
35f6b7ed-a440-4347-8a36-ab8d48afc30a,MED-12255,"LORA","LORA","Loratadine","",tablet,حبة,شريط,10,"Modern Pharama","Yemen","Antihistamines Allergy انحغبع ٍخ",325,1
3a49da21-90a8-4bd4-8e35-a81f22c3d23e,MED-12256,"Loracin","Loracin (Disorders اضطشاثبد انجهبص ً انت ُفغ)","Clarithromycin","",tablet,حبة,شريط,1,"OUBARY PHARMA","Syria","Antibiotics Respiratory",325,2
d1a21414-467c-4a32-89d5-584ef25ba599,MED-12257,"Loracin","Loracin (Disorders اضطشاثبد انجهبص ً انت ُفغ)","Clarithromycin","",other,وحدة,علبة,1,"Unknown","Unknown","Antibiotics Respiratory",325,3
7b341d8d-c626-4f33-8916-8fe6d1fd61b2,MED-12258,"LORANS 1 mg","LORANS 1 mg (Insumnea األسق وانمهك)","lorazepam tablets Central Nervous 1 mg","1 mg",tablet,حبة,شريط,30,"Medochemia","Unknown","system drugs Anxiety ,",325,4
d6cd81c2-e9bb-4d09-810b-fe278bda8b9f,MED-12259,"LORATIN","LORATIN","Loratadine 10 mg","10 mg",tablet,حبة,شريط,20,"SEDICO","Egypt","Antihistamines Allergy انحغبع ٍخ",325,5
726ff64f-630d-46a3-8d50-6c347b293086,MED-12260,"Loraxone","Loraxone (Infections األصبثبد انجكت ٍش ٌخ)","Ceftriaxone Sodium","",injection,أمبولة,باكت,1,"EXIR","IRAN","Antibacterial Bacterial",325,6
c3bed89a-b862-49a1-82bc-6a32672e9e26,MED-12261,"Lorista H","Lorista H (استفبع ضغظ انذو)","Losartan Cardio Vascular Potassium 50 mg + Hydrochlorthiazid e 12.5 mg","50 mg",tablet,حبة,شريط,28,"KRKA","India","System drugs Hypertension",325,7
ef5da292-35a1-4173-8fec-59a571f9a7a1,MED-12262,"LORSEC 20","LORSEC 20 (ان ًؼذح)","Omeprazole","",capsule,كبسولة,شريط,14,"EXIR","IRAN","Gastro Intestinal drugs Peptic ulcer لشحخ",326,1
e33f1e27-b431-4dca-830f-7252ad6eb0b2,MED-12263,"LOSAKAL","LOSAKAL (استفبع ضغظ انذو)","Losartan Cardio Vascular Potassium","",other,وحدة,علبة,1,"Unknown","Unknown","System drugs Hypertension",326,2
409085ae-689e-4318-8b07-2f5c60398e99,MED-12264,"losakal 50 mg","losakal 50 mg (استفبع ضغظ انذو)","losartan potssium Cardio Vascular","50 mg",tablet,حبة,شريط,28,"Torrent","India","System drugs Hypertension",326,3
112a931b-87eb-4c21-8715-b9e5a6166b85,MED-12265,"losart ???","losart ??? (استفبع ضغظ انذو)","Losartan Cardio Vascular Potassium","",other,وحدة,علبة,1,"Unknown","Unknown","System drugs Hypertension",326,4
4a216c2d-2e5b-4b1f-8bbc-2be1e47e63bb,MED-12266,"losart Tablets","losart Tablets (استفبع ضغظ انذو)","losartan potassium Cardio Vascular","",tablet,حبة,شريط,30,"RAM PHARMA","Jordan","System drugs Hypertension",326,5
40847010-20ca-42d4-8492-4d2197147451,MED-12267,"losartan 50","losartan 50 (استفبع ضغظ انذو)","Losarta potassium Cardio Vascular","",tablet,حبة,شريط,10,"AMRIYA PHARMA","Egypt","System drugs Hypertension",326,6
eb7fd981-d2fb-4617-8556-6a2bc199c200,MED-12268,"losartan 50 mg","losartan 50 mg (استفبع ضغظ انذو)","losartan potassium Cardio Vascular","50 mg",tablet,حبة,شريط,10,"Pharma Check","Unknown","System drugs Hypertension",326,7
15186561-909c-4bb1-87d3-0242576af3a0,MED-12269,"losartan-H","losartan-H (استفبع ضغظ انذو)","Losartan Cardio Vascular potassium","",tablet,حبة,شريط,30,"BIOPHARM","Yemen","System drugs Hypertension",327,1
894964e9-e3b0-4615-8761-f33220edcacc,MED-12270,"losartic","losartic (استفبع ضغظ انذو)","Losartan Cardio Vascular +hydrochlorothiaz id","",tablet,حبة,شريط,30,"OUBARY PHARMA","Syria","System drugs Hypertension",327,2
ba10cac0-2f27-4822-8087-1bf6ef509b15,MED-12271,"Losil","Losil (Spasm ٍ آالو انجط)","Hyoscine N- Butylbromide","",injection,أمبولة,باكت,10,"Vitalis","USA","Gastro Intestinal drugs Abdominal",327,3
9fb18609-04a9-4964-8064-096bde18eff5,MED-12272,"Losiram 10 mg","Losiram 10 mg (األيشاض انؼمه ٍخ)","Escitalopram Central Nervous Oxalate 10 mg","10 mg",tablet,حبة,شريط,28,"Bilim","Turkey","system drugs Mental Disorders",327,4
79b991d9-1f68-4368-8df0-33b03958acee,MED-12273,"Losiram - 10","Losiram - 10 (األيشاض انؼمه ٍخ)","Escitalopram Central Nervous tablet 10 mg","10 mg",tablet,حبة,شريط,28,"bilim","Turkey","system drugs Mental Disorders",327,5
9abca42e-00ae-46df-853f-eae66554493f,MED-12274,"Losiram - 20","Losiram - 20 (األيشاض انؼمه ٍخ)","Escitalopram Central Nervous tablet 20 mg","20 mg",tablet,حبة,شريط,28,"bilim","Turkey","system drugs Mental Disorders",327,6
dd06e88a-a8d8-4bc9-894d-2d281841bae7,MED-12275,"Lostamin","Lostamin","Loratadine","",syrup,مل,قارورة,100,"Avenzor","Syria","Antihistamines Allergy انحغبع ٍخ",327,7
70fffbb4-6459-4880-8fe0-b9064780deac,MED-12276,"LOTAN","LOTAN","Unknown","",tablet,حبة,شريط,20,"MEDICO LABS","Syria","Gastro Intestinal drugs Diarrhea األعهبل",328,1
3d0ed6b1-f524-407a-819d-14b76ced833c,MED-12277,"Lotensin 10","Lotensin 10 (استفبع ضغظ انذو)","Lisinopril 10 mg Cardio Vascular","10 mg",tablet,حبة,شريط,30,"Y.E.PHARMA","Yemen","System drugs Hypertension",328,2
b2ab44be-a759-4896-8887-a8db15e5698a,MED-12278,"Lotensin 20","Lotensin 20 (استفبع ضغظ انذو)","Lisinopril 20 mg Cardio Vascular","20 mg",tablet,حبة,شريط,30,"Y.E.PHARMA","Yemen","System drugs Hypertension",328,3
a1f018a5-809b-4907-854b-9251eed26636,MED-12279,"Lotensin 5","Lotensin 5 (استفبع ضغظ انذو)","Lisinopril 5 mg Cardio Vascular","5 mg",tablet,حبة,شريط,30,"Y.E.PHARMA","Yemen","System drugs Hypertension",328,4
9fc077cb-059c-4508-8e90-3b709a73430a,MED-12280,"Lotensin - H 10","Lotensin - H 10 (استفبع ضغظ انذو)","Lisinopril Cardio Vascular","",tablet,حبة,شريط,30,"Y.E.PHARMA","Yemen","System drugs Hypertension",328,5
b3fc9c29-3313-490b-81e3-bf6bdf5b1922,MED-12281,"Lotensin - H 20","Lotensin - H 20 (استفبع ضغظ انذو)","Lisinopril 20 mg Cardio Vascular","20 mg",tablet,حبة,شريط,30,"Y.E.PHARMA","Yemen","System drugs Hypertension",328,6
07c5398f-aeb6-467c-8e84-fe173d68bef4,MED-12282,"Lotensin - H 5","Lotensin - H 5 (استفبع ضغظ انذو)","Lisinopril 5 mg Cardio Vascular","5 mg",tablet,حبة,شريط,30,"Y.E.PHARMA","Yemen","System drugs Hypertension",328,7
0eccd147-2ec6-4ed0-8caf-ffd906dc17c3,MED-12283,"Lotriderm","Lotriderm (األنتهبثبد انجذنذ ٌخ)","Clotrimazole","",other,وحدة,علبة,1,"Unknown","Unknown","Antifungals Dermatitis",329,1
23400297-df66-4f01-8702-2e07e777df3d,MED-12284,"Lover","Lover (ي ُشطبد ج ُغ ٍخ)","Vardenafil 10 mg","10 mg",tablet,حبة,شريط,4,"Y.E.PHARMA","Yemen","Sex Stimulants Sex Stimulants",329,2
13361133-ab14-4907-8cd0-f6e5af97e3b5,MED-12285,"lowrac 5","lowrac 5 (استفبع ضغظ انذو)","Amlodipine Cardio Vascular","",other,وحدة,علبة,1,"Unknown","Unknown","System drugs Hypertension",329,3
ea412600-92fe-407f-85b8-1d2d63546635,MED-12286,"Loxtra","Loxtra (Infections األصبثبد انجكت ٍش ٌخ)","Ofloxacin + Prednisolone + Tetracycline","",other,وحدة,علبة,1,"Unknown","Unknown","Antibacterial Bacterial",329,4
8a8a2131-6fa3-44cb-81a1-2dc9261bdf25,MED-12287,"Lozole - 20","Lozole - 20 (ان ًؼذح)","Omeprazole","",capsule,كبسولة,شريط,10,"Unknown","Unknown","Gastro Intestinal drugs Peptic ulcer لشحخ",329,5
333fd216-ab63-4384-8389-b5896a9bcd4b,MED-12288,"Lumartem","Lumartem","Artemether + Lumefantine","",tablet,حبة,شريط,3,"CIPLA","India","Antimalarial medicines Malaria ان ًالس ٌب",329,6
7fd699fd-868b-4e7b-891a-f9584c17957d,MED-12289,"Lumartem","Lumartem","Artemether","",other,وحدة,علبة,1,"CIPLA","India","Antimalarial medicines Malaria ان ًالس ٌب",329,7
32c95280-d4c0-4638-83bb-2e617b1c87ae,MED-12290,"Lvertonic","Lvertonic (Disorders اضطشاثبد انكجذ)","silybum marianum ( milk thistle ) fruit equiv . to dry 3000 mg . cyanara scolymus ( globe","3000 mg",capsule,كبسولة,شريط,30,"vitex pharmaceutical s(Australia)","Unknown","Gastro Intestinal drugs Hepatic",330,1
e2386ea1-24a9-420c-88b3-b3336ef2ac05,MED-12291,"Lyrica","Lyrica","pregabalin Central Nervous capsule 75 mg","75 mg",capsule,كبسولة,شريط,14,"Pfizer","USA","system drugs Epilepsy انصشع",330,2
38b88abb-5fde-4062-8a69-7cb3ae1a52d9,MED-12292,"Lyrolin","Lyrolin","Pregabalin Central Nervous","",capsule,كبسولة,شريط,30,"HIKMA","Jordan","system drugs Epilepsy انصشع",330,3
aeb797ff-b75f-494f-8fe8-de0abef17d33,MED-12293,"Lyse","Lyse","Combination","",drops,مل,قطارة,1,"PHARCO","Egypt","Respiratory drugs Nose",330,4
b3c76755-6d8b-4a60-84bd-f2a0777ac375,MED-12294,"Maalox","Maalox (انهضى)","Al(OH)+Mg(OH) +Simethicone","",other,وحدة,علبة,20,"SANOFI","France","Gastro Intestinal drugs Indigestion عىء",330,5
be99bde9-7e1c-42ba-8f9a-e69fe9f7e98c,MED-12295,"Maalox Plus","Maalox Plus (انهضى)","Aluminium Hydroxide 230 mg + Magnesium Hydroxide 430 mg + Simeticone","230 mg",suspension,مل,قارورة,180,"SANOFI","France","Gastro Intestinal drugs Indigestion عىء",330,6
b670bd8d-49cf-427d-8538-896555d5cea3,MED-12296,"Macriate - 20","Macriate - 20 (ان ًؼذح)","Rabeprazole Sodium","",tablet,حبة,شريط,30,"MACLEODS","India","Gastro Intestinal drugs Peptic ulcer لشحخ",330,7
3b105a03-332c-46c9-8764-d981fa218a99,MED-12297,"Magnacef","Magnacef (Infections األصبثبد انجكت ٍش ٌخ)","Cefixime","",syrup,مل,قارورة,60,"RAM PHARMA","Jordan","Antibacterial Bacterial",331,1
fd8c09c8-0c44-4e43-87ef-a0690e17a5ed,MED-12298,"Magnacef","Magnacef (Infections األصبثبد انجكت ٍش ٌخ)","Cefixime","",capsule,كبسولة,شريط,1,"RAM PHARMA","Jordan","Antibacterial Bacterial",331,2
0fdcd4b9-dfeb-4c58-85d5-de867a22c773,MED-12299,"Magnacef","Magnacef (Microbial Infections)","Unknown","",suspension,مل,قارورة,30,"RAM PHARMA","Unknown","Antibiotics ًٍكشوث ٍخ األصبثبد ان",331,3
ada101f9-87b8-4d73-8d25-8f7a056d78e5,MED-12300,"Magnacef Tablets","Magnacef Tablets (Infections األصبثبد انجكت ٍش ٌخ)","Cefixime","",tablet,حبة,شريط,1,"RAM PHARMA","Jordan","Antibacterial Bacterial",331,4
996e1c89-8699-4f26-8c70-80f79b6c330e,MED-12301,"Magnafin","Magnafin (األيغبن)","Each 15 ml contains milk of magnesia USP 11.25 ml and Liquid paraffin BP 3.75 ml .","15 ml",suspension,مل,قارورة,90,"Pharmacare","Yemen","Gastro Intestinal drugs Constipation",331,5
1aac05ba-0629-4184-816b-f5ff54f04051,MED-12302,"Magnesium","Magnesium (األيغبن)","Magnesium Citrate","",suspension,مل,قارورة,240,"BMP","Thailand","Gastro Intestinal drugs Constipation",331,6
75159da4-543a-441a-8280-2f804f12cd23,MED-12303,"Magnesium","Magnesium (األيغبن)","Magnesium Citrate","",other,وحدة,علبة,1,"hansal","Unknown","Gastro Intestinal drugs Constipation",331,7
893e35f3-5d2c-4b16-8f17-381c06981fda,MED-12304,"Magnesium","Magnesium (Deficiency َمص ف ٍتبي ٍُبد)","Multi Vitamines","",tablet,حبة,شريط,1,"Unknown","Unknown","Vitamines and Menirals Vitamins",332,1
11addda2-76d5-4129-84f8-270f0e8081ec,MED-12305,"Magnesium","Magnesium (Deficiency َمص ف ٍتبي ٍُبد)","Multi Vitamines","",tablet,حبة,شريط,30,"JUVAMINE","France","Vitamines and Menirals Vitamins",332,2
70b2a463-e670-4b7f-8d30-16e7eb937c8f,MED-12306,"Magnesium Sulphate","Magnesium Sulphate (األيغبن)","Magnesium Sulphate","",injection,أمبولة,باكت,1,"Unknown","Unknown","Gastro Intestinal drugs Constipation",332,3
971674f3-a08f-4cd2-8096-1c39339ed81e,MED-12307,"Malaquin","Malaquin","Chloroquine Phosphate","",syrup,مل,قارورة,60,"YEDCO","Yemen","Antimalarial medicines Malaria ان ًالس ٌب",332,4
ee044bf9-830c-40ff-8834-8b5381bd9a97,MED-12308,"Malarim","Malarim","Sulfadoxine 500 mg + Pyrimethamine 25 mg","500 mg",tablet,حبة,شريط,3,"Shiba pharma","Yemen","Antimalarial medicines Malaria ان ًالس ٌب",332,5
19b4f5cd-d300-4461-8aa3-c1e40eb88b9a,MED-12309,"Malartam","Malartam","Artemether 20 mg + lumefantrine 120 mg","20 mg",tablet,حبة,شريط,20,"Modern Pharama","Yemen","Antimalarial medicines Malaria ان ًالس ٌب",332,6
b8c694b1-41c0-4bf8-8d54-7526b7019491,MED-12310,"MALICUR FORTE","MALICUR FORTE","Sulfadoxine 750 mg + Pyrimethamine 37.5 mg","750 mg",tablet,حبة,شريط,1,"RFA","Yemen","Antimalarial medicines Malaria ان ًالس ٌب",332,7
765e8e57-aa63-433a-83c3-2ada17b8ea7e,MED-12311,"Maltofer","Maltofer","Ferrous Sulfate 100 mg / chewable tablet .","100 mg",tablet,حبة,شريط,30,"Vifor","Unknown","Vitamines and Menirals Anaemia فمش انذو",333,1
8f4ceb33-f4e6-4106-880b-a0b0dbb7cd7e,MED-12312,"Maltofer","Maltofer","Ferrous Sulfate","",drops,مل,قطارة,30,"Vifor","Unknown","Vitamines and Menirals Anaemia فمش انذو",333,2
f3ee20cf-8656-4ae2-897a-c7491eba7f5f,MED-12313,"Maltofer","Maltofer","Ferrous Sulfate","",syrup,مل,قارورة,150,"Vifor","Unknown","Vitamines and Menirals Anaemia فمش انذو",333,3
16dea439-9e95-4189-8b63-f553d569ae40,MED-12314,"Mamera","Mamera (Deficiency َمص ف ٍتبي ٍُبد)","Multi Vitamines","",capsule,كبسولة,شريط,30,"JOSWE","Jordan","Vitamines and Menirals Vitamins",333,4
e1732de1-8155-48fa-842a-ab3fba6e6d68,MED-12315,"Maquine","Maquine","Chloroquine Phosphate 120 mg","120 mg",syrup,مل,قارورة,60,"Shaphaco","Yemen","Antimalarial medicines Malaria ان ًالس ٌب",333,5
bdefc8ea-418e-4057-8869-d76323d330f5,MED-12316,"Maquine","Maquine","Chloroquine Phosphate 250 mg","250 mg",tablet,حبة,شريط,500,"Shaphaco","Yemen","Antimalarial medicines Malaria ان ًالس ٌب",333,6
9b4b8ac2-5985-4c6b-83d2-0a95b4186943,MED-12317,"Maquine","Maquine","Chloroquine Phosphate 250 mg","250 mg",tablet,حبة,شريط,20,"Shaphaco","Yemen","Antimalarial medicines Malaria ان ًالس ٌب",333,7
7bd579df-538e-42a4-8d70-fe3ed813862a,MED-12318,"Maquine Forte","Maquine Forte","Chloroquine Phosphate","",syrup,مل,قارورة,60,"Shaphaco","Yemen","Antimalarial medicines Malaria ان ًالس ٌب",334,1
be15f78d-f2c7-4c5c-8494-b80f4d438999,MED-12319,"Marevan 3 mg","Marevan 3 mg (انجهطبد)","warfarin 3 mg Cardio Vascular","3 mg",tablet,حبة,شريط,100,"glaxosmithkline","UK","System drugs Thrombosis",334,2
851db2b5-076a-4327-8284-9de9b0f8ff39,MED-12320,"Marevan 5 mg","Marevan 5 mg (انجهطبد)","warfarin 5 mg Cardio Vascular","5 mg",tablet,حبة,شريط,100,"glaxosmithkline","UK","System drugs Thrombosis",334,3
c1944aed-a970-40b7-8d02-b1330c7387f3,MED-12321,"Mariagon","Mariagon (Disorders اضطشاثبد انكجذ)","silymarin 140 mg","140 mg",capsule,كبسولة,شريط,20,"Alphamoun","Egypt","Gastro Intestinal drugs Hepatic",334,4
5bca0c08-a79d-4531-8545-133406551a83,MED-12322,"Mariagon","Mariagon (Disorders اضطشاثبد انكجذ)","silymarin capsule 140 mg .","140 mg",capsule,كبسولة,شريط,20,"Alphamoun","Unknown","Gastro Intestinal drugs Hepatic",334,5
bcfa87bb-e024-4a02-837a-f860d3bc50d5,MED-12323,"Marvelon","Marvelon (يىا َغ انح ًم)","ethinylestradiol - desogestrel 4","",tablet,حبة,شريط,21,"organon","Unknown","Gynaecology drugs Contraceptives",334,6
44bd70b7-9e2e-4e75-8603-3c9a1f6210dc,MED-12324,"Maxgalin 150","Maxgalin 150","Pregabalin Central Nervous","",capsule,كبسولة,شريط,1,"Unknown","Unknown","system drugs Epilepsy انصشع",334,7
f87e3228-505c-4420-8668-eee9ad5592f6,MED-12325,"Maxgalin 50","Maxgalin 50","Pregabalin Central Nervous","",other,وحدة,علبة,1,"SUN Pharma","India","system drugs Epilepsy انصشع",335,1
6d8389ae-b106-4c5a-8c7e-b1fc641c41cf,MED-12326,"Maxgalin - 75","Maxgalin - 75","pregabalin Central Nervous capsule 75 mg","75 mg",other,وحدة,علبة,1,"SUN","India","system drugs Epilepsy انصشع",335,2
470bb8b4-69a8-4c17-8754-384d484effdf,MED-12327,"MAXI-CAL","MAXI-CAL (انتهبثبد انؼظبو)","Ca+ Vit D","",capsule,كبسولة,شريط,60,"CENTURY","USA","Vitamines and Menirals Osteoarthritis",335,3
d654fe15-9db2-40c8-8d4c-0f62d04f5257,MED-12328,"MAXI-CAL","MAXI-CAL (انتهبثبد انؼظبو)","Calcum 1200 mg + vit d 400 IU / caplet .","1200 mg",capsule,كبسولة,شريط,1,"CENTURY","USA","Vitamines and Menirals Osteoarthritis",335,4
bf3d6478-d93e-4274-8c95-690043398a46,MED-12329,"MAXIDEX","MAXIDEX","Dexamethasone 0.1%","0.1%",drops,مل,قطارة,5,"Alcon","Unknown","Corticosteroid Eye ٍٍ انؼ",335,5
485b24f3-52f1-4cc9-8821-502fb9672565,MED-12330,"Maxime","Maxime (Infections األصبثبد انجكت ٍش ٌخ)","Ceftriaxone Sodium","",other,وحدة,علبة,1,"Unknown","Unknown","Antibacterial Bacterial",335,6
931348c5-131a-4257-8259-4cf4a3f8f0a1,MED-12331,"Maximum Strength","Maximum Strength (األوجبع)","Ibuprofen tablet 400 mg tab .","400 mg",tablet,حبة,شريط,84,"Unknown","","Nonsteroidal Anti- Analgesic يهذئبد",335,7
70d29d17-f211-42cd-8e53-c6036c76b521,MED-12332,"MAXIMUM STRENGTH","MAXIMUM STRENGTH (انتهبثبد انؼظبو)","Glucosamine + Chondrotin","",tablet,حبة,شريط,60,"CENTURY","USA","Osteoarthritis drugs Osteoarthritis",336,1
d7fbdc7f-c836-401c-8c24-908b96ebf07c,MED-12333,"Maxitrol","Maxitrol (األنتهبثبد)","Dexamethasone + Neomycin Sulfate + Polymyxin B Sulfate","",ointment,أنبوب,علبة,1,"Alcon","Unknown","Corticosteroid Inflammations",336,2
cbb7be8d-9c73-4da3-8fa0-e649313d5e93,MED-12334,"Mazit","Mazit (Microbial Infections)","Azithromycin","",syrup,مل,قارورة,15,"Neopharma","UAE","Antibiotics ًٍكشوث ٍخ األصبثبد ان",336,3
352085d2-54c2-4dc6-8469-a7856f8fe920,MED-12335,"Mazit","Mazit (Microbial Infections)","Azithromycin","",other,وحدة,علبة,1,"Unknown","Unknown","Antibiotics ًٍكشوث ٍخ األصبثبد ان",336,4
01ecc972-a858-46e3-8a95-b86e25e798a6,MED-12337,"MEBO","MEBO","Sitosterol","",other,وحدة,علبة,1,"Unknown","Unknown","Skin Disorders Burns انحشوق",336,6
cd00a922-416b-4b00-88bb-5b1f489cadb7,MED-12338,"Mebo","Mebo (انتئبو انجشوح)","Herbal extract","",ointment,أنبوب,علبة,30,"Julphar","UAE","Skin Disorders Wounds Healing",336,7
cf295b51-0a84-4e39-805e-ece4bde2c0bd,MED-12339,"MEBOROL","MEBOROL","Sitosterol 0.25 % w / w","0.25 %",ointment,أنبوب,علبة,30,"Global Pharma","Yemen","Skin Disorders Burns انحشوق",337,1
3312911f-f8cd-470b-84ed-e3c53c953075,MED-12340,"Mecam","Mecam (األوجبع)","Meloxicam 7.5 mg","7.5 mg",tablet,حبة,شريط,10,"Y.E.PHARMA","Yemen","NSAID Analgesic يهذئبد",337,2
f7b547d4-39d5-409c-8226-3e249e4136ad,MED-12341,"Mecan","Mecan (األوجبع)","Meloxicam 7.5 mg","7.5 mg",tablet,حبة,شريط,1,"Unknown","Unknown","Non-Steroidal Anti- Analgesic يهذئبد",337,3
df708768-fd4a-4c82-844f-d203b2eddbd3,MED-12342,"Meclozin - B 6","Meclozin - B 6 (vomiting ٌ انغث ٍب وانطشػ)","Meclozine + Pyrodixine","",tablet,حبة,شريط,24,"BIOPHARM","Yemen","Gastro Intestinal drugs Nausea and",337,4
7a626bca-68e8-4a1a-8172-d9bb00445753,MED-12343,"Mecobal","Mecobal","Mecobalamin 500 mg / 1 ml","500 mg / 1 ml",injection,أمبولة,باكت,6,"BIOPHARM","Yemen","Vitamines and Menirals Anaemia فمش انذو",337,5
305614b5-4bb1-4b80-8f8b-b65982488b59,MED-12344,"Mecobal","Mecobal","Mecobalamin 500 mcg . Tablets","500 mcg",tablet,حبة,شريط,30,"BIOPHARM","Yemen","Vitamines and Menirals Anaemia فمش انذو",337,6
ecff0449-ac02-415a-8e53-e080b1b325d8,MED-12345,"Mecobal","Mecobal","Mecobalamin 500 mg","500 mg",tablet,حبة,شريط,10,"BIOPHARM","Yemen","Vitamines and Menirals Anaemia فمش انذو",337,7
156b838f-8e8f-44a5-8dc2-df8e1926b6b0,MED-12346,"Medacin T","Medacin T (Infections ًٍكشوثبد انالهىائ ٍخ ان)","Clindamycin 1%","1%",syrup,مل,قارورة,30,"Unknown","Unknown","Antibiotics Anaerobic",338,1
40219b9e-5633-440f-81bd-ac7a0f63d92b,MED-12347,"Medafen","Medafen (األوجبع)","Ibuprofen 100 mg / 5 ml","100 mg / 5 ml",suspension,مل,قارورة,100,"Unknown","Unknown","Non-Steroidal Anti- Analgesic يهذئبد",338,2
fb6aa227-029c-4ffa-82df-c9e156cbcb9a,MED-12348,"Medazole","Medazole (ٌ انشبئؼخ انذ ٌذا)","Mebendazole 100 mg","100 mg",tablet,حبة,شريط,6,"Shaphaco","Yemen","Anthelmentic Common Worms",338,3
9aaabde0-be8e-490a-8448-e353fcbb85dc,MED-12349,"Medazole Tablets","Medazole Tablets (Gardiasis جبسد ٌب واي ٍج ٍب)","Metronidazole","",tablet,حبة,شريط,20,"MUP","Egypt","Antiprtozoal Amoebiasis ,",338,4
539ad1ac-51c0-4fb5-897b-da30ab5b864d,MED-12350,"MEDIAZOLE","MEDIAZOLE (Gardiasis جبسد ٌب واي ٍج ٍب)","Metronidazole 500 mg / 100 ml","500 mg / 100 ml",injection,أمبولة,باكت,100,"Mediocon Lifesciences","India","Antiprtozoal Amoebiasis ,",338,5
e33b950f-e994-4908-872c-0f21bf293d0f,MED-12351,"Medical Spirit","Medical Spirit","Cloroform Spirit","",syrup,مل,قارورة,100,"Shiba pharma","Yemen","Antiseptic and Desinfectants Antiseptic يطهشاد",338,6
e4fecbea-2246-480e-8805-013cde02b4de,MED-12352,"MEDITROL ???","MEDITROL ???","Alpha calciferol","",other,وحدة,علبة,1,"MEGA","Thailand","Vitamines and Menirals Ricketsia انكغبح",338,7
be1f35b9-2830-4ea6-8680-d9fb78619bcd,MED-12353,"Mediveine","Mediveine (انجىاع ٍش)","diosmine","",tablet,حبة,شريط,30,"Sothema","Morocco","Antihaemorrhag es Haemorrhoids",339,1
5f849563-3956-4914-80f3-bae5177490cf,MED-12354,"Medocalum","Medocalum (ان ًؼذح)","Chlordiazepoxide 5 mg + Clidinium Bromide 2,5","5 mg",tablet,حبة,شريط,30,"MEDOCHEMI E","Unknown","Gastro Intestinal drugs Peptic ulcer لشحخ",339,2
3751aae6-e09e-4858-8f58-fc69cb16f5c3,MED-12355,"Medomycin","Medomycin (Microbial Infections)","Doxycycline","",capsule,كبسولة,شريط,1,"Medochimi","Unknown","Antibiotics ًٍكشوث ٍخ األصبثبد ان",339,3
da796b06-f5d4-42e6-8e84-b78ed7d5d241,MED-12356,"Medroxol","Medroxol (Disorders اضطشاثبد انجهبص ً انت ُفغ)","Ambroxol","",syrup,مل,قارورة,100,"med pharma","Unknown","Respiratory drugs Respiratory",339,4
2d5cf993-f6c3-412d-8628-c758f4063bbd,MED-12357,"Mefamol","Mefamol (األوجبع)","Mefenamic Acid 50 mg","50 mg",suspension,مل,قارورة,60,"Global Pharma","Yemen","NSAID Analgesic يهذئبد",339,5
3471ff41-a4e2-4bd3-848c-688bf177e0ba,MED-12358,"Mefex","Mefex (األوجبع)","Mefenamic Acid","",tablet,حبة,شريط,20,"Neopharma","UAE","Nonsteroidal Anti- Analgesic يهذئبد",339,6
03b63117-5125-453f-896c-c25154042f8a,MED-12359,"MefnacD.S","MefnacD.S (األوجبع)","Mefenamic Acid tablet 500 mg .","500 mg",tablet,حبة,شريط,10,"Efroze","Unknown","Nonsteroidal Anti- Analgesic يهذئبد",339,7
cf45e9c3-2933-4044-85d9-a647f98ed897,MED-12360,"mega h - 40","mega h - 40 (Deficiency َمص ف ٍتبي ٍُبد)","Multi Vitamines","",capsule,كبسولة,شريط,30,"Power Health","","Vitamines and Menirals Vitamins",340,1
53e4a140-4fa5-4dd8-88eb-fe46f91faa20,MED-12361,"Megamox","Megamox (Microbial Infections)","Amoxicillin/Clavu lanate Potassium","",tablet,حبة,شريط,2,"JPI","","Antibiotics ًٍكشوث ٍخ األصبثبد ان Saudi Arabia",340,2
ec68719a-9860-4484-8506-0185e7e3699a,MED-12362,"Meki A-H","Meki A-H","Mequitazine","",syrup,مل,قارورة,60,"BORG","Egypt","Antihistamines Allergy انحغبع ٍخ",340,3
1178bb7c-8722-4455-845e-c0e1ec0e35af,MED-12363,"Melagin","Melagin","Miconazole 100 mg Metronidazole 500 mg","100 mg",other,وحدة,علبة,10,"Fulton-Italy","Italy","Antifungals Vaginal ان ًهجم",340,4
1bb6ec2c-9e4d-45bf-814d-5ce4fc10c972,MED-12364,"Melflam","Melflam (األوجبع)","Meloxicam tablet 15 mg / 3 ml","15 mg / 3 ml",injection,أمبولة,باكت,3,"CIPLA","India","Nonsteroidal Anti- Analgesic يهذئبد",340,5
e0982c3d-e96d-4587-8ec5-523458e14357,MED-12365,"Melflam 7.5","Melflam 7.5 (األوجبع)","Meloxicam tablet 7.5 mg .","7.5 mg",tablet,حبة,شريط,20,"CIPLA","India","Nonsteroidal Anti- Analgesic يهذئبد",340,6
e07c67a7-c57f-4296-8cac-a35e72fc11af,MED-12366,"melobak","melobak (انفىاق)","baclofen","",tablet,حبة,شريط,10,"pharo pharma","Egypt","Muscle relaxations Hiccup انفهمخ او",340,7
57f39381-e9e9-4666-8b5b-426bd232fd4a,MED-12367,"Melocam 15 mg","Melocam 15 mg (األوجبع)","Meloxicam 15 mg","15 mg",tablet,حبة,شريط,20,"Shiba pharma","Yemen","NSAID Analgesic يهذئبد",341,1
152b83f3-9666-4a10-8249-c298ff14943e,MED-12369,"Melocam 7.5","Melocam 7.5 (األوجبع)","Meloxicam tablet 7.5 mg .","7.5 mg",tablet,حبة,شريط,20,"Shiba pharma","Yemen","NSAID Analgesic يهذئبد",341,3
d400ebff-a6db-4c02-8aea-30eaecf00c61,MED-12370,"Melocox 15","Melocox 15 (األوجبع)","Meloxicam tablet 15 mg .","15 mg",tablet,حبة,شريط,10,"Modern Pharama","Yemen","NSAID Analgesic يهذئبد",341,4
d0e202d1-65da-42a9-821b-f730560e2a3b,MED-12371,"Meloria","Meloria","Mefloquine HCl 250 mg / tab","250 mg",tablet,حبة,شريط,5,"Pharmacare","Yemen","Antimalarial medicines Malaria ان ًالس ٌب",341,5
a6465193-282f-4751-8eeb-561369a92fc8,MED-12372,"Melostone","Melostone (األنتهبثبد انجذنذ ٌخ)","Betamethasone + Neomycin Sulfate","",other,وحدة,علبة,1,"Unknown","Unknown","Corticosteroid Dermatitis",341,6
220677d7-c3f7-4d67-8e37-980155e92869,MED-12373,"Melox","Melox (األوجبع)","Meloxicam","",other,وحدة,علبة,1,"Unknown","Unknown","Non-Steroidal Anti- Analgesic يهذئبد",341,7
34bb170b-1c0f-4e62-848a-cdbbfdedb31f,MED-12374,"Melox 15 mg","Melox 15 mg (األوجبع)","Meloxicam","15 mg",tablet,حبة,شريط,10,"NOBEL","Unknown","Non-Steroidal Anti- Analgesic يهذئبد",342,1
572799b4-7d4a-4f53-8ebe-27d0c7905027,MED-12375,"Melox FORT","Melox FORT (األوجبع)","Meloxicam 15 mg","15 mg",tablet,حبة,شريط,1,"Unknown","Unknown","Non-Steroidal Anti- Analgesic يهذئبد",342,2
02a8d0a4-476b-4c87-8504-0648ed194d06,MED-12376,"Meloxi","Meloxi (األوجبع)","Meloxicam tablet 7.5 mg .","7.5 mg",tablet,حبة,شريط,20,"MBC","Unknown","Nonsteroidal Anti- Analgesic يهذئبد",342,3
9e9f75df-4787-4cfd-8a20-835e98a2d3d4,MED-12377,"Meloxi","Meloxi (األوجبع)","Meloxicam 15 mg","15 mg",tablet,حبة,شريط,20,"BAHRI","Syria","Non-Steroidal Anti- Analgesic يهذئبد",342,4
6ab66ecc-0e81-4aa8-8630-21c3725273da,MED-12378,"Meloxican 15","Meloxican 15 (األوجبع)","Meloxicam 15 mg","15 mg",tablet,حبة,شريط,20,"Y.E.PHARMA","Yemen","NSAID Analgesic يهذئبد",342,5
1211e662-12a8-41c2-8265-b36af69b0df4,MED-12379,"Meloxican 7.5","Meloxican 7.5 (األوجبع)","Meloxicam 7.5 mg","7.5 mg",tablet,حبة,شريط,20,"Y.E.PHARMA","Yemen","NSAID Analgesic يهذئبد",342,6
e024cd42-f0b2-4c02-8f63-ebe13ac7b328,MED-12380,"Melrose","Melrose (َضالد انجشد)","herbal extract","",syrup,مل,قارورة,100,"YEDCO","Yemen","Respiratory drugs Common Cold",342,7
ec6e2bb4-fa9f-460a-864d-896e7023e28e,MED-12381,"Melrosum","Melrosum (َضالد انجشد)","herbal extract","",syrup,مل,قارورة,100,"Sanofi Aventis","France","Respiratory drugs Common Cold",343,1
0c0f4123-faf9-43cf-89e4-6be69efd4998,MED-12382,"Mentat","Mentat","Herbal extract Natural products","",syrup,مل,قارورة,200,"Co","India","Himalaya Drug غ ٍش يؼشوف",343,2
f29d2c5b-e27a-4fe7-8300-a56f8f08568b,MED-12383,"Mepaco bran","Mepaco bran (األيغبن)","Bran 500 mg + Celluose + Mineral 740 mg","500 mg",tablet,حبة,شريط,60,"MEPACO","Egypt","Gastro Intestinal drugs Constipation",343,3
0cd44b41-6e3e-4104-87a0-4ca4fb1161fa,MED-12384,"Mepaco bran","Mepaco bran (األيغبن)","Bran 400 mg + Celluose + Mineral","400 mg",capsule,كبسولة,شريط,60,"MEPACO","Egypt","Gastro Intestinal drugs Constipation",343,4
2f3f3bda-343f-4bcc-86cd-b53f5df73bca,MED-12385,"Mepaco Bran","Mepaco Bran (األيغبن)","Bran ( treated ) 400 mg","400 mg",capsule,كبسولة,شريط,1,"MEPACO","Egypt","Gastro Intestinal drugs Constipation",343,5
b9baaf91-c451-4c1e-8dc6-0a54829b52cb,MED-12386,"MEPACOL","MEPACOL","L - methionine 1 g + inositol 1 g + chlorhydrte de choline 0.02 g + vit . B 2 o . 002 g + vit . B 6","1 g",injection,أمبولة,باكت,5,"A.B.C International Pharma","Italy","Vitamines and Menirals Hepatic Disorers",343,6
67cf2ac0-4cc9-40e0-8bdd-93e5cc02a016,MED-12387,"MEPACOL Sy","MEPACOL Sy (Disorders اضطشاثبد انكجذ)","L - methionine 2 g + inositol 0.56 g + choline 1.6 g + vit . pp 0.075 g + vit . B 1 0.02 g + vit . B 2","2 g",syrup,مل,قارورة,150,"A.B.C International Pharma","Italy","Vitamines and Menirals Hepatic",343,7
10fc15e0-24a2-41ca-8b10-eca15e3bf7a0,MED-12388,"MEPACOL tab","MEPACOL tab (Disorders اضطشاثبد انكجذ)","L - methionine 2 g + inositol 0.56 g + choline 1.6 g + vit . pp 0.075 g + vit . B 1 0.02 g + vit . B 2","2 g",tablet,حبة,شريط,40,"A.B.C International Pharma","Italy","Vitamines and Menirals Hepatic",344,1
737d41b2-049a-4b6b-840b-7021c89635ad,MED-12389,"MEPACURE","MEPACURE (Disorders اضطشاثبد انكجذ)","Hepatoprotective Agents","",other,وحدة,علبة,1,"MEPACO","Egypt","Gastro Intestinal drugs Hepatic",344,2
f416cd43-7a1e-4ddf-8508-13e72057e9dc,MED-12390,"Mepacure cap","Mepacure cap (Disorders اضطشاثبد انكجذ)","silymarin+D.D.T( dicarboxlate)","",capsule,كبسولة,شريط,30,"MEPACO","Egypt","Gastro Intestinal drugs Hepatic",344,3
9b609f55-d98b-4abc-8111-ac4de257f309,MED-12391,"MEPASIL","MEPASIL (Disorders اضطشاثبد انكجذ)","Silymarin 160 mg + Milk thistle 200 mg / tablet .","160 mg",tablet,حبة,شريط,20,"MEPACO","Egypt","Gastro Intestinal drugs Hepatic",344,4
59dcf5a3-5812-44a4-819b-d9ce42768775,MED-12392,"Mepasil tab","Mepasil tab (Disorders اضطشاثبد انكجذ)","silymarin","",tablet,حبة,شريط,20,"MEPACO","Egypt","Gastro Intestinal drugs Hepatic",344,5
1c6aac01-b95e-4a8f-8e43-88b8b5cbe6c1,MED-12393,"MERCA-BURN","MERCA-BURN","Aloe Vera","",cream,أنبوب,علبة,1,"Unknown","Unknown","Skin Disorders Burns انحشوق",344,6
c5b41518-4b30-4208-83ef-2733ae651cd0,MED-12394,"Mesi prazole","Mesi prazole (ان ًؼذح)","Lansoprazole","",capsule,كبسولة,شريط,20,"MEDICO LABS","Syria","Gastro Intestinal drugs Peptic ulcer لشحخ",344,7
184ed620-2c67-47eb-8d68-7917db4bd31f,MED-12395,"Metacardia","Metacardia (انصذس ٌخ)","Trimetazidine di- Cardio Vascular HCl","",tablet,حبة,شريط,20,"GLOBAL NAPI","Egypt","System drugs Angina انزثحخ",345,1
5ce882b0-41e8-46dd-85f2-dd27f93aeb97,MED-12396,"METADIL","METADIL (َضالد انجشد)","Chlorphenamine Maleate","",tablet,حبة,شريط,10,"Unknown","Unknown","Antihistamines Common Cold",345,2
b1961fa6-b405-45bb-83e5-7502e62a3e64,MED-12397,"Metazol","Metazol (Gardiasis جبسد ٌب واي ٍج ٍب)","Metronidazole","",tablet,حبة,شريط,20,"Global Pharma","Unknown","Antiprtozoal Amoebiasis ,",345,3
e331df81-0d0a-4c90-8936-217bc235dd36,MED-12398,"Metazol","Metazol (Gardiasis جبسد ٌب واي ٍج ٍب)","Metronidazole","",suspension,مل,قارورة,100,"Global Pharma","Yemen","Antiprtozoal Amoebiasis ,",345,4
681f3d11-9570-4806-88d2-71baca115059,MED-12399,"Metazol Fort","Metazol Fort (Gardiasis جبسد ٌب واي ٍج ٍب)","Metronidazole 500 mg","500 mg",tablet,حبة,شريط,20,"Global Pharma","Yemen","Antiprtozoal Amoebiasis ,",345,5
400989a1-2528-496a-8a29-4a530a717376,MED-12400,"Metazol Plus","Metazol Plus (Gardiasis جبسد ٌب واي ٍج ٍب)","Metronidazole 200 mg + Diloxanide 250 mg","200 mg",tablet,حبة,شريط,20,"Global Pharma","Yemen","Antiprtozoal Amoebiasis ,",345,6
37aa35bf-77bf-47b9-879f-1d7e253a722e,MED-12401,"Metazol Plus","Metazol Plus (Gardiasis جبسد ٌب واي ٍج ٍب)","Metronidazole +Diloxanide","",suspension,مل,قارورة,100,"Global Pharma","Yemen","Antiprtozoal Amoebiasis ,",345,7
dd1dd8f3-f121-41ff-8b59-a8a42c120d58,MED-12402,"Metazol_plus","Metazol_plus (Gardiasis جبسد ٌب واي ٍج ٍب)","Metronidazole","",other,وحدة,علبة,1,"globar","Unknown","Antiprtozoal Amoebiasis ,",346,1
d1cabf7b-6c05-4929-8f82-98f131c976bd,MED-12403,"MetfoKern","MetfoKern (أيشاض انغكشي)","Metformin HCL 850 mg","850 mg",tablet,حبة,شريط,50,"KERN pharma","Korea","Antidiabetics Diabetes Mellitus",346,2
d61959eb-9ec3-4cd8-86d3-d8e72c5da29a,MED-12404,"METFORAL 500 mg","METFORAL 500 mg (أيشاض انغكشي)","Metformin HCL 500 mg","500 mg",tablet,حبة,شريط,50,"Berlin","Germany","Antidiabetics Diabetes Mellitus",346,3
7e92d57f-e901-42c3-87ee-cbd9fe1ebe68,MED-12405,"METFORAL 850 mg","METFORAL 850 mg (أيشاض انغكشي)","Metformin HCL 850 mg","850 mg",tablet,حبة,شريط,30,"Berlin","Germany","Antidiabetics Diabetes Mellitus",346,4
edf6c89c-65ae-4e96-81fd-e282dfb02760,MED-12406,"METFORMAX","METFORMAX (أيشاض انغكشي)","Metformin HCL 500 mg","500 mg",tablet,حبة,شريط,20,"Y.E.PHARMA","Yemen","Antidiabetics Diabetes Mellitus",346,5
702d4530-ef55-4c54-8460-2d396ab6d4d3,MED-12407,"METFORMAX","METFORMAX (أيشاض انغكشي)","Metformin HCL 500 mg","500 mg",tablet,حبة,شريط,10,"Y.E.PHARMA","Yemen","Antidiabetics Diabetes Mellitus",346,6
c8af8e09-2c07-4bf2-8d82-76b08b281f15,MED-12408,"METFORMAX","METFORMAX (أيشاض انغكشي)","Metformin HCL 850 mg","850 mg",tablet,حبة,شريط,30,"Y.E.PHARMA","Yemen","Antidiabetics Diabetes Mellitus",346,7
c59aaff5-867b-4c3a-8950-054db85776a7,MED-12409,"Metformin 500","Metformin 500 (أيشاض انغكشي)","Metformin HCL 500 mg","500 mg",tablet,حبة,شريط,30,"Shaphaco","Yemen","Antidiabetics Diabetes Mellitus",347,1
b3ab9b4f-335a-4e85-827b-2bc52368b249,MED-12410,"Metformin 850","Metformin 850 (أيشاض انغكشي)","Metformin HCL 850 mg","850 mg",tablet,حبة,شريط,30,"Shaphaco","Yemen","Antidiabetics Diabetes Mellitus",347,2
55c4133c-97e6-4cf8-88fb-f91c3d8d3bee,MED-12411,"Metformin Denk","Metformin Denk (أيشاض انغكشي)","Metformin HCL 500 mg","500 mg",tablet,حبة,شريط,100,"Denk Pharma","Germany","Antidiabetics Diabetes Mellitus",347,3
0162759b-be2e-4f43-826d-dd384d625f8e,MED-12412,"Metformin Denk 850","Metformin Denk 850 (أيشاض انغكشي)","Metformin Hydrochloride","",other,وحدة,علبة,1,"Unknown","Unknown","Unknown Diabetes Mellitus",347,4
44379d41-2da3-4d7d-8439-53d2053b0cf8,MED-12413,"Metformin XR","Metformin XR (أيشاض انغكشي)","Metformin HCL 750 mg","750 mg",tablet,حبة,شريط,20,"Biomed","Syria","Antidiabetics Diabetes Mellitus",347,5
c85146a9-1b91-4032-8b77-f08fd549a4c2,MED-12414,"Mether 40 mg","Mether 40 mg","Artemether","40 mg",other,وحدة,علبة,1,"Unknown","Unknown","Antimalarial medicines Malaria ان ًالس ٌب",347,6
133259e4-9fe5-4e69-8ca9-fba23d50a498,MED-12415,"METHER 80 mg","METHER 80 mg","Each 1 ml contains 80 mg Artemether","80 mg",injection,أمبولة,باكت,6,"Unknown","Unknown","Antimalarial medicines Malaria ان ًالس ٌب",347,7
b11dd204-5f9b-4da3-85e6-03204982fc56,MED-12416,"Methergin","Methergin (ان ُض ٌف)","Ergometrine","",other,وحدة,علبة,1,"Unknown","Unknown","Antihaemorrhag es Haemorrhage",348,1
7bb62669-7cee-45ce-81cd-e55bca923585,MED-12417,"Methotrexat","Methotrexat (ٌ انغشطب ) ) انخج ٍثخ)","Methotrexate 5 mg / 5 ml","5 mg / 5 ml",injection,أمبولة,باكت,5,"Unknown","Unknown","Antineoplastics Cancer ( األيشاض",348,2
b8e51046-8ec9-43f4-8aa2-7aa7a603b4a1,MED-12418,"Methtrexat","Methtrexat (ٌ انغشطب ) ) انخج ٍثخ)","Methotrexate 2.5","",other,وحدة,علبة,1,"Unknown","Unknown","Antineoplastics Cancer ( األيشاض",348,3
806832ee-f8dc-4e1b-8d00-03114aa04036,MED-12419,"Methycobal","Methycobal","Mecobalamin ) Methylcobalamin . 500 mcg Tablets","500 mcg",tablet,حبة,شريط,30,"Eisai","JAPAN","Vitamines and Menirals Anaemia فمش انذو",348,4
117007b7-3221-4bbd-8cc3-6f7fa92973e7,MED-12420,"Methycobal ???","Methycobal ???","Chloramphenicol","",ointment,أنبوب,علبة,3,"Cusi","Spain","Ophthalmic drugs Eye ٍٍ انؼ",348,5
07948bca-42c9-43e8-83ca-ac09ae42a660,MED-12421,"methylcobal","methylcobal","Mecobalamin 500 micro gram / 1 ml","1 ml",injection,أمبولة,باكت,10,"Eisai","JAPAN","Vitamines and Menirals Anaemia فمش انذو",348,6
b4825dae-68db-44e3-85af-7066d3d3ab09,MED-12422,"Meticron","Meticron (أيشاض انغكشي)","Metformin HCL 500 mg + Gliclazide 80 mg","500 mg",tablet,حبة,شريط,30,"Biomed","Syria","Antidiabetics Diabetes Mellitus",348,7
4c2872af-1611-4a4f-84ed-81bc2de71dd3,MED-12423,"Metlazel Drops","Metlazel Drops (vomiting ٌ انغث ٍب وانطشػ)","metoclopramide","",drops,مل,قطارة,15,"Shaphaco","Yemen","Gastro Intestinal drugs Nausea and",349,1
526f83e0-122f-4ec9-8464-11f3df74ccff,MED-12424,"Metlazel Tablets","Metlazel Tablets (vomiting ٌ انغث ٍب وانطشػ)","metoclopramide","",tablet,حبة,شريط,20,"Shaphaco","Yemen","Gastro Intestinal drugs Nausea and",349,2
6f10bc2e-193c-484d-839e-5dee30836c8e,MED-12425,"Metoclopramide","Metoclopramide (vomiting ٌ انغث ٍب وانطشػ)","metoclopramide 10 mg","10 mg",tablet,حبة,شريط,20,"BIOPHARM","Yemen","Gastro Intestinal drugs Nausea and",349,3
560fa11f-52eb-4013-8763-d2a5274021a4,MED-12426,"Metoclopramide","Metoclopramide (vomiting ٌ انغث ٍب وانطشػ)","metoclopramide 10 mg / 2 ml","10 mg / 2 ml",injection,أمبولة,باكت,5,"BIOPHARM","Yemen","Gastro Intestinal drugs Nausea and",349,4
d11c0b4a-b3cd-4e8e-82c8-1bfec2893cd2,MED-12427,"Metograine","Metograine","Ergotamine Cardio Vascular Tartarate 1 mg + Caffeine 50 mg + Paracetamol 325 mg","1 mg",tablet,حبة,شريط,20,"Unknown","Egypt","EVA PHARMA System drugs Migraine",349,5
1fa592de-30cb-4902-8b1a-581b2f51326f,MED-12428,"Metoprolol","Metoprolol (استفبع ضغظ انذو)","Metoprolol Cardio Vascular","",other,وحدة,علبة,1,"Unknown","Unknown","System drugs Hypertension",349,6
4dd4567d-19be-48d8-8fda-2cd62569673b,MED-12429,"Metran cap","Metran cap","Mecobalamin","",capsule,كبسولة,شريط,30,"Daewon","Unknown","Vitamines and Menirals Anaemia فمش انذو",349,7
03bd9f07-0ab7-4975-855b-517001a2477f,MED-12430,"metran","metran","mecobalamine","",capsule,كبسولة,شريط,30,"Daewon","Unknown","Vitamines and Menirals Anaemia فمش انذو",350,1
c6dd7861-5adb-4802-871d-869aa09ae2d2,MED-12431,"Metrodilox","Metrodilox (Gardiasis جبسد ٌب واي ٍج ٍب)","Metronidazole +Diloxanide","",suspension,مل,قارورة,90,"Pharmacare","Yemen","Antiprtozoal Amoebiasis ,",350,2
aeb81dd8-1595-4550-8646-0c0abd2885c2,MED-12432,"Metrodilox","Metrodilox (Gardiasis جبسد ٌب واي ٍج ٍب)","Metronidazole 100 mg + 125 mg diloxnide / 5 ml","100 mg",suspension,مل,قارورة,90,"Pharmacare","Yemen","Antiprtozoal Amoebiasis ,",350,3
ec817c6f-308d-4a7e-863b-82f3c40a6a10,MED-12433,"Metrodilox","Metrodilox (Gardiasis جبسد ٌب واي ٍج ٍب)","Metronidazole 200 mg + Diloxanide furoate 250 mg / tablet","200 mg",tablet,حبة,شريط,3,"Pharmacare","Yemen","Antiprtozoal Amoebiasis ,",350,4
bcf90cde-e448-48e5-885e-3e3caf02e2a7,MED-12434,"Metrogyl V-Gel","Metrogyl V-Gel","Metronidazole","",ointment,أنبوب,علبة,1,"Unknown","Unknown","Antiprtozoal Vaginal ان ًهجم",350,5
b21114cc-a10a-4860-8e5e-e4c00acff1a4,MED-12435,"Metrolag 259 mg","Metrolag 259 mg (Gardiasis جبسد ٌب واي ٍج ٍب)","Metronidazole","259 mg",tablet,حبة,شريط,100,"Unknown","Unknown","Antiprtozoal Amoebiasis ,",350,6
05c256bc-6e83-4971-8de0-755bf35a5baa,MED-12436,"Metronidazole","Metronidazole (Gardiasis جبسد ٌب واي ٍج ٍب)","Metronidazole","",injection,أمبولة,باكت,100,"Unknown","Unknown","Antiprtozoal Amoebiasis ,",350,7
fe97a97e-e264-483b-8466-4725230222c2,MED-12437,"Metronidazole","Metronidazole (Gardiasis جبسد ٌب واي ٍج ٍب)","Metronidazole 500 / 100 ml infusion single dose","100 ml",injection,أمبولة,باكت,100,"eurolfe","Unknown","Antiprtozoal Amoebiasis ,",351,1
df7f2446-a8d1-4f03-8f2a-f9171a9dc164,MED-12438,"Metronidazole Normon","Metronidazole Normon (Gardiasis جبسد ٌب واي ٍج ٍب)","Metronidazole 250 mg","250 mg",tablet,حبة,شريط,20,"Normon","Spain","Antiprtozoal Amoebiasis ,",351,2
99536ae1-4690-4306-8da4-da3553d0e32c,MED-12439,"Metronir","Metronir (Gardiasis جبسد ٌب واي ٍج ٍب)","Metronidazole","",other,وحدة,علبة,1,"Unknown","Unknown","Antiprtozoal Amoebiasis ,",351,3
4b6a1666-dc3b-48ee-8d97-7a0034479dca,MED-12440,"MEVA","MEVA (Spasm ٍ آالو انجط)","135 mg Mebeverine hydrochloride","135 mg",tablet,حبة,شريط,30,"Jamjoum Pharma","","Gastro Intestinal drugs Abdominal Saudi Arabia",351,4
e910debc-21fc-41b9-8923-5a82e89170c8,MED-12441,"Mevluxa","Mevluxa","levetiracetam 100 Central Nervous mg / ml","",syrup,مل,قارورة,300,"WOCKHADT","Unknown","system drugs Epilepsy انصشع",351,5
0a6ee5bf-0a41-4fed-841c-7a4c19b2a70a,MED-12442,"Mezolam","Mezolam (General انتخذ ٌش انؼبو)","Midazolam 7.5 Central Nervous mg / tab","",tablet,حبة,شريط,10,"Shiba pharma","Yemen","system drugs Anaesthetics",351,6
c728ac5b-2426-4248-8583-5a43b915200a,MED-12443,"Miconaz","Miconaz (األصبثبد انفطش ٌخ)","Miconazole Nitrate 2%","2%",cream,أنبوب,علبة,20,"MUP","Egypt","Antifungals Fungal Infections",351,7
312e0f16-b8a1-42ef-8fd8-e219ff5ee691,MED-12444,"Miconaz oral","Miconaz oral (األصبثبد انفطش ٌخ)","Miconazole 2%","2%",ointment,أنبوب,علبة,20,"MUP","Egypt","Antifungals Fungal Infections",352,1
625f4c03-8928-4052-8311-2543291bd299,MED-12445,"Miconaz oral","Miconaz oral (األصبثبد انفطش ٌخ)","Miconazole 2%","2%",ointment,أنبوب,علبة,1,"MUP","Egypt","Antifungals Fungal Infections",352,2
b09a4027-7669-4d95-877f-8ea93e893307,MED-12446,"Micozole","Micozole","Miconazole nitrate 150 mg + Metronida zole 500 mg","150 mg",other,وحدة,علبة,10,"Barakat pharm","Syria","Antifungals Vaginal ان ًهجم",352,3
9b9b473e-7383-45e9-8758-01063fb57c2e,MED-12447,"Microgynon","Microgynon (يىا َغ انح ًم)","levonorgestrel ethinnylestradiol","",tablet,حبة,شريط,21,"BAYER","Germany","Gynaecology drugs Contraceptives",352,4
5f54b29e-41aa-4ed5-857f-cf7de16fecd9,MED-12448,"Midazole","Midazole (Gardiasis جبسد ٌب واي ٍج ٍب)","Metronidazole 250 mg","250 mg",tablet,حبة,شريط,20,"MUP","Egypt","Antiprtozoal Amoebiasis ,",352,5
8c1d1014-a7ed-4d9e-82c9-54b264ba4969,MED-12449,"Midazole","Midazole (Gardiasis جبسد ٌب واي ٍج ٍب)","Metronidazole","",suspension,مل,قارورة,120,"MUP","Egypt","Antiprtozoal Amoebiasis ,",352,6
3993c681-8b08-498a-8efa-47c31210d46d,MED-12450,"Midocef","Midocef (Microbial Infections)","Cefaclor","",other,وحدة,علبة,1,"Unknown","Unknown","Antibiotics ًٍكشوث ٍخ األصبثبد ان",352,7
efddc3b8-f3cd-4ef0-848f-87f3e2f6a560,MED-12451,"Mikalogis","Mikalogis (Infections ًٍكشوث ٍخ األصبثبد ان انخط ٍشح)","Amikacin Sulfate 500 mg / 2 ml","500 mg / 2 ml",injection,أمبولة,باكت,2,"Vitalis","Unknown","Antibiotics Serious M .",353,1
7365f9a3-2ae8-4576-8f31-51d4b7852d30,MED-12452,"Miko-penotran","Miko-penotran","Miconazole Nitrate 1200 mg","1200 mg",other,وحدة,علبة,1,"MEGA","Thailand","Antifungals Vaginal ان ًهجم",353,2
45b74523-3357-45d9-8519-55b198c2572c,MED-12453,"Milk Thistle Extract","Milk Thistle Extract (Disorders اضطشاثبد انكجذ)","Silymarin","",other,وحدة,علبة,1,"Unknown","Unknown","Gastro Intestinal drugs Hepatic",353,3
478b7103-b8ac-4e30-8bb3-634a550a3673,MED-12454,"MILOXY","MILOXY (Microbial Infections)","Amoxicillin 125 mg / 5 ml","125 mg / 5 ml",suspension,مل,قارورة,100,"MILAN","India","Antibiotics ًٍكشوث ٍخ األصبثبد ان",353,4
295fccd6-c7db-44c7-8b50-1c2877c28153,MED-12455,"Minadex","Minadex (Deficiency َمص ف ٍتبي ٍُبد)","Vit . A 195 mcg , vit . D 1.62 mcg , iron 12 mg , potassium 2.25 mg , calcium 11.25 mg ,","195 mcg",syrup,مل,قارورة,200,"Unknown","Unknown","Vitamines and Menirals Vitamins",353,5
698afc23-ba7e-40e7-885c-fae4eac59c51,MED-12456,"MINERAVIT","MINERAVIT (Deficiency َمص ف ٍتبي ٍُبد)","Multi vitamin and Menirals","",capsule,كبسولة,شريط,20,"EIPICO","Egypt","Vitamines and Menirals Vitamins",353,6
3cb3c6d6-31c1-4dda-8ea0-bc2b8a0779fa,MED-12457,"Miniguava","Miniguava (َضالد انجشد)","herbal extract","",syrup,مل,قارورة,1,"pharo pharma","Egypt","Respiratory drugs Common Cold",353,7
0489ac54-c212-4d85-8828-1e7485555aab,MED-12458,"Miniscar","Miniscar (األنتهبثبد انجذنذ ٌخ)","Combination","",cream,أنبوب,علبة,30,"Charak","Unknown","Skin Disorders Dermatitis",354,1
87345c33-5980-41eb-8910-3a637389c288,MED-12459,"MINOFEN","MINOFEN (Asthma انشثى ً انشؼج)","Aminophylline 250 mg / 10 ml","250 mg / 10 ml",injection,أمبولة,باكت,5,"Unknown","","Respiratory drugs Bronchial",354,2
9acd0ede-812b-4448-87e6-89863bc19602,MED-12460,"Minox","Minox (انؼبيخ)","Minoxidil 2 gm / 100 ml","2 g",syrup,مل,قارورة,100,"Shiba pharma","Yemen","Skin Disorders Health Care انصحخ",354,3
2aa2f51f-47e0-4630-82dc-e74b6f346da9,MED-12461,"Minox","Minox (انؼبيخ)","Minoxidil 5 gm / 100 ml","5 g",syrup,مل,قارورة,100,"Shiba pharma","Yemen","Skin Disorders Health Care انصحخ",354,4
4d36ad93-c3f7-495c-8d95-3b1cbfa1f84c,MED-12462,"Mirtaz - 15","Mirtaz - 15 (األيشاض انؼمه ٍخ)","Mirtazapine Central Nervous tablet 15 mg","15 mg",tablet,حبة,شريط,30,"SUN","India","system drugs Mental Disorders",354,5
22041e47-fbc1-4b74-82e8-6771cb1a4ff4,MED-12463,"Miscadol","Miscadol (disease يشض انشػبػ)","Orphenadrine Citrate","",tablet,حبة,شريط,20,"julphar","UAE","Muscle relaxations Parkinson ' s",354,6
c9e82acc-4a89-4707-8742-7dade10d947b,MED-12464,"MISOCLEAR","MISOCLEAR (ان ًؼذح)","Misoprostol 200 microgrames","",tablet,حبة,شريط,10,"Unknown","Unknown","Gastro Intestinal drugs Peptic ulcer لشحخ",354,7
1c4ec6e1-0e1b-4349-8fed-eeb07bcae123,MED-12465,"Mixderm","Mixderm (األنتهبثبد انجذنذ ٌخ)","Unknown","",cream,أنبوب,علبة,15,"Unknown","Unknown","Skin Disorders Dermatitis",355,1
443e10e0-992f-4a6a-82e3-b48e83c9f489,MED-12466,"Mixtard 30","Mixtard 30 (أيشاض انغكشي)","insulin human","",injection,أمبولة,باكت,10,"Novo Nordisk","Denmark","Antidiabetics Diabetes Mellitus",355,2
73e2c9de-e8b1-4911-810d-1ed08086efc2,MED-12467,"Mixtard 30","Mixtard 30 (أيشاض انغكشي)","insulin","",injection,أمبولة,باكت,1,"Novo Nordisk","Denmark","Antidiabetics Diabetes Mellitus",355,3
3d689320-e0c4-45a4-8d15-a5a20b53a494,MED-12468,"Mixtard 30 hm penfill","Mixtard 30 hm penfill (أيشاض انغكشي)","insulin human","",injection,أمبولة,باكت,3,"Novo Nordisk","Denmark","Antidiabetics Diabetes Mellitus",355,4
1918e0d2-9b07-4c87-80b7-089432f64e58,MED-12469,"Mixtard 30 penfill","Mixtard 30 penfill (أيشاض انغكشي)","insulin human","",injection,أمبولة,باكت,3,"Novo Nordisk","Denmark","Antidiabetics Diabetes Mellitus",355,5
ddafea95-0b23-4669-8428-cac130acc244,MED-12470,"Mixtard 50 penfill","Mixtard 50 penfill (أيشاض انغكشي)","insulin human","",injection,أمبولة,باكت,3,"Novo Nordisk","Denmark","Antidiabetics Diabetes Mellitus",355,6
f5bb9fd1-9d46-4fd6-880b-ad55d0dc2465,MED-12471,"Mmusol","Mmusol (Disorders اضطشاثبد انجهبص ً انت ُفغ)","ambroxol ( 15 mg / 5 ml )","15 mg / 5 ml",syrup,مل,قارورة,100,"Global Pharma","Unknown","Respiratory drugs Respiratory",355,7
68667d06-8da4-4264-8ab0-3d36f499f4a9,MED-12472,"Mobic","Mobic (األوجبع)","Meloxicam tablet 15 mg","15 mg",tablet,حبة,شريط,10,"Boehringer Ingelheim","Germany","Nonsteroidal Anti- Analgesic يهذئبد",356,1
441c608a-ca16-420a-8c8e-ee4c5fe58ec1,MED-12473,"Mobicam","Mobicam (األوجبع)","Meloxicam tablet 15 mg & 7.5 mg .","15 mg",tablet,حبة,شريط,20,"BIOPHARM","Yemen","NSAID Analgesic يهذئبد",356,2
7d826459-53d3-462d-87f8-11e9104f24ed,MED-12474,"Mobitil","Mobitil (األوجبع)","Meloxicam ampule 15 mg / 1.5 ml .","15 mg / 1.5 ml",injection,أمبولة,باكت,3,"MUP","Egypt","Nonsteroidal Anti- Analgesic يهذئبد",356,3
abbe6e7f-b190-454f-8b19-7b3c0b1d7ae8,MED-12475,"MOBITIL","MOBITIL (األوجبع)","Meloxicam 15 mg","15 mg",other,وحدة,علبة,6,"MUP","Egypt","Non-Steroidal Anti- Analgesic يهذئبد",356,4
4d233a45-5f2d-4683-85c5-29c5568da446,MED-12477,"Mobitil 15 mg","Mobitil 15 mg (األوجبع)","Meloxicam tablet 15 mg .","15 mg",tablet,حبة,شريط,10,"MUP","Egypt","Nonsteroidal Anti- Analgesic يهذئبد",356,6
cf182e2a-752d-4c7a-84b8-5de18ed62f66,MED-12479,"Mobitil 7.5 mg","Mobitil 7.5 mg (األوجبع)","Meloxicam tablet 7.5 mg .","7.5 mg",tablet,حبة,شريط,10,"MUP","Egypt","Nonsteroidal Anti- Analgesic يهذئبد",357,1
24ed5738-5bc7-423b-8897-73060b564f1c,MED-12480,"Mobitil 7.5 mg","Mobitil 7.5 mg (األوجبع)","Meloxicam","7.5 mg",other,وحدة,علبة,1,"Unknown","Unknown","Non-Steroidal Anti- Analgesic يهذئبد",357,2
7538a632-4624-4c40-893f-54c5bc330565,MED-12481,"MOBIXIN 15","MOBIXIN 15 (األوجبع)","Meloxicam","",tablet,حبة,شريط,10,"Global Pharma","Yemen","NSAID Analgesic يهذئبد",357,3
95072cd1-af40-4e2a-86ce-2731aa504a1e,MED-12482,"MOBIXIN 15","MOBIXIN 15 (األوجبع)","Meloxicam 15 mg","15 mg",other,وحدة,علبة,6,"Global Pharma","Yemen","NSAID Analgesic يهذئبد",357,4
80afd05a-ccda-49d3-8f9b-b46df01f52e9,MED-12483,"Modazar","Modazar (استفبع ضغظ انذو)","Losartan 100 mg Cardio Vascular + Hydrocholrothiazi de 25 m / tab","100 mg",tablet,حبة,شريط,4,"EGYPHAR","Egypt","System drugs Hypertension",357,5
86adb2c8-5caa-4db7-857f-ecdd804fa5fa,MED-12484,"MODECEF","MODECEF (Infections األصبثبد انجكت ٍش ٌخ)","Cephradine 250 mg / 5 ml","250 mg / 5 ml",syrup,مل,قارورة,100,"Modern Pharama","Yemen","Antibacterial Bacterial",357,6
42354c75-f34c-4813-8a76-686a1114b02d,MED-12485,"MODECEF 500","MODECEF 500 (Infections األصبثبد انجكت ٍش ٌخ)","Cephradine 500 mg","500 mg",capsule,كبسولة,شريط,1,"Modern Pharama","Yemen","Antibacterial Bacterial",357,7
16fcf078-8ba0-4378-8ec1-b7817b8092ef,MED-12486,"Moduretic","Moduretic (استفبع ضغظ انذو)","Amiloride HCL 5 Cardio Vascular mg + Hydrochlorothiazi de 50 mg","50 mg",other,وحدة,علبة,1,"MSD","USA","System drugs Hypertension",358,1
05650351-7a75-453d-83ed-3404813e845b,MED-12487,"Moduretic","Moduretic (استفبع ضغظ انذو)","Amiloride Cardio Vascular +Hydrochlorothia zide","",other,وحدة,علبة,1,"Unknown","Unknown","System drugs Hypertension",358,2
c4c46e79-0334-4596-8ad0-340bd31593b7,MED-12488,"Momenta","Momenta (األنتهبثبد انجذنذ ٌخ)","Mometasone furoate 0.1% w / w + Miconazole 2% w / w + Gentamicin 0.1% w / w","0.1%",cream,أنبوب,علبة,30,"Jamjoom Pharma","","Corticosteroid Dermatitis Saudi Arabia",358,3
0c2e2c4e-8f25-46e3-8b68-c3320bc2ef03,MED-12489,"MONICURE NH","MONICURE NH","Miconazole Nitrate 100 mg + Neomycin sulfate 50 mg + Nystatin 100000 iu","100 mg",other,وحدة,علبة,6,"Pharo pharma","Egypt","Antifungals Vaginal ان ًهجم",358,4
f0d0b8fb-7964-40f1-8fe6-bb0ff4779b57,MED-12490,"Monotrate","Monotrate (انصذس ٌخ)","Isosorbide Cardio Vascular Mononitrate 20 mg","20 mg",tablet,حبة,شريط,10,"Unknown","Unknown","System drugs Angina انزثحخ",358,5
bbfdddea-cef5-4168-8fe0-a48b5ab03d53,MED-12491,"Montas","Montas (Asthma انشثى ً انشؼج)","Montelukast Sodium","",tablet,حبة,شريط,28,"ZYNOVA","Unknown","Respiratory drugs Bronchial",358,6
19dddc4d-a029-4a0b-824d-b8af55d1d721,MED-12492,"Monte H 5","Monte H 5 (Asthma انشثى ً انشؼج)","Montelukast Sodium","",tablet,حبة,شريط,1,"HETERO","Unknown","Respiratory drugs Bronchial",358,7
07efbdb7-7b9c-4522-890f-26f98d3d17a2,MED-12493,"Mopidon","Mopidon","Dexamethasone 0.5 mg + Chlorphenamine Maleate 2 mg","0.5 mg",syrup,مل,قارورة,100,"Modern Pharama","Yemen","Antihistamines Allergy انحغبع ٍخ",359,1
a76dbcc7-dfde-46ad-8230-5624508bc3b1,MED-12494,"Mosetifen","Mosetifen (Stimulant ي ُشطبد انشه ٍخ)","Pizotifen 0.5 mg","0.5 mg",tablet,حبة,شريط,30,"Modern Pharama","Yemen","Antihistamines Appetizer",359,2
44cb9cdf-66ce-4d65-8647-a357fed436be,MED-12495,"Moti","Moti (vomiting ٌ انغث ٍب وانطشػ)","Domperidone","",suspension,مل,قارورة,1,"Global Pharma","Yemen","Gastro Intestinal drugs Nausea and",359,3
65bc2f89-fcfd-4581-85c9-8331eb6d511e,MED-12496,"Motidom","Motidom (vomiting ٌ انغث ٍب وانطشػ)","Domperidone","",tablet,حبة,شريط,3,"Medfey","Unknown","Gastro Intestinal drugs Nausea and",359,4
23e90913-8fc9-404d-8d81-663b62aa928b,MED-12497,"Motil","Motil (vomiting ٌ انغث ٍب وانطشػ)","Domperidone 1 mg","1 mg",drops,مل,قطارة,30,"Global Pharma","Yemen","Gastro Intestinal drugs Nausea and",359,5
a7e9b68d-517c-497c-8582-81dc860057f0,MED-12498,"Motil","Motil (vomiting ٌ انغث ٍب وانطشػ)","Domperidone 10 mg","10 mg",other,وحدة,علبة,5,"Global Pharma","Yemen","Gastro Intestinal drugs Nausea and",359,6
02d4c5ba-e089-4a11-81a8-4bbf5a810b1a,MED-12499,"Motil","Motil (vomiting ٌ انغث ٍب وانطشػ)","Domperidone 30 mg","30 mg",other,وحدة,علبة,5,"Global Pharma","Yemen","Gastro Intestinal drugs Nausea and",359,7
365e2d8b-1682-4075-8f84-088822f27e17,MED-12500,"Motil 10","Motil 10 (vomiting ٌ انغث ٍب وانطشػ)","Domperidone 10 mg","10 mg",tablet,حبة,شريط,20,"Global Pharma","Yemen","Gastro Intestinal drugs Nausea and",360,1
12bbe917-ef76-480e-815e-e342c12b0105,MED-12501,"Motilat","Motilat (vomiting ٌ انغث ٍب وانطشػ)","Domperidone 10 mg","10 mg",tablet,حبة,شريط,30,"RAM PHARMA","Jordan","Gastro Intestinal drugs Nausea and",360,2
dd943ca7-9d02-4e33-8d92-c7c1673f3bf8,MED-12502,"Motilat","Motilat (vomiting ٌ انغث ٍب وانطشػ)","Domperidone","",suspension,مل,قارورة,100,"RAM PHARMA","Jordan","Gastro Intestinal drugs Nausea and",360,3
838366da-7ede-42eb-8cfd-73e9fcce0cb9,MED-12503,"Motildon","Motildon (vomiting ٌ انغث ٍب وانطشػ)","Domperidone 10 mg","10 mg",tablet,حبة,شريط,20,"BIOPHARM","Yemen","Gastro Intestinal drugs Nausea and",360,4
94247dd5-66a0-4893-8349-4f2f3931d641,MED-12504,"Motilin","Motilin (vomiting ٌ انغث ٍب وانطشػ)","Domperidone 5 mg","5 mg",suspension,مل,قارورة,60,"Shiba pharma","Yemen","Gastro Intestinal drugs Nausea and",360,5
5a26d0b3-8b60-4708-8a07-80d95ad8bc96,MED-12505,"Motilin","Motilin (vomiting ٌ انغث ٍب وانطشػ)","Domperidone 5 mg / 5 ml","5 mg / 5 ml",suspension,مل,قارورة,100,"Shiba pharma","Yemen","Gastro Intestinal drugs Nausea and",360,6
6106f4e3-4e7c-4ed2-8608-131be489717c,MED-12506,"Motilin","Motilin (vomiting ٌ انغث ٍب وانطشػ)","Domperidone 1 mg / 1 ml","1 mg / 1 ml",suspension,مل,قارورة,30,"Shiba pharma","Yemen","Gastro Intestinal drugs Nausea and",360,7
1350ea18-d6e1-4b60-84c6-2058821de2ef,MED-12507,"Motilin Tablets","Motilin Tablets (vomiting ٌ انغث ٍب وانطشػ)","Domperidone 10 mg / tab","10 mg",tablet,حبة,شريط,20,"Shiba pharma","Yemen","Gastro Intestinal drugs Nausea and",361,1
d57ed590-1fb7-4ff1-880d-a52f9a16ff12,MED-12508,"Motilium","Motilium (vomiting ٌ انغث ٍب وانطشػ)","Domperidone","",suspension,مل,قارورة,200,"Janssen-Cilag","Switzerland","Gastro Intestinal drugs Nausea and",361,2
866ffed4-dcea-4286-8832-e6160b94a0f9,MED-12509,"Motilium","Motilium (vomiting ٌ انغث ٍب وانطشػ)","Domperidone","",tablet,حبة,شريط,30,"janssen","Switzerland","Gastro Intestinal drugs Nausea and",361,3
569d51ed-5f90-42a6-857f-b08bd787518d,MED-12510,"Motilium","Motilium (vomiting ٌ انغث ٍب وانطشػ)","Domperidone 10 mg","10 mg",tablet,حبة,شريط,30,"Janssen-Cilag","Germany","Gastro Intestinal drugs Nausea and",361,4
92c30385-9195-4608-8d8f-a31c741b08fe,MED-12511,"Motilium","Motilium (vomiting ٌ انغث ٍب وانطشػ)","Domperidone","",suspension,مل,قارورة,100,"Global Pharma","Yemen","Gastro Intestinal drugs Nausea and",361,5
9fe76b83-dd43-40e7-8091-84a689c8ae5f,MED-12512,"Motin","Motin (vomiting ٌ انغث ٍب وانطشػ)","Domperidone","",other,وحدة,علبة,10,"OUBARY PHARMA","Syria","Gastro Intestinal drugs Nausea and",361,6
e7eb18ad-f90c-4f72-872a-8e71657c45b4,MED-12513,"Motin","Motin (vomiting ٌ انغث ٍب وانطشػ)","Domperidone","",tablet,حبة,شريط,20,"OUBARY PHARMA","Syria","Gastro Intestinal drugs Nausea and",361,7
94fc6d73-d75b-48cc-8a4c-b094caec5697,MED-12514,"Motin Babies","Motin Babies (vomiting ٌ انغث ٍب وانطشػ)","Domperidone","",other,وحدة,علبة,10,"OUBARY PHARMA","Syria","Gastro Intestinal drugs Nausea and",362,1
d40dc398-7a3f-49cd-8fc4-defd8ae9a825,MED-12515,"Movilox","Movilox (Infections األصبثبد انجكت ٍش ٌخ)","Moxifloxacin Hydrochloride","",other,وحدة,علبة,1,"Unknown","Unknown","Antibacterial Bacterial",362,2
a1d84611-64d0-4266-8a3c-6512408dd6ac,MED-12516,"Moxal plus Susp","Moxal plus Susp (انهضى)","Al ( OH ) 215 mg + Mg ( OH ) 80 + Simethicone 25 mg","215 mg",suspension,مل,قارورة,100,"Julphar","UAE","Gastro Intestinal drugs Indigestion عىء",362,3
33aa4ea3-b298-4957-82fc-8175a27b043d,MED-12517,"Moxal plus Tab","Moxal plus Tab (انهضى)","Al ( OH ) 200 mg + Mg ( OH ) 200 mg + Simethico ne 25 mg","200 mg",tablet,حبة,شريط,30,"Julphar","UAE","Gastro Intestinal drugs Indigestion عىء",362,4
a1b071db-56ec-41f8-8d04-cc1140bb68c1,MED-12518,"Moxalin","Moxalin (Microbial Infections)","Amoxicillin*","",syrup,مل,قارورة,100,"Modern Pharama","Yemen","Antibiotics ًٍكشوث ٍخ األصبثبد ان",362,5
792cd70a-0bf3-4d39-8e28-9b044b871d99,MED-12519,"Moxalin","Moxalin (Microbial Infections)","Amoxicillin*","",capsule,كبسولة,شريط,10,"Modern Pharama","Yemen","Antibiotics ًٍكشوث ٍخ األصبثبد ان",362,6
32c7dfb3-7150-4549-8964-b7b68c7a2783,MED-12520,"MOXALIN","MOXALIN (Microbial Infections)","Amoxicillin","",syrup,مل,قارورة,1,"Modern Pharama","Yemen","Antibiotics ًٍكشوث ٍخ األصبثبد ان",362,7
d5d2440a-ade9-41a9-80c1-07caf13f124a,MED-12521,"Moxalin","Moxalin (Microbial Infections)","Amoxicillin 125 ml / 5 ml","125 ml / 5 ml",syrup,مل,قارورة,100,"Modern Pharama","Yemen","Antibiotics ًٍكشوث ٍخ األصبثبد ان",363,1
fb767182-9d8e-4ba7-8cfd-141c57331320,MED-12522,"MOXALIN 500","MOXALIN 500 (Microbial Infections)","Amoxicillin 500 mg","500 mg",capsule,كبسولة,شريط,20,"Modern Pharama","Yemen","Antibiotics ًٍكشوث ٍخ األصبثبد ان",363,2
6bb298d3-f34b-4fce-8079-1b423c24f877,MED-12523,"Moxaquin","Moxaquin (Infections األصبثبد انجكت ٍش ٌخ)","Moxifloxacin Hydrochloride","",other,وحدة,علبة,1,"Unknown","Unknown","Antibacterial Bacterial",363,3
1e89288a-0dbb-4b28-866d-096dc5fe7dd7,MED-12524,"Moxen 500 mg","Moxen 500 mg (Microbial Infections)","Amoxicillin","500 mg",capsule,كبسولة,شريط,100,"DELORBIS","Cyprus","Antibiotics ًٍكشوث ٍخ األصبثبد ان",363,4
9d1df6c4-8650-4fb2-8e66-986756e804c3,MED-12525,"Moxicare","Moxicare (Microbial Infections)","Amoxicillin 500 mg / cap","500 mg",capsule,كبسولة,شريط,2,"pharmacare","Yemen","Antibiotics ًٍكشوث ٍخ األصبثبد ان",363,5
ba1e9773-6391-4fc1-8d59-10a2003e4bed,MED-12526,"Moxicare","Moxicare (Microbial Infections)","Amoxicillin 250 mg / 5 ml","250 mg / 5 ml",syrup,مل,قارورة,100,"Pharmacare","Yemen","Antibiotics ًٍكشوث ٍخ األصبثبد ان",363,6
173c196a-31a3-4ab1-85e5-61fd47b34157,MED-12527,"Moxicin","Moxicin (Infections األصبثبد انجكت ٍش ٌخ)","Moxifloxacin Hydrochloride","",drops,مل,قطارة,1,"Unknown","Unknown","Antibacterial Bacterial",363,7
9219b064-ab9b-4533-8e07-5dac61e8d969,MED-12528,"Moxicip","Moxicip (Infections األصبثبد انجكت ٍش ٌخ)","Moxifloxacin HCl*","",tablet,حبة,شريط,1,"CIPLA","India","Antibacterial Bacterial",364,1
448cbdee-8f17-4724-82e4-481e29bf50da,MED-12529,"Moxiflo","Moxiflo (Infections األصبثبد انجكت ٍش ٌخ)","Moxifloxacin Hydrochloride","",other,وحدة,علبة,1,"Unknown","Unknown","Antibacterial Bacterial",364,2
74a74783-88e2-4d45-8496-d4c7ea96ca08,MED-12530,"Moxiram","Moxiram (Microbial Infections)","Amoxicillin*","",tablet,حبة,شريط,1,"RAM PHARMA","Jordan","Antibiotics ًٍكشوث ٍخ األصبثبد ان",364,3
5502b3e4-aac2-4e87-8d67-dd906fc734a5,MED-12531,"MOXIVAL","MOXIVAL (Infections األصبثبد انجكت ٍش ٌخ)","Moxifloxacin Hydrochloride 400 mg","400 mg",tablet,حبة,شريط,5,"Global Pharma","Yemen","Antibacterial Bacterial",364,4
a2cf3062-86a8-4d73-8499-c1157e65900f,MED-12532,"MUCACID","MUCACID (انهضى)","Unknown","",suspension,مل,قارورة,125,"EIPICO","Egypt","Gastro Intestinal drugs Indigestion عىء",364,5
c006e9aa-e09b-4c31-8877-7d2108a8beb0,MED-12533,"Mucodil","Mucodil (Disorders اضطشاثبد انجهبص ً انت ُفغ)","Bromhexine (…….)","",syrup,مل,قارورة,100,"MEDREICH","Unknown","Respiratory drugs Respiratory",364,6
7c86f271-328a-47bb-82e3-7c7e3c89917e,MED-12534,"Muconil","Muconil (Disorders اضطشاثبد انجهبص ً انت ُفغ)","Each 5 ml contains : Ambroxol HCl 30 mg + Guaiphenesin 50 mg","5 ml",syrup,مل,قارورة,100,"Pharmacare","Yemen","Respiratory drugs Respiratory",364,7
972e355c-c761-467e-8351-dfa111ed8956,MED-12535,"Muconil","Muconil (Disorders اضطشاثبد انجهبص ً انت ُفغ)","Each 1 ml contains Ambroxol HCl 7.5 mg","1 ml",drops,مل,قطارة,30,"Pharmacare","Yemen","Respiratory drugs Respiratory",365,1
bc8c3c19-f749-45c1-8b07-9a8f76c02e57,MED-12536,"Muconil SR","Muconil SR (Disorders اضطشاثبد انجهبص ً انت ُفغ)","Each capsule contains Ambroxol HCl 75 mg","75 mg",capsule,كبسولة,شريط,10,"Pharmacare","Yemen","Respiratory drugs Respiratory",365,2
ee5cfd23-494e-48bb-8462-0a620146509b,MED-12537,"Mucosental","Mucosental (Disorders اضطشاثبد انجهبص ً انت ُفغ)","Ambroxol Hydrochloride 7.5 mg / 1 ml","7.5 mg / 1 ml",syrup,مل,قارورة,30,"Shiba pharma","Yemen","Respiratory drugs Respiratory",365,3
dfe7d61c-49dc-427d-8035-2e8c3b5cf7de,MED-12538,"Mucosin S.R","Mucosin S.R (Disorders اضطشاثبد انجهبص ً انت ُفغ)","ambroxol 75 mg","75 mg",capsule,كبسولة,شريط,10,"RAMEDA","Egypt","Respiratory drugs Respiratory",365,4
b66c6a38-785c-4147-8f88-fbc251be63dd,MED-12539,"Mucosolvan","Mucosolvan (Disorders اضطشاثبد انجهبص ً انت ُفغ)","ambroxol ( 15 mg / 5 ml )","15 mg / 5 ml",other,وحدة,علبة,1,"Boehringer Ingelhim","Germany","Respiratory drugs Respiratory",365,5
a0dc00ae-c9e9-460b-8b64-313ce739a7c0,MED-12540,"Mucosolvan","Mucosolvan (Disorders اضطشاثبد انجهبص ً انت ُفغ)","Ambroxol Hydrochloride 30 mg / tab","30 mg",tablet,حبة,شريط,20,"Boehringer Ingelhim","Germany","Respiratory drugs Respiratory",365,6
179ffc7e-4fa1-442e-8428-e46c5b77ac09,MED-12541,"MUFIK - 15","MUFIK - 15 (األوجبع)","meloxicom 15 mg / t ablet .","15 mg",tablet,حبة,شريط,20,"RFA","Yemen","NSAID Analgesic يهذئبد",365,7
e5136299-daff-4b29-8ca1-5b8388488387,MED-12542,"MUFIK - 7.5","MUFIK - 7.5 (األوجبع)","Meloxicam 7.5 mg / tablets .","7.5 mg",tablet,حبة,شريط,20,"RFA","Yemen","NSAID Analgesic يهذئبد",366,1
5d92d1e4-70c6-472d-8d85-657490a889fe,MED-12543,"MULTIPLAN+IR ON","MULTIPLAN+IR ON (Deficiency َمص ف ٍتبي ٍُبد)","Multi Vitamines","",tablet,حبة,شريط,60,"LIFEPLAN","Unknown","Vitamines and Menirals Vitamins",366,2
5de51bae-7ce0-4269-800e-ca03736663ba,MED-12544,"Multiplus","Multiplus (Deficiency َمص ف ٍتبي ٍُبد)","Multi vitamin and Menirals + omega 3","",syrup,مل,قارورة,100,"Sona nutrition LTD. Ireland","Unknown","Vitamines and Menirals Vitamins",366,3
bb9127d0-b6bd-486a-8297-d4857b79de80,MED-12545,"Multiplus","Multiplus (Deficiency َمص ف ٍتبي ٍُبد)","Multi vitamin and Menirals + omega 3","",capsule,كبسولة,شريط,30,"Sona nutrition LTD. Ireland","Unknown","Vitamines and Menirals Vitamins",366,4
e5e19f52-894f-4fdc-88c4-f421014d11ca,MED-12546,"Multi-sanostol","Multi-sanostol (Deficiency َمص ف ٍتبي ٍُبد)","Multi Vitamines","",syrup,مل,قارورة,200,"Unknown","Unknown","Vitamines and Menirals Vitamins",366,5
b1dfe174-7eaf-4030-85f7-30ee41d5546f,MED-12547,"Multi-sanostol","Multi-sanostol (Deficiency َمص ف ٍتبي ٍُبد)","Multi Vitamines","",other,وحدة,علبة,1,"Unknown","Unknown","Vitamines and Menirals Vitamins",366,6
a78238d7-5e60-4187-820b-4f76becd477b,MED-12548,"Multi-sanostol with calcium","Multi-sanostol with calcium (Deficiency َمص ف ٍتبي ٍُبد)","multi vitamin with calcium","",syrup,مل,قارورة,200,"Nycomed .Germany","Unknown","Vitamines and Menirals Vitamins",366,7
2fcab24f-53ea-4441-897d-661f7f0d0ac7,MED-12549,"Multi-sanostol with iron","Multi-sanostol with iron (Deficiency َمص ف ٍتبي ٍُبد)","multi vitamin with iron","",syrup,مل,قارورة,285,"Nycomed ,Germany","Unknown","Vitamines and Menirals Vitamins",367,1
dc15c0c1-8b65-489b-847f-682ef5329edc,MED-12550,"MULTITABLETS","MULTITABLETS (Deficiency َمص ف ٍتبي ٍُبد)","12 vitamines + 11 minerals + iron","",tablet,حبة,شريط,30,"lab.Wolfs N V","Unknown","Vitamines and Menirals Vitamins",367,2
c91db194-33fe-4597-8894-27260d7c0b07,MED-12551,"Multivitol Fort","Multivitol Fort (Deficiency َمص ف ٍتبي ٍُبد)","MULTIVITAMIN S + IRON + ZINC.","",syrup,مل,قارورة,120,"OCTOBER PHARMA","Egypt","Vitamines and Menirals Vitamins",367,3
d558c72f-5964-4de9-8091-8fdf5368286e,MED-12552,"Musol","Musol (Disorders اضطشاثبد انجهبص ً انت ُفغ)","Ambroxol ( 7.5 mg / 1 ml )","7.5 mg / 1 ml",syrup,مل,قارورة,1,"Global Pharma","Unknown","Respiratory drugs Respiratory",367,4
fc7b3cb0-6ce6-4258-8009-1ba5d061acb0,MED-12553,"Musol","Musol (Disorders اضطشاثبد انجهبص ً انت ُفغ)","Ambroxol Hydrochloride","",other,وحدة,علبة,1,"Unknown","Unknown","Respiratory drugs Respiratory",367,5
99129b7d-ba14-4801-8789-c7d5e2209c55,MED-12554,"Muvit","Muvit (Deficiency َمص ف ٍتبي ٍُبد)","vitamins + minerals ,food supplement","",capsule,كبسولة,شريط,30,"shaphaco","Yemen","Vitamines and Menirals Vitamins",367,6
b79a6fcc-116c-4232-884a-c6ac7519475e,MED-12555,"Muvit antioxidant","Muvit antioxidant (Deficiency َمص ف ٍتبي ٍُبد)","vitamins + minerals ,food supplement","",capsule,كبسولة,شريط,30,"shaphaco","Yemen","Vitamines and Menirals Vitamins",367,7
a8597d55-b8eb-41ed-81b6-29b844b2172c,MED-12556,"Muvit cal","Muvit cal (انتهبثبد انؼظبو)","Calcium 500 mg + Vit d 250 IU + Mg oxide 40 mg + Mg sulphate 1.8 mg + Zinc 7.5 mg + copper","500 mg",capsule,كبسولة,شريط,30,"Shaphaco","Yemen","Vitamines and Menirals Osteoarthritis",368,1
f022e6b6-c446-4aa2-850e-62084efb35e9,MED-12557,"Muvit Gold","Muvit Gold (Deficiency َمص ف ٍتبي ٍُبد)","vitamin,amino acids,mineral,gins eng","",capsule,كبسولة,شريط,15,"shaphaco","Yemen","Vitamines and Menirals Vitamins",368,2
203208b7-8d10-47a9-84d5-edeb5e382a7a,MED-12558,"Mybacin","Mybacin (َضالد انجشد)","neomycin 2.5 mg + Bacitracin 100 mg + amyloczine 0.5 mg","2.5 mg",tablet,حبة,شريط,100,"greater ph.","Unknown","Antiseptic and Desinfectants Common Cold",368,3
46f5a8d0-ecd4-4d92-8cf7-322e6495d2f9,MED-12559,"Mycocur","Mycocur (األنتهبثبد انجذنذ ٌخ)","Terbinafine HCl 1%","1%",cream,أنبوب,علبة,15,"NOBEL","Unknown","Antifungals Dermatitis",368,4
9694c7ce-6c84-416b-8483-2cc2946850c6,MED-12560,"Mycoheal 200","Mycoheal 200","Nitrate de miconazol B . P . 200 mg","200 mg",other,وحدة,علبة,7,"Dar Al Dawa","Jordan","Antifungals Vaginal ان ًهجم",368,5
762498b7-b046-4cbb-80e2-ed1125a114b8,MED-12561,"Mycoheal HC","Mycoheal HC (األصبثبد انفطش ٌخ)","miconazol 20 mg + hydrocortisone 10 mg","20 mg",cream,أنبوب,علبة,15,"Dar Al Dawa","Jordan","Antifungals Fungal Infections",368,6
d544c8a1-4936-463a-8765-47ea0d5b2e93,MED-12562,"Mycosat Oral","Mycosat Oral (األصبثبد انفطش ٌخ)","Nystatin 100000 i . u ./ ml + Propyl paraben 0.04 mg + Methyl paraben 0.1 mg","0.04 mg",suspension,مل,قارورة,30,"Amman pharma","Jordan","Antifungals Fungal Infections",368,7
27e8acbc-0ce6-4c7b-8e63-20acb3cedd04,MED-12563,"Mycosyst 150 mg","Mycosyst 150 mg (األنتهبثبد انجذنذ ٌخ)","Fluconazole","150 mg",capsule,كبسولة,شريط,2,"Unknown","Unknown","Antifungals Dermatitis",369,1
2dacbc11-846e-4c72-877e-76280cd9f830,MED-12564,"Mycoten","Mycoten","Clotrimazole","",cream,أنبوب,علبة,20,"beit jala Palestine","","Antifungals Vaginal ان ًهجم",369,2
ed2c9c38-2ee6-48bc-835a-b0b1d9993b98,MED-12565,"Mycoten Tablets","Mycoten Tablets","Each vaginal tablet contains 500 mg Clotrimazole","500 mg",tablet,حبة,شريط,1,"Beit Jala Palestine","","Antifungals Vaginal ان ًهجم",369,3
37724073-08f2-471f-8bae-d86a4d61fc3a,MED-12566,"MYDOCALM","MYDOCALM (يشخ ٍبد انؼضالد)","Tolperisone Central Nervous Hydrochloride","",tablet,حبة,شريط,30,"Unknown","Unknown","system drugs Muscle relaxation",369,4
ea527e51-8234-42dc-8f48-134304d506cd,MED-12567,"MYDOCALM 50 mg","MYDOCALM 50 mg (يشخ ٍبد انؼضالد)","Tolperisone Central Nervous Hydrochloride","50 mg",injection,أمبولة,باكت,5,"Unknown","Unknown","system drugs Muscle relaxation",369,5
aa71e609-723e-4e1b-8176-c37cfaaddb3c,MED-12568,"Mylobac","Mylobac (انفىاق)","Baclofen","",other,وحدة,علبة,1,"Unknown","Unknown","Muscle relaxations Hiccup انفهمخ او",369,6
bf651de3-ad0e-4e0c-815a-1cfdd93e1914,MED-12569,"Mylor","Mylor (َضالد انجشد)","herbal extract","",syrup,مل,قارورة,120,"Y.E.PHARMA","Yemen","Respiratory drugs Common Cold",369,7
53290c08-428c-48a1-8f53-40055350e057,MED-12570,"Mylor","Mylor (َضالد انجشد)","Unknown","",syrup,مل,قارورة,120,"Unknown","Unknown","Unknown Common Cold",370,1
72673958-3f75-498f-8fd8-712c43caba5f,MED-12571,"Myogerl","Myogerl (انجهطبد)","Clopidogrel Cardio Vascular Bisulfate","",tablet,حبة,شريط,30,"ADWIA","Egypt","System drugs Thrombosis",370,2
02b4eaea-a16b-43b3-8ef1-d03ed677aed5,MED-12572,"myogesic","myogesic (disease يشض انشػبػ)","Orphenadrine Citrate + paracetamol","",tablet,حبة,شريط,20,"Dar Al Dawa","Jordan","Muscle relaxations Parkinson ' s",370,3
c17b34b4-85c7-4285-8c65-446d19124cf4,MED-12573,"Myogesic","Myogesic (disease يشض انشػبػ)","Orphenadrine 35 mg + paracetamo l 450 mg / tablet .","35 mg",tablet,حبة,شريط,20,"Dar al dawa.","Unknown","Muscle relaxations Parkinson ' s",370,4
5095e35d-dfd0-426a-89e4-45dfd03ebe0f,MED-12574,"MYOLGESIC","MYOLGESIC (األوجبع)","Ibuprofen","",tablet,حبة,شريط,10,"KAHIRA PHARM","Egypt","Non-Steroidal Anti- Analgesic يهذئبد",370,5
8148d01a-a34a-48ca-8f27-1e460acacf90,MED-12575,"Myolgin","Myolgin (يشخ ٍبد انؼضالد)","paracetamol","",capsule,كبسولة,شريط,20,"GlaxoWellcome","Unknown","Skeletal Muscle Muscle relaxation",370,6
12879709-c6a3-48b6-8673-ea5839c3cde8,MED-12576,"Myonal","Myonal (يشخ ٍبد انؼضالد)","Eperisone","",tablet,حبة,شريط,30,"Eisai","JAPAN","Muscle relaxations Muscle relaxation",370,7
fec81376-d8f3-407d-8d1f-e58b9b98add0,MED-12577,"Nadine","Nadine (ان ًؼذح)","Ranitidine","",tablet,حبة,شريط,10,"DIC","Jordan","Gastro Intestinal drugs Peptic ulcer لشحخ",371,1
8dc87441-4493-4326-8554-4f03e88dad3e,MED-12578,"Naklofen","Naklofen (األوجبع)","Diclofenac potassium","",injection,أمبولة,باكت,5,"KRKA","India","Non-Steroidal Anti- Analgesic يهذئبد",371,2
677da8e4-9693-404d-8dcf-2573406649c1,MED-12579,"Naklofen","Naklofen (األوجبع)","Diclofenac Potassium","",capsule,كبسولة,شريط,20,"KRKA","India","Non-Steroidal Anti- Analgesic يهذئبد",371,3
82003eeb-4a95-445a-8db7-2d07a4dc40f5,MED-12580,"Naldix","Naldix","Naldidixic Acid 125 mg / 5 ml","125 mg / 5 ml",suspension,مل,قارورة,100,"Shiba pharma","Yemen","Antibacterial Diarrhea األعهبل",371,4
65a3932a-574c-4382-8fd1-e4b3d88252d2,MED-12581,"Naldix 500","Naldix 500","Naldidixic Acid 500 mg / tab","500 mg",tablet,حبة,شريط,20,"Shiba pharma","Yemen","Antibacterial Diarrhea األعهبل",371,5
780fd58b-b4da-4cf3-80a8-5dc3985348bb,MED-12582,"Nalicid","Nalicid","Naldidixic Acid 250 mg / 5 ml and Naldidixic Acid 125 mg / 5 m","250 mg / 5 ml",suspension,مل,قارورة,120,"Pharmacare","Yemen","Antibacterial Diarrhea األعهبل",371,6
56a0969d-3e62-4d27-878d-701cafe602bd,MED-12583,"Napilac","Napilac (األوجبع)","Etodolac capsule 200 mg .","200 mg",capsule,كبسولة,شريط,20,"GLOBAL NAPI","Egypt","Nonsteroidal Anti- Analgesic يهذئبد",371,7
38bd9805-9834-4d84-8507-d40e3cef9b9f,MED-12584,"Naprorex 500 mg","Naprorex 500 mg (األوجبع)","Naproxen","500 mg",tablet,حبة,شريط,20,"DELORBIS","Cyprus","Non-Steroidal Anti- Analgesic يهذئبد",372,1
f9ecf477-a70b-42a7-8693-6960d84fc304,MED-12585,"Napta - 40","Napta - 40 (ان ًؼذح)","Pantoprazole 40 mg","40 mg",injection,أمبولة,باكت,1,"Alex","Unknown","Gastro Intestinal drugs Peptic ulcer لشحخ",372,2
1901b44d-d22c-4619-8530-7fa2ad0eebeb,MED-12586,"Nasal","Nasal","Combination","",drops,مل,قطارة,10,"Global Pharma","Unknown","Respiratory drugs Nose",372,3
01290b14-4495-4b38-8f4a-e31ddada25f1,MED-12587,"NASATAB","NASATAB (َضالد انجشد)","Clopheniramine 4 mg + Psedoephedrine 60 mg + Paracetamol 50 mg","4 mg",tablet,حبة,شريط,100,"Axcel","Unknown","Respiratory drugs Common Cold",372,4
07ac6d2b-6215-4fd1-8240-c3b15d3e6dfc,MED-12588,"Nasivin 0.025 %","Nasivin 0.025 % (( E . N . T ) األ َف ٌ وانح ُجشح واألر)","Oxymetazoline Hydrochloride","0.025 %",drops,مل,قطارة,10,"Julphar","UAE","Respiratory drugs Ear Nose Throat",372,5
6c75aef9-e6fc-4318-80f6-90e5034625ea,MED-12589,"Nasivin Adult D","Nasivin Adult D (( E . N . T ) األ َف ٌ وانح ُجشح واألر)","Oxymetazoline HCL 0.05%","0.05%",drops,مل,قطارة,1,"julphar","UAE","Respiratory drugs Ear Nose Throat",372,6
e60067b2-5ec5-4013-8b5e-0dca640a3eec,MED-12590,"Nasivin Pediatric D","Nasivin Pediatric D (( E . N . T ) األ َف ٌ وانح ُجشح واألر)","Oxymetazoline HCL 0.025%","0.025%",drops,مل,قطارة,10,"julphar","UAE","Respiratory drugs Ear Nose Throat",372,7
548ae103-74d1-4f45-874e-83da39533b47,MED-12591,"Nasocin","Nasocin (( E . N . T ) األ َف ٌ وانح ُجشح واألر)","Sodium chloride 9 mg","9 mg",drops,مل,قطارة,10,"Modern Pharama","Yemen","Respiratory drugs Ear Nose Throat",373,1
1f7bf560-3d84-4011-8be0-5d8869e6971f,MED-12592,"Nasonex","Nasonex (( E . N . T ) األ َف ٌ وانح ُجشح واألر)","Mometasone Furoate","",spray,بخة,علبة,120,"Schering- Plough","Belgium","Respiratory drugs Ear Nose Throat",373,2
fc8ae16e-8aba-48fe-86cc-67a902cd79bb,MED-12593,"Nasonex","Nasonex","Mometasone Furoate 0.05% 50 mic g","0.05%",spray,بخة,علبة,1,"schering- ploughg","Belgium","Respiratory drugs Nose",373,3
6d117269-d15c-4078-811e-ad9f607f3c30,MED-12594,"NATELAL","NATELAL (انتهبثبد انؼظبو)","Calcium +Vitamin D","",tablet,حبة,شريط,60,"Unknown","Italy","Vitamines and LIFEPHARMA Menirals Osteoarthritis",373,4
db108cfe-7725-40f6-8459-0666ea3d88cf,MED-12595,"Nature Tears","Nature Tears","Unknown Natural products","",drops,مل,قطارة,1,"Liqvor","Unknown","Eye ٍٍ انؼ",373,5
d5a01d23-1ec0-46e9-8c15-e3db45685b1d,MED-12596,"Navidoxine","Navidoxine (vomiting ٌ انغث ٍب وانطشػ)","Meclozine Hydrochloride 25 mg + PyridoxineHydroc hloride 50 mg","25 mg",tablet,حبة,شريط,10,"UCB","Unknown","Gastro Intestinal drugs Nausea and",373,6
1a60a2b9-45b3-40ad-85a9-1b2290fe1328,MED-12597,"Navoproxin","Navoproxin (vomiting ٌ انغث ٍب وانطشػ)","Meclozine Hydrochloride 25 mg + PyridoxineHydroc hloride 50 mg","25 mg",tablet,حبة,شريط,20,"Delta pharma","Egypt","Gastro Intestinal drugs Nausea and",373,7
85a4f69b-b0c5-496a-8dc6-a55d15cdb0b2,MED-12598,"Naxiprazol","Naxiprazol (ان ًؼذح)","Esomeprazole","",capsule,كبسولة,شريط,20,"NCPI","Syria","Gastro Intestinal drugs Peptic ulcer لشحخ",374,1
eb3bbc14-e201-446e-8acb-b219fb034bb4,MED-12599,"NEBILET","NEBILET (استفبع ضغظ انذو)","Nebivolol 5 mg Cardio Vascular","5 mg",tablet,حبة,شريط,14,"MENARINI","Italy","System drugs Hypertension",374,2
10954a95-cc19-4f4e-8394-0f10b036b83f,MED-12600,"Nebilol","Nebilol (استفبع ضغظ انذو)","Nebivolol 5 mg Cardio Vascular","5 mg",tablet,حبة,شريط,30,"Shiba pharma","Yemen","System drugs Hypertension",374,3
33b4422a-3b51-485c-8177-70d6875c4daa,MED-12601,"Neo - HEALAR","Neo - HEALAR (انجىاع ٍش)","Combination","",other,وحدة,علبة,10,"Unknown","Unknown","Antihaemorrhag es Haemorrhoids",374,4
1d66c17c-0e99-4f68-8b77-aca2b4e80565,MED-12602,"Neo_Penotran","Neo_Penotran (Gardiasis جبسد ٌب واي ٍج ٍب)","Metronidazole 100 mg + miconazole 100 mg","100 mg",other,وحدة,علبة,14,"MEGA","Thailand","Antiprtozoal Amoebiasis ,",374,5
d32f5eef-49e8-49af-88e8-18ffb0e8baf4,MED-12603,"Neocarbon","Neocarbon","Charcoal activated 315 mg + soya oil 145 mg + essence of anise 50 mg + essence of mint","315 mg",capsule,كبسولة,شريط,30,"MARNYS","UK","Gastro Intestinal drugs Poisons انتغ ًى",374,6
8feb436f-55f9-439a-88b2-41a70b031529,MED-12604,"Neoclav","Neoclav (Microbial Infections)","Amoxicillin/Clavu lanate Potassium","",other,وحدة,علبة,1,"Neopharma","Unknown","Antibiotics ًٍكشوث ٍخ األصبثبد ان",374,7
ec102295-a9ab-49d6-8e71-d1c4318d5df4,MED-12605,"Neoclav","Neoclav (Microbial Infections)","Amoxicillin/Clavu lanate Potassium","",tablet,حبة,شريط,20,"Neopharma","UAE","Antibiotics ًٍكشوث ٍخ األصبثبد ان",375,1
29642fd6-22c9-4e59-88a6-503ded9b527e,MED-12606,"Neoclav","Neoclav (Microbial Infections)","Amoxicillin/Clavu lanate Potassium","",suspension,مل,قارورة,70,"Neopharma","Unknown","Antibiotics ًٍكشوث ٍخ األصبثبد ان",375,2
79f522ff-7891-44d9-83fa-7417ecf35719,MED-12607,"Neoclave","Neoclave (Microbial Infections)","Amoxicillin/Clavu lanate Potassium","",tablet,حبة,شريط,2,"Neo pharma","Unknown","Antibiotics ًٍكشوث ٍخ األصبثبد ان",375,3
7141f4d6-37a1-48cf-8e43-8ab9a2a09ffe,MED-12608,"Neoday","Neoday","Loratadine","",tablet,حبة,شريط,10,"Neopharma","UAE","Antihistamines Allergy انحغبع ٍخ",375,4
a6b8c543-c2e9-43c4-808b-3cef87725918,MED-12609,"Neoflam-Retard","Neoflam-Retard (األوجبع)","Diclofenac Sodium tablet 100 mg","100 mg",tablet,حبة,شريط,10,"Neopharma","UAE","Nonsteroidal Anti- Analgesic يهذئبد",375,5
fa4ea419-d3e1-4ec7-8b44-620b75f660c6,MED-12610,"Neogastro plus","Neogastro plus (انهضى)","Unknown","",tablet,حبة,شريط,50,"Neopharma","UAE","Gastro Intestinal drugs Indigestion عىء",375,6
fabaf9da-d400-4aab-8de0-f58f12c66974,MED-12611,"Neogyl","Neogyl (Gardiasis جبسد ٌب واي ٍج ٍب)","Metronidazole","",tablet,حبة,شريط,20,"Neopharma","Unknown","Antiprtozoal Amoebiasis ,",375,7
6f081c9f-3a91-4f09-8083-e901d4e4158d,MED-12612,"Neolax","Neolax (األيغبن)","Lactulose","",syrup,مل,قارورة,100,"Global Pharma","Yemen","Gastro Intestinal drugs Constipation",376,1
244c60da-3feb-4b20-8761-de6e269daff4,MED-12613,"NEOMERCAZOL E","NEOMERCAZOL E (انغذح انذسل ٍخ)","carbimazole","",tablet,حبة,شريط,100,"AMDIPHARM","Unknown","Hormones Thyroid hormone",376,2
653602c1-fb52-4019-8d61-afb6efec29d6,MED-12614,"Neomet","Neomet (أيشاض انغكشي)","Metformin 500 mg","500 mg",tablet,حبة,شريط,30,"Neopharma","UAE","Antidiabetics Diabetes Mellitus",376,3
3c31b348-0dec-43dd-8efc-7295a1655c1e,MED-12615,"Neomox","Neomox (Microbial Infections)","Amoxicillin*","",capsule,كبسولة,شريط,10,"Neo pharma","Unknown","Antibiotics ًٍكشوث ٍخ األصبثبد ان",376,4
7aaea748-1556-4fe7-8207-a513bbcc4e05,MED-12616,"Neomox","Neomox (Microbial Infections)","Amoxicillin","",suspension,مل,قارورة,100,"Neo pharma","Unknown","Antibiotics ًٍكشوث ٍخ األصبثبد ان",376,5
09d1f14d-07ec-47b4-87a5-e50bdf5ff56c,MED-12617,"Neomycin","Neomycin (Infections ًٍكشوث ٍخ األصبثبد ان انخط ٍشح)","Neomycin","",tablet,حبة,شريط,2,"Memphis","Egypt","Antibiotics Serious M .",376,6
80a8afb3-5514-41fe-802b-e2d5c61a20f6,MED-12619,"Neoprazole - 40 mg","Neoprazole - 40 mg (ان ًؼذح)","Omeprazole","40 mg",capsule,كبسولة,شريط,14,"Neopharma","UAE","Gastro Intestinal drugs Peptic ulcer لشحخ",377,1
ae4e14c7-733c-45ab-8d60-9a5d07a83230,MED-12620,"neopril","neopril (استفبع ضغظ انذو)","Lisinopril Cardio Vascular","",other,وحدة,علبة,1,"Unknown","Unknown","System drugs Hypertension",377,2
2eb6a1a4-82a1-4b3c-85bf-ea7f2021fd67,MED-12621,"Neoxicam","Neoxicam (األوجبع)","Meloxicam tablet 15 mg .","15 mg",tablet,حبة,شريط,10,"Neopharma","Unknown","Nonsteroidal Anti- Analgesic يهذئبد",377,3
de153df5-6d17-4912-87ec-47bd24216088,MED-12622,"Nervamin","Nervamin","Vit . B 12 ( micobalamin e )","",tablet,حبة,شريط,30,"Pharma International","Jordan","Vitamines and Menirals Anaemia فمش انذو",377,4
4943af05-5234-435b-86a1-4f8673b13839,MED-12623,"nervamine","nervamine","mecobalamine 500 micro gram","",tablet,حبة,شريط,30,"Pharma International","Jordan","Vitamines and Menirals Anaemia فمش انذو",377,5
f16efa0c-2de8-4791-8393-6532cb7b8a4a,MED-12624,"Neseom 20","Neseom 20 (ان ًؼذح)","Esomeprazole 20 mg","20 mg",tablet,حبة,شريط,10,"YEDCO","Yemen","Gastro Intestinal drugs Peptic ulcer لشحخ",377,6
13741c85-7e74-4019-862f-e526d6b78bf3,MED-12625,"NEUROBILT","NEUROBILT","Gabapentin tablet Central Nervous 300 mg","300 mg",capsule,كبسولة,شريط,30,"Modern Pharama","Yemen","system drugs Epilepsy انصشع",377,7
7e5b8abe-5a19-423e-8416-9d3180390feb,MED-12626,"Neurobion","Neurobion (Deficiency َمص ف ٍتبي ٍُبد)","vit B 1 100 mg + B 6 200 mg + B 12 200 Mg","100 mg",injection,أمبولة,باكت,3,"MERCK","Germany","Vitamines and Menirals Vitamins",378,1
eda6205f-f0f3-4dea-8dfb-4058aeff9305,MED-12627,"Neurobion","Neurobion (Deficiency َمص ف ٍتبي ٍُبد)","Vitamin B Substances","",tablet,حبة,شريط,20,"MERCK","Germany","Vitamines and Menirals Vitamins",378,2
62b7c493-4e62-4c42-8fcb-c6a8150023f3,MED-12628,"Neuromax","Neuromax (Deficiency َمص ف ٍتبي ٍُبد)","vit [ B 1 + B 6 + B 12 ]","",tablet,حبة,شريط,20,"Global Pharma","Yemen","Vitamines and Menirals Vitamins",378,3
fcec3370-b25b-4fd7-8910-db6cb2355581,MED-12629,"Neuromeal","Neuromeal (Deficiency َمص ف ٍتبي ٍُبد)","vit B 1 100 mg + B 6 200 mg + B 12 200 Mg","100 mg",tablet,حبة,شريط,20,"Modern Pharama","Yemen","Vitamines and Menirals Vitamins",378,4
7029ae81-66ab-4e10-805e-25b29e6f9713,MED-12630,"Neurorubine","Neurorubine (B deficiency)","Vitamin B Substances","",injection,أمبولة,باكت,5,"Unknown","Unknown","Vitamines and Menirals Neuritis; vitamin",378,5
53197255-6a73-4d60-8766-f53ab0d12986,MED-12631,"Neurorubine","Neurorubine (Deficiency َمص ف ٍتبي ٍُبد)","Vit . B 1.100 MG & B 6-2 00 MG & B 12-200 MG 5 Ampoules of 3 ml","1.100 MG",injection,أمبولة,باكت,5,"mepha","Unknown","Vitamines and Menirals Vitamins",378,6
d802585f-d56b-4ba6-88a9-88fde331f41a,MED-12632,"Neurorubine- forte","Neurorubine- forte (Deficiency َمص ف ٍتبي ٍُبد)","Vitamin B Substances","",tablet,حبة,شريط,20,"Acino","Switzerland","Vitamines and Menirals Vitamins",378,7
639052c3-b8ad-4f34-8f44-2d401c4d0e6c,MED-12633,"neurorubine-forte","neurorubine-forte (Deficiency َمص ف ٍتبي ٍُبد)","vitB 1 200 mg + vitB 6 50 mg + vitB 12 1000 microgram","200 mg",tablet,حبة,شريط,20,"mepha","Unknown","Vitamines and Menirals Vitamins",379,1
86599b34-b3d9-4ba1-899f-31f6cea9cf17,MED-12634,"Neurorubine- Forte","Neurorubine- Forte (Deficiency َمص ف ٍتبي ٍُبد)","vit B 1 100 mg + B 6 200 mg + B 12 200 Mg","100 mg",tablet,حبة,شريط,20,"mepha","Unknown","Vitamines and Menirals Vitamins",379,2
529240cf-6e7b-476b-80a4-ff61e70aaaec,MED-12635,"Neurotopretard 300","Neurotopretard 300","carbamazepin Central Nervous tablet 600 mg","600 mg",tablet,حبة,شريط,50,"GEROT LANNACH Viena,","Austria","system drugs Epilepsy انصشع",379,3
888a5b91-2038-4a9b-8a01-07f464b0e72f,MED-12636,"Neurotopretard 600","Neurotopretard 600","carbamazepin Central Nervous tablet 600 mg","600 mg",tablet,حبة,شريط,50,"GEROT LANNACH Viena,","Austria","system drugs Epilepsy انصشع",379,4
3c8b54c6-1071-4f36-8695-709fcfe88f77,MED-12637,"neurovit","neurovit (Deficiency َمص ف ٍتبي ٍُبد)","vit B 1 100 mg + B 6 200 mg + B 12 200 Mg","100 mg",tablet,حبة,شريط,20,"AMRIYA PHARMA","Egypt","Vitamines and Menirals Vitamins",379,5
3e5a1089-105a-4b41-8ebd-3060535ed7c3,MED-12638,"Neurovit","Neurovit (Deficiency َمص ف ٍتبي ٍُبد)","Vitamin B Substances","",injection,أمبولة,باكت,3,"AMRIYA PHARMA","Egypt","Vitamines and Menirals Vitamins",379,6
477901d7-3011-4639-8d31-b767b1cdf7a0,MED-12639,"NEUROZAN Plus","NEUROZAN Plus (Deficiency َمص ف ٍتبي ٍُبد)","Ginkgo Biloba + L - Arginin e + Glutamine + Glut athione + Co - enzy me Q 10 + Phosphatidyl","",capsule,كبسولة,شريط,30,"VITABIOTICS","Unknown","Vitamines and Menirals Vitamins",379,7
1dece52a-c46e-4090-8793-8edc1807a96a,MED-12640,"Nevxal","Nevxal","Nepafenac 0.1%","0.1%",suspension,مل,قارورة,5,"Orchidia Pharma","Egypt","Ophthalmic drugs Eye ٍٍ انؼ",380,1
1a0bc759-93ea-45d5-8ceb-291234f6e748,MED-12641,"New-dol","New-dol (Analgesic يهذئبد األوجبع وانح ًى)","Paracetamol drops 100 / ml .","",syrup,مل,قارورة,1,"Global Pharma","Unknown","Nonsteroidal Anti- Antipyretic -",380,2
7d820b0c-a517-4c6e-8a9b-d13058b9b871,MED-12642,"New-dol","New-dol (Analgesic يهذئبد األوجبع وانح ًى)","Paracetamol 500 mg","500 mg",tablet,حبة,شريط,20,"Global Pharma","Yemen","NSAID Antipyretic -",380,3
58c87128-c1a4-434e-89be-c6d2961d69f3,MED-12643,"New-dol","New-dol (Analgesic يهذئبد األوجبع وانح ًى)","Paracetamol 500 mg","500 mg",tablet,حبة,شريط,10,"Global Pharma","Yemen","NSAID Antipyretic -",380,4
a2b0eab0-63ff-422b-83f2-257555a7638e,MED-12644,"New-dol","New-dol (Analgesic يهذئبد األوجبع وانح ًى)","Paracetamol 250 mg","250 mg",suspension,مل,قارورة,60,"Global Pharma","Yemen","NSAID Antipyretic -",380,5
137685c7-d97b-42b0-86d1-2681f42d37eb,MED-12645,"New-dol","New-dol (Analgesic يهذئبد األوجبع وانح ًى)","Paracetamol 160 mg mg","160 mg",suspension,مل,قارورة,60,"Global Pharma","Yemen","NSAID Antipyretic -",380,6
cf26551c-a61e-40ca-8c66-ba20a3616316,MED-12646,"New-dol","New-dol (َضالد انجشد)","Pseudoephedrine +cetrizine ???","",tablet,حبة,شريط,20,"Global Pharma","Unknown","Respiratory drugs Common Cold",380,7
18b39f0d-2e02-4d71-8415-f95c06300e40,MED-12647,"New - dol 125 mg","New - dol 125 mg (Analgesic يهذئبد األوجبع وانح ًى)","Paracetamol supp , 125 mg .","125 mg",other,وحدة,علبة,10,"Global Pharma","Unknown","Nonsteroidal Anti- Antipyretic -",381,1
a0bf2b44-d59d-435b-80fd-0c9ef90cbcc2,MED-12648,"New - dol 250 mg","New - dol 250 mg (Analgesic يهذئبد األوجبع وانح ًى)","Paracetamol supp , 250 mg .","250 mg",other,وحدة,علبة,10,"Global Pharma","Unknown","Nonsteroidal Anti- Antipyretic -",381,2
e7294461-a468-4a54-81d0-85515adcc963,MED-12649,"New-dol EXTRA","New-dol EXTRA (Analgesic يهذئبد األوجبع وانح ًى)","Paracetamol","",tablet,حبة,شريط,20,"Global Pharma","Yemen","NSAID Antipyretic -",381,3
47911cd8-963e-4562-8ac2-bf0c2b3da6dc,MED-12650,"New-gra","New-gra (ي ُشطبد ج ُغ ٍخ)","Sildenafil Citrate 50 mg / tablet","50 mg",tablet,حبة,شريط,4,"Global Pharma","Yemen","Sex Stimulants Sex Stimulants",381,4
b13194c9-60df-4c72-8ae1-127ed85edbbf,MED-12651,"new-gra","new-gra (ي ُشطبد ج ُغ ٍخ)","Sildenafil Citrate 25 mg / tablet","25 mg",tablet,حبة,شريط,10,"Global Pharma","Yemen","Sex Stimulants Sex Stimulants",381,5
99ef9db9-1c49-41dc-8f6b-15a1754416a5,MED-12652,"NEXAZOL","NEXAZOL (ان ًؼذح)","Esomeprazole","",capsule,كبسولة,شريط,14,"Modern Pharama","Yemen","Gastro Intestinal drugs Peptic ulcer لشحخ",381,6
abcf083a-5675-45b1-8c31-c6b061809880,MED-12653,"Nexazol 40 mg","Nexazol 40 mg (ان ًؼذح)","Esomeprazole","40 mg",capsule,كبسولة,شريط,14,"Modern Pharama","Yemen","Gastro Intestinal drugs Peptic ulcer لشحخ",381,7
d95df0aa-5ee4-4cf6-81f3-c0db2e875f60,MED-12654,"NEXITO - 10","NEXITO - 10 (األيشاض انؼمه ٍخ)","Escitalopram Central Nervous tablet 10 mg","10 mg",tablet,حبة,شريط,30,"SUN","India","system drugs Mental Disorders",382,1
db66904e-1e35-4cd7-8993-b3377d99be8d,MED-12655,"NEXITOP","NEXITOP (ان ًؼذح)","Esomeprazole 20 mg","20 mg",capsule,كبسولة,شريط,100,"Y.E.PHARMA","Yemen","Gastro Intestinal drugs Peptic ulcer لشحخ",382,2
8597b108-ba8d-4d76-8d39-67df7c714835,MED-12656,"NEXITOP","NEXITOP (ان ًؼذح)","Esomeprazole 40 mg","40 mg",capsule,كبسولة,شريط,14,"Y.E.PHARMA","Yemen","Gastro Intestinal drugs Peptic ulcer لشحخ",382,3
65fbcb43-6769-43be-8402-cff59189d42a,MED-12657,"Nexium 20 mg","Nexium 20 mg (ان ًؼذح)","Esomeprazole","20 mg",tablet,حبة,شريط,14,"ASTRAZENEC A UK= United Kingodom","","Gastro Intestinal drugs Peptic ulcer لشحخ",382,4
bad6de51-8436-4b2b-8ef5-8b107717e332,MED-12658,"Nexium 40 mg","Nexium 40 mg (ان ًؼذح)","Esomeprazole","40 mg",tablet,حبة,شريط,14,"ASTRAZENEC A UK= United Kingodom","","Gastro Intestinal drugs Peptic ulcer لشحخ",382,5
268dd98d-b5cf-44d2-800b-715a44117743,MED-12659,"NEXOL","NEXOL (ان ًؼذح)","Esomeprazole 20 mg","20 mg",capsule,كبسولة,شريط,14,"Global Pharma","Yemen","Gastro Intestinal drugs Peptic ulcer لشحخ",382,6
097c140a-c0b8-45e9-837b-d97ef0aec02c,MED-12660,"NEXOL","NEXOL (ان ًؼذح)","Esomeprazole 20","",capsule,كبسولة,شريط,14,"Global Pharma","Yemen","Gastro Intestinal drugs Peptic ulcer لشحخ",382,7
cb8bec4f-186b-4369-815f-da33f55fdb46,MED-12661,"Nexpro","Nexpro (ان ًؼذح)","Esomeprazole","",injection,أمبولة,باكت,1,"Torrent","India","Gastro Intestinal drugs Peptic ulcer لشحخ",383,1
7d5c8df0-0f92-4d36-8f2a-ffc264b025a4,MED-12662,"NICE-BABAY","NICE-BABAY (األنتهبثبد انجذنذ ٌخ)","Unknown","",ointment,أنبوب,علبة,20,"Unknown","Unknown","Skin Disorders Dermatitis",383,2
b147f9b2-47ca-42dc-817a-99e6f1310ded,MED-12663,"Nice-Derm","Nice-Derm (األنتهبثبد انجذنذ ٌخ)","Nystatin","",cream,أنبوب,علبة,15,"Global Pharma","Yemen","Antifungals Dermatitis",383,3
ea01f05f-3e1c-4efe-861c-a13140206855,MED-12664,"Niclosamide","Niclosamide (انذودح انشش ٌط ٍخ)","Niclosamide","",tablet,حبة,شريط,4,"Unknown","Unknown","Anthelmentic Tape Worms",383,4
64972de7-01d3-4941-84fa-0d7b94c6bf93,MED-12665,"Nifedipine","Nifedipine (استفبع ضغظ انذو)","Nifedipine Cardio Vascular","",other,وحدة,علبة,1,"Unknown","Unknown","System drugs Hypertension",383,5
dfba1f78-1b72-4564-8632-4ba4c8d45104,MED-12666,"Night&day","Night&day (َضالد انجشد)","pseudoephedrine +paracetamol + diphenhydramine","",tablet,حبة,شريط,10,"MUP","Egypt","Respiratory drugs Common Cold",383,6
70272503-cd74-4340-8322-1447c1adf63a,MED-12667,"Nilstat","Nilstat (األصبثبد انفطش ٌخ)","Nystatin 100000 I . U . 24 ml","24 ml",syrup,مل,قارورة,1,"SIGMA","Egypt","Antifungals Fungal Infections",383,7
5aa1a5fb-47c6-4cab-87af-ec714b330719,MED-12668,"Nimodipine","Nimodipine (استفبع ضغظ انذو)","Nimodipine Cardio Vascular","",tablet,حبة,شريط,30,"BAYER","Germany","System drugs Hypertension",384,1
43638ff5-dd2f-4142-8042-384a42a57b20,MED-12669,"Nistan","Nistan (األصبثبد انفطش ٌخ)","Nystatin 100000 I . u ./ ml suspention","",syrup,مل,قارورة,1,"Modern Pharama","Yemen","Antifungals Fungal Infections",384,2
eaea6abb-a420-4947-87a5-fe44e485a100,MED-12670,"Nitrest 10","Nitrest 10 (Insumnea األسق وانمهك)","Zolpidem Central Nervous Tartrate 10 mg","10 mg",tablet,حبة,شريط,10,"SUN Pharma","India","system drugs Anxiety ,",384,3
6b738862-349d-45f7-8554-cdc26c5ea12b,MED-12671,"Nitrocor Retard","Nitrocor Retard (انصذس ٌخ)","Nitroglycerin 2.5 Cardio Vascular mg","",other,وحدة,علبة,1,"Unknown","Unknown","System drugs Angina انزثحخ",384,4
ab913cdf-61f5-4307-8b92-a13b0436c226,MED-12672,"Nitromack Retard","Nitromack Retard (انصذس ٌخ)","Nitroglycerin . 2.5 Cardio Vascular 5 mg","5 mg",tablet,حبة,شريط,30,"OCTOBER PHARMA","Egypt","System drugs Angina انزثحخ",384,5
01ed96e5-f38d-4c0e-8f84-5f3eff06a7ec,MED-12673,"Nitrotard","Nitrotard (انصذس ٌخ)","Glyceryl Cardio Vascular Trinitrate ( Nitroglycerin)","",capsule,كبسولة,شريط,1,"MUP","Egypt","System drugs Angina انزثحخ",384,6
1a98717c-ff46-4f8b-8549-11a4861f57c1,MED-12674,"Nizoral","Nizoral (األنتهبثبد انجذنذ ٌخ)","Ketoconazole","",cream,أنبوب,علبة,30,"Janssen-Cilag","Switzerland","Antifungals Dermatitis",384,7
8805a258-349b-45e6-8a0f-40dcb3d79fe8,MED-12675,"Nizoral","Nizoral (األنتهبثبد انجذنذ ٌخ)","Ketoconazole","",tablet,حبة,شريط,10,"Janssen-Cilag","Switzerland","Antifungals Dermatitis",385,1
8fb1d9ab-ffaa-411e-8bfe-2383566b958e,MED-12676,"Nocuf","Nocuf (َضالد انجشد)","Unknown","",syrup,مل,قارورة,120,"JOSWE","Jordan","Unknown Common Cold",385,2
bec3ac8c-136f-49e7-8ade-b41b409ae331,MED-12677,"NOLVADEX","NOLVADEX","tamoxifen citrate 10","",tablet,حبة,شريط,30,"ASTRENECA","Unknown","Gynaecology drugs Infertility انؼمى",385,3
323727ba-a117-461f-8c80-d5ee2eb30cf4,MED-12678,"Nootropil","Nootropil (األيشاض انؼمه ٍخ)","Piracetam Central Nervous","",tablet,حبة,شريط,200,"Unknown","Unknown","system drugs Mental Disorders",385,4
9371952e-079a-4ec1-86a2-4c696857f6c0,MED-12679,"NOOTROPIL 800 mg","NOOTROPIL 800 mg (األيشاض انؼمه ٍخ)","Piracetam 800 mg Central Nervous","800 mg",tablet,حبة,شريط,30,"Unknown","Unknown","system drugs Mental Disorders",385,5
33a4c1e2-0de8-4706-8ee1-035934f75703,MED-12680,"Noradrenaline","Noradrenaline (ا َخفبض ضغظ انذو)","Noradrenaline Cardio Vascular","",injection,أمبولة,باكت,1,"Unknown","Unknown","System drugs Hypotension",385,6
a84ef338-4895-4d7f-820c-fd2cebc9b776,MED-12681,"Norcetam","Norcetam (األيشاض انؼمه ٍخ)","Piracetam 200 mg Central Nervous / 1 ml","200 mg",syrup,مل,قارورة,120,"RAM pharma","Jordan","system drugs Mental Disorders",385,7
ab7f8d10-616d-452c-8057-dd33ecb6f472,MED-12682,"Norcetam - 800","Norcetam - 800 (األيشاض انؼمه ٍخ)","Piracetam Central Nervous","",tablet,حبة,شريط,30,"RAM PHARMA","Jordan","system drugs Mental Disorders",386,1
9e1ffad6-2c99-4d18-88d9-910ed5a79a72,MED-12683,"Norcetam 400","Norcetam 400 (األيشاض انؼمه ٍخ)","piracetam - 400 / Central Nervous cap","",capsule,كبسولة,شريط,30,"RAM Pharma","Jordan","system drugs Mental Disorders",386,2
87ecb0de-4119-4b3a-8bdf-1bb701b05f38,MED-12684,"NORCOLUT","NORCOLUT (يىا َغ انح ًم)","norethisterone 1","",tablet,حبة,شريط,20,"GEDEON RICHTER","HUNGARY","Gynaecology drugs Contraceptives",386,3
35aa8847-0698-4e57-8d7c-571f23c12f52,MED-12685,"NOREGYN 5 mg","NOREGYN 5 mg (يىا َغ انح ًم)","norethisterone 5 mg","5 mg",tablet,حبة,شريط,3,"ZAFA","Pakistan","Gynaecology drugs Contraceptives",386,4
00574b28-0b3d-4baf-8eb6-6f3e70d12e79,MED-12686,"Norethisterone 5 mg","Norethisterone 5 mg (يىا َغ انح ًم)","norethisterone 5 mg","5 mg",tablet,حبة,شريط,30,"WOCKHADT","UK","Gynaecology drugs Contraceptives",386,5
8b803a39-41da-4a69-8102-0bb8673b7db7,MED-12687,"Norflox","Norflox (Infections األصبثبد انجكت ٍش ٌخ)","Norfloxacin 400","",tablet,حبة,شريط,1,"CIPLA","India","Antibacterial Bacterial",386,6
4b456e54-9ea9-4d8b-84ee-b5f345adad44,MED-12688,"Norfloxacin","Norfloxacin (Infections األصبثبد انجكت ٍش ٌخ)","Norfloxacin","",tablet,حبة,شريط,10,"Huons","Korea","Antibacterial Bacterial",386,7
56af4a9b-e1de-4dd3-8f61-a820c353ae67,MED-12689,"Normalax","Normalax (األيغبن)","Lactulose","",syrup,مل,قارورة,100,"Shiba pharma","Yemen","Gastro Intestinal drugs Constipation",387,1
65272042-03ee-4c0b-8cd4-fc29beb8fc88,MED-12690,"normodipine","normodipine (استفبع ضغظ انذو)","Amlodipine Cardio Vascular","",other,وحدة,علبة,1,"Unknown","Unknown","System drugs Hypertension",387,2
63ff0fc4-5700-4661-8fe0-407adde31ebd,MED-12691,"Normolute N","Normolute N (يىا َغ انح ًم)","progesterone and northiesterone","",tablet,حبة,شريط,20,"ASIA","Syria","Gynaecology drugs Contraceptives",387,3
a2229e43-3dd8-4b03-87da-dc3b7d648de1,MED-12692,"Normovite","Normovite (Deficiency َمص ف ٍتبي ٍُبد)","Multi Vitamines","",other,وحدة,علبة,1,"Normon","Spain","Vitamines and Menirals Vitamins",387,4
3e8d0907-2f4a-4de6-87c7-003b6d331484,MED-12693,"NOROX","NOROX (Infections األصبثبد انجكت ٍش ٌخ)","Norfloxacin * 400 mg","400 mg",tablet,حبة,شريط,10,"Modern Pharama","Yemen","Antibacterial Bacterial",387,5
9ea72b8c-2c29-4066-8f1f-b8c0debb8454,MED-12694,"Norplat","Norplat (انجهطبد)","Clopidogrel Cardio Vascular Bisulfate","",tablet,حبة,شريط,28,"Getz pharma","USA","System drugs Thrombosis",387,6
c84ec167-5fa1-4be0-8a60-909ff34baef7,MED-12695,"Nortival","Nortival (األيشاض انؼمه ٍخ)","Nortriptyline + Flu Central Nervous phenazine tablet 10/0.5 mg","0.5 mg",tablet,حبة,شريط,30,"ASIA","Syria","system drugs Mental Disorders",387,7
bef257b6-38fc-4626-8ed6-a6e19d8e4d02,MED-12696,"Norvasc","Norvasc (استفبع ضغظ انذو)","Amlodipine Cardio Vascular","",capsule,كبسولة,شريط,30,"Unknown","Unknown","System drugs Hypertension",388,1
ce00a300-5713-48cf-8a2e-d6bc2e10b0ec,MED-12697,"Norzol","Norzol (Gardiasis جبسد ٌب واي ٍج ٍب)","metronidazole","",suspension,مل,قارورة,1,"Y.E.PHARMA","Yemen","Antiprtozoal Amoebiasis ,",388,2
c169b327-e789-4166-8b08-3ae67eda20fd,MED-12698,"NO-SPA","NO-SPA (Spasm ٍ آالو انجط)","Drotaverine","",tablet,حبة,شريط,20,"Sanofi Synthelabo","Unknown","Gastro Intestinal drugs Abdominal",388,3
d9d4ae6b-6896-4586-8536-7bc58ea8be8f,MED-12699,"No - Spa 40","No - Spa 40 (Spasm ٍ آالو انجط)","Drotaverine","",tablet,حبة,شريط,20,"SANOFI","HUNGARY","Gastro Intestinal drugs Abdominal",388,4
569b5b73-d559-4d0d-8b37-bf766b759018,MED-12700,"No - Spa 40","No - Spa 40 (Spasm ٍ آالو انجط)","Drotaverine","",injection,أمبولة,باكت,25,"SANOFI","France","Gastro Intestinal drugs Abdominal",388,5
1d2d650f-596b-421d-8e15-0522f0adf687,MED-12701,"No - Spa forte 80 mg","No - Spa forte 80 mg (Spasm ٍ آالو انجط)","Drotaverine","80 mg",tablet,حبة,شريط,20,"Sanofi Synthelabo","HUNGARY","Gastro Intestinal drugs Abdominal",388,6
7b2d8549-3f4c-4ac7-849e-ed858346410d,MED-12702,"NO-Spalgin","NO-Spalgin (Spasm ٍ آالو انجط)","Drotaverine 40 mg + paracetamol 500 mg + codeine 8 mg","40 mg",tablet,حبة,شريط,12,"Sanofi Aventis","France","Gastro Intestinal drugs Abdominal",388,7
bddc05c8-14e6-41f5-887f-16a0014eef04,MED-12703,"not clear","not clear","Unknown","",other,وحدة,علبة,1,"Unknown","Unknown","Unknown Unknown",389,1
5f5e4482-d5ef-4d29-8f74-97ae3d007b4b,MED-12704,"Nova - 75","Nova - 75","pregabalin Central Nervous capsule 75 mg","75 mg",capsule,كبسولة,شريط,10,"CIPLA","India","system drugs Epilepsy انصشع",389,2
77f994eb-6977-4342-8e90-82c572a0ea5a,MED-12705,"Novacetam","Novacetam (األيشاض انؼمه ٍخ)","Piracetam 1 g / 5 ml Central Nervous","1 g / 5 ml",syrup,مل,قارورة,100,"Shiba pharma","Yemen","system drugs Mental Disorders",389,3
8c8dc40b-181f-4c53-820d-6252e04ed19b,MED-12706,"Novatax","Novatax (Infections األصبثبد انجكت ٍش ٌخ)","Cefotaxime Sodium 1 gm","1 g",other,وحدة,علبة,1,"CIPLA","India","Antibacterial Bacterial",389,4
a7d7ba4c-d7f3-4300-8a0f-6c4c8013ddda,MED-12707,"Novecin","Novecin (Infections األصبثبد انجكت ٍش ٌخ)","Ofloxacin*","",tablet,حبة,شريط,1,"United","Jordan","Antibacterial Bacterial",389,5
5b1bad0a-def0-4e67-8444-6598f625a39b,MED-12708,"Novepam 1.5","Novepam 1.5 (Insumnea األسق وانمهك)","Bromazepam Central Nervous","",tablet,حبة,شريط,30,"RAM PHARMA","Jordan","system drugs Anxiety ,",389,6
7f878ac3-2657-43b5-8b9d-804cd8dbd960,MED-12709,"Novepam - 3","Novepam - 3 (Insumnea األسق وانمهك)","Bromazepam Central Nervous tablets 3 mg","3 mg",tablet,حبة,شريط,30,"RAM PHARMA","Jordan","system drugs Anxiety ,",389,7
a5095b04-f0b4-45a5-8bb8-535da9f684cf,MED-12710,"Novex","Novex (انجهطبد)","Enoxaparin Cardio Vascular Sodium 4000 i . u / 0.4 ml","0.4 ml",injection,أمبولة,باكت,2,"Sothema","Morocco","System drugs Thrombosis",390,1
3c8bf5cf-817d-4e38-8765-404ee0c74077,MED-12711,"Novo Norm 0.5 mg","Novo Norm 0.5 mg (أيشاض انغكشي)","Repaglinide 0.5 mg","0.5 mg",tablet,حبة,شريط,30,"Novo Nordisk","Denmark","Antidiabetics Diabetes Mellitus",390,2
85e552fa-56b4-4089-8d1d-2a86eb958a6d,MED-12712,"NOVOFEN 10","NOVOFEN 10","tamoxifen","",tablet,حبة,شريط,30,"REMEDICA","Cyprus","Gynaecology drugs Infertility انؼمى",390,3
2b9ca629-3054-459b-8f16-c5ab80c5a0f2,MED-12713,"NovoNorm 2 mg","NovoNorm 2 mg (أيشاض انغكشي)","Repaglinide 2 mg","2 mg",tablet,حبة,شريط,30,"Novo Nordisk","Denmark","Antidiabetics Diabetes Mellitus",390,4
e843981f-9923-4379-88ff-6fac2a1262ba,MED-12714,"novorapid flexpen","novorapid flexpen (أيشاض انغكشي)","insulin","",injection,أمبولة,باكت,1,"Novo Nordisk","Denmark","Antidiabetics Diabetes Mellitus",390,5
8bc93f74-b70a-437f-8f64-984226c4faae,MED-12715,"NOVYNETTE","NOVYNETTE (يىا َغ انح ًم)","ethinylestradiol - desogestrel","",tablet,حبة,شريط,21,"GEDEON RICHTER","HUNGARY","Gynaecology drugs Contraceptives",390,6
bf3d398a-0bc5-445d-84c4-4a7ca27be8ce,MED-12716,"Noxafil","Noxafil (األصبثبد انفطش ٌخ)","Posaconazole 200 mg / 5 ml","200 mg / 5 ml",suspension,مل,قارورة,105,"MSD","USA","Antifungals Fungal Infections",390,7
896b660b-021a-40b2-830a-535589d7e2f0,MED-12717,"NOXAPARIN","NOXAPARIN (انجهطبد)","Enoxaparin Cardio Vascular Sodium 40 mg / 0.4 ml","40 mg / 0.4 ml",injection,أمبولة,باكت,1,"Unknown","Unknown","System drugs Thrombosis",391,1
fef288bc-e889-431a-83de-d26c12cee00a,MED-12718,"Noxban","Noxban","Unknown","",ointment,أنبوب,علبة,50,"Unknown","Unknown","Skin Disorders Acne حت انشجبة",391,2
90789d25-b8d0-4829-8a18-25858c1aa8fe,MED-12719,"Nuflu","Nuflu (األنتهبثبد انجذنذ ٌخ)","Fluconazole 150 mg","150 mg",capsule,كبسولة,شريط,1,"Stellar","Unknown","Antifungals Dermatitis",391,3
7c484bbb-0942-4f82-88bc-f2f812d9dbc7,MED-12720,"NU-SPASM","NU-SPASM (Spasm ٍ آالو انجط)","Hyoscine - N - Butylbromide 10 mg / tablet","10 mg",tablet,حبة,شريط,20,"EIPICO","Egypt","Gastro Intestinal drugs Abdominal",391,4
2ed82824-1bdf-469b-8fe7-44f3a1e1b73b,MED-12721,"Nutreints for blood Formation","Nutreints for blood Formation (supplementation ًٍه ٍخ تغز ٌخ تك)","Nutrients","",other,وحدة,علبة,1,"Unknown","Unknown","Gastro Intestinal drugs Nutrition",391,5
401b1251-3c25-4c72-812e-e6240abadb1a,MED-12722,"Nutri-plus","Nutri-plus (Deficiency َمص ف ٍتبي ٍُبد)","Multi vitamin and Menirals","",capsule,كبسولة,شريط,30,"Pharmacare","Yemen","Vitamines and Menirals Vitamins",391,6
62ba2923-cf82-4dd0-8d8c-78236d05bbc0,MED-12723,"Nutri-plus","Nutri-plus (Deficiency َمص ف ٍتبي ٍُبد)","Multi vitamin and Menirals","",syrup,مل,قارورة,100,"Pharmacare","Yemen","Vitamines and Menirals Vitamins",391,7
cf756a9a-90eb-48ff-8e57-50f13feeea12,MED-12724,"Nuzac","Nuzac (األيشاض انؼمه ٍخ)","Fluoxetine Central Nervous capsule 20 mg","20 mg",capsule,كبسولة,شريط,20,"CIPLA","India","system drugs Mental Disorders",392,1
ae879711-7f6e-4182-85ae-0dbd893b8321,MED-12725,"Nuzac","Nuzac (األيشاض انؼمه ٍخ)","Fluoxetine Central Nervous Hydrochloride","",capsule,كبسولة,شريط,2,"CIPLA","India","system drugs Mental Disorders",392,2
7f2418ce-ff27-425c-8ab2-93cc8748e1ea,MED-12726,"NYAGRA 50 mg","NYAGRA 50 mg (ي ُشطبد ج ُغ ٍخ)","Sildenafil Citrate 50 mg / tablet","50 mg",tablet,حبة,شريط,2,"Pharmacare","Yemen","Sex Stimulants Sex Stimulants",392,3
56f7884f-6503-4c47-8ea2-80ef660c0f7f,MED-12727,"Nystagram","Nystagram (األنتهبثبد انجذنذ ٌخ)","Nystatin + Neomycin Sulfate + Gramicidin + Triamcinolone Acetonide","",cream,أنبوب,علبة,20,"Unknown","Unknown","Corticosteroid Dermatitis",392,4
30eeeb8a-b214-4981-8bf0-3f465bd13845,MED-12728,"Nystagram","Nystagram (األنتهبثبد انجذنذ ٌخ)","Nystatin + Neomycin Sulfate + Gramicidin + Triamcinolone Acetonide","",ointment,أنبوب,علبة,20,"Unknown","Unknown","Corticosteroid Dermatitis",392,5
2b4ef103-5ecb-4e31-8954-e5f05cc5f0e5,MED-12729,"Nystagram","Nystagram (األنتهبثبد انجذنذ ٌخ)","Nystatin 100000 IU / g + Triamcinolone Acetonide 0.1 %","100000 IU",cream,أنبوب,علبة,15,"Modern Pharama","Yemen","Corticosteroid Dermatitis",392,6
e655d25a-3803-4229-8895-30e2e8606734,MED-12730,"Nystamed","Nystamed (األصبثبد انفطش ٌخ)","Nystatin 20 mg","20 mg",tablet,حبة,شريط,20,"Medico Labs","Syria","Antifungals Fungal Infections",392,7
bf4c19f1-1d4a-4fbe-8dc2-e491b7f16471,MED-12731,"Nystatin","Nystatin (األصبثبد انفطش ٌخ)","Nystatin 100000 i . u ./ ml","",suspension,مل,قارورة,30,"EIPICO","Egypt","Antifungals Fungal Infections",393,1
0176e423-5d3c-4af1-82cd-1d5970761855,MED-12732,"Nystatin","Nystatin (األصبثبد انفطش ٌخ)","Nystatin 100000 I . u ./ ml","",syrup,مل,قارورة,1,"Global Pharma","Yemen","Antifungals Fungal Infections",393,2
b8f17078-f50c-4595-84e1-05c0038d47ec,MED-12733,"Nystatin","Nystatin (األصبثبد انفطش ٌخ)","Nystatin 100000 i . u ./ ml","",suspension,مل,قارورة,30,"BIOPHARM","Yemen","Antifungals Fungal Infections",393,3
75d3680f-75cd-4341-823a-fc4b600e0628,MED-12734,"Nystatin Asia","Nystatin Asia (األصبثبد انفطش ٌخ)","Nystatin 1000000 u / I","",suspension,مل,قارورة,60,"Delta pharma","Egypt","Antifungals Fungal Infections",393,4
4fcdf743-e84f-4d95-8508-8abb02bc28ac,MED-12735,"Nystatin Cream","Nystatin Cream (األصبثبد انفطش ٌخ)","Nystatin 100000 I . U .","",cream,أنبوب,علبة,1,"TARO","Unknown","Antifungals Fungal Infections",393,5
15d5b603-6801-4240-8da8-e39c1df4c429,MED-12736,"Nystatin Ointment","Nystatin Ointment (األصبثبد انفطش ٌخ)","Nystatin + Triamcinolone Acetonide","",ointment,أنبوب,علبة,15,"TARO","Unknown","Antifungals Fungal Infections",393,6
7a7b2ce5-5d79-47f7-8083-052acd100604,MED-12737,"Nystatin oral","Nystatin oral (األصبثبد انفطش ٌخ)","Nystatin 100000 I . u ./ ml","",drops,مل,قطارة,24,"Unknown","Unknown","Antifungals Fungal Infections",393,7
df6f18c4-7fff-4cc7-82df-ae2ccaa6338e,MED-12738,"O.M strip","O.M strip (ان ًؼذح)","Omeprazole 20 mg","20 mg",capsule,كبسولة,شريط,100,"Shiba pharma","Yemen","Gastro Intestinal drugs Peptic ulcer لشحخ",394,1
1fda7b62-0298-417c-8628-be9f14575485,MED-12739,"O 2","O 2 (Infections األصبثبد انجكت ٍش ٌخ)","Ofloxacin & Ornidazole","",tablet,حبة,شريط,10,"MEDLEY","India","Antibacterial Bacterial",394,2
1ce33a92-d8a5-4266-8855-d29ae4cc5d6a,MED-12740,"Obariphyllin SR 12-150 mg","Obariphyllin SR 12-150 mg (Asthma انشثى ً انشؼج)","Theophyllin","150 mg",capsule,كبسولة,شريط,20,"OUBARY PHARMA","Syria","Respiratory drugs Bronchial",394,3
13b982ef-0575-4b77-825d-0d1cc7308c5f,MED-12741,"Obenasin 200 mg","Obenasin 200 mg (Infections األصبثبد انجكت ٍش ٌخ)","Ofloxacin*","200 mg",tablet,حبة,شريط,1,"Huons","Korea","Antibacterial Bacterial",394,4
f3212dd1-8add-419a-8342-85596d701b48,MED-12742,"Obenasin 400 mg","Obenasin 400 mg (Infections األصبثبد انجكت ٍش ٌخ)","Ofloxacin*","400 mg",tablet,حبة,شريط,1,"Huons","Korea","Antibacterial Bacterial",394,5
30c05515-bf74-4751-832a-b2631b3606d5,MED-12743,"Ocean Spray","Ocean Spray (( E . N . T ) األ َف ٌ وانح ُجشح واألر)","sodium chloride +bezyl alcohol","",spray,بخة,علبة,1,"ORSA ph.","Unknown","Respiratory drugs Ear Nose Throat",394,6
4cb3723f-11ac-483d-8fce-56bd7165c9c9,MED-12744,"Octovent cr 4","Octovent cr 4 (Asthma انشثى ً انشؼج)","salbutamol 4 mg","4 mg",tablet,حبة,شريط,20,"OCTOBER PHARMA","Egypt","Respiratory drugs Bronchial",394,7
025ad2f1-ee3d-4f9d-8a8c-72765bdff9bc,MED-12745,"Ocuflox","Ocuflox","Ofloxacin","",ointment,أنبوب,علبة,5,"Samil","Unknown","Antibacterial Eye ٍٍ انؼ",395,1
56243a99-8c02-4dca-81e0-79190b68a2e7,MED-12746,"OcuFlox","OcuFlox","Ofloxacin","",syrup,مل,قارورة,1,"Samil","Unknown","Antibacterial Eye ٍٍ انؼ",395,2
8c39808a-00a0-4c89-8c7a-6b6c57d91562,MED-12747,"Ocuguard","Ocuguard (Deficiency َمص ف ٍتبي ٍُبد)","Multi Vitamines","",capsule,كبسولة,شريط,20,"Orchidia Pharma","Egypt","Vitamines and Menirals Vitamins",395,3
ae59d39f-3211-4a29-8b2c-a8c528dadc96,MED-12748,"ODORAL","ODORAL (انغغىالد انف ًى ٌخ)","Combination","",syrup,مل,قارورة,200,"HPP","Egypt","Antiseptic and Desinfectants Mouth Wash",395,4
0a931661-4885-46cd-81c2-32dc69e4e9c7,MED-12749,"Oflacin Ram","Oflacin Ram (Infections األصبثبد انجكت ٍش ٌخ)","Ofloxacin*","",tablet,حبة,شريط,1,"RAM PHARMA","Jordan","Antibacterial Bacterial",395,5
4b226164-2167-4c9d-8aed-ce8755f71af7,MED-12750,"Oflobac","Oflobac (Infections األصبثبد انجكت ٍش ٌخ)","Ofloxacin 200 mg","200 mg",tablet,حبة,شريط,1,"Global Pharma","Yemen","Antibacterial Bacterial",395,6
2244398e-9ba4-40a3-8176-98b9a29a2028,MED-12751,"OFLOBAC","OFLOBAC (Infections األصبثبد انجكت ٍش ٌخ)","Ofloxacin 400 mg","400 mg",tablet,حبة,شريط,1,"Global Pharma","Yemen","Antibacterial Bacterial",395,7
81b85a17-ebf0-44c9-8a44-63bbfd3dfdf1,MED-12752,"Oflomed","Oflomed (( E . N . T ) األ َف ٌ وانح ُجشح واألر)","Ofloxacin*","",drops,مل,قطارة,4,"Unimed","Tunisia","Antibacterial Ear Nose Throat",396,1
2d866e8a-7666-45fd-86f6-42f9fd47f67d,MED-12753,"Oflosed","Oflosed (Infections األصبثبد انجكت ٍش ٌخ)","Ofloxacin*","",tablet,حبة,شريط,1,"SEDICO","Egypt","Antibacterial Bacterial",396,2
15e09f95-6126-49d9-8406-cd16d363a607,MED-12754,"Oflox","Oflox (Infections األصبثبد انجكت ٍش ٌخ)","Ofloxacin 200 mg / tab","200 mg",tablet,حبة,شريط,1,"Shiba pharma","Yemen","Antibacterial Bacterial",396,3
d5b55c2e-daaa-4a0b-8bf6-c8fea8ea24b6,MED-12755,"Oflox Forte 400","Oflox Forte 400 (Infections األصبثبد انجكت ٍش ٌخ)","Ofloxacin*","",tablet,حبة,شريط,1,"Shiba pharma","Yemen","Antibacterial Bacterial",396,4
639143d6-ef97-499d-8773-be6c6d88bbeb,MED-12756,"OFLOXACIN","OFLOXACIN (Infections األصبثبد انجكت ٍش ٌخ)","Ofloxacin","",tablet,حبة,شريط,10,"ALSHAHBA","Syria","Antibacterial Bacterial",396,5
77928841-8492-481b-86bc-b09b2fd032c9,MED-12757,"Ofloxin 200","Ofloxin 200 (Infections األصبثبد انجكت ٍش ٌخ)","Ofloxacin*","",tablet,حبة,شريط,1,"Modern Pharama","Yemen","Antibacterial Bacterial",396,6
ce424b69-36c3-4105-8dd7-8cdee7067b29,MED-12758,"Ofloxin 400","Ofloxin 400 (Infections األصبثبد انجكت ٍش ٌخ)","Ofloxacin 400 mg / tablet","400 mg",tablet,حبة,شريط,1,"Modern Pharama","Yemen","Antibacterial Bacterial",396,7
213ca9c9-9b78-47a6-8bc6-fcd647324f95,MED-12759,"OFTALMOLOSA","OFTALMOLOSA","5 mg of Erythromycin / 1 gm of ointment","5 mg",ointment,أنبوب,علبة,5,"Cusi","Spain","Ophthalmic drugs Eye ٍٍ انؼ",397,1
f02a4c67-e85b-4203-8477-364da737ae0e,MED-12760,"OFTALMOLOSA CUSI","OFTALMOLOSA CUSI","Erythromycin","",ointment,أنبوب,علبة,5,"Cusi","Spain","Antibiotics Eye ٍٍ انؼ",397,2
97055842-4d62-4892-8043-792e5fbbb2a5,MED-12761,"OLCA","OLCA (انتهبثبد انؼظبو)","Calcitriol","",capsule,كبسولة,شريط,20,"Huons","Korea","Vitamines and Menirals Osteoarthritis",397,3
b71b524f-5829-40c9-8f75-e0b8a680fc09,MED-12762,"OlenzRapitab 10","OlenzRapitab 10 (األيشاض انؼمه ٍخ)","Olanzapin tablet Central Nervous 10 mg","10 mg",tablet,حبة,شريط,50,"SUN","India","system drugs Mental Disorders",397,4
de447913-e710-41f5-82de-9ae425b18af1,MED-12763,"Olexar - 10","Olexar - 10 (األيشاض انؼمه ٍخ)","Olanzapin tablet Central Nervous 10 mg","10 mg",tablet,حبة,شريط,10,"CIPLA","India","system drugs Mental Disorders",397,5
986712b7-864c-4993-8de1-6b7d4f703162,MED-12764,"Olexar - 5","Olexar - 5 (األيشاض انؼمه ٍخ)","Olanzapin tablet Central Nervous 5 mg","5 mg",tablet,حبة,شريط,10,"CIPLA","India","system drugs Mental Disorders",397,6
025c0294-8346-4046-8127-7198579836b8,MED-12765,"Oligofer","Oligofer (Deficiency َمص ف ٍتبي ٍُبد)","Mineral preparation with vitamin B 12","",injection,أمبولة,باكت,10,"Unknown","Unknown","Vitamines and Menirals Vitamins",397,7
7d4c5ca7-7307-45e5-8f65-2d6a7cbe28ce,MED-12766,"OLMETERO 20","OLMETERO 20 (استفبع ضغظ انذو)","Olmesartan Cardio Vascular Medoxomil 20 mg","20 mg",tablet,حبة,شريط,1,"HETERO","Unknown","System drugs Hypertension",398,1
c170aee0-aac1-40fa-81c9-f810a982a980,MED-12767,"OLMETERO 40","OLMETERO 40 (استفبع ضغظ انذو)","Olmesartan Cardio Vascular Medoxomil 40 mg","40 mg",tablet,حبة,شريط,1,"HETERO","Unknown","System drugs Hypertension",398,2
362d670d-10de-4a31-867c-5ae763f5bb42,MED-12768,"Olmetero H","Olmetero H (استفبع ضغظ انذو)","Olmesartan Cardio Vascular Medoxomil","",other,وحدة,علبة,1,"Unknown","Unknown","System drugs Hypertension",398,3
e7e5aec4-e53c-4fcb-8eaf-04211ae3c8fa,MED-12769,"Omafen","Omafen (األوجبع)","Ibuprofen","",tablet,حبة,شريط,20,"NPI Pharma","Unknown","Non-Steroidal Anti- Analgesic يهذئبد",398,4
e32388e9-5b96-4f56-8814-f235b3b7907e,MED-12770,"Omatan","Omatan (األوجبع)","Mefenamic Acid","",other,وحدة,علبة,1,"Unknown","Unknown","Nonsteroidal Anti- Analgesic يهذئبد",398,5
4016bf37-fac1-40d2-872d-d826c608ba3e,MED-12771,"Omec","Omec (ان ًؼذح)","Each capsule contains omeprazole 20 mg as enteric - coated pellets .","20 mg",capsule,كبسولة,شريط,14,"Pharmacare","Yemen","Gastro Intestinal drugs Peptic ulcer لشحخ",398,6
179b09d2-473a-4973-8c86-d413be6647bc,MED-12772,"Omefast","Omefast (ان ًؼذح)","Omeprazole 20 mg","20 mg",capsule,كبسولة,شريط,10,"Global Pharma","Yemen","Gastro Intestinal drugs Peptic ulcer لشحخ",398,7
93d02c42-b286-493e-8b3d-16a812dcbe2e,MED-12773,"omega - 3","omega - 3 (ً انذو ٌ ف ص ٌبدح انذهى)","cod liver oil + omega - 3","",capsule,كبسولة,شريط,30,"Vitex pharma","Unknown","Vitamines and Menirals Hyperlipidaemias",399,1
f0ee667c-ba0c-4ff4-8215-b12546087027,MED-12774,"omega 3-6-9","omega 3-6-9 (ً انذو ٌ ف ص ٌبدح انذهى)","Borage Seed Oil 400 mg + Flaxseed Oil . 400 mg + Fish Oil , 400 mg + Omega 3 Fatty Acids 267","400 mg",capsule,كبسولة,شريط,80,"Jamieson","Canada","Vitamines and Menirals Hyperlipidaemias",399,2
8be3a743-4789-4d22-86d8-90094807865b,MED-12775,"omega - H 3","omega - H 3 (ً انذو ٌ ف ص ٌبدح انذهى)","cod liver oil + omega - 3","",capsule,كبسولة,شريط,30,"VITABIOTICS","Unknown","Vitamines and Menirals Hyperlipidaemias",399,3
31b351bf-5924-4a7e-8fcc-f36e0687820e,MED-12776,"Omega - 3 plus","Omega - 3 plus (ً انذو ٌ ف ص ٌبدح انذهى)","fish oil 1000 mg + wheat germ oil 100 mg / Capsule .","1000 mg",capsule,كبسولة,شريط,20,"SEDICO","Egypt","Vitamines and Menirals Hyperlipidaemias",399,4
3a264c24-3977-4a1b-80cb-8f41eaa1018e,MED-12777,"Omegavyte 3-6-9","Omegavyte 3-6-9 (ً انذو ٌ ف ص ٌبدح انذهى)","Borage Seed Oil 400 mg + Flaxseed Oil . 400 mg + Fish Oil , 400 mg + Omega 3 Fatty Acids . . .","400 mg",capsule,كبسولة,شريط,90,"Vitane pharma","Germany","Vitamines and Menirals Hyperlipidaemias",399,5
8999c246-7624-40da-8a72-a14e322cd1bd,MED-12778,"Omepak","Omepak (ان ًؼذح)","Omeprazole","",capsule,كبسولة,شريط,14,"SEDICO","Egypt","Gastro Intestinal drugs Peptic ulcer لشحخ",399,6
d10e461d-f1b1-40bb-8dcc-9b4328845319,MED-12779,"OMEPRA","OMEPRA (ان ًؼذح)","Omeprazole 20 mg / cap","20 mg",capsule,كبسولة,شريط,14,"Modern Pharama","Yemen","Gastro Intestinal drugs Peptic ulcer لشحخ",399,7
ffdd1710-62b7-4853-8dc7-95c2bf5922f9,MED-12780,"OMEPRA","OMEPRA (ان ًؼذح)","Omeprazole 20 mg","20 mg",capsule,كبسولة,شريط,10,"Modern Pharama","Yemen","Gastro Intestinal drugs Peptic ulcer لشحخ",400,1
eaf227af-be29-41b9-893c-011ce7f98f60,MED-12781,"omeprazole","omeprazole (ان ًؼذح)","Omeprazole","",capsule,كبسولة,شريط,100,"Unknown","Unknown","Gastro Intestinal drugs Peptic ulcer لشحخ",400,2
fb5e61dc-48b6-4219-8eb6-53dcdfc8a0c7,MED-12782,"Omeprazole 40","Omeprazole 40 (ان ًؼذح)","Omeprazole","",syrup,مل,قارورة,1,"Vitalis","USA","Gastro Intestinal drugs Peptic ulcer لشحخ",400,3
18103e13-384d-4be2-84e2-34a026baf404,MED-12783,"Omeral 20","Omeral 20 (ان ًؼذح)","Omeprazole","",capsule,كبسولة,شريط,14,"JPI","","Gastro Intestinal drugs Peptic ulcer لشحخ Saudi Arabia",400,4
c1408c52-1041-4101-8a3e-0e26cf3999ff,MED-12784,"Ometop","Ometop (ان ًؼذح)","Omeprazole","",tablet,حبة,شريط,100,"Shaphaco","Yemen","Gastro Intestinal drugs Peptic ulcer لشحخ",400,5
2c972b65-5506-49a6-890d-32b5ef2a48f2,MED-12785,"Omezin","Omezin (ان ًؼذح)","Omeprazole 20 mg","20 mg",capsule,كبسولة,شريط,14,"YEDCO","Yemen","Gastro Intestinal drugs Peptic ulcer لشحخ",400,6
412c1119-5564-4a9e-8b40-aaaff97d09e1,MED-12786,"Omezol","Omezol (ان ًؼذح)","Omeprazole","",capsule,كبسولة,شريط,14,"Shiba pharma","Yemen","Gastro Intestinal drugs Peptic ulcer لشحخ",400,7
daf9acd5-0bd4-4794-8aad-e19a3e64ad39,MED-12787,"Omezol","Omezol (ان ًؼذح)","Omeprazole 20 mg","20 mg",capsule,كبسولة,شريط,14,"Shiba pharma","Yemen","Gastro Intestinal drugs Peptic ulcer لشحخ",401,1
e7738d3d-199e-4837-8d8b-fa9c0f6c2155,MED-12788,"Omizac","Omizac (ان ًؼذح)","Omeprazole","",capsule,كبسولة,شريط,50,"Torrent","India","Gastro Intestinal drugs Peptic ulcer لشحخ",401,2
309a6f29-b3b5-420f-8627-bef953e56bc3,MED-12789,"OMNIC","OMNIC (Infection اصبثبد ً انجهبص انجىن)","Tamsulosin Hydrochloride 0.4 mg","0.4 mg",capsule,كبسولة,شريط,30,"Saja pharmaceutical","","Urinary tract drugs Urinary Tract Saudi Arabia",401,3
8d444f7f-024b-46b2-85f4-cda51cf47c0d,MED-12790,"Omnicif","Omnicif (Infections األصبثبد انجكت ٍش ٌخ)","Cefdinir","",capsule,كبسولة,شريط,1,"JPI","","Antibacterial Bacterial Saudi Arabia",401,4
66743aaa-597e-4dd6-8951-94f7c779ea27,MED-12791,"Omnicin","Omnicin (Infection اصبثبد ً انجهبص انجىن)","Tamsulosin Hydrochloride 0.4 mg","0.4 mg",capsule,كبسولة,شريط,20,"Y.E.PHARMA","Yemen","Urinary tract drugs Urinary Tract",401,5
5b803bb6-007a-40e3-8f51-fc467325742e,MED-12792,"Omtran","Omtran (Infections األصبثبد انجكت ٍش ٌخ)","Trimethoprim/Sulf amethoxazole (Co-trimoxazole)","",tablet,حبة,شريط,10,"OMEGA","Italy","Antibacterial Bacterial",401,6
3fcbae1e-7bcc-4b7a-890b-52d125eb87d7,MED-12793,"ONCEAIR 4 mg","ONCEAIR 4 mg (Asthma انشثى ً انشؼج)","Montelukast Sodium","4 mg",tablet,حبة,شريط,28,"ABDIIbrahim","Unknown","Respiratory drugs Bronchial",401,7
5ae2915d-7c03-440b-84a7-82b0e31f8ba7,MED-12794,"One-Alpha","One-Alpha (انتهبثبد انؼظبو)","Alfacalcidol","",other,وحدة,علبة,1,"LED pharma","Unknown","Vitamines and Menirals Osteoarthritis",402,1
2a9b4289-2aa5-47fc-8a99-b12c8afd06dd,MED-12795,"One - Alpha 0.25 mcg","One - Alpha 0.25 mcg","Alfacalcidol tablet 0.25 mcg .","0.25 mcg",tablet,حبة,شريط,100,"LEO","Denmark","Vitamines and Menirals Ricketsia انكغبح",402,2
9521af51-2fc5-4af8-8568-1a4a2352fb42,MED-12796,"ONSET - 4","ONSET - 4 (vomiting ٌ انغث ٍب وانطشػ)","Ondansetron Hydrochloride 4 mg","4 mg",tablet,حبة,شريط,60,"RFA","Yemen","Gastro Intestinal drugs Nausea and",402,3
f5ce51e1-4bc1-41f6-804e-6bcf481bd22e,MED-12797,"Opera","Opera (ان ًؼذح)","Omeprazole","",other,وحدة,علبة,1,"Unknown","Unknown","Gastro Intestinal drugs Peptic ulcer لشحخ",402,4
d908e7e6-7d0e-4b61-81c3-1c0a8b67b498,MED-12798,"Opizole-B","Opizole-B (األنتهبثبد انجذنذ ٌخ)","Clotrimazole","",cream,أنبوب,علبة,20,"Unknown","Unknown","Antifungals Dermatitis",402,5
772b5672-f6f6-43eb-8997-dbdbb2d5f3c1,MED-12799,"OPRED 20 mg","OPRED 20 mg (األنتهبثبد)","Prednisolone Acetate","20 mg",tablet,حبة,شريط,30,"Unknown","Unknown","Corticosteroid Inflammations",402,6
a8be36bb-c288-43ef-8081-a46ab90c90de,MED-12800,"OPSAR","OPSAR","Sulfacetamide","",drops,مل,قطارة,5,"Thai P.D","Thailand","Antibacterial Eye ٍٍ انؼ",402,7
59d9e0ea-d560-4ef2-8c52-a7d6ce4f2294,MED-12801,"OPSARDEX","OPSARDEX","Dexamethasone Phosphate + Neomycin Sulfate","",drops,مل,قطارة,1,"Thai","Thailand","Antibacterial Eye ٍٍ انؼ",403,1
835c0ce5-423f-49df-8cef-b8a6c9feaedc,MED-12802,"Optal","Optal","Combination","",syrup,مل,قارورة,100,"Olan","Unknown","Unknown Eye ٍٍ انؼ",403,2
1eb4e721-a67f-4589-8b55-db2936039da7,MED-12803,"Optanac","Optanac","Unknown","",syrup,مل,قارورة,5,"Unknown","Unknown","Unknown Eye ٍٍ انؼ",403,3
5fbe2c1c-df23-4d8f-8812-076f5f990bdb,MED-12804,"Opticin","Opticin","Ciprofloxacin Hydrochloride","",drops,مل,قطارة,1,"Jamjoum Pharma","","Antibacterial Eye ٍٍ انؼ Saudi Arabia",403,4
3f76986c-4a3d-4dd3-8961-b08221c95413,MED-12805,"Optilone","Optilone","Fluorometholone","",drops,مل,قطارة,1,"Unknown","Unknown","Corticosteroid Eye ٍٍ انؼ",403,5
8ce70a9c-7a73-415b-8fd7-68af00b8b3a7,MED-12806,"OPTOVITE B 12","OPTOVITE B 12 (Deficiency َمص ف ٍتبي ٍُبد)","Vitamin B 12 1000 gammas","1000 g",injection,أمبولة,باكت,1,"Normon","Spain","Vitamines and Menirals Vitamins",403,6
f1c8d6d2-b4af-4b4c-8441-4487757ed65f,MED-12807,"Oracure","Oracure (Local انتخذ ٌش ً ان ًىضؼ)","Cetylpyridinium Central Nervous chloride 0,1 g","1 g",other,وحدة,علبة,2,"Amoun Pharmaceutical Co.","Unknown","system drugs Anaesthetics",403,7
ea6e7020-d18e-4028-8493-b52e688ee4c2,MED-12808,"Orafresh","Orafresh (انغغىالد انف ًى ٌخ)","Thymol 0.06 % + Benzoic acid 0.15 % + Eucalyptol 0.09 % + Menthol 0.04 % + Methyl","0.06 %",syrup,مل,قارورة,100,"Pharmacare","Yemen","Antiseptic and Desinfectants Mouth Wash",404,1
70f29c8e-e879-4b04-8247-b429d006f803,MED-12809,"oral contraceptive","oral contraceptive (يىا َغ انح ًم)","levonorgestrel 0.03","",tablet,حبة,شريط,21,"BAYER","Germany","Gynaecology drugs Contraceptives",404,2
85bfe21f-99ea-4a5b-8406-db7990cc37bc,MED-12810,"Oralux","Oralux (Microbial Infections)","Cefpodoxime Proxetil","",capsule,كبسولة,شريط,1,"Alpha","Syria","Antibiotics ًٍكشوث ٍخ األصبثبد ان",404,3
a3d52d83-1a79-402e-89f2-5622e00b07b7,MED-12811,"Oralux","Oralux (Microbial Infections)","Cefpodoxime Proxetil","",syrup,مل,قارورة,60,"Alpha","Syria","Antibiotics ًٍكشوث ٍخ األصبثبد ان",404,4
4ceb8b70-609e-4b34-854d-3e117e4f4e0f,MED-12812,"Oran-C","Oran-C (Deficiency َمص ف ٍتبي ٍُبد)","Each efferv . tablet contains : Vitamin C B . P . 1000 mg","1000 mg",tablet,حبة,شريط,10,"Pharmacare","Yemen","Vitamines and Menirals Vitamins",404,5
075a8445-0769-4ebc-8491-80f5832af9d0,MED-12813,"ORAS","ORAS (َضالد انجشد)","Different Lozenges Ingredients","",other,وحدة,علبة,24,"ORAS","Unknown","Antiseptic and Desinfectants Common Cold",404,6
5e612195-4816-433e-86a7-9b5ba0fac509,MED-12814,"Oraxetil 100 mg","Oraxetil 100 mg (Microbial Infections)","Cefpodoxime Proxetil","100 mg",tablet,حبة,شريط,1,"NCPI","Unknown","Antibiotics ًٍكشوث ٍخ األصبثبد ان",404,7
dfcb4b46-3496-46ba-866d-7f791ea15599,MED-12815,"Oraxetil 200 mg","Oraxetil 200 mg (Microbial Infections)","Cefpodoxime Proxetil","200 mg",tablet,حبة,شريط,1,"NCPI","Unknown","Antibiotics ًٍكشوث ٍخ األصبثبد ان",405,1
c9ecb0d6-c6db-4b5b-8fcc-f74a9bd68ee6,MED-12816,"Orazone","Orazone (األنتهبثبد)","Dexamethasone","",syrup,مل,قارورة,100,"ADCO","Egypt","Corticosteroid Inflammations",405,2
ec014043-c4b6-4dd7-8760-1b34651eb625,MED-12817,"Orchapred","Orchapred","Prednisolone Acetate 1 %","1 %",suspension,مل,قارورة,10,"Orchidia Pharma","Egypt","Ophthalmic drugs Eye ٍٍ انؼ",405,3
6068db8d-2498-4074-8d81-70118c49bf91,MED-12818,"Orchazid","Orchazid","Ketotifen Fumarate 0.025%","0.025%",syrup,مل,قارورة,5,"Orchidia Pharma","Egypt","Ophthalmic drugs Eye ٍٍ انؼ",405,4
c643ae9e-0634-4ee0-8d4f-355561d94282,MED-12819,"ORDAZOLE","ORDAZOLE (Gardiasis جبسد ٌب واي ٍج ٍب)","Orinidazole","",tablet,حبة,شريط,10,"MEYER","Unknown","Antiprtozoal Amoebiasis ,",405,5
e0093d97-ed11-4c19-8805-344a2e6487f1,MED-12820,"Oringinal GuavaL eaf","Oringinal GuavaL eaf (َضالد انجشد)","herbal extract cough &common cold","",syrup,مل,قارورة,120,"oringinal","Unknown","Respiratory drugs Common Cold",405,6
fc2ab8a8-94d7-43cd-89e8-deba9d8274e9,MED-12821,"Oritaxim 1000","Oritaxim 1000 (Infections األصبثبد انجكت ٍش ٌخ)","Cefotaxime Sodium","",injection,أمبولة,باكت,1,"CADILA","India","Antibacterial Bacterial",405,7
004576a1-e17b-4260-8e70-681a0a9da33d,MED-12822,"Oritaxim 250","Oritaxim 250 (Infections األصبثبد انجكت ٍش ٌخ)","Cefotaxime Sodium","",injection,أمبولة,باكت,1,"CADILA","India","Antibacterial Bacterial",406,1
fda69e0d-337e-4b38-86e6-575c6b2101b3,MED-12823,"Oritaxim 500","Oritaxim 500 (Infections األصبثبد انجكت ٍش ٌخ)","Cefotaxime Sodium","",injection,أمبولة,باكت,1,"CADILA","India","Antibacterial Bacterial",406,2
cf577bc9-6b7d-4a32-8407-853a0a907f15,MED-12824,"ORIZOL 500","ORIZOL 500 (Gardiasis جبسد ٌب واي ٍج ٍب)","Orinidazole","",tablet,حبة,شريط,10,"RFA","Yemen","Antiprtozoal Amoebiasis ,",406,3
015c6f9a-5fd1-41d9-8387-2f8ea1847d6f,MED-12825,"ORIZOL PLUS","ORIZOL PLUS (Gardiasis جبسد ٌب واي ٍج ٍب)","Orinidazole 500 mg + Ofloxacin 200 mg","500 mg",tablet,حبة,شريط,10,"RFA","Yemen","Antiprtozoal Amoebiasis ,",406,4
e9e5e368-2eec-4e3e-8585-1c601b0ed496,MED-12826,"Orlimac","Orlimac","orlistat capsules 120 mg","120 mg",tablet,حبة,شريط,3,"MACLEODS","India","Gastro Intestinal drugs Obesity",406,5
61516577-3bc0-4baf-87c0-f05ccc2b4751,MED-12827,"Orlimac","Orlimac","Orlistat 120 mg / cap","120 mg",capsule,كبسولة,شريط,3,"Shiba pharma","Yemen","Gastro Intestinal drugs Obesity",406,6
6cd20a8c-1772-4b89-8f03-29d15a5001aa,MED-12828,"OROBI 3","OROBI 3 (Deficiency َمص ف ٍتبي ٍُبد)","vit B 1 100 mg + B 6 50 mg + B 12 1000 mcg","100 mg",injection,أمبولة,باكت,10,"Jinlling pharmaceutical","China","Vitamines and Menirals Vitamins",406,7
4c315190-9e64-43a6-893c-4e1c0c956a3a,MED-12829,"Orofar","Orofar (Local انتخذ ٌش ً ان ًىضؼ)","WithLidocaine Central Nervous","",spray,بخة,علبة,1,"NOVARTIS","Switzerland","system drugs Anaesthetics",407,1
6cad6974-792f-4d44-8798-e55ef77378ca,MED-12830,"Orovex","Orovex (انغغىالد انف ًى ٌخ)","Combination","",syrup,مل,قارورة,250,"MACRO","Unknown","Antiseptic and Desinfectants Mouth Wash",407,2
197b08ad-4131-4e73-8194-11eba97bee0d,MED-12831,"Orphamol","Orphamol (disease يشض انشػبػ)","Orphenadrine Citrate 35 mg + paracetamol","35 mg",tablet,حبة,شريط,20,"RAMEDA","Egypt","Muscle relaxations Parkinson ' s",407,3
9986d7c0-dac8-4e69-8fe3-af5562745e06,MED-12832,"ORS","ORS","Combination","",other,وحدة,علبة,25,"SAOG","Oman","Gastro Intestinal drugs Diarrhea األعهبل",407,4
cf72b224-3bec-482d-85cd-71620793749b,MED-12833,"OSCAL","OSCAL (انتهبثبد انؼظبو)","Calcium 600 mg + Vitamin D 200 i . u","600 mg",tablet,حبة,شريط,30,"Y.E.PHARMA","Yemen","Vitamines and Menirals Osteoarthritis",407,5
7cc89867-6152-46fc-8128-7f2762b72e44,MED-12834,"OSEN","OSEN (Microbial Infections)","Phenoxymethylpe nicillin 250 mg / ml","250 mg",syrup,مل,قارورة,100,"Modern Pharama","Yemen","Antibiotics ًٍكشوث ٍخ األصبثبد ان",407,6
0e79b180-3061-4cc4-8364-bbab5f7d9c37,MED-12835,"Ospafel cap","Ospafel cap (Disorders اضطشاثبد انكجذ)","alphapinine +beta pinine +broneol+cineol","",tablet,حبة,شريط,100,"ospa pharma","Unknown","Gastro Intestinal drugs Hepatic",407,7
20ab0b97-2f58-4aad-8177-beff4e7b2410,MED-12836,"Ospaine","Ospaine (Microbial Infections)","Penicillin V Potassium","",tablet,حبة,شريط,20,"Unknown","Unknown","Antibiotics ًٍكشوث ٍخ األصبثبد ان",408,1
447e300d-927b-41a1-862b-3b276019c561,MED-12837,"Osparen","Osparen (Infection اصبثبد ً انجهبص انجىن)","Rhiz . Torment . 05 gm + Fruct . Ros . Can 0.05 gm + Herb . Equiseti 0.05 gm +","05 g",other,وحدة,علبة,1,"OSPAPHARM","Germany","Urinary tract drugs Urinary Tract",408,2
8ec2cba6-3060-488f-8410-a3a37afbf98a,MED-12838,"Osteo -Mix","Osteo -Mix (انتهبثبد انؼظبو)","Vitamin D Substances","",tablet,حبة,شريط,20,"Sandoz","Unknown","Osteoarthritis drugs Osteoarthritis",408,3
5ec86b3a-d18f-4e2c-8d1a-e1f01ebfcd54,MED-12839,"OSTEO-ALFA","OSTEO-ALFA","Alpha calciferol","",capsule,كبسولة,شريط,1,"United","Jordan","Vitamines and Menirals Ricketsia انكغبح",408,4
621389dc-dcbb-47f3-8672-20c654bf4c6b,MED-12840,"Osteobion","Osteobion (انتهبثبد انؼظبو)","calcium + Magnesium + zinc + vitamin D 3 / tab .","",tablet,حبة,شريط,30,"BIOPHARM","Yemen","Vitamines and Menirals Osteoarthritis",408,5
b338233b-145f-46a9-8321-4eaaa8107bb4,MED-12841,"Osteocare ???","Osteocare ??? (انتهبثبد انؼظبو)","Calcium 300 mg + Magnesium 150 mg + Zinc 6 mg + Vitamin D 3.8 μg / 10 ml","300 mg",syrup,مل,قارورة,200,"Vitabiotics","Unknown","Vitamines and Menirals Osteoarthritis",408,6
a25bb3ab-913d-4514-88d7-a45fe5d0d34a,MED-12842,"Osteocare Tablets","Osteocare Tablets (انتهبثبد انؼظبو)","calcium 800 mg , Magnesiu m 200 mg , zinc 8 mg , vitamin D 3 400 IU","800 mg",tablet,حبة,شريط,30,"VITABIOTICS","Unknown","Vitamines and Menirals Osteoarthritis",408,7
e299a1bd-0eac-460c-8683-c29c212b0efd,MED-12843,"Osteocare هكشس","Osteocare هكشس (انتهبثبد انؼظبو)","calcium 800 mg , Magnesiu m 200 mg , zinc 8 mg , vitamin D 3 400 IU","800 mg",tablet,حبة,شريط,30,"VITABIOTICS","Unknown","Vitamines and Menirals Osteoarthritis",409,1
97443c7c-d41a-45d4-855a-1ca7919986e2,MED-12844,"Osteoflex","Osteoflex (انتهبثبد انؼظبو)","Glucosamin 500 mg + Chondroitin 400 mg","500 mg",tablet,حبة,شريط,30,"Health Aid","Thailand","Osteoarthritis drugs Osteoarthritis",409,2
6e6dae4a-c43b-4190-8b4a-4dd21d227765,MED-12845,"Osteo-Health","Osteo-Health (انتهبثبد انؼظبو)","Calcium Carbonate 1500 mg / tablet .","1500 mg",tablet,حبة,شريط,30,"Modern Pharama","Yemen","Vitamines and Menirals Osteoarthritis",409,3
b92de386-1e81-495b-8d6c-6e259ff063ba,MED-12846,"Osteomeal","Osteomeal (انتهبثبد انؼظبو)","calcium 1250 mg & magnesi um 40 mg & zinc 7.50 mg & vit D 250 IU / tab .","1250 mg",tablet,حبة,شريط,24,"Modern Pharama","Yemen","Vitamines and Menirals Osteoarthritis",409,4
db640253-e429-4cf2-8e8f-1cace6ea8ae5,MED-12847,"OSTOVAL","OSTOVAL (انتهبثبد انؼظبو)","Ca+ Vit D , Meg., Zinc","",tablet,حبة,شريط,14,"EGYPHAR","Egypt","Vitamines and Menirals Osteoarthritis",409,5
50f620c8-c42f-4f10-85c4-641c42d8c4a3,MED-12848,"OSTRON","OSTRON (انتهبثبد انؼظبو)","Vit D 5 IU , Vit . B 6 2 mg , folic acid 400 mcg , calcium 800 mg , magnesium 400 mcg zinc","5 IU",tablet,حبة,شريط,60,"LIFEPLAN","Unknown","Vitamines and Menirals Osteoarthritis",409,6
de9774a7-6402-46f6-8f76-05fcf4c5fdea,MED-12849,"Otocalm","Otocalm (( E . N . T ) األ َف ٌ وانح ُجشح واألر)","Combination","",drops,مل,قطارة,10,"PHARCO","Egypt","Unknown Ear Nose Throat",409,7
4d62ad64-a9bf-478d-8c4f-a0143ba88187,MED-12850,"Otrivin 0.05%","Otrivin 0.05% (َضالد انجشد)","Xylometazolin HCL 0.05%","0.05%",drops,مل,قطارة,10,"NOVARTIS","Switzerland","Respiratory drugs Common Cold",410,1
4dff7c12-0db0-4104-8003-ad40ab9a6be4,MED-12851,"Otrivin 0.1%","Otrivin 0.1% (َضالد انجشد)","Xylometazolin HCL 0.1%","0.1%",drops,مل,قطارة,1,"NOVARTIS","Switzerland","Respiratory drugs Common Cold",410,2
71b76c8d-0f42-4efd-80c3-70285ba7f75f,MED-12852,"Otrivin 0.1%","Otrivin 0.1% (( E . N . T ) األ َف ٌ وانح ُجشح واألر)","Xylometazoline Hydrochloride","0.1%",drops,مل,قطارة,10,"Unknown","Unknown","Respiratory drugs Ear Nose Throat",410,3
4572767b-b05a-4965-869d-798c260a1a73,MED-12853,"OVA-MIT","OVA-MIT","CLOMIPHENE","",tablet,حبة,شريط,10,"REMEDICA","Unknown","Gynaecology drugs Infertility انؼمى",410,4
c1efb28e-59ba-4a62-8b49-0ca82bc0d47a,MED-12854,"Ovumix","Ovumix","Miconazole nitrate+Metronida zole+Neomycin Sulfate+Polymyxi n Sulfate","",other,وحدة,علبة,6,"ELEN","Argentina","Antifungals Vaginal ان ًهجم",410,5
f2e24eb0-7c5a-436a-875f-24fc7c953c39,MED-12855,"OXETINE - 20","OXETINE - 20 (األيشاض انؼمه ٍخ)","Fluoxetine tablet Central Nervous 10 mg","10 mg",tablet,حبة,شريط,10,"JPM","Jordan","system drugs Mental Disorders",410,6
64c03f2f-202a-468f-83f8-04a9d1073ca4,MED-12856,"OXETOL - 300","OXETOL - 300","Oxcarbazepine Central Nervous tablet 300 mg .","300 mg",tablet,حبة,شريط,30,"SUN","India","system drugs Epilepsy انصشع",410,7
b6bd0557-1acc-4ef3-8e58-c6a75c258df1,MED-12857,"Ozip - 10","Ozip - 10 (األيشاض انؼمه ٍخ)","Olanzapin tablet Central Nervous 10 mg","10 mg",tablet,حبة,شريط,30,"MEDLEY","India","system drugs Mental Disorders",411,1
e05a822e-17ba-4489-8736-85d92a9b6fb3,MED-12858,"P.T.B.","P.T.B. (( T . B ) ٌ انذس)","Pyrazinamide","",tablet,حبة,شريط,20,"AMOUN","Egypt","Antibiotics Tuberculosis",411,2
91b4615f-ba7a-4d6f-8527-1bc23aaefc4b,MED-12859,"PACETAMOL","PACETAMOL (Analgesic يهذئبد األوجبع وانح ًى)","Each 2 ml contains 300 mg paracetamol + Lidocaine 20 mg","2 ml",injection,أمبولة,باكت,10,"ANB Laboratories CO.LTD.","Thailand","Non-Steroidal Anti- Antipyretic -",411,3
35241316-d83a-48b3-8b5d-7fe98c709ef0,MED-12860,"Painex forte","Painex forte (األوجبع)","Mefenamic Acid","",capsule,كبسولة,شريط,20,"JOSWE","Jordan","Non-Steroidal Anti- Analgesic يهذئبد",411,4
5bca7b1b-9a48-4664-8670-a5cadce76485,MED-12861,"Painpyrin","Painpyrin (األوجبع)","Combination","",tablet,حبة,شريط,1,"BMP","Thailand","Non-Steroidal Anti- Analgesic يهذئبد",411,5
7d389de0-0722-4749-8668-0d6fc240253b,MED-12862,"Panadol","Panadol (Analgesic يهذئبد األوجبع وانح ًى)","Paracetamol","",suspension,مل,قارورة,100,"gsk glaxosmithkline","UK","Non-Steroidal Anti- Antipyretic -",411,6
596443a2-998d-4cba-8ad0-c5d4cd99c2a7,MED-12863,"Panadol","Panadol (َضالد انجشد)","pseudoephedrine +paracetamol+chl oraphiniramine","",tablet,حبة,شريط,24,"gsk glaxosmithkline","UK","Respiratory drugs Common Cold",411,7
ce72046d-4224-45bf-8547-7c035ad24183,MED-12864,"Panadol Baby","Panadol Baby (Analgesic يهذئبد األوجبع وانح ًى)","Paracetamol suspension 120 mg / 5 ml .","120 mg / 5 ml",suspension,مل,قارورة,100,"gsk GlaxoSmithklin","UK","Nonsteroidal Anti- Antipyretic -",412,1
6290b8eb-4881-45dc-83da-6d4c46e77eec,MED-12865,"panadol Cold+flu","panadol Cold+flu (َضالد انجشد)","paracetamol+chlor pheniramine","",capsule,كبسولة,شريط,24,"glaxosmithkline","UK","Respiratory drugs Common Cold",412,2
75b6a70c-167a-4898-8515-a2f9a7d532ec,MED-12866,"Panadol Sinus","Panadol Sinus (Analgesic يهذئبد األوجبع وانح ًى)","paracetamol + pseudoephedrin","",capsule,كبسولة,شريط,1,"glaxosmithkline","UK","Nonsteroidal Anti- Antipyretic -",412,3
7713e782-47c3-42e4-8f01-bb0e5c5fe788,MED-12867,"Panadol Advance","Panadol Advance (Analgesic يهذئبد األوجبع وانح ًى)","Paracetamol tablet 500 mg .","500 mg",tablet,حبة,شريط,96,"gskGlaxoSmith klin","UK","Nonsteroidal Anti- Antipyretic -",412,4
6beb05a2-a981-4e85-815c-dbfc6131aa92,MED-12868,"Panadol Advance","Panadol Advance (Analgesic يهذئبد األوجبع وانح ًى)","Paracetamol","",tablet,حبة,شريط,24,"gsk glaxosmithkline","UK","Non-Steroidal Anti- Antipyretic -",412,5
c4714489-9add-4f04-8eef-3a74f2d523a2,MED-12869,"Panadol Cap","Panadol Cap (Analgesic يهذئبد األوجبع وانح ًى)","Paracetamol 500 mg + psedoephe drine 30 mg per caplet .","500 mg",capsule,كبسولة,شريط,1,"gskGlaxoSmith klin","UK","Nonsteroidal Anti- Antipyretic -",412,6
898ee762-6a97-4ef1-829e-2cbab0e5e2c8,MED-12870,"Panadol Caplets","Panadol Caplets (Analgesic يهذئبد األوجبع وانح ًى)","Paracetamol","",capsule,كبسولة,شريط,1,"Unknown","Unknown","Non-Steroidal Anti- Antipyretic -",412,7
42ff3f75-ff03-415a-8e14-ad9bc01306d8,MED-12871,"Panadol Caplets","Panadol Caplets (َضالد انجشد)","pseudoephedrine +paracetamol + chloraphiniramine","",capsule,كبسولة,شريط,1,"gsk glaxosmithkline","UK","Respiratory drugs Common Cold",413,1
33282008-b16f-4ae3-800c-ac32175794d2,MED-12872,"Panadol cold+flu","Panadol cold+flu (Analgesic يهذئبد األوجبع وانح ًى)","Paracetamol 500 mg + psedoephe drine 30 mg + chlorphenir amine 2 mg per caplet .","500 mg",capsule,كبسولة,شريط,1,"gsk GlaxoSmithklin e","UK","Nonsteroidal Anti- Antipyretic -",413,2
551e5eb7-8931-4887-82f7-fed8a5b002a5,MED-12873,"Panadol COLD+FLU","Panadol COLD+FLU (Analgesic يهذئبد األوجبع وانح ًى)","Paracetamol 250 mg + phenyleph irne HCL 5 mg + Guaifenrsin 100 mg per tablet .","250 mg",tablet,حبة,شريط,24,"gsk GlaxoSmithklin","UK","Nonsteroidal Anti- Antipyretic -",413,3
5a2fd331-9eec-416d-848b-7110e936bb53,MED-12874,"Panadol Cold+Flu","Panadol Cold+Flu (َضالد انجشد)","pseudoephedrine +paracetamol + chloraphiniramine","",other,وحدة,علبة,10,"gsk glaxosmithkline","UK","Respiratory drugs Common Cold",413,4
469db13e-4f07-4d70-84a9-203f8a4f34eb,MED-12875,"Panadol COLD+FLU DAY","Panadol COLD+FLU DAY (Analgesic يهذئبد األوجبع وانح ًى)","Paracetamol 500 mg + psedoephe drine 30 mg + loratedin 5 mg per caplet .","500 mg",capsule,كبسولة,شريط,1,"gskGlaxoSmith klin","UK","Nonsteroidal Anti- Antipyretic -",413,5
c8a60987-4358-4993-8321-ac01a2261126,MED-12876,"Panadol Extra","Panadol Extra (Analgesic يهذئبد األوجبع وانح ًى)","Paracetamol","",tablet,حبة,شريط,24,"Unknown","Unknown","Non-Steroidal Anti- Antipyretic -",413,6
6f3ed8cb-dcb2-4390-8705-e250850c9b03,MED-12877,"Panadol night","Panadol night (Analgesic يهذئبد األوجبع وانح ًى)","Paracetamol 500 mg + diphenhyd ramine 25 mg / caplet","500 mg",capsule,كبسولة,شريط,1,"gsk GlaxoSmithklin","UK","Nonsteroidal Anti- Antipyretic -",413,7
965396a2-56ff-429c-8ca6-9ccc57510ace,MED-12878,"Panadol sinus","Panadol sinus (َضالد انجشد)","pseudoephedrine + paracetamol 1000 mg","1000 mg",tablet,حبة,شريط,24,"gsk glaxosmithkline","UK","Respiratory drugs Common Cold",414,1
66d3be85-19df-4d7c-8058-06c23932687d,MED-12879,"Panadol Susp","Panadol Susp (Analgesic يهذئبد األوجبع وانح ًى)","Paracetamol suspension 240 mg / 5 ml .","240 mg / 5 ml",other,وحدة,علبة,1,"gsk GlaxoSmithklin","UK","Nonsteroidal Anti- Antipyretic -",414,2
2f194f19-2327-4fb8-8e00-6c937f040599,MED-12880,"Panadol Tablets","Panadol Tablets (Analgesic يهذئبد األوجبع وانح ًى)","Paracetamol tablet 500 mg .","500 mg",tablet,حبة,شريط,20,"gskGlaxoSmith klin","UK","Nonsteroidal Anti- Antipyretic -",414,3
250eb7b6-de08-4c4b-80ea-d6a1fc43526a,MED-12881,"Panadol-Joint","Panadol-Joint (Analgesic يهذئبد األوجبع وانح ًى)","Paracetamol 665 mg per tablet .","665 mg",tablet,حبة,شريط,18,"gskGlaxoSmith klin","UK","Nonsteroidal Anti- Antipyretic -",414,4
39a0633b-93fc-4b6f-8121-6ddf06ff8597,MED-12882,"Panalgic","Panalgic (Analgesic يهذئبد األوجبع وانح ًى)","Paracetamol 500 mg + caffeine 50 mg / effervesent tablet .","500 mg",tablet,حبة,شريط,16,"Sothema","Morocco","Nonsteroidal Anti- Antipyretic -",414,5
da2e5d2c-bd78-4ac6-877e-18b60f32f03d,MED-12883,"Panamol","Panamol (Analgesic يهذئبد األوجبع وانح ًى)","Paracetamol drops 100 mg / ml .","100 mg",suspension,مل,قارورة,15,"Shaphaco","Yemen","NSAID Antipyretic -",414,6
49b3f0bb-bfd0-4b9f-8d65-28b1cf15d796,MED-12884,"Panamox","Panamox (ٌ انشبئؼخ انذ ٌذا)","Mebendazole","",tablet,حبة,شريط,1,"Unknown","Unknown","Anthelmentic Common Worms",414,7
d4a94f33-371d-428b-8d5f-8988c0642686,MED-12885,"Pan- Benzathinpenicilli","Pan- Benzathinpenicilli (Microbial Infections)","Penicillin G Benzathine","",injection,أمبولة,باكت,1,"Pan pharma","France","Antibiotics ًٍكشوث ٍخ األصبثبد ان",415,1
869e9c5b-a380-4b10-8b27-91b657991889,MED-12886,"Pan-Benzyl penicillin","Pan-Benzyl penicillin (Microbial Infections)","Penicillin G(Benzylpenicilli n)","",injection,أمبولة,باكت,1,"Pan pharma","France","Antibiotics ًٍكشوث ٍخ األصبثبد ان",415,2
0a2fb3bd-e502-4a9b-8762-1697aef9c848,MED-12887,"PANDERM","PANDERM (األنتهبثبد انجذنذ ٌخ)","Nystatin + Neomycin Sulfate + Gramicidin + Triamcinolone Acetonide","",cream,أنبوب,علبة,15,"Julphar","UAE","Corticosteroid Dermatitis",415,3
e40cf6c9-4f9d-4d8a-84ea-18d6e4fa5cb3,MED-12888,"PANDERM","PANDERM (األنتهبثبد انجذنذ ٌخ)","Nystatin + Neomycin Sulfate + Gramicidin + Triamcinolone Acetonide","",ointment,أنبوب,علبة,15,"Julphar","UAE","Corticosteroid Dermatitis",415,4
33feea11-52cf-46c4-8564-eba49a37c480,MED-12889,"Pan - Gentamicin 80 mg","Pan - Gentamicin 80 mg (Infections ًٍكشوث ٍخ األصبثبد ان انخط ٍشح)","Gentamicin 80 mg / 2 ml","80 mg",injection,أمبولة,باكت,10,"PANPHARMA","","Antibiotics Serious M .",415,5
02ec619a-ec39-4103-8b10-24c7457b7ddc,MED-12890,"Pangesic Forte","Pangesic Forte (األوجبع)","Mefenamic Acid","",tablet,حبة,شريط,50,"RAM PHARMA","Jordan","Non-Steroidal Anti- Analgesic يهذئبد",415,6
bec834fd-95e7-4025-8146-3c288e480e17,MED-12891,"Pankreoflat","Pankreoflat (انهضى)","Pancreatine 170 mg + Dimethylpolysilox ane 80 mg","170 mg",tablet,حبة,شريط,20,"SOLVAY","Germany","Gastro Intestinal drugs Indigestion عىء",415,7
6057ddc3-4c8f-4519-8bae-af0d4300ba57,MED-12892,"Pan-procaine penicillin","Pan-procaine penicillin (Microbial Infections)","Penicillin G Procaine","",injection,أمبولة,باكت,1,"Pan pharma","France","Antibiotics ًٍكشوث ٍخ األصبثبد ان",416,1
ab64fc6d-bd63-43c2-823e-c6d39e5e6d48,MED-12894,"PANTAKUM - 40","PANTAKUM - 40 (ان ًؼذح)","Ranitidine","",tablet,حبة,شريط,10,"Akums Drugs","India","Gastro Intestinal drugs Peptic ulcer لشحخ",416,3
e27f0d3d-6e1b-404d-81b8-84408cb08721,MED-12895,"Pantaz","Pantaz (ان ًؼذح)","pantoprazole","",tablet,حبة,شريط,14,"Medfey","Unknown","Gastro Intestinal drugs Peptic ulcer لشحخ",416,4
90023142-2dd6-4e1d-8625-522091718020,MED-12896,"Pantazol","Pantazol (ان ًؼذح)","Pantoprazole 40 mg","40 mg",tablet,حبة,شريط,14,"SIGMA","Unknown","Gastro Intestinal drugs Peptic ulcer لشحخ",416,5
76719d9d-a0ad-49f9-8c05-0ca8aa75bab4,MED-12897,"PANTAZOL 40 mg","PANTAZOL 40 mg (ان ًؼذح)","pantoprazole","40 mg",tablet,حبة,شريط,15,"Nycomed Viena,","Austria","Gastro Intestinal drugs Peptic ulcer لشحخ",416,6
9082dcf2-f26b-492c-8d55-79a946000921,MED-12898,"Panthen-E","Panthen-E (األنتهبثبد انجذنذ ٌخ)","Unknown","",cream,أنبوب,علبة,40,"Unknown","Unknown","Skin Disorders Dermatitis",416,7
29e6e774-93e8-4f71-830e-7b1f6bae7556,MED-12899,"Panthophil","Panthophil (األنتهبثبد انجذنذ ٌخ)","Combination","",ointment,أنبوب,علبة,30,"Unknown","Unknown","Skin Disorders Dermatitis",417,1
0a1f4dcb-e593-4854-8ceb-7e766adbc3f9,MED-12900,"Panthophil","Panthophil (األنتهبثبد انجذنذ ٌخ)","Unknown","",cream,أنبوب,علبة,30,"Unknown","Unknown","Skin Disorders Dermatitis",417,2
3748669f-5163-4019-89cf-02e3f7a494ae,MED-12901,"Pantocare - 40 mg","Pantocare - 40 mg (ان ًؼذح)","Each capsule contains Pantoprazole 40 mg mg as enteric - coated pellets .","40 mg",capsule,كبسولة,شريط,14,"Pharmacare","Yemen","Gastro Intestinal drugs Peptic ulcer لشحخ",417,3
d5681c04-4067-4a44-815d-caeed1925097,MED-12902,"Pantocid","Pantocid (ان ًؼذح)","Pantoprazole 40 mg","40 mg",tablet,حبة,شريط,1,"SUN Pharma","India","Gastro Intestinal drugs Peptic ulcer لشحخ",417,4
e116abef-766f-4241-8a50-cfa374892924,MED-12903,"Pantocid 40 mg","Pantocid 40 mg (ان ًؼذح)","Pantoprazole","40 mg",injection,أمبولة,باكت,1,"SUN Pharma","India","Gastro Intestinal drugs Peptic ulcer لشحخ",417,5
5d016cdd-8505-423b-8741-0ec2a45a2b3c,MED-12904,"Pantodar","Pantodar (ان ًؼذح)","pantoprazole","",capsule,كبسولة,شريط,14,"Dar Al Dawa","Jordan","Gastro Intestinal drugs Peptic ulcer لشحخ",417,6
99f541b7-47b5-48e3-887f-b552320c965b,MED-12905,"Pantogar","Pantogar (األنتهبثبد انجذنذ ٌخ)","Unknown","",capsule,كبسولة,شريط,90,"Unknown","Unknown","Skin Disorders Dermatitis",417,7
3a5ae378-687c-4b28-8613-26768b4aeb6f,MED-12906,"Pantoloc","Pantoloc (ان ًؼذح)","pantoprazole","",tablet,حبة,شريط,14,"MUP","Egypt","Gastro Intestinal drugs Peptic ulcer لشحخ",418,1
116fa690-08e6-4897-801d-b7ae0f99719e,MED-12907,"Pantoloc","Pantoloc (ان ًؼذح)","pantoprazole","",tablet,حبة,شريط,14,"NOVARTIS","Switzerland","Gastro Intestinal drugs Peptic ulcer لشحخ",418,2
626549ef-5507-468d-8494-9b5498e1a4ae,MED-12908,"Pantoloc - 40","Pantoloc - 40 (ان ًؼذح)","Pantoprazole","",tablet,حبة,شريط,14,"MUP","Egypt","Gastro Intestinal drugs Peptic ulcer لشحخ",418,3
67fc5e4c-52a7-4318-87fe-e792cdb48c11,MED-12909,"Pantoloc - 40","Pantoloc - 40 (ان ًؼذح)","Pantoprazole 40 mg","40 mg",tablet,حبة,شريط,14,"MUP","Egypt","Gastro Intestinal drugs Peptic ulcer لشحخ",418,4
f18852fb-63de-4a49-8ef9-2787b0574992,MED-12910,"Pantomax","Pantomax (ان ًؼذح)","pantoprazole","",tablet,حبة,شريط,30,"Saja pharmaceutical","","Gastro Intestinal drugs Peptic ulcer لشحخ Saudi Arabia",418,5
67f11f3f-be7d-4fcb-895b-9cf5e4cd0fdb,MED-12911,"Pantosec","Pantosec (ان ًؼذح)","Pantoprazole 40 mg","40 mg",tablet,حبة,شريط,14,"CIPLA","India","Gastro Intestinal drugs Peptic ulcer لشحخ",418,6
732ee686-d10f-4910-8258-6df616b5f54d,MED-12912,"Pantozol","Pantozol (ان ًؼذح)","Pantoprazole 20 mg","20 mg",tablet,حبة,شريط,15,"Unknown","Unknown","Gastro Intestinal drugs Peptic ulcer لشحخ",418,7
f4e8186d-5e76-4f78-8243-552b4af92cda,MED-12913,"Pantozol 40","Pantozol 40 (ان ًؼذح)","Pantoprazole","",other,وحدة,علبة,1,"Unknown","Unknown","Gastro Intestinal drugs Peptic ulcer لشحخ",419,1
0de026b2-d592-4610-8a7c-0db50246827f,MED-12914,"Pantrol 40 mg","Pantrol 40 mg (ان ًؼذح)","Pantoprazole","40 mg",tablet,حبة,شريط,14,"Modern Pharama","Yemen","Gastro Intestinal drugs Peptic ulcer لشحخ",419,2
6eb81cbb-a4b8-4394-8b77-f608fd13b049,MED-12915,"Paracetamol","Paracetamol (Analgesic يهذئبد األوجبع وانح ًى)","Paracetamol suspension 120 mg / 5 ml .","120 mg / 5 ml",suspension,مل,قارورة,100,"Suthema","Unknown","Nonsteroidal Anti- Antipyretic -",419,3
37959331-b66f-4d27-8421-1fda65d7e240,MED-12916,"Paracetamol ???","Paracetamol ??? (Analgesic يهذئبد األوجبع وانح ًى)","Paracetamol infusion 10 mg / ml .","10 mg",injection,أمبولة,باكت,100,"Unknown","Unknown","Nonsteroidal Anti- Antipyretic -",419,4
0afde35d-9a2e-4f85-8563-d1f3b4e9ad61,MED-12917,"Para - Denk - 125","Para - Denk - 125 (Analgesic يهذئبد األوجبع وانح ًى)","Paracetamol supp , 125 mg .","125 mg",other,وحدة,علبة,10,"Denk-pharma","Germany","Nonsteroidal Anti- Antipyretic -",419,5
15f196a0-05ee-46e3-8304-51d757735f84,MED-12918,"Para - Denk - 250","Para - Denk - 250 (Analgesic يهذئبد األوجبع وانح ًى)","Paracetamol supp , 250 mg .","250 mg",other,وحدة,علبة,10,"Denk-pharma","Germany","Nonsteroidal Anti- Antipyretic -",419,6
899f1269-1dd4-4b34-8774-059d4111de4f,MED-12919,"Paradol","Paradol (Analgesic يهذئبد األوجبع وانح ًى)","Paracetamol drops 100 mg / ml .","100 mg",drops,مل,قطارة,15,"Modern Pharama","Yemen","NSAID Antipyretic -",419,7
2f9f1336-ef4a-4b76-8774-2a1da5ec58bf,MED-12920,"Paradol","Paradol (Analgesic يهذئبد األوجبع وانح ًى)","Paracetamol tablet 500 mg / tablet","500 mg",tablet,حبة,شريط,24,"Modern Pharama","Yemen","NSAID Antipyretic -",420,1
dc698a90-ae10-456c-85fc-eab34dd55129,MED-12921,"Paradol","Paradol (Analgesic يهذئبد األوجبع وانح ًى)","Paracetamol supp , 125 mg / supp .","125 mg",other,وحدة,علبة,10,"Modern Pharama","Yemen","NSAID Antipyretic -",420,2
ba49f952-a6e7-41a8-8915-543072d295d6,MED-12922,"Paradol","Paradol (Analgesic يهذئبد األوجبع وانح ًى)","Paracetamol 500 mg + cafeine 50 mg / tab","500 mg",tablet,حبة,شريط,20,"Modern Pharama","Yemen","NSAID Antipyretic -",420,3
316d71fa-6363-4f49-83d4-25b799f9865f,MED-12923,"Paradol","Paradol (َضالد انجشد)","pseudoephedrine+ triprolidin +paracetamol","",tablet,حبة,شريط,20,"Modern Pharama","Yemen","Respiratory drugs Common Cold",420,4
7e68917b-5ce7-456a-89b1-bb4f3766ab8a,MED-12924,"Paradol Cold&Flu-D","Paradol Cold&Flu-D (Analgesic يهذئبد األوجبع وانح ًى)","chloropheneramin 2 mg + Pseudoephe drine 15 mg + Paracetamo l 120 mg / 5 ml .","2 mg",suspension,مل,قارورة,60,"Modern Pharama","Yemen","NSAID Antipyretic -",420,5
553f0355-415f-4285-86e8-93e1bcbd8819,MED-12925,"Paradol - 250","Paradol - 250 (Analgesic يهذئبد األوجبع وانح ًى)","Paracetamol supp , 250 mg .","250 mg",other,وحدة,علبة,10,"Modern Pharama","Yemen","NSAID Antipyretic -",420,6
56bc1e77-b8da-4665-8c88-28828bca4d7e,MED-12926,"Parafizz","Parafizz (Analgesic يهذئبد األوجبع وانح ًى)","Paracetamol effer , tablet 500 mg .","500 mg",tablet,حبة,شريط,48,"CIPLA","India","Nonsteroidal Anti- Antipyretic -",420,7
482d77df-4d10-4321-8c57-a061e5e8e9d5,MED-12927,"Parafizz-Plus","Parafizz-Plus (Analgesic يهذئبد األوجبع وانح ًى)","Paracetamol effer , tablet 500 mg + 65 mg caffine .","500 mg",tablet,حبة,شريط,24,"CIPLA","India","Nonsteroidal Anti- Antipyretic -",421,1
5fc61e14-aa28-4a5a-8972-eec420201a24,MED-12928,"paramol","paramol (Analgesic يهذئبد األوجبع وانح ًى)","Paracetamol syrup 2.6 mg / ml .","2.6 mg",syrup,مل,قارورة,60,"YEDCO","Yemen","NSAID Antipyretic -",421,2
4af62ce9-38f5-4670-8c61-9ab21f070fed,MED-12929,"paramol","paramol (Analgesic يهذئبد األوجبع وانح ًى)","Paracetamol","",drops,مل,قطارة,15,"YEDCO","Yemen","NSAID Antipyretic -",421,3
80801f24-50fa-49fe-8f95-bb063fd9985f,MED-12930,"paramol Extra","paramol Extra (Analgesic يهذئبد األوجبع وانح ًى)","Paracetamol","",capsule,كبسولة,شريط,20,"YEDCO","Yemen","NSAID Antipyretic -",421,4
1a07e751-0df2-4d79-8818-e030ecf10156,MED-12931,"PARAX","PARAX (ٌ انشبئؼخ انذ ٌذا)","Mebendazole","",suspension,مل,قارورة,10,"SHIN POONG","Korea","Anthelmentic Common Worms",421,5
95775f47-da1c-4f53-831b-fb99f9a87dcb,MED-12932,"Pariet","Pariet (ان ًؼذح)","Rabeprazole","",tablet,حبة,شريط,14,"Janssen","Switzerland","Gastro Intestinal drugs Peptic ulcer لشحخ",421,6
05ae0f8e-16a4-45be-851d-ff78a225c039,MED-12933,"Parkinol - 5","Parkinol - 5 (disease يشض انشػبػ)","Benzhexol ( Trihex Central Nervous yphenidyl ) tablet 2 mg","2 mg",tablet,حبة,شريط,100,"NILE CO.","Egypt","system drugs Parkinson ' s",421,7
b09a69c3-f649-490e-851b-52e4b6a69683,MED-12934,"Parkizol - 2","Parkizol - 2 (disease يشض انشػبػ)","Benzhexol ( Trihex Central Nervous yphenidyl ) tablet 2 mg","2 mg",tablet,حبة,شريط,100,"HIKMA","Jordan","system drugs Parkinson ' s",422,1
de36377b-4f53-4c97-82b2-c47bef9c95ce,MED-12935,"Paroxikern 20 mg","Paroxikern 20 mg (األيشاض انؼمه ٍخ)","Paroxetine Central Nervous","20 mg",tablet,حبة,شريط,1,"KERN pharma","Unknown","system drugs Mental Disorders",422,2
881e4bf2-de38-4281-8604-a71cc9b5977b,MED-12936,"Paroxikern 20 mg","Paroxikern 20 mg (األيشاض انؼمه ٍخ)","Paroxetine Central Nervous","20 mg",tablet,حبة,شريط,28,"KERN pharma","Korea","system drugs Mental Disorders",422,3
9c985313-0757-4b53-8ffa-4deabab5303c,MED-12937,"Patanol","Patanol","Olopatadine Hydrochloride","",syrup,مل,قارورة,5,"Alcon","Unknown","Antihistamines Eye ٍٍ انؼ",422,4
7a1ff596-3fc9-487d-882c-40314d21af00,MED-12938,"PCmol Plus","PCmol Plus (Analgesic يهذئبد األوجبع وانح ًى)","Each tablet / Effervescent tablet of PCmol Plus contains : Paracetamol 500 mg + Caffeine","500 mg",tablet,حبة,شريط,20,"Pharmacare","Yemen","NSAID Antipyretic -",422,5
409b5d88-8792-4c4f-840e-35bf38bdce20,MED-12939,"PCmol Plus","PCmol Plus (Analgesic يهذئبد األوجبع وانح ًى)","Each tablet / Effervescent tablet of PCmol Plus contains : Paracetamol 500 mg + Caffeine","500 mg",tablet,حبة,شريط,24,"Pharmacare","Yemen","NSAID Antipyretic -",422,6
2a49c5d1-9be5-4e73-83c1-fc1b03c5b097,MED-12940,"Pectomed","Pectomed (َضالد انجشد)","pseudoephedrine+ triprolidin +guaiphenesin","",syrup,مل,قارورة,100,"med pharma","Unknown","Respiratory drugs Common Cold",422,7
e71dbac8-c710-43f7-87c5-651c19fa351f,MED-12941,"Pedical","Pedical (انتهبثبد انؼظبو)","each 5 ml contains : calcium glubionate 760 mg + vit . D 3 400 IU + vit . B 12 10 mcg","5 ml",syrup,مل,قارورة,100,"EGYPHAR","Egypt","Vitamines and Menirals Osteoarthritis",423,1
8b30e5d8-03ae-43e3-8003-c35573045c32,MED-12942,"PEDNISOL","PEDNISOL (األنتهبثبد)","Prednisolone Acetate 6.7 mg","6.7 mg",syrup,مل,قارورة,50,"RFA","Yemen","Corticosteroid Inflammations",423,2
67f89281-102b-4af5-8166-bc67c368ba21,MED-12943,"Peladol","Peladol (Analgesic يهذئبد األوجبع وانح ًى)","Paracetamol ampuole 300 mg / ml .","300 mg",injection,أمبولة,باكت,10,"Shaphar","Unknown","Nonsteroidal Anti- Antipyretic -",423,3
7c78d224-47c3-43f9-88d5-32976c072cb4,MED-12944,"Pelikan - 500","Pelikan - 500 (Infections األصبثبد انجكت ٍش ٌخ)","Levofloxacin","",tablet,حبة,شريط,10,"Unknown","Unknown","Antibacterial Bacterial",423,4
a27f7315-de79-4a00-8a9c-16a5fee83b8d,MED-12945,"Pendol","Pendol (Analgesic يهذئبد األوجبع وانح ًى)","Paracetamol","",tablet,حبة,شريط,20,"Y.E.PHARMA","Yemen","NSAID Antipyretic -",423,5
35b52ae4-ee3f-4318-8c7a-b2532f90a266,MED-12946,"Pendol Cold & Flu","Pendol Cold & Flu (َضالد انجشد)","pseudoephedrine +paracetamol+chl oraphiniramine","",tablet,حبة,شريط,20,"Y.E.PHARMA","Yemen","Respiratory drugs Common Cold",423,6
a0e79afb-08ae-467a-85ce-0b5d31a23e0f,MED-12947,"Pendol Extra","Pendol Extra (Analgesic يهذئبد األوجبع وانح ًى)","paracetamol + Caffeine","",tablet,حبة,شريط,20,"Y.E.PHARMA","Yemen","NSAID Antipyretic -",423,7
37f10e34-567f-4132-83aa-ae3b7143fd13,MED-12948,"Pendol-D.S","Pendol-D.S (Analgesic يهذئبد األوجبع وانح ًى)","Paracetamol suspension 250 mg / 5 ml .","250 mg / 5 ml",suspension,مل,قارورة,60,"Y.E.PHARMA","Yemen","NSAID Antipyretic -",424,1
c405162f-acb0-4118-8675-a2dc27c1c3d9,MED-12949,"Penicillin G","Penicillin G (Microbial Infections)","Penicillin G Sodium","",injection,أمبولة,باكت,10,"Vitalis","USA","Antibiotics ًٍكشوث ٍخ األصبثبد ان",424,2
6089b758-4a97-4c2e-8a08-1e3119670323,MED-12950,"Penpiclox 500","Penpiclox 500 (Microbial Infections)","Ampicillin 250 mg + Cloxacillin 250 mg","250 mg",capsule,كبسولة,شريط,20,"Shaphaco","Yemen","Antibiotics ًٍكشوث ٍخ األصبثبد ان",424,3
9a20d58f-7eee-416b-83a6-f75def0343f7,MED-12951,"Penpiclox 500","Penpiclox 500 (Microbial Infections)","Ampicillin 125 mg + Cloxacillin 125 mg","125 mg",suspension,مل,قارورة,100,"Shaphaco","Yemen","Antibiotics ًٍكشوث ٍخ األصبثبد ان",424,4
bb1bebdd-6fd1-4f01-8b5c-24d11a2ca8bc,MED-12952,"Penta","Penta (ان ًؼذح)","pantoprazole","",tablet,حبة,شريط,20,"ALPHA","Syria","Gastro Intestinal drugs Peptic ulcer لشحخ",424,5
f7ce59f5-bc0e-47a2-8a2f-02b7ed95278a,MED-12953,"Pentax","Pentax (ان ًؼذح)","pantoprazole","",capsule,كبسولة,شريط,14,"Shiba pharma","Yemen","Gastro Intestinal drugs Peptic ulcer لشحخ",424,6
e6032099-d85f-47e5-87ef-7c3483b03697,MED-12954,"Pentrax","Pentrax (ان ًؼذح)","Pantoprazole 40 mg","40 mg",capsule,كبسولة,شريط,14,"Shiba pharma","Yemen","Gastro Intestinal drugs Peptic ulcer لشحخ",424,7
959b85c8-7f3f-41d2-8219-b481df04d78e,MED-12955,"Pentrax","Pentrax (ان ًؼذح)","Pantoprazole 40 mg","40 mg",capsule,كبسولة,شريط,10,"Shiba pharma","Yemen","Gastro Intestinal drugs Peptic ulcer لشحخ",425,1
dc7e7e96-a0a9-4a0b-8140-1c8c70e733c7,MED-12956,"Peptiloc 75 mg","Peptiloc 75 mg (ان ًؼذح)","Ranitidine","75 mg",tablet,حبة,شريط,10,"SIGMA","Egypt","Gastro Intestinal drugs Peptic ulcer لشحخ",425,2
915e6445-f9c5-435e-8836-3b432952929b,MED-12957,"Pepzol","Pepzol (ان ًؼذح)","Omeprazol 40 mg","40 mg",capsule,كبسولة,شريط,14,"ALKAN Pharma","Egypt","Gastro Intestinal drugs Peptic ulcer لشحخ",425,3
5178f0f3-6cab-42e5-8a9d-230fde998df7,MED-12958,"Perdix","Perdix (vomiting ٌ انغث ٍب وانطشػ)","Pyridoxine","",injection,أمبولة,باكت,10,"Shijiazhuang =China","China","Gastro Intestinal drugs Nausea and",425,4
0ca713b8-f09e-4cc6-8534-c1651916c5df,MED-12959,"Perfalgan","Perfalgan (Analgesic يهذئبد األوجبع وانح ًى)","Paracetamol 10 mg / 1 m","10 mg",injection,أمبولة,باكت,1,"BMS","Denmark","Nonsteroidal Anti- Antipyretic -",425,5
89a16526-e94d-4f38-8b41-4fa148df4a59,MED-12960,"Perfectil","Perfectil (األنتهبثبد انجذنذ ٌخ)","Omega - 3 Triglycerides","",tablet,حبة,شريط,28,"VITABIOTICS","Unknown","Skin Disorders Dermatitis",425,6
8978a4cd-40f7-4015-820d-09d5fb7b0d3a,MED-12961,"Perhepar cap","Perhepar cap (Disorders اضطشاثبد انكجذ)","cynarin+ dandelion","",capsule,كبسولة,شريط,20,"GLOBAL NAPI","Egypt","Gastro Intestinal drugs Hepatic",425,7
b21a1f41-2c10-40fc-89a3-e3bd682ab289,MED-12962,"Permax","Permax (ٌ انشبئؼخ انذ ٌذا)","Mebendazole 100 mg / tab","100 mg",tablet,حبة,شريط,6,"SHIN POONG","Korea","Anthelmentic Common Worms",426,1
2e07af7f-e2d1-436d-8000-8449352cc001,MED-12963,"Permax","Permax (ٌ انشبئؼخ انذ ٌذا)","Mebendazole 600 mg / 30 ml","600 mg / 30 ml",suspension,مل,قارورة,30,"SHIN POONG","Korea","Anthelmentic Common Worms",426,2
5c71e30b-5b29-497f-8c3e-82ea62a087c2,MED-12964,"Persantin","Persantin (انجهطبد)","Dipyridamole Cardio Vascular","",tablet,حبة,شريط,20,"Boehringer Ingelhim","Germany","System drugs Thrombosis",426,3
5fedf36c-069a-4370-89c9-3054a2e171a0,MED-12965,"Persogel","Persogel (انؼبيخ)","Lubricant gel","",ointment,أنبوب,علبة,80,"Shiba pharma","Yemen","Skin Disorders Health Care انصحخ",426,4
fdbe886a-81c6-488d-8f82-fa0a221356d3,MED-12966,"PESDON","PESDON (vomiting ٌ انغث ٍب وانطشػ)","Unknown","",tablet,حبة,شريط,2,"KP","Korea","Gastro Intestinal drugs Nausea and",426,5
b4e058f8-e46f-4bf2-84da-3280bcec692f,MED-12967,"Petilin - 200","Petilin - 200","Na valproate Central Nervous tablet 200 mg","200 mg",tablet,حبة,شريط,30,"Ramedica","Cyprus","system drugs Epilepsy انصشع",426,6
72d50ad4-febb-4bb2-8b4f-92dbd703e5b0,MED-12968,"Petro","Petro (Spasm ٍ آالو انجط)","Drotaverine 40 mg + paracetamol 400 mg + codeine 60 mg","40 mg",tablet,حبة,شريط,30,"BIOPHARM","Yemen","Gastro Intestinal drugs Abdominal",426,7
56227f6f-7927-4529-8cfc-fd9d038f7be7,MED-12969,"PETRO","PETRO","Caffeine Central Nervous +Acetaminophen+ Drotaverine HCL","",tablet,حبة,شريط,2,"ACAPI","Unknown","system drugs Stimulant ًُجهبد ان",427,1
0967f076-5b6b-45de-8451-3957a8adba21,MED-12970,"Pharmaton cap","Pharmaton cap (Deficiency َمص ف ٍتبي ٍُبد)","Multi vitamin and Menirals.","",capsule,كبسولة,شريط,30,"Ginsana","Unknown","Vitamines and Menirals Vitamins",427,2
e3552cba-f067-4c97-8148-c0441b0a0b82,MED-12971,"Pharobeta Cream","Pharobeta Cream (األنتهبثبد انجذنذ ٌخ)","Betamethasone","",cream,أنبوب,علبة,15,"PHARCO","Egypt","Corticosteroid Dermatitis",427,3
4c0c6c75-3368-44d3-8e5c-9b975bfce977,MED-12972,"Pharobeta","Pharobeta (األنتهبثبد انجذنذ ٌخ)","Betamethasone","",ointment,أنبوب,علبة,15,"PHARCO","Egypt","Corticosteroid Dermatitis",427,4
967c6339-4aee-4e05-8a0c-165d874f60ee,MED-12973,"PHAROFRUIT","PHAROFRUIT (انهضى)","Each 5 gm contains : Sodium Bicarbonate 2.65 gm + Citric Acid 1.102 gm + Tartaric Acid","5 g",other,وحدة,علبة,6,"Pharo pharma","Egypt","Gastro Intestinal drugs Indigestion عىء",427,5
4365969c-c645-4007-8fdb-6c2d8943b13f,MED-12974,"pharovit iron","pharovit iron","ferrous gluconate 1.04 ( equavent to 120 mg iron ) + vitB 6 120 mg","120 mg",syrup,مل,قارورة,100,"Pharo pharma","Egypt","Vitamines and Menirals Anaemia فمش انذو",427,6
beea33ca-8295-4564-80bb-1148a8220813,MED-12975,"pharwa fruit","pharwa fruit (انهضى)","NaHCO 2.80 g + citric acid 1.33 g + titraic acid 0.82 g","2.80 g",other,وحدة,علبة,1,"PHARCO","Egypt","Gastro Intestinal drugs Indigestion عىء",427,7
65d7f0f2-b0d4-43f9-844f-f9136ad2a15e,MED-12976,"Phenotal","Phenotal","Phenobarbital 60 Central Nervous mg","",tablet,حبة,شريط,30,"Darou Bakhsh","IRAN","system drugs Epilepsy انصشع",428,1
95e31bda-6a85-4ef0-8246-1605e2bc851f,MED-12977,"PHI-AXON","PHI-AXON (Infections األصبثبد انجكت ٍش ٌخ)","Ceftriaxone Sodium 500 mg / vial","500 mg",injection,أمبولة,باكت,1,"PHIL","Unknown","Antibacterial Bacterial",428,2
5241e701-b533-4a12-8eaf-aad32b7d16f8,MED-12978,"Philaquin","Philaquin (انش ًظ)","Combination","",cream,أنبوب,علبة,30,"Unknown","Unknown","Skin Disorders Sunscreen وال ٍبد",428,3
c23acc71-f314-4746-8660-4523f87c835a,MED-12979,"photericin B","photericin B (األنتهبثبد انجذنذ ٌخ)","Amphotericin B","",injection,أمبولة,باكت,1,"CIPLA","India","Antifungals Dermatitis",428,4
faa1d92a-f55f-4376-8691-d56fc7712313,MED-12980,"Photoblock plus","Photoblock plus (انش ًظ)","Combination","",cream,أنبوب,علبة,50,"SPF","Unknown","Skin Disorders Sunscreen وال ٍبد",428,5
3476287b-599b-4770-8d94-277ceb61c964,MED-12981,"Phytovit MM","Phytovit MM (ان ُض ٌف)","Phytomenadione ( Vit k 1 ) 10 mg","10 mg",injection,أمبولة,باكت,3,"MUP","Egypt","Vitamines and Menirals Haemorrhage",428,6
dc37a973-f63d-41f1-838e-f0475bf79759,MED-12982,"PICOLAX","PICOLAX (األيغبن)","sodium picosulfate","",syrup,مل,قارورة,1,"EIPICO","Egypt","Gastro Intestinal drugs Constipation",428,7
c4ab3144-7067-42ee-8568-6d3fbc8fa57c,MED-12983,"Picolax","Picolax (األيغبن)","Unknown","",syrup,مل,قارورة,15,"Unknown","Unknown","Gastro Intestinal drugs Constipation",429,1
69ec903b-c90a-45ba-825c-97cf480d884d,MED-12984,"Pilex","Pilex (األنتهبثبد انجذنذ ٌخ)","Herbal extract","",ointment,أنبوب,علبة,30,"Co","India","Skin Disorders Himalaya Drug Dermatitis",429,2
e51f219f-7d32-4429-8242-43c32a9d5762,MED-12985,"Pilic","Pilic (انجىاع ٍش)","Herbal extract","",cream,أنبوب,علبة,20,"Unknown","Unknown","Unknown Haemorrhoids",429,3
f820a1df-0ba0-4a79-8232-8c22b9490f69,MED-12986,"Pioglin - 30","Pioglin - 30 (أيشاض انغكشي)","Pioglitazone Hydrochloride 30 mg per tablet","30 mg",tablet,حبة,شريط,3,"Nexgen pharma","UAE","Antidiabetics Diabetes Mellitus",429,4
0e1c73e2-5c75-450b-86fd-bfcbc1cebe81,MED-12987,"PIPRACILLIN 1000","PIPRACILLIN 1000 (Microbial Infections)","Piperacillin 1000 mg","1000 mg",injection,أمبولة,باكت,1,"ELSaad Pharma","Syria","Antibiotics ًٍكشوث ٍخ األصبثبد ان",429,5
0c0ea7b1-2008-4134-875d-51d033bf24d6,MED-12988,"Pizofen","Pizofen (Stimulant ي ُشطبد انشه ٍخ)","Pizotifen 0.5 mg / tab","0.5 mg",tablet,حبة,شريط,30,"Shiba pharma","Yemen","Antihistamines Appetizer",429,6
c988eadc-d49d-410f-8fb3-728ee67d017f,MED-12989,"Pizofen","Pizofen (Stimulant ي ُشطبد انشه ٍخ)","Pizotifen 0.25 mg / 5 ml","0.25 mg / 5 ml",syrup,مل,قارورة,100,"Shiba pharma","Yemen","Antihistamines Appetizer",429,7
7cbb12d2-86e2-4303-8a43-4047a4a390ed,MED-12990,"Pk-Merz tab","Pk-Merz tab (disease يشض انشػبػ)","amantadine Central Nervous sulphate","",tablet,حبة,شريط,100,"MERZ","Unknown","system drugs Parkinson ' s",430,1
610242b6-8bb7-4cb3-8aba-d8a232bc35f7,MED-12991,"PLAGIN 75","PLAGIN 75 (انجهطبد)","Clopidogrel Cardio Vascular Bisulfate","",tablet,حبة,شريط,30,"United","Jordan","System drugs Thrombosis",430,2
3389b7bb-17b4-4e44-857e-cb6c9a44106b,MED-12992,"Platil 75","Platil 75 (انجهطبد)","clopidogrel Cardio Vascular ( bisulfate ) 75 mg","75 mg",tablet,حبة,شريط,30,"Pharma International","Jordan","System drugs Thrombosis",430,3
c82da765-35f0-478f-8fbc-ef924faa26b9,MED-12993,"Plaviat 75","Plaviat 75 (انجهطبد)","Clopidogrel Cardio Vascular Bisulfate 75 mg","75 mg",tablet,حبة,شريط,30,"Modern Pharama","Yemen","System drugs Thrombosis",430,4
b1202b23-0497-4947-8676-7a50da254a3c,MED-12994,"Plavigrel","Plavigrel (انجهطبد)","clopidogrel 75 mg Cardio Vascular","75 mg",tablet,حبة,شريط,30,"Y.E.PHARMA","Yemen","System drugs Thrombosis",430,5
d4305de1-36b4-4611-8453-7e7b87bad5fb,MED-12995,"Plavilat","Plavilat (انجهطبد)","clopidogrel 75 mg Cardio Vascular","75 mg",tablet,حبة,شريط,3,"Modern Pharama","Yemen","System drugs Thrombosis",430,6
4fda2507-b377-4dd4-88b8-b8bdd81ab2e9,MED-12996,"Plavitab","Plavitab (انجهطبد)","Clopidogrel Cardio Vascular Bisulfate 75 mg","75 mg",tablet,حبة,شريط,20,"BIOPHARM","Yemen","System drugs Thrombosis",430,7
ec6635f2-b445-4ea2-8aa9-52d4e9d491c7,MED-12997,"plavitab Tablets","plavitab Tablets (انجهطبد)","clopidogrel 75 mg Cardio Vascular","75 mg",tablet,حبة,شريط,20,"BIOPHARM","Yemen","System drugs Thrombosis",431,1
78d6a881-39ef-40be-86ac-af6f6b7ec60d,MED-12998,"PLAVIX","PLAVIX (انجهطبد)","CLOPIDOGREL Cardio Vascular 75 mg","75 mg",tablet,حبة,شريط,28,"Sanofi Aventis","France","System drugs Thrombosis",431,2
1ec7aa87-665c-4625-8a1d-c1044acd5847,MED-12999,"plavix","plavix (انجهطبد)","Clopidogrel Cardio Vascular Bisulfate 75 mg","75 mg",tablet,حبة,شريط,1,"Sanofi Aventis","France","System drugs Thrombosis",431,3
0d23e054-f1aa-421f-8d21-00fe70149105,MED-13000,"Plavix 75 mg","Plavix 75 mg (انجهطبد)","clopidogrel Cardio Vascular","75 mg",tablet,حبة,شريط,28,"Sanofi Aventis","France","System drugs Thrombosis",431,4
84f8e94f-a907-4bf4-819f-8fa302a04f40,MED-13001,"Plazivom","Plazivom (vomiting ٌ انغث ٍب وانطشػ)","metoclopramide","",injection,أمبولة,باكت,10,"Shijiazhuang =China","China","Gastro Intestinal drugs Nausea and",431,5
efec4ca0-74ac-4a59-8fa0-0cd024b3269e,MED-13002,"Plazivom","Plazivom (vomiting ٌ انغث ٍب وانطشػ)","Metoclopramide","",injection,أمبولة,باكت,10,"Shanghai pharmaceutical","China","Gastro Intestinal drugs Nausea and",431,6
2432afad-ef87-416e-81bd-9f775e28bca0,MED-13003,"Plemazol","Plemazol (vomiting ٌ انغث ٍب وانطشػ)","Metoclopramide","",drops,مل,قطارة,30,"PHARCO","Egypt","Gastro Intestinal drugs Nausea and",431,7
ceae6c6e-4960-4c31-8d7e-ed4924a90262,MED-13004,"Plemazol","Plemazol (vomiting ٌ انغث ٍب وانطشػ)","Metoclopramide 10 mg / 2 ml","10 mg / 2 ml",injection,أمبولة,باكت,5,"PHARCO","Egypt","Gastro Intestinal drugs Nausea and",432,1
3996f3e5-130a-4e7e-89ac-9a06cd824506,MED-13005,"Plemazol","Plemazol (vomiting ٌ انغث ٍب وانطشػ)","Metoclopramide 10 mg / tab","10 mg",tablet,حبة,شريط,20,"PHARCO","Egypt","Gastro Intestinal drugs Nausea and",432,2
c62423e8-2170-4c07-867b-5055b34f8cdf,MED-13006,"plemazol Amp","plemazol Amp (vomiting ٌ انغث ٍب وانطشػ)","metoclopramide","",injection,أمبولة,باكت,5,"CID","Egypt","Gastro Intestinal drugs Nausea and",432,3
34bbdf1a-8bac-4e7c-81c4-b99d0f12bf9a,MED-13007,"Plemazol Drops","Plemazol Drops (vomiting ٌ انغث ٍب وانطشػ)","metoclopramide","",drops,مل,قطارة,20,"CID","Egypt","Gastro Intestinal drugs Nausea and",432,4
81f3bed9-b663-453f-8bb4-c03fa1ce5885,MED-13008,"Plemazol Tablets","Plemazol Tablets (vomiting ٌ انغث ٍب وانطشػ)","metoclopramide 10 mg","10 mg",tablet,حبة,شريط,20,"CID","Egypt","Gastro Intestinal drugs Nausea and",432,5
ae80295b-7cbb-4f81-8d1d-7a7736ee2410,MED-13009,"Plendil","Plendil (استفبع ضغظ انذو)","Felodipine Cardio Vascular","",tablet,حبة,شريط,30,"ASTRAZENEC A","Unknown","System drugs Hypertension",432,6
855e217d-df27-4fd3-8644-e01467b63174,MED-13010,"Plofexine 75 mg","Plofexine 75 mg (انجهطبد)","Clopidogrel Cardio Vascular Bisulfate","75 mg",tablet,حبة,شريط,20,"ASIA","Syria","System drugs Thrombosis",432,7
82377244-8dcd-4c59-8878-c46b12504f89,MED-13011,"PODOXIM","PODOXIM (Microbial Infections)","Cefpodoxime Proxetil 50 mg / 5 ml","50 mg / 5 ml",suspension,مل,قارورة,60,"RFA","Yemen","Antibiotics ًٍكشوث ٍخ األصبثبد ان",433,1
1f48de2b-c0d2-4e1d-8e2d-0df669a86169,MED-13012,"Polycort","Polycort (( E . N . T ) األ َف ٌ وانح ُجشح واألر)","Oxymetazoline Hydrochloride + Hydrocortisone","",ointment,أنبوب,علبة,5,"Unknown","Unknown","Respiratory drugs Ear Nose Throat",433,2
42c88b7a-1927-4961-886c-cd84c5a06f69,MED-13013,"Polyfresh","Polyfresh","Sodium Hyaluronate 0.2%","0.2%",syrup,مل,قارورة,10,"Orchidia Pharma","Egypt","Ophthalmic drugs Eye ٍٍ انؼ",433,3
fa8788a7-b7b0-4396-800a-c5f9331821dd,MED-13014,"Poly-X","Poly-X (استفبع ضغظ انذو)","Ramipres 2.5 mg Cardio Vascular / tab","2.5 mg",tablet,حبة,شريط,30,"adipharm","","System drugs Hypertension",433,4
ede307b4-d7d0-4154-8362-945adcb0fc93,MED-13015,"Ponstan Forte","Ponstan Forte (األوجبع)","Mefenamic Acid film coated tablet 500 mg","500 mg",tablet,حبة,شريط,20,"Parke Davis","Unknown","Nonsteroidal Anti- Analgesic يهذئبد",433,5
3798b402-b7e3-49f4-847b-0821d2abc2ea,MED-13016,"PONSTEL","PONSTEL (األوجبع)","Mefenamic Acid film coated tablet 500 mg","500 mg",tablet,حبة,شريط,20,"SHIN POONG","Korea","Nonsteroidal Anti- Analgesic يهذئبد",433,6
7a1133c8-5cd1-47b2-8f54-a35e705f11c1,MED-13017,"Ponsten Forte","Ponsten Forte (األوجبع)","Mefenamic Acid film coated tablet 500 mg","500 mg",tablet,حبة,شريط,20,"Parke Ravis","Unknown","Nonsteroidal Anti- Analgesic يهذئبد",433,7
d2aafd4d-46af-4fe3-8ca3-bc95aa67fa82,MED-13018,"Pontam-Forte","Pontam-Forte (األوجبع)","Mefenamic Acid tablet 500 mg","500 mg",tablet,حبة,شريط,20,"Modern Pharama","Yemen","NSAID Analgesic يهذئبد",434,1
05a7ab9c-3833-4b2a-8bca-8101d69a7010,MED-13019,"Postan susp","Postan susp (األوجبع)","Mefenamic Acid suspension 50 mg / 5 ml","50 mg / 5 ml",suspension,مل,قارورة,60,"Y.E.PHARMA","Yemen","NSAID Analgesic يهذئبد",434,2
5149c6ba-28a9-4059-8317-b08e5859a4a0,MED-13020,"Postan Tablets","Postan Tablets (األوجبع)","Mefenamic Acid tablet 500 mg","500 mg",tablet,حبة,شريط,20,"Y.E.PHARMA","Yemen","NSAID Analgesic يهذئبد",434,3
d0ee5da2-940d-4229-840d-9c6ae665c11e,MED-13021,"postinor","postinor (يىا َغ انح ًم)","levonorgestrel","",tablet,حبة,شريط,2,"GEDEON RICHTER","HUNGARY","Gynaecology drugs Contraceptives",434,4
af5f2dbb-e71c-4cfa-81c3-1928cc45b02c,MED-13022,"Povex Plus","Povex Plus","Povidone Iodine 1%","1%",syrup,مل,قارورة,120,"Shiba pharma","Yemen","Antiseptic and Desinfectants Vaginal ان ًهجم",434,5
e9f96294-9b1c-49ba-890b-20f4afb081b2,MED-13023,"Povicare Extra","Povicare Extra (انتئبو انجشوح)","Povidone Iodine U . S . P . 10% ( 1% available Iodine )","10%",syrup,مل,قارورة,100,"Pharmacare","Yemen","Antiseptic and Desinfectants Wounds Healing",434,6
e3fac49d-9410-4d84-8ad5-3d9ceb4adaf3,MED-13024,"Poviset","Poviset (انتئبو انجشوح)","Povidone Iodine 1%","1%",syrup,مل,قارورة,60,"Shiba pharma","Yemen","Antiseptic and Desinfectants Wounds Healing",434,7
fa3c5918-a22b-49cd-81de-461a9ec4e11d,MED-13025,"Poviset","Poviset (انتئبو انجشوح)","Povidone Iodine 1%","1%",syrup,مل,قارورة,100,"Shiba pharma","Yemen","Antiseptic and Desinfectants Wounds Healing",435,1
7db489da-38a4-4a70-8b96-a2104ec07bf3,MED-13026,"Power B 12","Power B 12 (Deficiency َمص ف ٍتبي ٍُبد)","Vitamine B 12 500 mcg / tab","500 mcg",tablet,حبة,شريط,30,"Power Health","","Vitamines and Menirals Vitamins",435,2
15a9bd7d-904e-49d1-80b9-5190bc44a385,MED-13027,"Pranzole","Pranzole (األنتهبثبد انجذنذ ٌخ)","Ketoconazole","",cream,أنبوب,علبة,15,"Pharma International","Jordan","Antifungals Dermatitis",435,3
64812689-1049-49a9-8557-bfc535b6dfe5,MED-13028,"Praxilene","Praxilene (cerebral)","Naftidrofuryl Cardio Vascular Oxalate","",other,وحدة,علبة,1,"MERCK","France","System drugs Peripheral and",435,4
9b6657fa-dec6-4c1d-835e-e989103dc04b,MED-13029,"Prazin","Prazin (Insumnea األسق وانمهك)","Alprazolam tablet Central Nervous 1 mg","1 mg",tablet,حبة,شريط,30,"HIKMA","Jordan","system drugs Anxiety ,",435,5
fdd78719-658c-4ece-8c33-55136715814e,MED-13030,"Prazol 0.25","Prazol 0.25 (Insumnea األسق وانمهك)","Alprazolam tablet Central Nervous 0.25 mg","0.25 mg",tablet,حبة,شريط,20,"Shiba pharma","Yemen","system drugs Anxiety ,",435,6
3f81e546-1371-482a-84bb-58849ca6a3b2,MED-13031,"Prazol 0.5","Prazol 0.5 (Insumnea األسق وانمهك)","Alprazolam tablet Central Nervous 0.5 mg","0.5 mg",tablet,حبة,شريط,20,"Shiba pharma","Yemen","system drugs Anxiety ,",435,7
b5ed3845-7599-4113-8092-716c615523b9,MED-13032,"Prazol 1","Prazol 1 (Insumnea األسق وانمهك)","Alprazolam tablet Central Nervous 1 mg","1 mg",tablet,حبة,شريط,20,"Shiba pharma","Yemen","system drugs Anxiety ,",436,1
b0b411ec-d6c0-444a-831c-d6154f930f9a,MED-13033,"prazolam 0.25","prazolam 0.25 (Insumnea األسق وانمهك)","Alprazolam tablet Central Nervous 0.25 mg","0.25 mg",tablet,حبة,شريط,20,"Unknown","Egypt","EVA PHARMA system drugs Anxiety ,",436,2
1635d7a9-abf7-4152-8029-77a31f5c921e,MED-13034,"prazolam 0.5","prazolam 0.5 (Insumnea األسق وانمهك)","Alprazolam tablet Central Nervous 0.5 mg","0.5 mg",tablet,حبة,شريط,20,"Unknown","Egypt","EVA PHARMA system drugs Anxiety ,",436,3
6ccd6eb7-0a7b-4fd8-8f11-0812acbcb04e,MED-13035,"PRED FORTE","PRED FORTE","Prednisolone Acetate 1%","1%",suspension,مل,قارورة,1,"ALLERGAN","Denmark","Corticosteroid Eye ٍٍ انؼ",436,4
dfc43b30-7a93-400d-8fcf-2f8564acb194,MED-13036,"Predkern 5 mg","Predkern 5 mg (األنتهبثبد)","Prednisone","5 mg",tablet,حبة,شريط,60,"KERN pharma","Korea","Corticosteroid Inflammations",436,5
c84b2b3e-c240-4309-8109-d7c2c334fbbd,MED-13037,"PREDNISLONE","PREDNISLONE (األنتهبثبد)","Prednisolone Acetate 5 mg","5 mg",tablet,حبة,شريط,100,"Unknown","Unknown","Corticosteroid Inflammations",436,6
0389017e-9f80-41a4-811a-2126629b3399,MED-13038,"Prednisolone","Prednisolone (األنتهبثبد)","Prednisolone Acetate","",tablet,حبة,شريط,28,"WOCKHADT","UK","Corticosteroid Inflammations",436,7
9da6759d-3296-41e0-8734-df7badf4cc0c,MED-13039,"Predsol","Predsol (األنتهبثبد)","Prednisolone Acetate","",syrup,مل,قارورة,50,"BORG","Egypt","Corticosteroid Inflammations",437,1
3e4ec148-5caf-496a-88aa-777b9835d3bb,MED-13040,"Predsol","Predsol (األنتهبثبد)","Prednisolone Acetate","",syrup,مل,قارورة,60,"BORG","Egypt","Corticosteroid Inflammations",437,2
df38254a-a9b7-47dc-83e9-18718aae5a48,MED-13041,"Pregnacare plus","Pregnacare plus (Deficiency َمص ف ٍتبي ٍُبد)","Multivitamins - min erals and rich in folic acid , iron , zinc , vit D , omega - 3 for pregnancy","",tablet,حبة,شريط,56,"VITABIOTICS","Unknown","Vitamines and Menirals Vitamins",437,3
874b1a9c-e865-482f-8d56-65bdc7abd945,MED-13042,"Pregnacare ???","Pregnacare ??? (Deficiency َمص ف ٍتبي ٍُبد)","Multi Vitamines","",other,وحدة,علبة,1,"VITABIOTICS","Unknown","Vitamines and Menirals Vitamins",437,4
ade58ed1-87f5-4dc6-81e7-7a9ad8521650,MED-13043,"Pregnacare Cap","Pregnacare Cap (Deficiency َمص ف ٍتبي ٍُبد)","Multivitamins- minerals and rich in folic acid ,iron,zinc for pregnancy","",capsule,كبسولة,شريط,30,"VITABIOTICS","Unknown","Vitamines and Menirals Vitamins",437,5
80893867-9c33-403a-8ada-04f262148650,MED-13044,"Pregnacare plus ??","Pregnacare plus ?? (Deficiency َمص ف ٍتبي ٍُبد)","Multi Vitamines","",other,وحدة,علبة,1,"VITABIOTICS","Unknown","Vitamines and Menirals Vitamins",437,6
a8b73bab-ae3c-43f0-8718-d24e65961400,MED-13045,"pregnacare with folic acid","pregnacare with folic acid","pregnacare with folic acid-","",capsule,كبسولة,شريط,30,"VITABIOTICS","Unknown","Vitamines and Menirals Anaemia فمش انذو",437,7
7520526b-b6d0-4ae7-887e-efb22bdfc7a9,MED-13046,"pregnahealth","pregnahealth (Deficiency َمص ف ٍتبي ٍُبد)","Vit C 50 mg , Vit . B 1.3 mg , Vit . B 2 5 . mg , Nicotinamid e . 20 mg , Calcium . 5 mg , vit . , B 6","50 mg",capsule,كبسولة,شريط,30,"BIOPHARM","Yemen","Vitamines and Menirals Vitamins",438,1
f80e2018-0ddf-4507-828c-6b16052dd9a3,MED-13047,"pregnahealth with folic acid","pregnahealth with folic acid","vitamine and mineral including folic acid 400 mg . vit . B 12 . iron . vitB 6 . ca . vit D","400 mg",capsule,كبسولة,شريط,30,"BIOPHARM","Yemen","Vitamines and Menirals Anaemia فمش انذو",438,2
af3718c3-fc2d-4bcc-8bb2-ac39da9b8dec,MED-13048,"Pregnalife ???","Pregnalife ??? (Deficiency َمص ف ٍتبي ٍُبد)","Multi Vitamines","",capsule,كبسولة,شريط,30,"Unknown","Unknown","Vitamines and Menirals Vitamins",438,3
fb2665c4-cec6-4bb5-88de-316adca962cd,MED-13049,"Pregnaton","Pregnaton (Deficiency َمص ف ٍتبي ٍُبد)","Multivitamins- minerals and rich in folic acid ,iron,zinc for pregnancy","",capsule,كبسولة,شريط,24,"Global Pharma","Yemen","Vitamines and Menirals Vitamins",438,4
141aa781-3a88-4647-859d-a62a11e7880f,MED-13050,"Pregnavit","Pregnavit (Deficiency َمص ف ٍتبي ٍُبد)","Multivitamins- minerals for","",tablet,حبة,شريط,30,"Shaphaco","Yemen","Vitamines and Menirals Vitamins",438,5
82002b93-8fa1-4b8d-81ff-150b2a42552b,MED-13051,"Pregnavit","Pregnavit (Deficiency َمص ف ٍتبي ٍُبد)","Multivitamins and minerals","",tablet,حبة,شريط,30,"Unknown","","Vitamines and Menirals Vitamins",438,6
8f81c3df-695a-4ed8-8f2e-a9d9dd6a073b,MED-13052,"Pregnazon","Pregnazon (Deficiency َمص ف ٍتبي ٍُبد)","Multivitamins- minerals and rich in folic acid ,iron,zinc for pregnancy","",tablet,حبة,شريط,30,"Health Aid","Thailand","Vitamines and Menirals Vitamins",438,7
7a257efd-0a9d-4c9c-84ec-ba6593e20755,MED-13053,"PREGVIT ZINC","PREGVIT ZINC (Deficiency َمص ف ٍتبي ٍُبد)","Zink Sulfate","",capsule,كبسولة,شريط,24,"PHARCO","Egypt","Vitamines and Menirals Vitamins",439,1
13f85af0-b09b-43b4-8e81-5a6c4c67244e,MED-13054,"Prehepar","Prehepar (Disorders اضطشاثبد انكجذ)","Hepatoprotective Agents","",capsule,كبسولة,شريط,20,"Unknown","Unknown","Gastro Intestinal drugs Hepatic",439,2
61923046-19ee-464f-8b2c-dd100182abe1,MED-13055,"Premosan","Premosan (vomiting ٌ انغث ٍب وانطشػ)","metoclopramide","",tablet,حبة,شريط,20,"Juphar","UAE","Gastro Intestinal drugs Nausea and",439,3
bdfa2026-d046-48de-8476-f5ebe9ec3e83,MED-13056,"Prenatal","Prenatal (Deficiency َمص ف ٍتبي ٍُبد)","Multi Vitamines and minerals with folic acid","",tablet,حبة,شريط,10,"Sentinel","","Vitamines and Menirals Vitamins",439,4
8adb99cd-b25f-44f4-89b8-42b5fef5240c,MED-13057,"PrianilCR","PrianilCR (األيشاض انؼمه ٍخ)","Lithium Central Nervous Carbonate tablet 400 mg","400 mg",tablet,حبة,شريط,50,"NILE CO.","Egypt","system drugs Mental Disorders",439,5
56381c05-90ba-489d-8f62-c9772e7336b7,MED-13058,"Primolut N","Primolut N (يىا َغ انح ًم)","Norethisterone 5 mg","5 mg",tablet,حبة,شريط,30,"BAYER","Germany","Gynaecology drugs Contraceptives",439,6
176fc155-b14a-456d-84e0-8374c443028e,MED-13059,"PRIMOMRIT - N","PRIMOMRIT - N (يىا َغ انح ًم)","norethisterone acetate","",tablet,حبة,شريط,20,"AMRIYA PHARMA","Egypt","Gynaecology drugs Contraceptives",439,7
f213cbf0-a1b3-423d-8f60-63977b3988ed,MED-13060,"Prisolin","Prisolin (َضالد انجشد)","Naphazolin +chlorpheniramin","",drops,مل,قطارة,15,"KAHIRA PHARM","Egypt","Respiratory drugs Common Cold",440,1
35656ed0-d861-4148-8d70-fbbd4190763a,MED-13061,"Probric","Probric (Disorders اضطشاثبد انجهبص ً انت ُفغ)","bambuterol (>>>>>>>>>)","",syrup,مل,قارورة,1,"cherry flavour","Unknown","Respiratory drugs Respiratory",440,2
45715b78-0784-455f-8daf-2e7576970691,MED-13062,"Procaine penicilin","Procaine penicilin (Microbial Infections)","Penicillin G Procaine","",injection,أمبولة,باكت,1,"Vitalis","USA","Antibiotics ًٍكشوث ٍخ األصبثبد ان",440,3
93b022e9-98e5-4e2f-8f76-90c758bd9bb7,MED-13063,"Procaine Penicillin","Procaine Penicillin (Microbial Infections)","Procaine Penicillin 400,000 I . U","",injection,أمبولة,باكت,10,"Vitalis","USA","Antibiotics ًٍكشوث ٍخ األصبثبد ان",440,4
1a3a18ce-488e-44df-8a62-937edb787516,MED-13064,"Procto Max","Procto Max (انجىاع ٍش)","Combination","",cream,أنبوب,علبة,30,"Unknown","Unknown","Antihaemorrhag es Haemorrhoids",440,5
1e6b7b88-4f40-4e6f-8bd2-7c51ed0cee04,MED-13065,"Procto- Synalar","Procto- Synalar (انجىاع ٍش)","Combination","",other,وحدة,علبة,10,"GRUNETHAL","Unknown","Antihaemorrhag es Haemorrhoids",440,6
b46ad178-1678-4039-852c-28b9e8789dc7,MED-13066,"PROCTO- CINOLONE","PROCTO- CINOLONE (انجىاع ٍش)","Combination","",other,وحدة,علبة,10,"MEDICO LABS","Syria","Antihaemorrhag es Haemorrhoids",440,7
80a72cc3-d1a4-4997-8cce-6dfe062ea1a5,MED-13067,"PROCTO- CINOLONE","PROCTO- CINOLONE (انجىاع ٍش)","Combination","",other,وحدة,علبة,10,"Unknown","","Antihaemorrhag es Haemorrhoids",441,1
c4444fbc-e131-4ba2-8d48-5fb37043fdf7,MED-13068,"PROCTO- GLYVENOL","PROCTO- GLYVENOL (انجىاع ٍش)","Combination","",other,وحدة,علبة,10,"Unknown","Unknown","Antihaemorrhag es Haemorrhoids",441,2
cd2f665e-7452-4370-84f4-e7364c2725dd,MED-13069,"Profast","Profast (األوجبع)","Ketoprofen 100 mg","100 mg",tablet,حبة,شريط,30,"Global Pharma","Yemen","NSAID Analgesic يهذئبد",441,3
5ac5aa11-9813-47e5-8b4c-ebdaa89872cd,MED-13070,"Profast gel","Profast gel (األوجبع)","Ketoprofen 2.5%","2.5%",ointment,أنبوب,علبة,40,"Global Pharma","Yemen","NSAID Analgesic يهذئبد",441,4
235e8bba-f8f2-464f-8ca0-e9a7e6cc2646,MED-13071,"Profenal","Profenal (األوجبع)","Ibuprofen suspention 20 mg / ml or 100 mg / 5 ml","20 mg",suspension,مل,قارورة,110,"Julphar","UAE","Nonsteroidal Anti- Analgesic يهذئبد",441,5
7dff9691-d93b-47ed-8385-8f841401b569,MED-13072,"Profenid","Profenid (األوجبع)","Ketoprofen ampoule 100 mg .","100 mg",injection,أمبولة,باكت,6,"Sanofi Aventis","France","Nonsteroidal Anti- Analgesic يهذئبد",441,6
8d8599b5-6b20-4441-80f6-87de063da9d2,MED-13073,"Profenid 100 mg","Profenid 100 mg (األوجبع)","Ketoprofen","100 mg",tablet,حبة,شريط,30,"SANOFI","France","Non-Steroidal Anti- Analgesic يهذئبد",441,7
f1819160-538c-4ecd-8831-fb2ec92dccb8,MED-13074,"Profenid 100 mg","Profenid 100 mg (األوجبع)","Ketoprofen tablet 100 mg .","100 mg",tablet,حبة,شريط,30,"Sanofi Aventis","France","Nonsteroidal Anti- Analgesic يهذئبد",442,1
dbefe03a-cb13-44f7-896e-b059cae79dae,MED-13075,"Profenid-Gel","Profenid-Gel (األوجبع)","Ketoprofen gel 2.5% .","2.5%",ointment,أنبوب,علبة,60,"Sanofi Aventis","France","Nonsteroidal Anti- Analgesic يهذئبد",442,2
fb535bab-4407-42ac-87dd-207e3831fba5,MED-13076,"PROFILAR","PROFILAR (انشؼت انهىائ ٍخ)","Ketotifen Fumarate","",tablet,حبة,شريط,30,"United","Jordan","Respiratory drugs Bronchitis انتهبة",442,3
2e78b66d-5efb-44ed-82cc-d8361f13907b,MED-13077,"PROFILAR","PROFILAR (انشؼت انهىائ ٍخ)","Ketotifen Fumarate 1 mg / 5 ml","1 mg / 5 ml",syrup,مل,قارورة,120,"United","Jordan","Respiratory drugs Bronchitis انتهبة",442,4
c34650db-7f01-4dd7-8905-45334a0e01d2,MED-13078,"Profinal - 200","Profinal - 200 (األوجبع)","Ibuprofen tablet 200 mg .","200 mg",tablet,حبة,شريط,20,"Julphar","UAE","Nonsteroidal Anti- Analgesic يهذئبد",442,5
799d8060-d111-4d1b-8e7b-ae5062dfa09b,MED-13079,"Profinal - 400","Profinal - 400 (األوجبع)","Ibuprofen tablet 400 mg .","400 mg",tablet,حبة,شريط,24,"Julphar","UAE","Nonsteroidal Anti- Analgesic يهذئبد",442,6
a839d8fa-e63f-4fb3-8b71-195a25ededae,MED-13080,"Progena","Progena","Unknown","",cream,أنبوب,علبة,15,"Razi Pharma","Syria","Unknown Unknown",442,7
c8985f44-668e-48ed-88f0-c77fb10b749e,MED-13081,"PROGYLUTON","PROGYLUTON (يىا َغ انح ًم)","estradiol valeratev 2 mg","2 mg",tablet,حبة,شريط,21,"BYERE","Unknown","Gynaecology drugs Contraceptives",443,1
ca685454-69da-4b6c-8663-70cde400da67,MED-13082,"Prolomet XL 100","Prolomet XL 100 (استفبع ضغظ انذو)","Metoprolol Cardio Vascular","",tablet,حبة,شريط,1,"SUN Pharma","India","System drugs Hypertension",443,2
1e1b05eb-c3b9-4c57-8071-41ee2d4d256b,MED-13083,"proluton depot","proluton depot (ا َمطبع انط ًث)","hydroxyprogestero ne hexonate","",injection,أمبولة,باكت,1,"BAYER","Germany","Gynaecology drugs Amenorrhea",443,3
71627b9f-61de-4ba6-8bf5-3cae1b3fea93,MED-13084,"Promethazine Oubari","Promethazine Oubari","Promethazine tablet 50 mg","50 mg",tablet,حبة,شريط,20,"OUBARY PHARMA","Syria","Antihistamines Allergy انحغبع ٍخ",443,4
3ab83571-17f7-4211-8312-62ab3af223ed,MED-13085,"Pronatal","Pronatal (Deficiency َمص ف ٍتبي ٍُبد)","Multivitamines ( 11 vit ) +( 9 ) minerals .","",tablet,حبة,شريط,30,"Ginsana","Unknown","Vitamines and Menirals Vitamins",443,5
4aa69b97-688f-47ee-8238-4c90e9864d42,MED-13086,"Pronerv","Pronerv (Deficiency َمص ف ٍتبي ٍُبد)","- vit . ( B 1 ) 100 mg - vit . ( B 6 ) 100 mg - vit . ( B 12 ) 1 mg -","100 mg",injection,أمبولة,باكت,5,"GEROT LANNACH Viena,","Austria","Vitamines and Menirals Vitamins",443,6
700f850b-2110-43fb-8523-d633e404d35e,MED-13087,"Pronid 100","Pronid 100 (األوجبع)","Ketoprofen 100 mg","100 mg",tablet,حبة,شريط,20,"Modern Pharama","Yemen","NSAID Analgesic يهذئبد",443,7
08cef559-0974-4a7e-8884-2274d8ef2f80,MED-13088,"Pronid S . R . 200","Pronid S . R . 200 (األوجبع)","Ketoprofen","",capsule,كبسولة,شريط,10,"Modern Pharama","Yemen","NSAID Analgesic يهذئبد",444,1
5d951ab4-2f78-4fc4-8c46-90286eda9042,MED-13089,"Proof - 100","Proof - 100 (األوجبع)","Ketoprofen f . c . tablet 100 mg .","100 mg",tablet,حبة,شريط,30,"Shaphaco","Yemen","NSAID Analgesic يهذئبد",444,2
a387ac01-e2fe-4d04-8f8a-998d48ed37bd,MED-13090,"Prophallerge","Prophallerge (انشؼت انهىائ ٍخ)","Ketotifen Fumarate 1 mg / 5 ml","1 mg / 5 ml",syrup,مل,قارورة,120,"RAMEDA","Egypt","Respiratory drugs Bronchitis انتهبة",444,3
35e844b8-e9af-4b74-8dd9-e4fa001c56a9,MED-13091,"Propranolol","Propranolol (استفبع ضغظ انذو)","Propranolol Cardio Vascular Hydrochloride","",other,وحدة,علبة,1,"Unknown","Unknown","System drugs Hypertension",444,4
f4a080ad-6cd8-4aa3-805c-f55ad2e48794,MED-13092,"Prospan","Prospan (َضالد انجشد)","herbal extract","",syrup,مل,قارورة,100,"Engelhard","Unknown","Respiratory drugs Common Cold",444,5
43365983-e0da-4a81-8310-829a6930c71a,MED-13093,"Prospan","Prospan (َضالد انجشد)","IVY LEAF EXTRACT","",other,وحدة,علبة,5,"Unknown","Unknown","Respiratory drugs Common Cold",444,6
bf4c7f90-4c14-4043-8020-09408058f4d8,MED-13094,"Prospan acute","Prospan acute (َضالد انجشد)","herbal extract","",tablet,حبة,شريط,20,"Engelhard","Unknown","Respiratory drugs Common Cold",444,7
4d09390f-4b62-4b33-84c4-b518c0f67877,MED-13095,"Protec","Protec (يىا َغ انح ًم)","levonorgestrel ethinylestradiol","",tablet,حبة,شريط,28,"famy care","Unknown","Gynaecology drugs Contraceptives",445,1
1e95ef7d-fe14-4067-85f5-b09b194a17c4,MED-13096,"protec ???","protec ??? (يىا َغ انح ًم)","medroxyprogestro ne","",injection,أمبولة,باكت,1,"famy care","Unknown","Gynaecology drugs Contraceptives",445,2
b553c240-5928-4d65-86cd-8187b4cab9db,MED-13097,"PROTEC-NOR","PROTEC-NOR (يىا َغ انح ًم)","levonorgestrel ethinnylestradiol","",tablet,حبة,شريط,21,"KFW","Unknown","Gynaecology drugs Contraceptives",445,3
9b7c108c-82e9-4dbe-8543-60e8c9ff3489,MED-13098,"Protexin balance ???","Protexin balance ??? (انهضى)","probiotics +fructooligosacch aride + anti caking agent + magnesium stearate","",capsule,كبسولة,شريط,1,"probiotics international +UK","Unknown","Gastro Intestinal drugs Indigestion عىء",445,4
ad38f640-2499-4eb5-8514-f3db472f9593,MED-13099,"Protexin balance","Protexin balance (انهضى)","probiotics +fructooligosacch aride + anti caking agent + magnesium stearate","",capsule,كبسولة,شريط,30,"probiotics international +UK","Unknown","Gastro Intestinal drugs Indigestion عىء",445,5
72953613-6c9f-4fde-8579-3c307cbeff74,MED-13100,"PROTOCID","PROTOCID (Gardiasis جبسد ٌب واي ٍج ٍب)","Metronidazole","",suspension,مل,قارورة,120,"Y.E.PHARMA","Yemen","Antiprtozoal Amoebiasis ,",445,6
3138cc12-cb2e-4b5e-8c5d-26158e9c8871,MED-13101,"Protocid","Protocid (Gardiasis جبسد ٌب واي ٍج ٍب)","Metronidazole","",suspension,مل,قارورة,120,"Unknown","Unknown","Antiprtozoal Amoebiasis ,",445,7
8b0302c4-e69c-4a98-83b5-6c0025b10c9c,MED-13102,"PROTOCID 250","PROTOCID 250 (Gardiasis جبسد ٌب واي ٍج ٍب)","Diloxanide Furoate 250 mg + Metronidazole 250 mg","250 mg",tablet,حبة,شريط,20,"Y.E.PHARMA","Yemen","Antiprtozoal Amoebiasis ,",446,1
3dae8c17-3d74-4432-8c3b-68771fc7305a,MED-13103,"Protocid Forte","Protocid Forte (Gardiasis جبسد ٌب واي ٍج ٍب)","Metronidazole","",tablet,حبة,شريط,20,"Y.E.PHARMA","Yemen","Antiprtozoal Amoebiasis ,",446,2
f6c96362-4372-4162-8daa-56ba79b9aa0f,MED-13104,"PROTOCID Plus","PROTOCID Plus (Gardiasis جبسد ٌب واي ٍج ٍب)","Metronidazole 200 mg .+ diloxnide 100 mg","200 mg",suspension,مل,قارورة,120,"Y.E.PHARMA","Yemen","Antiprtozoal Amoebiasis ,",446,3
bdd31811-069a-42ee-8275-bfb144fe1ef1,MED-13105,"Protocid Plus","Protocid Plus (Gardiasis جبسد ٌب واي ٍج ٍب)","Metronidazole","",tablet,حبة,شريط,30,"Y.E.PHARMA","Yemen","Antiprtozoal Amoebiasis ,",446,4
61523bf1-d081-4172-86fc-a3e408ce60fa,MED-13106,"Protogen","Protogen (Gardiasis جبسد ٌب واي ٍج ٍب)","Tinidazole","",tablet,حبة,شريط,4,"Hayat pharma","Unknown","Antiprtozoal Amoebiasis ,",446,5
3e4bc144-c877-4f69-8d01-9e772ce2a867,MED-13107,"Proton","Proton (ان ًؼذح)","pantoprazole","",tablet,حبة,شريط,14,"SIGMACO","","Gastro Intestinal drugs Peptic ulcer لشحخ Saudi Arabia",446,6
34a03b7c-1c8d-42df-85fa-3caf6f7d9bcd,MED-13108,"Protozole","Protozole (Gardiasis جبسد ٌب واي ٍج ٍب)","Tinidazole","",tablet,حبة,شريط,4,"MUP","Egypt","Antiprtozoal Amoebiasis ,",446,7
1a880f71-4993-4eb3-805c-b96d925f1726,MED-13109,"Protozole","Protozole (Gardiasis جبسد ٌب واي ٍج ٍب)","Metronidazole","",tablet,حبة,شريط,4,"Unknown","Unknown","Antiprtozoal Amoebiasis ,",447,1
ae33d724-a161-4910-8381-4c9a61b40f82,MED-13110,"Prouziac","Prouziac (األيشاض انؼمه ٍخ)","Fluoxetine Central Nervous capsule 20 mg","20 mg",capsule,كبسولة,شريط,20,"MBC","Syria","system drugs Mental Disorders",447,2
0adb0862-6f33-4bc5-8cf6-f4620e19a183,MED-13111,"PROUZIAC","PROUZIAC (األيشاض انؼمه ٍخ)","Unknown Central Nervous","",capsule,كبسولة,شريط,20,"BAHRI","Unknown","system drugs Mental Disorders",447,3
86591ac0-213d-47e6-8b81-aa06e1f05956,MED-13112,"Proviron","Proviron (هشيى َبد ج ُغ ٍخ)","mesterolone 25","",tablet,حبة,شريط,20,"BAYER","Germany","Hormones Sex Hormones",447,4
33e1d71a-7c6b-45d7-8d5d-52312974e495,MED-13113,"Proxagel","Proxagel (األوجبع)","Naproxen","",capsule,كبسولة,شريط,40,"Unknown","Unknown","Non-Steroidal Anti- Analgesic يهذئبد",447,5
6c6bd50d-9a4d-4add-8554-502d4a3a0583,MED-13114,"Proxagel","Proxagel (األوجبع)","Naproxen 200 mg","200 mg",capsule,كبسولة,شريط,40,"Daana Pharma","Unknown","Non-Steroidal Anti- Analgesic يهذئبد",447,6
10082653-5e59-4676-8b3f-ccc9afbef0c5,MED-13115,"Proxen 250 mg","Proxen 250 mg (األوجبع)","Naproxen","250 mg",tablet,حبة,شريط,20,"GRUNENTHA L","Unknown","Non-Steroidal Anti- Analgesic يهذئبد",447,7
4f79707f-9390-46c1-84b5-ce163a5681be,MED-13116,"Proximol","Proximol (األوجبع)","Unknown","",other,وحدة,علبة,1,"KAHIRA PHARM","Egypt","Miscellaneous drugs Analgesic يهذئبد",448,1
dd4a6e53-95f7-46af-812a-3cc1f2ec3f67,MED-13117,"Ptinolin","Ptinolin (ان ًؼذح)","Ranitidine 50 mg / 2 ml","50 mg / 2 ml",injection,أمبولة,باكت,5,"help","Greece","Gastro Intestinal drugs Peptic ulcer لشحخ",448,2
25d106fd-d667-407b-8d8e-e601e41b589f,MED-13118,"Ptinolin 150","Ptinolin 150 (ان ًؼذح)","Ranitidine 150 / tab","",tablet,حبة,شريط,20,"help","Greece","Gastro Intestinal drugs Peptic ulcer لشحخ",448,3
a17f0119-4d5e-4fe7-85aa-761b6a77c203,MED-13119,"Pulmocare","Pulmocare (َضالد انجشد)","terbutaline+guaife nesine","",syrup,مل,قارورة,125,"Unknown","Egypt","Respiratory EVA PHARMA drugs Common Cold",448,4
bb79d6fc-6a20-4bbb-83db-4f490f41a135,MED-13120,"Puradin","Puradin (األنتهبثبد انجذنذ ٌخ)","Unknown","",syrup,مل,قارورة,200,"Unknown","Unknown","Skin Disorders Dermatitis",448,5
d382102a-81b2-46f0-8fd1-44d40c929310,MED-13121,"Pure cod liver oil","Pure cod liver oil (Deficiency َمص ف ٍتبي ٍُبد)","Pure cod liver oil 9.2 g + Vit . A 1200 mcg + Vit . D 10 mcg + Vit . E 7.6 mg + EPA 828 mg + DhA 736","9.2 g",syrup,مل,قارورة,170,"seven seas","Unknown","Vitamines and Menirals Vitamins",448,6
28f8e16d-dd50-469e-81f5-4e665c3ad624,MED-13122,"Pursennid","Pursennid (األيغبن)","Sennae glycoside","",tablet,حبة,شريط,20,"NOVARTIS","Switzerland","Gastro Intestinal drugs Constipation",448,7
bb1433d2-c301-4c27-8cae-b6960be248a5,MED-13123,"Pyral","Pyral (Analgesic يهذئبد األوجبع وانح ًى)","Paracetamol drops 100 mg / ml .","100 mg",drops,مل,قطارة,15,"KAHIRA PHARM","Egypt","Nonsteroidal Anti- Antipyretic -",449,1
5d80f70e-c228-47ec-8654-68e43f66ad41,MED-13124,"Pyrantel","Pyrantel (ٌ انشبئؼخ انذ ٌذا)","Mebendazole","",tablet,حبة,شريط,6,"Unknown","Unknown","Anthelmentic Common Worms",449,2
399db7a2-c363-45c0-81bf-775d8aeec6a1,MED-13125,"Pyrantel","Pyrantel (ٌ انشبئؼخ انذ ٌذا)","Mebendazole","",tablet,حبة,شريط,6,"AMRIYA PHARMA","Egypt","Anthelmentic Common Worms",449,3
83e5b567-d3fe-4590-8b44-bda917657687,MED-13126,"Pyridoxin","Pyridoxin (B deficiency)","Vitamin B Substances","",tablet,حبة,شريط,20,"Unknown","Unknown","Vitamines and Menirals Neuritis; vitamin",449,4
932f0346-2421-4da8-8e80-cb77aae38d6c,MED-13127,"Pyridoxin 40","Pyridoxin 40 (B deficiency)","Prridoxine 40 mg","40 mg",tablet,حبة,شريط,20,"Unknown","Unknown","Vitamines and Menirals Neuritis; vitamin",449,5
7ea2a9c4-d691-4df2-8525-f0e58ba963d5,MED-13128,"Pyridoxine","Pyridoxine (vomiting ٌ انغث ٍب وانطشػ)","pyridoxine","",tablet,حبة,شريط,20,"Juphar","UAE","Gastro Intestinal drugs Nausea and",449,6
614e092c-cbd9-4e88-88a6-fc45e5be7b7e,MED-13129,"Qinarsol","Qinarsol","Quinine","",injection,أمبولة,باكت,10,"CIPLA","India","Antimalarial medicines Malaria ان ًالس ٌب",449,7
7aa0c98d-0fea-4b82-8612-a61c1e78bfc9,MED-13130,"Quebril","Quebril (Asthma انشثى ً انشؼج)","Theophyllin +guafenesin","",capsule,كبسولة,شريط,20,"k&c pharma","Syria","Respiratory drugs Bronchial",450,1
57dae9de-51a0-4374-84ec-cd512298feab,MED-13131,"Quibron-T/SR","Quibron-T/SR (Asthma انشثى ً انشؼج)","Theophylline 300 mg","300 mg",tablet,حبة,شريط,100,"Unknown","Unknown","Respiratory drugs Bronchial",450,2
1aed4f25-c7eb-403f-85c1-10d9ba196362,MED-13132,"Qutipin - 200","Qutipin - 200 (األيشاض انؼمه ٍخ)","Quetiapine tablets Central Nervous 200 mg","200 mg",tablet,حبة,شريط,30,"SUN","India","system drugs Mental Disorders",450,3
5e6f4f75-f8d3-4ee8-8655-f05c27ff7f80,MED-13133,"R.B.TONE","R.B.TONE","ferrous gluconate 200 mg + f olic acid 0.5 mg + vitB 12 4 mcg","200 mg",capsule,كبسولة,شريط,10,"MEDLEY","India","Vitamines and Menirals Anaemia فمش انذو",450,4
340a77db-b8df-42d3-843e-fa10579d764c,MED-13134,"R.B.Tone","R.B.Tone","Ferrous Sulfate+ Folic Acid","",syrup,مل,قارورة,200,"MEDLEY","India","Vitamines and Menirals Anaemia فمش انذو",450,5
2b65eaad-97d9-4617-8d3d-03708cb7e810,MED-13135,"R.B.Tone ???","R.B.Tone ???","Ferrous Sulfate+ Folic Acid","",capsule,كبسولة,شريط,2,"MEDLEY","India","Vitamines and Menirals Anaemia فمش انذو",450,6
d734ee69-2589-42bd-8a8f-90edaefaa693,MED-13136,"Rabeloc ???","Rabeloc ??? (ان ًؼذح)","Rabeprazole","",tablet,حبة,شريط,10,"CADILA","India","Gastro Intestinal drugs Peptic ulcer لشحخ",450,7
f9414be3-ba5e-4c8f-8f11-fbcca4a8925b,MED-13137,"Rabeloc Tab","Rabeloc Tab (ان ًؼذح)","Rabeprazole","",tablet,حبة,شريط,10,"CADILA","India","Gastro Intestinal drugs Peptic ulcer لشحخ",451,1
aef4f6e2-6514-48b5-8883-a8e152078740,MED-13138,"Radian","Radian (األوجبع)","Combination","",cream,أنبوب,علبة,1,"Unknown","UK","Non-Steroidal Anti- Analgesic يهذئبد",451,2
8bb72bc7-2e5e-4e21-8564-5f66667cf700,MED-13139,"Rafamox Capsules","Rafamox Capsules (Microbial Infections)","Amoxicillin*","",capsule,كبسولة,شريط,10,"RFA","Yemen","Antibiotics ًٍكشوث ٍخ األصبثبد ان",451,3
07097c04-a67c-411f-8bd9-91c42ffa6d63,MED-13140,"Rafamox Syrup","Rafamox Syrup (Microbial Infections)","Amoxicillin*","",syrup,مل,قارورة,80,"RFA","Yemen","Antibiotics ًٍكشوث ٍخ األصبثبد ان",451,4
42157453-66d8-424c-811a-fc983eaa0263,MED-13141,"Ramecef","Ramecef (Infections األصبثبد انجكت ٍش ٌخ)","Ceftriaxone Sodium","",injection,أمبولة,باكت,1,"RAMEDA","Egypt","Antibacterial Bacterial",451,5
d6134cbc-92ba-4d77-88eb-29b294211f75,MED-13142,"Ramecef","Ramecef (Infections األصبثبد انجكت ٍش ٌخ)","Ceftriaxone Sodium","",injection,أمبولة,باكت,1,"Unknown","Unknown","Antibacterial Bacterial",451,6
54eb6314-b163-4d32-8bf4-ff24575c91f9,MED-13143,"Ramipres - 5","Ramipres - 5 (استفبع ضغظ انذو)","Ramipres 5 mg Cardio Vascular","5 mg",tablet,حبة,شريط,10,"CIPLA","India","System drugs Hypertension",451,7
25849d11-b15b-489d-8846-6cd95ec1a13d,MED-13144,"Ramipres - 10","Ramipres - 10 (استفبع ضغظ انذو)","Ramipril Cardio Vascular","",tablet,حبة,شريط,10,"CIPLA","India","System drugs Hypertension",452,1
f4cd319f-a6ad-4132-835a-3c90ff6f35fe,MED-13145,"Ramipres - 2.5","Ramipres - 2.5 (استفبع ضغظ انذو)","Ramipril Cardio Vascular","",tablet,حبة,شريط,10,"CIPLA","India","System drugs Hypertension",452,2
f250afda-bc47-4753-836a-ed5a49fd8f40,MED-13146,"Ramipres-H","Ramipres-H (استفبع ضغظ انذو)","Ramipril Cardio Vascular","",tablet,حبة,شريط,10,"CIPLA","India","System drugs Hypertension",452,3
cd0023af-decf-4563-8dd1-9ecdac57f101,MED-13147,"Ramol","Ramol (Analgesic يهذئبد األوجبع وانح ًى)","Paracetamol syrup 120 mg / 5 ml .","120 mg / 5 ml",suspension,مل,قارورة,60,"Shiba pharma","Yemen","NSAID Antipyretic -",452,4
3cd4e70a-529e-4006-85f6-4503f690fb3e,MED-13148,"Ramol","Ramol (Analgesic يهذئبد األوجبع وانح ًى)","Paracetamol syrup 120 mg / 5 ml .","120 mg / 5 ml",suspension,مل,قارورة,100,"Shiba pharma","Yemen","NSAID Antipyretic -",452,5
513e6a4a-a1f6-4002-8596-9c7897e4b152,MED-13149,"Ramol","Ramol (Analgesic يهذئبد األوجبع وانح ًى)","Paracetamol syrup 120 mg / 5 ml .","120 mg / 5 ml",syrup,مل,قارورة,60,"Shiba pharma","Yemen","NSAID Antipyretic -",452,6
9fd034ec-5c36-492d-8637-2147e5e5cc5f,MED-13150,"Ramol","Ramol (Analgesic يهذئبد األوجبع وانح ًى)","Paracetamol syrup 250 mg / 5 ml .","250 mg / 5 ml",syrup,مل,قارورة,60,"Shiba pharma","Yemen","NSAID Antipyretic -",452,7
b2513513-2cf3-4a42-81c7-ce31a093b603,MED-13151,"Ramol","Ramol (Analgesic يهذئبد األوجبع وانح ًى)","Paracetamol 400 mg / tab","400 mg",tablet,حبة,شريط,10,"Shiba pharma","Yemen","NSAID Antipyretic -",453,1
1958b0ed-59c8-4308-8a90-4a02738346fc,MED-13152,"Ramol","Ramol (Analgesic يهذئبد األوجبع وانح ًى)","Paracetamol 500 mg / caplet","500 mg",capsule,كبسولة,شريط,1,"Shiba pharma","Yemen","NSAID Antipyretic -",453,2
90d55d4c-4514-4044-8d72-c622283d4c9e,MED-13153,"Ramol","Ramol (Analgesic يهذئبد األوجبع وانح ًى)","Paracetamol 100 mg / 1 ml","100 mg / 1 ml",syrup,مل,قارورة,20,"Shiba pharma","Yemen","NSAID Antipyretic -",453,3
f2da135e-fb7f-404f-8e6c-909ffed6ab1d,MED-13154,"Ramol Cold & Flu","Ramol Cold & Flu (َضالد انجشد)","Paracetamol 500 mg + Psedoephedrine 30 mg + Chlorpheniramine 2 mg / caplet","500 mg",capsule,كبسولة,شريط,1,"Shiba pharma","Yemen","Respiratory drugs Common Cold",453,4
f180c0e6-29d8-4cc0-8cd4-55397de21fc0,MED-13155,"Ramol Extra","Ramol Extra (َضالد انجشد)","Paracetamol 500 mg + cafeine 65 mg / tab","500 mg",capsule,كبسولة,شريط,1,"Shiba pharma","Yemen","Respiratory drugs Common Cold",453,5
41d8bab2-4cb4-40ed-87f7-8499353131b1,MED-13156,"Ramol Sinus","Ramol Sinus (Analgesic يهذئبد األوجبع وانح ًى)","Paracetamol 500 mg + Psedoephedrine 30 mg / tab","500 mg",tablet,حبة,شريط,20,"Shiba pharma","Yemen","NSAID Antipyretic -",453,6
949843fc-57ea-4bb8-8294-a4b7c7bec05b,MED-13157,"Rana = strawberry","Rana = strawberry (األيغبن)","Caster Oil","",syrup,مل,قارورة,60,"Shrivenue","India","Gastro Intestinal drugs Constipation",453,7
e93fdbce-eac3-46c7-8d32-7fadcdbbabad,MED-13158,"Rana = mix fruit","Rana = mix fruit (األيغبن)","Caster Oil","",syrup,مل,قارورة,60,"Shrivenue","India","Gastro Intestinal drugs Constipation",454,1
05b551b4-1219-4ec6-8d91-adc00dc416ba,MED-13159,"Ranatidine 50 mh / 2 ml","Ranatidine 50 mh / 2 ml (ان ًؼذح)","Ranitidine","2 ml",injection,أمبولة,باكت,5,"OUBARY PHARMA","Syria","Gastro Intestinal drugs Peptic ulcer لشحخ",454,2
79c86803-b3b2-43d7-8d1f-bac4e037f347,MED-13160,"RANDIN 150","RANDIN 150 (ان ًؼذح)","Ranitidine","",tablet,حبة,شريط,10,"Modern Pharama","Yemen","Gastro Intestinal drugs Peptic ulcer لشحخ",454,3
b933e9d8-acd3-4fea-8302-74567ea1a18a,MED-13161,"Rani 150","Rani 150 (ان ًؼذح)","Ranitidine","",other,وحدة,علبة,1,"PHARCO","Egypt","Gastro Intestinal drugs Peptic ulcer لشحخ",454,4
1d5f2884-42a4-4eb1-8afc-eea091748460,MED-13162,"Rani 150","Rani 150 (ان ًؼذح)","Ranitidine","",other,وحدة,علبة,6,"PHARCO","Egypt","Gastro Intestinal drugs Peptic ulcer لشحخ",454,5
8ad7ceea-34e6-4072-8513-67c7f33e3e61,MED-13163,"Rani - Denk 150 mg","Rani - Denk 150 mg (ان ًؼذح)","Ranitidine","150 mg",tablet,حبة,شريط,20,"Denk pharma","Germany","Gastro Intestinal drugs Peptic ulcer لشحخ",454,6
4b40ceaf-9241-4b76-814f-7beea16b8e61,MED-13164,"Ranimax","Ranimax (ان ًؼذح)","Ranitidine","",tablet,حبة,شريط,20,"JPI","","Gastro Intestinal drugs Peptic ulcer لشحخ Saudi Arabia",454,7
7590b8e5-1b4f-4142-8642-b65a39dec29c,MED-13165,"Ranimax 150","Ranimax 150 (ان ًؼذح)","Ranitidine","",tablet,حبة,شريط,20,"JPI","","Gastro Intestinal drugs Peptic ulcer لشحخ Saudi Arabia",455,1
5516fe23-b968-44d7-8874-a9bdccca84fb,MED-13166,"Ranisan 150","Ranisan 150 (ان ًؼذح)","Ranitidine 150 mg / tab","150 mg",tablet,حبة,شريط,10,"Shiba pharma","Yemen","Gastro Intestinal drugs Peptic ulcer لشحخ",455,2
4954dbac-cf1e-421b-81be-57a0997722f7,MED-13167,"Ranitak 150 mg","Ranitak 150 mg (ان ًؼذح)","Ranitidine","150 mg",tablet,حبة,شريط,20,"SEDICO","Egypt","Gastro Intestinal drugs Peptic ulcer لشحخ",455,3
8cebed62-b072-4bf5-8f5a-da88b3139f9f,MED-13168,"Ranitalis 50 mg / 2 ml","Ranitalis 50 mg / 2 ml (ان ًؼذح)","Ranitidine 50 mg / 2 ml","50 mg / 2 ml",injection,أمبولة,باكت,10,"Vitalis","USA","Gastro Intestinal drugs Peptic ulcer لشحخ",455,4
b1b4dcf5-24a6-4505-8b76-8aa617a5dae8,MED-13169,"Raniticid 50 mg","Raniticid 50 mg (ان ًؼذح)","Ranitidine","50 mg",injection,أمبولة,باكت,10,"shijiazhuang = china","China","Gastro Intestinal drugs Peptic ulcer لشحخ",455,5
f3b499d9-d62c-4304-87ec-b7976b1e97cd,MED-13170,"Ranitidine","Ranitidine (ان ًؼذح)","Ranitidine 25 mg / ml","25 mg",injection,أمبولة,باكت,5,"GLAND","India","Gastro Intestinal drugs Peptic ulcer لشحخ",455,6
cdf5d730-3b23-4e61-81c0-f68f4d69847e,MED-13171,"Ranitol 150 mg","Ranitol 150 mg (ان ًؼذح)","Ranitidine","150 mg",tablet,حبة,شريط,20,"MUP","Egypt","Gastro Intestinal drugs Peptic ulcer لشحخ",455,7
f56bbe51-46f6-496d-8877-f73f550ba36d,MED-13172,"Ranitol 300 mg","Ranitol 300 mg (ان ًؼذح)","Ranitidine","300 mg",tablet,حبة,شريط,10,"MUP","Egypt","Gastro Intestinal drugs Peptic ulcer لشحخ",456,1
579f90b5-aad4-4c46-88d3-b631d9e4d4b3,MED-13173,"Rantac 150 mg","Rantac 150 mg (ان ًؼذح)","Ranitidine","150 mg",tablet,حبة,شريط,100,"Shaphaco","Yemen","Gastro Intestinal drugs Peptic ulcer لشحخ",456,2
1d0df2a2-7a06-44fe-8fa8-798d39978f88,MED-13174,"Rantag 150","Rantag 150 (ان ًؼذح)","Ranitidine","",tablet,حبة,شريط,20,"Juphar","UAE","Gastro Intestinal drugs Peptic ulcer لشحخ",456,3
69b2460b-cdd0-4355-8d12-ec297cdcebfe,MED-13175,"Rantiol 50 mg","Rantiol 50 mg (ان ًؼذح)","Ranitidine 50 mg","50 mg",injection,أمبولة,باكت,5,"MUP","Egypt","Gastro Intestinal drugs Peptic ulcer لشحخ",456,4
333d883d-902b-4bf7-810d-e8418dd3464b,MED-13176,"RAPACE","RAPACE (استفبع ضغظ انذو)","Losartan Cardio Vascular Potassium","",tablet,حبة,شريط,1,"Unknown","Unknown","System drugs Hypertension",456,5
23060308-8e2e-47ce-8a11-930ae537a14d,MED-13177,"Rapidus - 50","Rapidus - 50 (األوجبع)","Diclofenac Potassium coated tablet 50 mg .","50 mg",tablet,حبة,شريط,20,"Tabuk pharma","","Non-Steroidal Anti- Analgesic يهذئبد Saudi Arabia",456,6
8861e23f-2590-42c1-8ef2-8fb3a5b627aa,MED-13178,"RASHA","RASHA (األنتهبثبد انجذنذ ٌخ)","Unknown","",ointment,أنبوب,علبة,20,"SEDICO","Egypt","Skin Disorders Dermatitis",456,7
15df5e87-e6c8-4e52-865a-a160c1ed8ecf,MED-13179,"Rawel SR","Rawel SR (استفبع ضغظ انذو)","Indapamide 1.5 Cardio Vascular mg / tab","",tablet,حبة,شريط,20,"KRKA","India","System drugs Hypertension",457,1
c613c283-efbc-4d29-849c-ee1d07a39eac,MED-13180,"Raxidon - 2","Raxidon - 2 (األيشاض انؼمه ٍخ)","Risperidone Central Nervous tablet 2 mg","2 mg",tablet,حبة,شريط,20,"JPM","Jordan","system drugs Mental Disorders",457,2
79c0fe0c-fc36-4161-8fb6-5a97e73d7771,MED-13181,"Raxidon - 4","Raxidon - 4 (األيشاض انؼمه ٍخ)","Risperidone Central Nervous tablet 2 mg","2 mg",tablet,حبة,شريط,20,"JPM","Jordan","system drugs Mental Disorders",457,3
492c69ee-d2e1-47a6-8e48-f98a02421cd1,MED-13182,"Razon 40","Razon 40 (ان ًؼذح)","pantoprazole","",tablet,حبة,شريط,14,"JPM","Jordan","Gastro Intestinal drugs Peptic ulcer لشحخ",457,4
6a00f196-b1cd-41d0-8f76-6f318bf4af86,MED-13184,"Redoxon","Redoxon (Deficiency َمص ف ٍتبي ٍُبد)","Vitamin c 1000 mg / Effervescent tab .","1000 mg",tablet,حبة,شريط,10,"BAYER","Switzerland","Vitamines and Menirals Vitamins",457,6
e70c5655-b4cd-452a-8c8a-b82a6aa7df36,MED-13185,"REEMOX","REEMOX (Microbial Infections)","Amoxicillin 500 mg / Cap","500 mg",capsule,كبسولة,شريط,10,"REYOUNG","","Antibiotics ًٍكشوث ٍخ األصبثبد ان",457,7
340c22de-5559-4879-8f3a-d651379dcdbf,MED-13186,"Reenia","Reenia (انهضى)","CaCo 3 + MgCO 3 + NaHCo 3","",tablet,حبة,شريط,1,"Bayer health care","Unknown","Gastro Intestinal drugs Indigestion عىء",458,1
ae9a2fa4-10c5-4f50-8841-c0e25ae9f5a1,MED-13187,"REGULON","REGULON (يىا َغ انح ًم)","ethinylestradiol - desogestrel 3","",tablet,حبة,شريط,21,"GEDEON RICHTER","HUNGARY","Gynaecology drugs Contraceptives",458,2
c72fe25e-4d05-4c22-831f-1e1b40cc5fef,MED-13188,"Relax","Relax (Analgesic يهذئبد األوجبع وانح ًى)","chlorzoxazone 250 mg + Paracetam ol 300 mg per capsule .","250 mg",capsule,كبسولة,شريط,20,"Alphamoun","Egypt","Nonsteroidal Anti- Antipyretic -",458,3
d7902d9b-46c9-4d8f-834c-71177982ba1f,MED-13190,"Relaxon","Relaxon (يشخ ٍبد انؼضالد)","Chlorzoxazone 250 mg + Paracetamol 300 mg / capsule","250 mg",capsule,كبسولة,شريط,30,"jamjoom pharma","","Skeletal Muscle Muscle relaxation Saudi Arabia",458,5
8c5d80eb-53cb-474e-8361-6478a59112df,MED-13191,"Relcer","Relcer (انهضى)","Al(OH)+Mg(OH) +Simethicone","",ointment,أنبوب,علبة,180,"Glenmark","India","Gastro Intestinal drugs Indigestion عىء",458,6
5dcd835d-008a-4477-8093-ff73648a9c75,MED-13192,"Reman`s Delay","Reman`s Delay (Local انتخذ ٌش ً ان ًىضؼ)","lidocaine Central Nervous","",syrup,مل,قارورة,10,"reman","Unknown","system drugs Anaesthetics",458,7
17c2c88a-1866-4550-8ce1-69a270866026,MED-13193,"Remora","Remora (Microbial Infections)","Roxithromycin 150 mg","150 mg",tablet,حبة,شريط,10,"Unknown","Unknown","Antibiotics ًٍكشوث ٍخ األصبثبد ان",459,1
7a84a9c5-c9e7-4e92-8885-b4695c562575,MED-13194,"Remotidine 50 mg","Remotidine 50 mg (ان ًؼذح)","Ranitidine","50 mg",injection,أمبولة,باكت,10,"REYOUNG","Unknown","Gastro Intestinal drugs Peptic ulcer لشحخ",459,2
981466ff-ad53-45c2-8a3c-bec7707f5cd0,MED-13195,"RENAL-S","RENAL-S (Infection اصبثبد ً انجهبص انجىن)","Combination","",other,وحدة,علبة,12,"pharo ph.","Egypt","Urinary tract drugs Urinary Tract",459,3
c3b2fe0f-47b0-4ad3-8f4e-15a2aef46b1b,MED-13196,"Renfort","Renfort (ان ًؼذح)","Ranitidine","",injection,أمبولة,باكت,2,"Unknown","Unknown","Gastro Intestinal drugs Peptic ulcer لشحخ",459,4
a5c8b621-768c-4fb0-8680-deb8ceb1c220,MED-13197,"Rennia","Rennia (انهضى)","CaCo 3 680 mg + MgCO 3 80 mg","680 mg",tablet,حبة,شريط,1,"Bayer health care","Unknown","Gastro Intestinal drugs Indigestion عىء",459,5
baa062e0-ceb5-49bc-8e3e-a8aa66ee284d,MED-13198,"Rennia Tab","Rennia Tab (انهضى)","CaCo 3 680 mg + MgCO 3 80 mg","680 mg",tablet,حبة,شريط,96,"BAYER","Germany","Gastro Intestinal drugs Indigestion عىء",459,6
b8ef2108-fcd3-4ff0-89c4-62ff17b312b3,MED-13199,"Rennie","Rennie (انهضى)","Combination","",tablet,حبة,شريط,96,"BAYER","Germany","Gastro Intestinal drugs Indigestion عىء",459,7
23078fc5-d865-49d7-8f94-8215ca13328f,MED-13200,"Repace","Repace (استفبع ضغظ انذو)","losartan potassium Cardio Vascular","",tablet,حبة,شريط,30,"SUN","India","System drugs Hypertension",460,1
3d7373fd-b990-42ed-842c-52a9a350940e,MED-13201,"REPACE H","REPACE H (استفبع ضغظ انذو)","Losartan Cardio Vascular Potassium","",tablet,حبة,شريط,1,"Unknown","Unknown","System drugs Hypertension",460,2
cf81a8b7-23af-4b05-8dc0-2cabae72d12b,MED-13202,"Reparil","Reparil (األوػ ٍخ انذيى ٌخ وانمهت)","Aescin................... Cardio Vascular ......................... Diethylamine salicylate……… ……","",tablet,حبة,شريط,40,"CID","Egypt","System drugs Cardio Vascular",460,3
73574bdc-2379-40bc-87a4-e6c5e3bf16b8,MED-13203,"Reparil®","Reparil® (األوػ ٍخ انذيى ٌخ وانمهت)","Aesci Cardio Vascular n ....... ......... ........ .................... 1 g Diethylamine","1 g",other,وحدة,علبة,1,"CID","Egypt","System drugs Cardio Vascular",460,4
bca6d8ce-bb8a-4897-81da-bae9acbe8f18,MED-13204,"Resclar","Resclar (Disorders اضطشاثبد انجهبص ً انت ُفغ)","Clarithromycin","",tablet,حبة,شريط,2,"Neopharma","UAE","Antibiotics Respiratory",460,5
d70309df-014a-4f3a-81b9-c717108b6574,MED-13205,"Resdon - 2","Resdon - 2 (األيشاض انؼمه ٍخ)","Risperidone Central Nervous tablet 2 mg","2 mg",tablet,حبة,شريط,30,"RFA","Yemen","system drugs Mental Disorders",460,6
b7ea9288-4fef-43c3-8758-817e33f3aff6,MED-13206,"Resdon - 3","Resdon - 3 (األيشاض انؼمه ٍخ)","Risperidone Central Nervous tablet 3 mg","3 mg",tablet,حبة,شريط,30,"RFA","Yemen","system drugs Mental Disorders",460,7
bc60106f-e90f-4420-88d3-2a0c8ba2712c,MED-13207,"Resdon - 4","Resdon - 4 (األيشاض انؼمه ٍخ)","Risperidone Central Nervous tablet 4 mg","4 mg",tablet,حبة,شريط,30,"RFA","Yemen","system drugs Mental Disorders",461,1
b5888d82-edad-45df-8995-65b18d712cce,MED-13208,"Resprain","Resprain (استفبع ضغظ انذو)","Heptaminol Cardio Vascular","",syrup,مل,قارورة,20,"PHARCO","Egypt","System drugs Hypertension",461,2
1fca9893-923d-4d56-8cfb-5045abfeb1ca,MED-13209,"Res - Q 10","Res - Q 10 (supplementation ًٍه ٍخ تغز ٌخ تك)","Nutrients","",capsule,كبسولة,شريط,30,"Unknown","Unknown","Gastro Intestinal drugs Nutrition",461,3
3efdee8c-acdb-433b-8162-4dafd43523e7,MED-13210,"Restelea","Restelea (األيشاض انؼمه ٍخ)","Risperidone Central Nervous tablet 2 mg","2 mg",tablet,حبة,شريط,20,"ELEA","Argentina","system drugs Mental Disorders",461,4
974a1b4f-8c85-4d5e-875b-6ed81a967cf4,MED-13211,"Restine","Restine (vomiting ٌ انغث ٍب وانطشػ)","Meclozine + Pyrodixine","",tablet,حبة,شريط,20,"Alphamoun","Egypt","Gastro Intestinal drugs Nausea and",461,5
2b9a79cf-201f-47ab-8877-106923742c1f,MED-13212,"Restrla - 2","Restrla - 2 (األيشاض انؼمه ٍخ)","Risperidone Central Nervous tablet 2 mg","2 mg",tablet,حبة,شريط,20,"ELEA","Argentina","system drugs Mental Disorders",461,6
757a5ffe-ba5b-449e-89b9-64b7f3fb2fe4,MED-13213,"Restrla - 3","Restrla - 3 (األيشاض انؼمه ٍخ)","Risperidone Central Nervous tablet 3 mg","3 mg",tablet,حبة,شريط,20,"ELEA","Argentina","system drugs Mental Disorders",461,7
68c800d8-02d4-41a0-8701-855b2a244987,MED-13214,"Restyl 1 mg","Restyl 1 mg (Insumnea األسق وانمهك)","Alprazolam tablet Central Nervous 1 mg","1 mg",tablet,حبة,شريط,30,"CIPLA","India","system drugs Anxiety ,",462,1
2192a933-20e9-477c-8881-8c20b001b983,MED-13215,"Resulen","Resulen","Policresulen","",other,وحدة,علبة,10,"Unknown","Unknown","Antihaemorrhag es Vaginal ان ًهجم",462,2
7b123ee3-ca29-49da-865b-1fc5c589344e,MED-13216,"Resyl","Resyl (Disorders اضطشاثبد انجهبص ً انت ُفغ)","Guaifenesin+brom ohexine","",syrup,مل,قارورة,100,"natco ph.","Unknown","Respiratory drugs Respiratory",462,3
5166d456-56c4-49e9-8dc7-29d6fb18d26c,MED-13217,"Retalin - 50","Retalin - 50 (األيشاض انؼمه ٍخ)","Sertraline tablet Central Nervous 50 mg","50 mg",tablet,حبة,شريط,30,"pil","Unknown","system drugs Mental Disorders",462,4
654a5941-4a43-41d8-871a-7f34440e71c2,MED-13218,"Retane","Retane","Isotretinoin 10 mg","10 mg",capsule,كبسولة,شريط,30,"ASIA","Syria","Vitamines and Menirals Acne حت انشجبة",462,5
aa7fe946-54a7-4693-8f81-3da53ab0f069,MED-13219,"Retin- A gel","Retin- A gel","Tretinoin","",ointment,أنبوب,علبة,20,"Janssen-Cilag","Switzerland","Skin Disorders Acne حت انشجبة",462,6
0c3167cd-8561-4932-81d2-777ba2618c7d,MED-13220,"Revanin","Revanin (Analgesic يهذئبد األوجبع وانح ًى)","Paracetamol","",other,وحدة,علبة,5,"APM","Jordan","Non-Steroidal Anti- Antipyretic -",462,7
03d71cfe-9b6b-4a1e-8bf6-9e79bbe17bb4,MED-13221,"Rexapin 5 mg","Rexapin 5 mg (األيشاض انؼمه ٍخ)","Olanzapin tablet Central Nervous 5 mg","5 mg",tablet,حبة,شريط,28,"ABDIIbrahim","Unknown","system drugs Mental Disorders",463,1
cb3938a5-363a-4e47-805e-c542570387ea,MED-13222,"Rexapin 10 mg","Rexapin 10 mg (األيشاض انؼمه ٍخ)","Olanzapin tablet Central Nervous 10 mg","10 mg",tablet,حبة,شريط,28,"ABDIIbrahim","Unknown","system drugs Mental Disorders",463,2
0a0e10b8-8f56-4327-84a1-5f2439a89173,MED-13223,"Rexetin","Rexetin (األيشاض انؼمه ٍخ)","Paroxetine Central Nervous","",tablet,حبة,شريط,30,"GEDEON RICHTER","HUNGARY","system drugs Mental Disorders",463,3
7bbcde62-1215-4514-837b-e9da28ed27ba,MED-13224,"Rexetin 20","Rexetin 20 (األيشاض انؼمه ٍخ)","Paroxetine 20 mg Central Nervous","20 mg",tablet,حبة,شريط,30,"Unknown","Unknown","system drugs Mental Disorders",463,4
86531ae3-576e-4f35-84f0-231e3f461ea0,MED-13225,"RFADAXIT","RFADAXIT (األيشاض انؼمه ٍخ)","Flupentixol Central Nervous Hydrochloride 0.5 mg + Melitracen Hydrochloride 10 mg","0.5 mg",tablet,حبة,شريط,100,"RFA","Yemen","system drugs Mental Disorders",463,5
0e4f33c0-96d8-4628-8610-91f9cbebd0cf,MED-13226,"RFAFER","RFAFER","Ferrous Sulfate","",syrup,مل,قارورة,100,"RFA","Yemen","Vitamines and Menirals Anaemia فمش انذو",463,6
396c59a6-24c7-4272-86bf-e55fad0e4edc,MED-13227,"RFAFLU","RFAFLU (َضالد انجشد)","pseudoephedrine +paracetamol + diphenhydramine","",tablet,حبة,شريط,20,"RFA","Yemen","Respiratory drugs Common Cold",463,7
b623a427-c0f3-45cc-8d44-2e55aba1ec28,MED-13228,"RFAFLU Tablets","RFAFLU Tablets (Analgesic يهذئبد األوجبع وانح ًى)","Paracetamol 500 mg + Pseudoephedrine 30 mg + Diphenhydramin 25 mg per tablet .","500 mg",tablet,حبة,شريط,20,"RFA","Yemen","NSAID Antipyretic -",464,1
904b977f-511a-4883-883a-dba50195dcd2,MED-13229,"RFAFLU-C","RFAFLU-C (Analgesic يهذئبد األوجبع وانح ًى)","chloropheneramin 2 mg + Pseudoephe drine 15 mg + Paracetamo l 120 mg / 5 ml .","2 mg",syrup,مل,قارورة,60,"RFA","Yemen","NSAID Antipyretic -",464,2
fb708618-2a90-4968-8102-cede721d4ee5,MED-13230,"Rfaflu-C","Rfaflu-C (َضالد انجشد)","pseudoephedrine +paracetamol + diphenhydramine","",syrup,مل,قارورة,60,"RFA","Yemen","Respiratory drugs Common Cold",464,3
5bbf2fa7-3869-48f2-897a-c1a3aeb63479,MED-13231,"Rfagra 25","Rfagra 25 (ي ُشطبد ج ُغ ٍخ)","Sildenafil Citrate 25 mg / tablet","25 mg",tablet,حبة,شريط,20,"RFA","Yemen","Sex Stimulants Sex Stimulants",464,4
731f5cbf-a98b-4b53-8500-45da847eee59,MED-13232,"Rfagra 50","Rfagra 50 (ي ُشطبد ج ُغ ٍخ)","Sildenafil Citrate 50 mg / tablet","50 mg",tablet,حبة,شريط,4,"RFA","Yemen","Sex Stimulants Sex Stimulants",464,5
42c9b11d-4cab-4eec-8d47-bad795dedb4f,MED-13233,"RFALIN - 50","RFALIN - 50 (األيشاض انؼمه ٍخ)","Sertraline tablet Central Nervous 50 mg","50 mg",tablet,حبة,شريط,30,"RFA","Yemen","system drugs Mental Disorders",464,6
958c601f-ddbf-4cfc-81ff-9d19cb1c8440,MED-13234,"RFAMOL","RFAMOL (Analgesic يهذئبد األوجبع وانح ًى)","Paracetamol suspension 250 mg / 5 ml .","250 mg / 5 ml",suspension,مل,قارورة,60,"RFA","Yemen","NSAID Antipyretic -",464,7
1d55d077-bdc9-4207-8f02-7b334b41ec8b,MED-13235,"RFAMOL","RFAMOL (Analgesic يهذئبد األوجبع وانح ًى)","Paracetamol tablet 500 mg .","500 mg",tablet,حبة,شريط,100,"RFA","Yemen","NSAID Antipyretic -",465,1
6da87873-2603-4e4d-8d97-1936ecb1a12e,MED-13236,"RFAMOL","RFAMOL (Analgesic يهذئبد األوجبع وانح ًى)","Paracetamol 500 mg","500 mg",tablet,حبة,شريط,20,"Unknown","Unknown","Non-Steroidal Anti- Antipyretic -",465,2
072e8590-512f-4f37-8374-6630abd5dff6,MED-13237,"RFAMOL ???","RFAMOL ??? (Analgesic يهذئبد األوجبع وانح ًى)","Paracetamol 500 mg soluble tablet .","500 mg",tablet,حبة,شريط,48,"RFA","Yemen","NSAID Antipyretic -",465,3
fc1429f1-81ed-482e-8a1d-75fb4122f59c,MED-13238,"RFAMOL ????","RFAMOL ???? (Analgesic يهذئبد األوجبع وانح ًى)","Paracetamol syrup 120 mg / 5 ml .","120 mg / 5 ml",syrup,مل,قارورة,60,"RFA","Yemen","NSAID Antipyretic -",465,4
a3f4b5ce-d2c7-48c8-8fd6-e66cc39c277d,MED-13239,"RFAMOL cold","RFAMOL cold (Analgesic يهذئبد األوجبع وانح ًى)","Paracetamol 500 mg + Phenylepherine 10 mg + Certirizine 5 mg per tablet .","500 mg",tablet,حبة,شريط,4,"RFA","Yemen","NSAID Antipyretic -",465,5
13b987fe-79d4-429e-8aeb-e5249030dd74,MED-13240,"RFAMOL cold","RFAMOL cold (Analgesic يهذئبد األوجبع وانح ًى)","Paracetamol 125 mg + Phenylepherine HCl 10 mg + Cetirizine 2 mg / 5 ml","125 mg",suspension,مل,قارورة,60,"RFA","Yemen","NSAID Antipyretic -",465,6
a52c5658-4335-4471-8002-f2753327e73e,MED-13241,"Rfamol cold","Rfamol cold (َضالد انجشد)","pseudoephedrine +paracetamol+chl oraphiniramine","",tablet,حبة,شريط,4,"RFA","Yemen","Respiratory drugs Common Cold",465,7
88d161ae-e336-407b-8bcb-0c9236706af9,MED-13243,"RFAMOL EXTRA","RFAMOL EXTRA (Analgesic يهذئبد األوجبع وانح ًى)","Paracetamol 500 mg","500 mg",tablet,حبة,شريط,20,"Unknown","Unknown","Non-Steroidal Anti- Antipyretic -",466,2
461401e7-dc81-4c38-8f93-0d61ca006016,MED-13244,"RFAMOLesxtra","RFAMOLesxtra (Analgesic يهذئبد األوجبع وانح ًى)","Paracetamol 500 mg + Caffine 65 mg per tab .","500 mg",tablet,حبة,شريط,100,"RFA","Yemen","NSAID Antipyretic -",466,3
0d1dcca7-bd03-4526-8c6a-cd47712c6709,MED-13245,"RFAMOLnight","RFAMOLnight (Analgesic يهذئبد األوجبع وانح ًى)","Paracetamol 125 mg + Diphenhydramine HCl 7 mg + Sodium citrat","125 mg",syrup,مل,قارورة,60,"RFA","Yemen","NSAID Antipyretic -",466,4
fce1599b-75a2-498a-8005-78d377f789bc,MED-13246,"RFAMOLplus","RFAMOLplus (Analgesic يهذئبد األوجبع وانح ًى)","Paracetamol 500 mg + Codeine 8 mg + Caffeine 30 mg per effer , tablet .","500 mg",tablet,حبة,شريط,48,"RFA","Yemen","NSAID Antipyretic -",466,5
694fd8e5-36a7-4ec4-81f8-c7d780333c0f,MED-13247,"RFAMOLs.f","RFAMOLs.f (Analgesic يهذئبد األوجبع وانح ًى)","Paracetamol syrup 160 mg / 5 ml .","160 mg / 5 ml",syrup,مل,قارورة,60,"RFA","Yemen","NSAID Antipyretic -",466,6
3eb5dc8c-269e-48ea-86df-21312be408ef,MED-13248,"RFAMOX","RFAMOX (Microbial Infections)","Amoxicillin 250 MG / 5 ML","250 MG / 5 ML",suspension,مل,قارورة,80,"RFA","Yemen","Antibiotics ًٍكشوث ٍخ األصبثبد ان",466,7
6f248134-c0ba-49dd-8482-d73452a92a24,MED-13249,"RFAMOX","RFAMOX (Microbial Infections)","Amoxicillin 125 MG / 5 ML","125 MG / 5 ML",suspension,مل,قارورة,80,"RFA","Yemen","Antibiotics ًٍكشوث ٍخ األصبثبد ان",467,1
9b87489e-b64f-4d06-8b1d-970126af6e29,MED-13250,"RFAMOX 250","RFAMOX 250 (Microbial Infections)","Amoxicillin 250 mg / Cap","250 mg",capsule,كبسولة,شريط,10,"RFA","Yemen","Antibiotics ًٍكشوث ٍخ األصبثبد ان",467,2
b2bd5cf0-9a97-43ac-815e-051598b39f6a,MED-13251,"RFAMOX 500","RFAMOX 500 (Microbial Infections)","Amoxicillin 500 mg / Cap","500 mg",capsule,كبسولة,شريط,10,"RFA","Yemen","Antibiotics ًٍكشوث ٍخ األصبثبد ان",467,3
38364c9b-55c5-47a7-8c22-7009f3dcf984,MED-13252,"Rfapam 5","Rfapam 5 (األيشاض انؼمه ٍخ)","Olanzapin tablet Central Nervous 5 mg","5 mg",tablet,حبة,شريط,30,"RFA","Yemen","system drugs Mental Disorders",467,4
47a12e73-926c-4b03-8101-d7d6c33683bf,MED-13253,"Rfapam 10","Rfapam 10 (األيشاض انؼمه ٍخ)","Olanzapin tablet Central Nervous 10 mg","10 mg",tablet,حبة,شريط,30,"RFA","Yemen","system drugs Mental Disorders",467,5
44acbbb1-8044-462c-8121-68066253536e,MED-13254,"RFAPRIL 10","RFAPRIL 10 (استفبع ضغظ انذو)","Lisinopril 10 mg Cardio Vascular","10 mg",tablet,حبة,شريط,30,"RFA","Yemen","System drugs Hypertension",467,6
3a32fc61-d852-4816-8cb8-c792f83b6550,MED-13255,"RFAPRIL 5","RFAPRIL 5 (استفبع ضغظ انذو)","Lisinopril 5 mg Cardio Vascular","5 mg",tablet,حبة,شريط,30,"RFA","Yemen","System drugs Hypertension",467,7
f5d74013-980f-4c27-8ab2-19c7e75700f9,MED-13256,"RFAPRIL-H","RFAPRIL-H (استفبع ضغظ انذو)","Lisinopril 5 mg + Cardio Vascular Hydrochlorothiazi de 12.5 mg","5 mg",tablet,حبة,شريط,30,"RFA","Yemen","System drugs Hypertension",468,1
9a5c8206-159a-4901-8caf-be40b2f33661,MED-13257,"RFAROX 300","RFAROX 300 (Microbial Infections)","Roxithromycin 300 mg / tab","300 mg",tablet,حبة,شريط,5,"RFA","Yemen","Antibiotics ًٍكشوث ٍخ األصبثبد ان",468,2
31ecf9ac-1a89-4135-86d7-11e0877c6609,MED-13258,"RFASAN","RFASAN (األوجبع)","Mefenamic Acid suspension 50 mg / 5 ml .","50 mg / 5 ml",suspension,مل,قارورة,100,"RFA","Yemen","NSAID Analgesic يهذئبد",468,3
50b5ee23-cce1-44fc-852e-7135a0df2764,MED-13259,"RFAsan","RFAsan (األوجبع)","Mefenamic Acid tablet 500 mg","500 mg",tablet,حبة,شريط,20,"RFA","Yemen","NSAID Analgesic يهذئبد",468,4
afabbf92-48b4-4a11-8f91-6d2aebd61aba,MED-13260,"RFASAN","RFASAN (األوجبع)","Mefenamic Acid","",tablet,حبة,شريط,20,"RFA","Yemen","NSAID Analgesic يهذئبد",468,5
7a0b10e6-920c-474f-876c-361fa49b43fa,MED-13261,"Rfasool","Rfasool (َضالد انجشد)","glyceryl guaiacola +chlorphenoramin e maleate","",syrup,مل,قارورة,100,"RFA","Yemen","Respiratory drugs Common Cold",468,6
2d45b4c8-85de-4cac-824d-670ebd365217,MED-13262,"Rfaspa","Rfaspa (Spasm ٍ آالو انجط)","Drotaverine","",tablet,حبة,شريط,20,"RFA","Yemen","Gastro Intestinal drugs Abdominal",468,7
adf44b63-f703-40a2-85f2-254ba0c838de,MED-13263,"Rfaspa forte","Rfaspa forte (Spasm ٍ آالو انجط)","Drotaverine 80 mg","80 mg",tablet,حبة,شريط,20,"RFA","Yemen","Gastro Intestinal drugs Abdominal",469,1
2ccde7f8-cf6a-43e3-83fd-317cc5667df4,MED-13264,"RFAZET","RFAZET (Analgesic يهذئبد األوجبع وانح ًى)","Paracetamol 500 mg + Phenylepherine 10 mg + Chlorpheniramine Maleate 2 mg per","500 mg",tablet,حبة,شريط,20,"RFA","Yemen","NSAID Antipyretic -",469,2
091a38c5-9795-4993-849f-ba3107f24b20,MED-13266,"RFAZET ???","RFAZET ??? (Analgesic يهذئبد األوجبع وانح ًى)","Paracetamol 125 mg + Phenylepherine HCl 5 mg + Chlorpheniramine Maleate 2 mg +","125 mg",syrup,مل,قارورة,60,"RFA","Yemen","NSAID Antipyretic -",469,4
24872050-9eab-4396-8294-24fb5d52064f,MED-13267,"Rheumarene - 25","Rheumarene - 25 (األوجبع)","Diclofenac Sodium tablet 25 mg","25 mg",tablet,حبة,شريط,20,"SEDICO","Egypt","Nonsteroidal Anti- Analgesic يهذئبد",469,5
e44fba6a-8560-431b-86fb-f9053d9b4aaf,MED-13268,"Rheumarene - 50","Rheumarene - 50 (األوجبع)","Diclofenac Sodium tablet 50 mg","50 mg",tablet,حبة,شريط,20,"SEDICO","Egypt","Nonsteroidal Anti- Analgesic يهذئبد",469,6
eb0c7482-b6fb-43be-8d36-df02beab1435,MED-13269,"Rheumarene - 75","Rheumarene - 75 (األوجبع)","Diclofenac Sodium ampoule 75 mg / 3 ml .","75 mg / 3 ml",injection,أمبولة,باكت,3,"SEDICO","Egypt","Nonsteroidal Anti- Analgesic يهذئبد",469,7
9cd213bf-1d34-4184-84c6-5469d303c65c,MED-13270,"Rheumarene-Gel","Rheumarene-Gel (األوجبع)","Diclofenac Sodium 1 % gel","1 %",ointment,أنبوب,علبة,20,"SEDICO","Egypt","Nonsteroidal Anti- Analgesic يهذئبد",470,1
6585173a-f6a9-4d9e-873b-53c4008768e3,MED-13271,"Rhinathiol","Rhinathiol (َضالد انجشد)","Carbocisteine","",syrup,مل,قارورة,125,"SANOFI","France","Respiratory drugs Common Cold",470,2
ef20288f-5a18-4563-8605-315388112bd9,MED-13272,"Rhinex","Rhinex (َضالد انجشد)","Carbocisteine","",drops,مل,قطارة,1,"Unknown","Unknown","Respiratory drugs Common Cold",470,3
47992c4a-d8bd-4a95-8606-32885c8c0268,MED-13273,"Rhinex","Rhinex (( E . N . T ) األ َف ٌ وانح ُجشح واألر)","Xylometazoline Hydrochloride","",drops,مل,قطارة,10,"Unknown","Unknown","Respiratory drugs Ear Nose Throat",470,4
a422b8b5-a1ef-462d-8285-c67fc3143866,MED-13274,"Rhinex Adult","Rhinex Adult (َضالد انجشد)","Xylometazolin HCL 0.1%","0.1%",drops,مل,قطارة,1,"CID","Egypt","Respiratory drugs Common Cold",470,5
50d0df49-7e8d-4f01-8f52-0951d00ae146,MED-13275,"Rhinex Infant","Rhinex Infant (َضالد انجشد)","Xylometazolin HCL 0.05%","0.05%",drops,مل,قطارة,1,"CID","Egypt","Respiratory drugs Common Cold",470,6
175b073c-b0fd-4c73-8a17-a860276193c6,MED-13276,"RHINO","RHINO (( E . N . T ) األ َف ٌ وانح ُجشح واألر)","Pseudoephedrine","",other,وحدة,علبة,1,"Unknown","Unknown","Respiratory drugs Ear Nose Throat",470,7
04226c59-97e2-4a67-8b93-3fc769f19fbe,MED-13277,"Rhinofed","Rhinofed (َضالد انجشد)","pseudoephedrine+ triprolidine","",syrup,مل,قارورة,100,"JPI","","Respiratory drugs Common Cold Saudi Arabia",471,1
5e1de3f9-0aa5-46c3-8b9a-7d4d88ce85cc,MED-13278,"Rhinopro","Rhinopro (َضالد انجشد)","Pseudoephedrine","",syrup,مل,قارورة,90,"OCTOBER PHARMA","Egypt","Respiratory drugs Common Cold",471,2
34810293-e03f-4145-83bc-974407186565,MED-13279,"Rhinopro","Rhinopro (َضالد انجشد)","Pseudoephedrine","",capsule,كبسولة,شريط,10,"OCTOBER PHARMA","Egypt","Respiratory drugs Common Cold",471,3
fe724db2-1b8f-4ddf-8ace-a40d28db3cab,MED-13280,"Ribazole","Ribazole (األصبثبد انف ٍشوع ٍخ)","ribavirin 400 mg or 500 mg","400 mg",capsule,كبسولة,شريط,10,"Getz pharma","USA","Antivirals Viral Infections",471,4
aa981962-476b-4e3c-80cc-8ab21bb8f7fc,MED-13281,"RIDAZOL _ 400","RIDAZOL _ 400 (Gardiasis جبسد ٌب واي ٍج ٍب)","Metronidazole","",tablet,حبة,شريط,20,"Unknown","Unknown","Antiprtozoal Amoebiasis ,",471,5
dfbf5770-0ce0-4d39-81a6-138689c63bfb,MED-13282,"Rifactine","Rifactine (( T . B ) ٌ انذس)","Rifampicin 300 mg","300 mg",capsule,كبسولة,شريط,8,"MUP","Egypt","Antibiotics Tuberculosis",471,6
c69f3f62-2f6e-4545-8c5f-cfe86623465b,MED-13283,"Rifadin inf","Rifadin inf (( T . B ) ٌ انذس)","Rifampicin 600 mg infusion","600 mg",injection,أمبولة,باكت,1,"Sanofi Aventis","France","Antibiotics Tuberculosis",471,7
da590768-977f-41b1-8bae-5e598a0ef194,MED-13284,"Rifazid","Rifazid (( T . B ) ٌ انذس)","Rifampicin 300 mg + isoniazid 150 mg / capsule","300 mg",capsule,كبسولة,شريط,10,"Shiba pharma","Yemen","Antibiotics Tuberculosis",472,1
01d13ee2-4b3c-4c9e-8785-3279b8f67d6e,MED-13285,"RIGEVIDON","RIGEVIDON (يىا َغ انح ًم)","ethinylestradiol +levonotgestrel","",tablet,حبة,شريط,28,"GEDEON RICHTER","HUNGARY","Gynaecology drugs Contraceptives",472,2
b4880e1c-6e26-45e3-86b8-d578dd233a0f,MED-13286,"Rinof Pediatric","Rinof Pediatric (َضالد انجشد)","Dextromethorphan","",syrup,مل,قارورة,120,"Y.E.PHARMA","Yemen","Respiratory drugs Common Cold",472,3
440816ce-b169-4043-8a0b-9d96a2596fde,MED-13287,"Rinof plus","Rinof plus (َضالد انجشد)","guaiphenesin+dext romethorphan+chl oropheniramin+ep hedrin","",syrup,مل,قارورة,120,"Y.E.PHARMA","Yemen","Respiratory drugs Common Cold",472,4
2d50203b-a387-4c4a-8599-2dee88919abd,MED-13288,"Rinofed","Rinofed (َضالد انجشد)","triprolidine HCL","",syrup,مل,قارورة,100,"jazera industries","Unknown","Respiratory drugs pharmaceutical Common Cold",472,5
590d46c3-cd5f-49f8-8035-8b5be87a6eff,MED-13289,"Rinofed plus","Rinofed plus (َضالد انجشد)","pseudoephedrine +paracetamol+tirp rolidine","",syrup,مل,قارورة,120,"jpi","","Respiratory drugs Common Cold Saudi Arabia",472,6
92d95300-fa48-4925-8deb-3e673d466c8d,MED-13290,"Rinofed plus","Rinofed plus (َضالد انجشد)","pseudoephedrine+ triprolidin +paracetamol","",tablet,حبة,شريط,30,"JPI","","Respiratory drugs Common Cold Saudi Arabia",472,7
d9e49fa1-5115-4dfb-8f95-88b3c3fa29c0,MED-13291,"Rinosin N/ Drops","Rinosin N/ Drops (َضالد انجشد)","Naphazolin","",drops,مل,قطارة,1,"PHARCO","Egypt","Respiratory drugs Common Cold",473,1
6629dadc-a987-4ef7-87ef-519dd1036fc7,MED-13292,"Rinosin N/ Gel","Rinosin N/ Gel (َضالد انجشد)","Naphazolin+chlor pheniramine","",ointment,أنبوب,علبة,1,"PHARCO","Egypt","Respiratory drugs Common Cold",473,2
de11f0f9-1700-4eeb-870b-17e8d0ef70ac,MED-13293,"Rinosin N/D","Rinosin N/D (َضالد انجشد)","Naphazolin 0.05% + chlorpheniramine 0.05%","0.05%",drops,مل,قطارة,1,"PHARCO","Egypt","Respiratory drugs Common Cold",473,3
bb262172-53b6-4b7c-8133-cb30f36bc5dd,MED-13294,"RISDAL 2 mg","RISDAL 2 mg (األيشاض انؼمه ٍخ)","Risperidone Central Nervous tablet 2 mg / tab","2 mg",tablet,حبة,شريط,20,"EIPICO","Egypt","system drugs Mental Disorders",473,4
45d1a24c-f145-4df6-828b-37fd4a752d92,MED-13295,"RISDAL 4 mg","RISDAL 4 mg (األيشاض انؼمه ٍخ)","Risperidone Central Nervous tablet 4 mg / tab","4 mg",tablet,حبة,شريط,20,"EIPICO","Egypt","system drugs Mental Disorders",473,5
da111480-0ef6-4ce5-8fc6-222d2d254f08,MED-13296,"Risek 40 mg","Risek 40 mg (ان ًؼذح)","Omeprazole","40 mg",capsule,كبسولة,شريط,14,"Julphar","UAE","Gastro Intestinal drugs Peptic ulcer لشحخ",473,6
3c17aeae-751c-4e45-868a-3f25912ed8a6,MED-13297,"Risek Vial","Risek Vial (ان ًؼذح)","Omeprazole","",injection,أمبولة,باكت,1,"Julphar","UAE","Gastro Intestinal drugs Peptic ulcer لشحخ",473,7
d44d13cf-80c4-4082-8656-529a0d731e78,MED-13298,"Risnia - 2","Risnia - 2 (األيشاض انؼمه ٍخ)","Risperidone Central Nervous tablet 2 mg","2 mg",tablet,حبة,شريط,20,"CIPLA","India","system drugs Mental Disorders",474,1
6402196e-3b1d-4644-8213-7cd329eb571f,MED-13299,"Risnia - 3","Risnia - 3 (األيشاض انؼمه ٍخ)","Risperidone Central Nervous tablets 3 mg","3 mg",tablet,حبة,شريط,20,"CIPLA","India","system drugs Mental Disorders",474,2
9f000c1d-4435-4dd0-833f-70c841c88e66,MED-13300,"Risperdal","Risperdal (األيشاض انؼمه ٍخ)","Risperidone Central Nervous tablet 2 mg","2 mg",tablet,حبة,شريط,20,"Janssen-Cilag","Switzerland","system drugs Mental Disorders",474,3
4137079b-6895-4941-85ce-637433bfc42c,MED-13301,"Risperdal 3 mg","Risperdal 3 mg (األيشاض انؼمه ٍخ)","Risperidone Central Nervous tablet 2 mg","3 mg",tablet,حبة,شريط,20,"Janssen-Cilag","Switzerland","system drugs Mental Disorders",474,4
3f76dbd7-4a3f-4b6b-860e-180737a96a95,MED-13302,"Risperidone 3","Risperidone 3 (األيشاض انؼمه ٍخ)","Risperidone Central Nervous tablet 3 mg","3 mg",tablet,حبة,شريط,20,"Biopharm","Yemen","system drugs Mental Disorders",474,5
15e2194c-e7b6-4891-876a-f476ccff0f32,MED-13303,"Risperidone","Risperidone (األيشاض انؼمه ٍخ)","Risperidone Central Nervous tablet 2 mg","2 mg",tablet,حبة,شريط,20,"BIOPHARM","Yemen","system drugs Mental Disorders",474,6
d5346503-b4d8-404f-8d71-3231d7bfc63a,MED-13304,"Rispharm","Rispharm (األيشاض انؼمه ٍخ)","Risperidone Central Nervous tablet 3 mg","3 mg",tablet,حبة,شريط,30,"Pharma International","Unknown","system drugs Mental Disorders",474,7
ea97ae3c-3b02-4f40-8e3a-da03af0bebef,MED-13305,"Rithro","Rithro (Disorders اضطشاثبد انجهبص ً انت ُفغ)","Clarithromycin","",tablet,حبة,شريط,14,"Unknown","Unknown","Antibiotics Respiratory",475,1
464088c5-a806-4eb9-8365-c3330b8f8e8c,MED-13306,"Rithro","Rithro (Disorders اضطشاثبد انجهبص ً انت ُفغ)","Clarithromycin 250 mg","250 mg",tablet,حبة,شريط,14,"Avenzor","Unknown","Antibiotics Respiratory",475,2
ee0c700c-4bf7-464e-8c10-7043ae3b0a66,MED-13307,"Rivotril","Rivotril","Clonazepam Central Nervous tablet 2 mg .","2 mg",tablet,حبة,شريط,30,"ROCHE","Germany","system drugs Epilepsy انصشع",475,3
8513fb07-529e-4395-85e0-0d60121c5b4a,MED-13308,"Rivotril","Rivotril","Clonazepam oral Central Nervous drops 2.5 mg / ml","2.5 mg",drops,مل,قطارة,10,"ROCHE","Germany","system drugs Epilepsy انصشع",475,4
a47eda4a-84a9-4307-8228-0d39e7f677d6,MED-13309,"Rocef TTT","Rocef TTT (Infections األصبثبد انجكت ٍش ٌخ)","Ceftriaxone Sodium","",injection,أمبولة,باكت,1,"Shifa","Syria","Antibacterial Bacterial",475,5
449a2c03-683f-410c-8b77-cd3076dc5811,MED-13310,"Rocef Vial","Rocef Vial (Infections األصبثبد انجكت ٍش ٌخ)","Ceftriaxone Sodium","",injection,أمبولة,باكت,1,"Shifa","Syria","Antibacterial Bacterial",475,6
9410f38d-d70d-4bf0-8785-bfa8ca5a50e3,MED-13311,"Rocephin","Rocephin (Infections األصبثبد انجكت ٍش ٌخ)","Ceftriaxone Sodium","",injection,أمبولة,باكت,1,"ROCHE","Germany","Antibacterial Bacterial",475,7
622666b2-ddfa-49c1-8f26-11f7ab696e05,MED-13312,"Rociflex","Rociflex (Infections األصبثبد انجكت ٍش ٌخ)","Ceftriaxone Sodium","",injection,أمبولة,باكت,1,"Alpha","Syria","Antibacterial Bacterial",476,1
6fae0838-d36e-4780-8953-b307a673e698,MED-13313,"Rociflex","Rociflex (Infections األصبثبد انجكت ٍش ٌخ)","Ceftriaxone Sodium","",injection,أمبولة,باكت,1,"Unknown","Unknown","Antibacterial Bacterial",476,2
43ef21e6-d64d-4afd-8b67-d1f6ae8af4e0,MED-13314,"Rofenac","Rofenac (األوجبع)","Diclofenac Sodium gel 10 mg / g","10 mg",ointment,أنبوب,علبة,50,"SPIMACO","","Nonsteroidal Anti- Analgesic يهذئبد Saudi Arabia",476,3
b24037ff-f05b-405d-84a0-8fc4ccdbf872,MED-13315,"ROFENAC S.R","ROFENAC S.R (األوجبع)","Diclofenac Sodium 100 mg","100 mg",tablet,حبة,شريط,10,"SPIMACO","","Non-Steroidal Anti- Analgesic يهذئبد Saudi Arabia",476,4
6b953c82-d991-46c9-847c-6af3def6337c,MED-13316,"ROFENAC-D","ROFENAC-D (األوجبع)","Diclofenac Sodium tablet 50 mg","50 mg",tablet,حبة,شريط,20,"SPIMACO","","Nonsteroidal Anti- Analgesic يهذئبد Saudi Arabia",476,5
8bcb116c-7001-42b7-8e04-c50d83c5c9b3,MED-13317,"Rofix","Rofix (Infections األصبثبد انجكت ٍش ٌخ)","Cefixime","",syrup,مل,قارورة,30,"RFA","Yemen","Antibacterial Bacterial",476,6
66797e00-cd5d-49da-8dd8-1ca257a00908,MED-13318,"Rofix","Rofix (Infections األصبثبد انجكت ٍش ٌخ)","Cefixime 100 mg / 5 ml","100 mg / 5 ml",syrup,مل,قارورة,60,"RFA","Yemen","Antibacterial Bacterial",476,7
d7a4a9ac-3192-4c1d-815b-28bd3149ac8d,MED-13319,"ROFIX","ROFIX (Microbial Infections)","cefixim 100 mg / 5 ml","100 mg / 5 ml",suspension,مل,قارورة,60,"RFA","Yemen","Antibiotics ًٍكشوث ٍخ األصبثبد ان",477,1
78f678bc-98a8-452b-8015-f1abebc77799,MED-13320,"ROFIX 200","ROFIX 200 (Infections األصبثبد انجكت ٍش ٌخ)","Cefixime 200 MG","200 MG",capsule,كبسولة,شريط,10,"RFA","Yemen","Antibacterial Bacterial",477,2
0b0e9da0-b961-4995-8d1c-362d394d2463,MED-13321,"ROFIX 400","ROFIX 400 (Infections األصبثبد انجكت ٍش ٌخ)","Cefixime 400 MG","400 MG",capsule,كبسولة,شريط,5,"RFA","Yemen","Antibacterial Bacterial",477,3
d4b0f459-bce5-439d-8a95-219066b91775,MED-13322,"ROLEXINE","ROLEXINE (Infections األصبثبد انجكت ٍش ٌخ)","Cephalexin 500 mg","500 mg",capsule,كبسولة,شريط,20,"RFA","Yemen","Antibacterial Bacterial",477,4
3cf64145-f63f-4246-82fd-c44c21909b3a,MED-13323,"ROSIDEN","ROSIDEN (Analgesic يهذئبد األوجبع وانح ًى)","Piroxicam 20 mg / cap","20 mg",capsule,كبسولة,شريط,100,"SHIN POONG","Korea","Non-Steroidal Anti- Antipyretic -",477,5
87c7af67-3637-492e-8c4b-d662e74dc73e,MED-13324,"ROSIDEN","ROSIDEN (Analgesic يهذئبد األوجبع وانح ًى)","Piroxicam 10 mg / cap","10 mg",capsule,كبسولة,شريط,100,"SHIN POONG","Korea","Non-Steroidal Anti- Antipyretic -",477,6
6e61cfe3-fd80-4302-84a5-e7e5d2c98cc8,MED-13325,"Rosuvatin - 10 mg","Rosuvatin - 10 mg (ً انذو ٌ ف ص ٌبدح انذهى)","Rosuvastatin 10 mg Cardio Vascular","10 mg",tablet,حبة,شريط,10,"CIPLA","India","System drugs Hyperlipidaemias",477,7
b2d6a887-9fba-481c-8649-e160ae1a179e,MED-13326,"Rosuvatin - 20","Rosuvatin - 20 (ً انذو ٌ ف ص ٌبدح انذهى)","Rosuvastatin Cardio Vascular Calcium","",tablet,حبة,شريط,10,"CIPLA","India","System drugs Hyperlipidaemias",478,1
70aaf31d-5e6f-4174-83e2-675ba2bd4fd1,MED-13327,"Rosuvatin - 20 mg","Rosuvatin - 20 mg (ً انذو ٌ ف ص ٌبدح انذهى)","rosuvastatin 20 mg Cardio Vascular","20 mg",tablet,حبة,شريط,10,"CIPLA","India","System drugs Hyperlipidaemias",478,2
e58e798b-afeb-4ccc-8e49-a9757bfd3dd8,MED-13328,"Rovac","Rovac (انجشثىيخ انطف ٍه ٍخ)","Spiramycin*","",tablet,حبة,شريط,1,"Delta-pharma","Egypt","Antibacterial Toxoplasmosis",478,3
9a6e578b-c2b9-44e9-8fa3-f1ca71a6f928,MED-13329,"Rovamycin","Rovamycin (انجشثىيخ انطف ٍه ٍخ)","Spiramycin 3000000 I . U .","",tablet,حبة,شريط,2,"Aventis","France","Antibacterial Toxoplasmosis",478,4
8bdc379a-ade8-4ff1-87a7-bc7e8eaeee22,MED-13330,"Rovamycine","Rovamycine (انجشثىيخ انطف ٍه ٍخ)","Spiramycin","",tablet,حبة,شريط,10,"Unknown","Unknown","Antibacterial Toxoplasmosis",478,5
336b3c82-5672-4da5-8ffa-525decc57fcd,MED-13331,"ROVAZOLE","ROVAZOLE (Gardiasis جبسد ٌب واي ٍج ٍب)","Metronidazole 125 mg + spiramycin 750000 I . U","125 mg",tablet,حبة,شريط,20,"OUBARY PHARMA","Syria","Antiprtozoal Amoebiasis ,",478,6
b88fe488-6337-4dd6-85e6-8591427b76ad,MED-13332,"Rowachol cap","Rowachol cap (Disorders اضطشاثبد انكجذ)","alphapinine +beta pinine +broneol+cineol","",capsule,كبسولة,شريط,30,"PHARCO","Egypt","Gastro Intestinal drugs Hepatic",478,7
91383829-499e-49d0-8d5d-00f991a095fd,MED-13333,"Rowachol cap 2","Rowachol cap 2 (Disorders اضطشاثبد انكجذ)","alphapinine +beta pinine +broneol+cineol","",capsule,كبسولة,شريط,30,"PHARCO","Egypt","Gastro Intestinal drugs Hepatic",479,1
9617b037-5618-4aeb-89c4-e6bb31d37845,MED-13334,"Roxef","Roxef (Infections األصبثبد انجكت ٍش ٌخ)","Ceftriaxone Sodium","",injection,أمبولة,باكت,1,"APM","Jordan","Antibacterial Bacterial",479,2
95c963a7-f803-4bf4-8d45-614b9352e508,MED-13335,"Roxicam 20","Roxicam 20 (Analgesic يهذئبد األوجبع وانح ًى)","Piroxicam capsule 20 mg .","20 mg",capsule,كبسولة,شريط,10,"Shiba pharma","Yemen","NSAID Antipyretic -",479,3
86b7216b-093b-4b25-8d3d-202bad9a3bc8,MED-13336,"Roxil Capsules","Roxil Capsules (Infections األصبثبد انجكت ٍش ٌخ)","Cefadroxil 500 mg / cap","500 mg",capsule,كبسولة,شريط,1,"Tabuk pharma","","Antibacterial Bacterial Saudi Arabia",479,4
550304ed-f1c7-4f33-8b2c-03d16cb5a1a6,MED-13337,"Roxil Syrup","Roxil Syrup (Infections األصبثبد انجكت ٍش ٌخ)","Cefadroxil 250 mg / 5 ml","250 mg / 5 ml",syrup,مل,قارورة,100,"Tabuk pharma","","Antibacterial Bacterial Saudi Arabia",479,5
708f5b4a-5a80-4f83-8eb6-b97e1dfd545f,MED-13338,"ROXONIN 60 mg","ROXONIN 60 mg (األوجبع)","Loxoprofen Sodium tablet 60 mg .","60 mg",tablet,حبة,شريط,20,"Saja pharmaceutical","","Nonsteroidal Anti- Analgesic يهذئبد Saudi Arabia",479,6
fb0f19f8-f5b3-4e2d-8d73-b8f9652c4aaf,MED-13339,"Roxy - 300","Roxy - 300 (Microbial Infections)","Roxithromycin","",tablet,حبة,شريط,1,"CIPLA","India","Antibiotics ًٍكشوث ٍخ األصبثبد ان",479,7
b8c32da0-9d3c-40d4-8016-ce156ba5db14,MED-13340,"Roxy - 300","Roxy - 300 (Microbial Infections)","Roxithromycin","",tablet,حبة,شريط,5,"Unknown","Unknown","Antibiotics ًٍكشوث ٍخ األصبثبد ان",480,1
411a0eb2-d9a4-4822-8515-9c43022c61df,MED-13341,"Royamol","Royamol (Analgesic يهذئبد األوجبع وانح ًى)","10 mg / ml","10 mg",injection,أمبولة,باكت,100,"Unknown","Unknown","Nonsteroidal Anti- Antipyretic -",480,2
2dd6fac0-2930-42de-8b33-775693c464ef,MED-13342,"Rozif","Rozif (Infections األصبثبد انجكت ٍش ٌخ)","Ceftriaxone Sodium","",injection,أمبولة,باكت,1,"NCPI","Unknown","Antibacterial Bacterial",480,3
c2e9f438-84bd-4d27-8f6c-297922870bd8,MED-13343,"Rozifax 250","Rozifax 250 (Infections األصبثبد انجكت ٍش ٌخ)","Ceftriaxone Sodium","",injection,أمبولة,باكت,1,"ASIA","Syria","Antibacterial Bacterial",480,4
0d881973-4ddd-4b24-8e27-8ff88be37921,MED-13344,"Rozifax 500","Rozifax 500 (Infections األصبثبد انجكت ٍش ٌخ)","Ceftriaxone Sodium","",injection,أمبولة,باكت,1,"Asia","Syria","Antibacterial Bacterial",480,5
3d77a444-cf31-4ecc-8fb2-506d030eddae,MED-13345,"Rubifen 100 mg","Rubifen 100 mg (األوجبع)","Ketoprofen","100 mg",tablet,حبة,شريط,30,"Antibiotice","Unknown","Non-Steroidal Anti- Analgesic يهذئبد",480,6
a1da6296-ff46-492a-8f3f-007dc699de95,MED-13346,"Rumalaya forte","Rumalaya forte (األوجبع)","Herbal extract Natural products","",tablet,حبة,شريط,2,"Co","India","Himalaya Drug Analgesic يهذئبد",480,7
7cea26d0-e565-4ca6-82d4-47abac78fcd9,MED-13347,"Rytmonorm 150 mg","Rytmonorm 150 mg (ا َتظبو ضشثبد انمهت)","Rytmonorm HCL Cardio Vascular","150 mg",tablet,حبة,شريط,50,"ABBOTT","USA","System drugs Arrhythmia ػذو",481,1
124dd29c-f876-49c5-865d-4e837cbd791a,MED-13348,"Rytmonorm 300 mg","Rytmonorm 300 mg (ا َتظبو ضشثبد انمهت)","Rytmonorm HCL Cardio Vascular","300 mg",tablet,حبة,شريط,20,"ABBOTT","USA","System drugs Arrhythmia ػذو",481,2
f0a634c2-67d4-4bc8-819b-60514d6bff50,MED-13349,"Rytmonorm Amp","Rytmonorm Amp (ا َتظبو ضشثبد انمهت)","Propafenone HCl Cardio Vascular","",injection,أمبولة,باكت,20,"ABBOTT","USA","System drugs Arrhythmia ػذو",481,3
ddd98d33-c9d6-4d1c-8550-226b8581bd4d,MED-13350,"Rytmonorm SR 325 mg","Rytmonorm SR 325 mg (ا َتظبو ضشثبد انمهت)","Propafenone HCl Cardio Vascular","325 mg",capsule,كبسولة,شريط,60,"ABBOTT","USA","System drugs Arrhythmia ػذو",481,4
c0899939-476c-4154-8416-44f1b33f9d25,MED-13351,"Saheal","Saheal (ي ُشطبد ج ُغ ٍخ)","Tadalafil 20 mg","20 mg",tablet,حبة,شريط,4,"Shaphaco","Yemen","Sex Stimulants Sex Stimulants",481,5
9038646d-809b-42a6-8634-eed3294224a4,MED-13352,"SALA","SALA (ي ُشطبد ج ُغ ٍخ)","Vardenafil 10 mg","10 mg",tablet,حبة,شريط,4,"Shiba pharma","Yemen","Sex Stimulants Sex Stimulants",481,6
83006fe8-6c25-4f6b-8a66-c92451cefe09,MED-13353,"Salbam","Salbam (Microbial Infections)","Ampicillin + Sulbactam","",injection,أمبولة,باكت,1,"Vitalis","USA","Antibiotics ًٍكشوث ٍخ األصبثبد ان",481,7
11098692-2077-4a2e-8127-18123181b64e,MED-13354,"Salbutamol 2","Salbutamol 2 (Asthma انشثى ً انشؼج)","salbutamol 2 mg","2 mg",tablet,حبة,شريط,20,"Amriya Pharma","Egypt","Respiratory drugs Bronchial",482,1
59a0936c-7f02-464a-8fcc-1498163ce85c,MED-13355,"Salidex","Salidex (األنتهبثبد انجذنذ ٌخ)","Anhydrous glucose + sodium chloride","",syrup,مل,قارورة,30,"phildelaphia","Unknown","Skin Disorders Dermatitis",482,2
6276c311-9b5a-4667-8171-f99548e52c9e,MED-13356,"Salil","Salil (ي ُشطبد ج ُغ ٍخ)","Vardenafil 20 mg","20 mg",tablet,حبة,شريط,4,"BIOPHARM","Yemen","Sex Stimulants Sex Stimulants",482,3
64f33bf6-31ce-40e6-8b64-53024c3dfb15,MED-13357,"Salinose","Salinose (( E . N . T ) األ َف ٌ وانح ُجشح واألر)","sodium chloride +sodium bicarbonate","",spray,بخة,علبة,1,"Avalon ph.","Unknown","Respiratory drugs Ear Nose Throat",482,4
602678e8-9d47-47cd-8d8f-0c0ba1e1df1d,MED-13358,"Salinose","Salinose (( E . N . T ) األ َف ٌ وانح ُجشح واألر)","sodium chloride +bezyl alcohol","",drops,مل,قطارة,1,"Avalon Pharma","Unknown","Respiratory drugs Ear Nose Throat",482,5
dcf27e04-f16d-4bd6-83ce-490d8d6f5dfc,MED-13359,"SALIX 200 - C","SALIX 200 - C (Deficiency َمص ف ٍتبي ٍُبد)","vitamin C 240 mg + salix 200 mg + zinc gluconate 6.4 / c . tablet .","240 mg",tablet,حبة,شريط,20,"SIGMA","Egypt","Vitamines and Menirals Vitamins",482,6
f8af9b0d-0c82-4b44-872b-81836f74e366,MED-13360,"sanostol","sanostol","ironIIgluconate 86 4 mg corresponds to 100 mg iron","4 mg",syrup,مل,قارورة,1,"TAKEDA","Unknown","Vitamines and Menirals Anaemia فمش انذو",482,7
4825b14c-9a5f-414b-862d-8b6f507e6a83,MED-13361,"Sapofen","Sapofen (األوجبع)","Ibuprofen tablet 400 mg .","400 mg",tablet,حبة,شريط,20,"SPIMACO","","Nonsteroidal Anti- Analgesic يهذئبد Saudi Arabia",483,1
b85ebaf6-2d1f-4322-8064-312d63bc83b1,MED-13362,"Sapofen plus","Sapofen plus (َضالد انجشد)","pseudoephedrine +ibuprofen","",tablet,حبة,شريط,20,"SPIMACO","","Respiratory drugs Common Cold Saudi Arabia",483,2
886f4722-2ab2-40fd-85d1-a4c8b7531896,MED-13363,"Saridon","Saridon (Analgesic يهذئبد األوجبع وانح ًى)","Paracetamol 250 mg + Propyphenazone 150 mg + Caffeine 5 0 mg","250 mg",tablet,حبة,شريط,10,"ROCHE Nicholas","France","Miscellaneous drugs Antipyretic -",483,3
4e872303-bcf9-4ca2-8d8f-60570775b895,MED-13364,"Scazol Forte","Scazol Forte (Gardiasis جبسد ٌب واي ٍج ٍب)","Secnidazole 1000 mg / tab","1000 mg",tablet,حبة,شريط,2,"Shiba pharma","Yemen","Antiprtozoal Amoebiasis ,",483,4
da9de93a-b6d6-4887-8697-a2e95eacbf2d,MED-13365,"Scazol Forte","Scazol Forte (Gardiasis جبسد ٌب واي ٍج ٍب)","Secnidazole 1000 mg / tab","1000 mg",tablet,حبة,شريط,2,"Shaphaco","Yemen","Antiprtozoal Amoebiasis ,",483,5
1b6151f3-c904-46e1-895a-656323067938,MED-13366,"S - citadep - 10","S - citadep - 10 (األيشاض انؼمه ٍخ)","Escitalopram Central Nervous tablet 10 mg","10 mg",tablet,حبة,شريط,10,"CIPLA","India","system drugs Mental Disorders",483,6
651eeabc-a6d1-4b87-839d-b4f6d8f318bb,MED-13367,"S - Citadep - 10","S - Citadep - 10 (األيشاض انؼمه ٍخ)","Escitalopram Central Nervous tablet 10 mg","10 mg",tablet,حبة,شريط,10,"Unknown","Unknown","system drugs Mental Disorders",483,7
076cf02f-2b1f-4d1b-8c1b-c621da1f999c,MED-13368,"S - citadep - 20","S - citadep - 20 (األيشاض انؼمه ٍخ)","Escitalopram Central Nervous tablet 20 mg","20 mg",tablet,حبة,شريط,10,"CIPLA","India","system drugs Mental Disorders",484,1
515dea63-be26-43e9-883f-5cf68f9329c5,MED-13369,"Scolinc","Scolinc (Infections ًٍكشوثبد انالهىائ ٍخ ان)","Lincomycin 600 mg / 2 ml","600 mg / 2 ml",injection,أمبولة,باكت,2,"Scott Edil Pharma","India","Antibiotics Anaerobic",484,2
7cf7b391-e3b0-4456-88d8-dc5c836fec1d,MED-13370,"Scopinal","Scopinal (Spasm ٍ آالو انجط)","Hyoscine- N- Butylbromide","",syrup,مل,قارورة,100,"Julphar","UAE","Gastro Intestinal drugs Abdominal",484,3
b7726ddc-e85e-4698-8ecf-f27d57fafa31,MED-13371,"Scopinal","Scopinal (Spasm ٍ آالو انجط)","Hyoscine - N - Butylbromide 10 mg","10 mg",tablet,حبة,شريط,20,"Julphar","UAE","Gastro Intestinal drugs Abdominal",484,4
55867f59-5f87-4b06-8c15-405c8afb2848,MED-13372,"Scotamol","Scotamol (Analgesic يهذئبد األوجبع وانح ًى)","Paracetamol 300 mg / 2 ml","300 mg / 2 ml",injection,أمبولة,باكت,5,"Scott Edil","India","Non-Steroidal Anti- Antipyretic -",484,5
fc0d859e-d659-4ada-8515-958cd4febae9,MED-13373,"SEACOD","SEACOD (Deficiency َمص ف ٍتبي ٍُبد)","Cod Liver Oil","",capsule,كبسولة,شريط,100,"Unknown","Unknown","Vitamines and Menirals Vitamins",484,6
73d7edfe-e664-48e6-87fa-cad92916b4ff,MED-13374,"SECNEZOLE 500","SECNEZOLE 500 (Gardiasis جبسد ٌب واي ٍج ٍب)","Secnidazole","",tablet,حبة,شريط,4,"JPM","Jordan","Antiprtozoal Amoebiasis ,",484,7
0b08628c-2b28-44e3-87af-371b71334813,MED-13375,"Secnitab","Secnitab (Gardiasis جبسد ٌب واي ٍج ٍب)","Secnidazole 1000 mg / tab","1000 mg",tablet,حبة,شريط,2,"Shaphaco","Yemen","Antiprtozoal Amoebiasis ,",485,1
7d3ea001-a1eb-4aaf-888c-8192f982dd51,MED-13376,"Sedalac","Sedalac (األيغبن)","lactulose","",syrup,مل,قارورة,120,"SEDICO","Egypt","Gastro Intestinal drugs Constipation",485,2
86bf5833-eac4-4bec-8cf6-d53577a84a1f,MED-13377,"Sedalac","Sedalac (األيغبن)","Lactulose","",syrup,مل,قارورة,100,"Unknown","Unknown","Gastro Intestinal drugs constipation",485,3
cb8428a1-7b6a-42d1-832d-cccea8bed679,MED-13379,"sedanox","sedanox (General انتخذ ٌش انؼبو)","lorazepam Central Nervous 2 mg / tablet","2 mg",tablet,حبة,شريط,100,"zahravi","Unknown","system drugs Anaesthetics",485,5
081c4bff-27ae-4e90-805d-477b00aac5b4,MED-13380,"SEDASTERIL","SEDASTERIL (األنتهبثبد انجذنذ ٌخ)","Combination","",other,وحدة,علبة,1,"Unknown","Unknown","Antiseptic and Desinfectants Dermatitis",485,6
5a539508-cf41-4a04-8a8b-4bfecebf9e55,MED-13381,"SEDIPROCT","SEDIPROCT (انجىاع ٍش)","Unknown","",other,وحدة,علبة,6,"MUP","Egypt","Antihaemorrhag es Haemorrhoids",485,7
221f897f-82f3-40e7-83b3-4efcd817b9d2,MED-13382,"SEDIPROCT","SEDIPROCT (انجىاع ٍش)","Unknown","",cream,أنبوب,علبة,20,"MUP","Egypt","Antihaemorrhag es Haemorrhoids",486,1
c12c96c9-cda5-4063-881c-7cf2933af605,MED-13383,"Sefagen 0.5 gm","Sefagen 0.5 gm (Infections األصبثبد انجكت ٍش ٌخ)","Cefotaxime Sodium","0.5 g",injection,أمبولة,باكت,1,"Bilim","Turkey","Antibacterial Bacterial",486,2
63fe9646-02ec-414b-864a-de95e71156b1,MED-13384,"Sefagen 1 gm","Sefagen 1 gm (Infections األصبثبد انجكت ٍش ٌخ)","Cefotaxime Sodium","1 g",injection,أمبولة,باكت,1,"Bilim","Turkey","Antibacterial Bacterial",486,3
8e2c139d-a9c3-4616-8de3-d9f9b53113e8,MED-13385,"Semicon","Semicon (انهضى)","Simethicone 40 mg","40 mg",syrup,مل,قارورة,30,"Shiba pharma","Yemen","Gastro Intestinal drugs Indigestion عىء",486,4
d993b84b-fc22-44e0-88a6-4518de09613d,MED-13386,"SENAZOL","SENAZOL (Gardiasis جبسد ٌب واي ٍج ٍب)","Secnidazole 100 mg","100 mg",tablet,حبة,شريط,2,"Modern Pharama","Yemen","Antiprtozoal Amoebiasis ,",486,5
867f07ef-50dc-4b24-809e-c1279f2a2ae3,MED-13387,"Sen-cold","Sen-cold (َضالد انجشد)","Butamirate citrate 5 mg / ml with Vanilla Flavour","5 mg",syrup,مل,قارورة,1,"global pharma","Unknown","Respiratory drugs Common Cold",486,6
c534c862-c2f7-4f61-82e5-8f330a31bee6,MED-13388,"Sen-cold TTT","Sen-cold TTT (َضالد انجشد)","Butamirate citrate","",syrup,مل,قارورة,1,"global pharma","Unknown","Respiratory drugs Common Cold",486,7
42c5834c-756b-4e8e-8e8a-daca99b7aa26,MED-13389,"SENIDAL","SENIDAL (Gardiasis جبسد ٌب واي ٍج ٍب)","Secnidazole 500 / tab","",tablet,حبة,شريط,4,"GLOBAL NAPI","Egypt","Antiprtozoal Amoebiasis ,",487,1
3bc64242-7c6c-46db-8084-3a4a5cf4d36f,MED-13390,"Senna Lax","Senna Lax (األيغبن)","Senna","",tablet,حبة,شريط,20,"NILE CO.","Egypt","Gastro Intestinal drugs Constipation",487,2
6cc419d2-f589-4f8d-86d0-f25b450d9faf,MED-13391,"SENORM 1.5","SENORM 1.5 (األيشاض انؼمه ٍخ)","Haloperidol Central Nervous tablets 1.5 mg","1.5 mg",tablet,حبة,شريط,100,"SUN","India","system drugs Mental Disorders",487,3
89d1937a-ab4e-4ed1-83af-0384f9c7163e,MED-13392,"SENSODYNE","SENSODYNE","Combination","",other,وحدة,علبة,1,"Unknown","Unknown","Health Care Dental ٌ األع ُب",487,4
29c9af83-6a8d-45f4-8d35-43bdb4e2195b,MED-13393,"Septazole","Septazole (Infections األصبثبد انجكت ٍش ٌخ)","Trimethoprim/Sulf amethoxazole (Co-trimoxazole)","",syrup,مل,قارورة,100,"Alexendria","Egypt","Antibacterial Bacterial",487,5
1f3ba2aa-fd93-498e-841f-a3c07d0dd93c,MED-13394,"Septilin","Septilin (انهضى)","Lithium carbonate + lithium benzoate + anhydrous sodium hydrogen phosphate +","",syrup,مل,قارورة,200,"Co","India","Gastro Himalaya Drug Intestinal drugs Indigestion عىء",487,6
a1f805fb-fac5-4453-8608-3aa043a092e6,MED-13395,"Septram","Septram (Infections األصبثبد انجكت ٍش ٌخ)","Trimethoprim/Sulf amethoxazole (Co-trimoxazole)","",syrup,مل,قارورة,50,"Y.E.PHARMA","Yemen","antibacterial Bacterial",487,7
a11e125e-8673-4152-8675-3185629c64e0,MED-13396,"Septram","Septram (Infections األصبثبد انجكت ٍش ٌخ)","Trimethoprim + Sulphamethoxazol e","",suspension,مل,قارورة,50,"Unknown","Unknown","Antibacterial Bacterial",488,1
e02965e1-64fd-4f0b-8062-ac0a0d260311,MED-13397,"Septram fort","Septram fort (Infections األصبثبد انجكت ٍش ٌخ)","Trimethoprim/Sulf amethoxazole (Co-trimoxazole)","",tablet,حبة,شريط,1,"Y.E.PHARMA","Yemen","antibacterial Bacterial",488,2
29e2e951-40ae-4ab7-80a9-0c488d4cb8a7,MED-13398,"Septrin","Septrin (Infections األصبثبد انجكت ٍش ٌخ)","Trimethoprim + Sulphamethoxazol e","",suspension,مل,قارورة,120,"GlaxoWellcome","Unknown","Antibacterial Bacterial",488,3
3160d39e-27ce-4e83-86f1-8a95111fb434,MED-13399,"Septrin","Septrin (Infections األصبثبد انجكت ٍش ٌخ)","Trimethoprim 80 mg + Sulphamethoxazol e 400 mg","80 mg",tablet,حبة,شريط,100,"aspen","Ireland","Antibacterial Bacterial",488,4
25e82b32-e39f-4ca7-84c6-07fc8268280a,MED-13400,"Septrin Syrup","Septrin Syrup (Infections األصبثبد انجكت ٍش ٌخ)","Trimethoprim/Sulf amethoxazole (Co-trimoxazole)","",suspension,مل,قارورة,120,"aspen","Ireland","antibacterial Bacterial",488,5
60b4ee28-69d0-4b10-8d22-346da71d094f,MED-13401,"Septrin Tablets","Septrin Tablets (Infections األصبثبد انجكت ٍش ٌخ)","Trimethoprim 80 mg / Sulfamethoxazole 400 mg ( Co - trimoxazole ; TMP - SMZ )","80 mg",tablet,حبة,شريط,10,"gsk glaxosmithkline","UK","antibacterial Bacterial",488,6
d4e4848c-c112-4ded-81c4-93b4f2f70768,MED-13402,"Seretide Diskus 100","Seretide Diskus 100 (Asthma انشثى ً انشؼج)","Salmetrol 50 mcg + 100 mcg fluticasone propionate","50 mcg",spray,بخة,علبة,1,"gsk glaxosmithkline","UK","Respiratory drugs Bronchial",488,7
12856b2b-b150-4cd2-84dc-f99fe7331f8f,MED-13403,"Seretide Diskus 500","Seretide Diskus 500 (Asthma انشثى ً انشؼج)","Salmetrol 50 mcg + Fluticasone 500 mg","50 mcg",spray,بخة,علبة,1,"gsk glaxosmithkline","UK","Respiratory drugs Bronchial",489,1
a7306921-c0f5-4bbb-8c20-f92fc90a9c11,MED-13404,"SERFEAN 400 mg","SERFEAN 400 mg","Unknown","400 mg",tablet,حبة,شريط,100,"Unknown","Unknown","Unknown Unknown",489,2
462a8e1c-f7f4-4bd9-892a-231296946790,MED-13405,"Serocip - 100","Serocip - 100 (األيشاض انؼمه ٍخ)","Quetiapine tablets Central Nervous 100 mg","100 mg",tablet,حبة,شريط,10,"CIPLA","India","system drugs Mental Disorders",489,3
a4fca21c-e8ee-43fb-8452-36e008b70276,MED-13406,"Serocip - 200","Serocip - 200 (األيشاض انؼمه ٍخ)","Quetiapine tablets Central Nervous 200 mg","200 mg",tablet,حبة,شريط,10,"CIPLA","India","system drugs Mental Disorders",489,4
e9ea2265-4f8c-4060-83f8-81702a47dfd7,MED-13407,"Serocip - 25","Serocip - 25 (األيشاض انؼمه ٍخ)","Quetiapine tablets Central Nervous 25 mg","25 mg",tablet,حبة,شريط,10,"CIPLA","India","system drugs Mental Disorders",489,5
c302f7b5-7e42-44fe-871e-29f61196622f,MED-13409,"Serocip - 300","Serocip - 300 (األيشاض انؼمه ٍخ)","Quetiapine tablets Central Nervous 300 mg","300 mg",tablet,حبة,شريط,10,"CIPLA","India","system drugs Mental Disorders",489,7
de59b42b-1344-449b-8342-f656b2bb51f4,MED-13410,"Serocip - 50","Serocip - 50 (األيشاض انؼمه ٍخ)","Quetiapine Central Nervous Fumarate 50 mg","50 mg",tablet,حبة,شريط,10,"CIPLA","India","system drugs Mental Disorders",490,1
155820d7-8978-4dac-81f9-c94e2bd24aaa,MED-13411,"Seroflo","Seroflo (Asthma انشثى ً انشؼج)","Salmetrol +fluticasone","",spray,بخة,علبة,1,"CIPLA","India","Respiratory drugs Bronchial",490,2
499bd83c-f73b-4765-8729-d2078f0edab5,MED-13412,"Seroxat","Seroxat (األيشاض انؼمه ٍخ)","Paroxetine tablet Central Nervous 20 mg","20 mg",tablet,حبة,شريط,30,"gsk glaxosmithkline","UK","system drugs Mental Disorders",490,3
f42ab775-8ab4-4170-8795-aa4b248a7037,MED-13413,"SERTAL - 100","SERTAL - 100 (األيشاض انؼمه ٍخ)","Sertraline tablet Central Nervous 100 mg","100 mg",tablet,حبة,شريط,10,"JBM","Unknown","system drugs Mental Disorders",490,4
84c1d68b-3558-409e-8564-351c9f1a7429,MED-13414,"SERTAL - 50","SERTAL - 50 (األيشاض انؼمه ٍخ)","Sertraline tablet Central Nervous 50 mg","50 mg",tablet,حبة,شريط,10,"JBM","Unknown","system drugs Mental Disorders",490,5
3e221467-ae29-4fb7-8162-472e750274d5,MED-13415,"SERTEX","SERTEX (األيشاض انؼمه ٍخ)","Sertraline tablet Central Nervous 50 mg","50 mg",tablet,حبة,شريط,30,"Shiba pharma","Yemen","system drugs Mental Disorders",490,6
5acd8e19-f069-42e4-8ed2-03590337f485,MED-13416,"Setral 100","Setral 100 (األيشاض انؼمه ٍخ)","Sertraline Central Nervous Hydrochloride","",tablet,حبة,شريط,10,"JPM","Jordan","system drugs Mental Disorders",490,7
f8e7991e-ada6-45c2-8297-94077beb4dc1,MED-13417,"SETRAL 100 mg","SETRAL 100 mg (األيشاض انؼمه ٍخ)","Sertraline Central Nervous Hydrochloride","100 mg",tablet,حبة,شريط,10,"JPM","Jordan","system drugs Mental Disorders",491,1
d11ff788-7148-49f3-8f99-2032db737b6b,MED-13418,"SETRAL 50 mg","SETRAL 50 mg (األيشاض انؼمه ٍخ)","Sertraline Central Nervous Hydrochloride","50 mg",tablet,حبة,شريط,10,"Unknown","Unknown","system drugs Mental Disorders",491,2
dff75839-3081-4ec6-8986-5709c764d5c8,MED-13419,"SEZOL","SEZOL (Gardiasis جبسد ٌب واي ٍج ٍب)","Secnidazole 1000 mg","1000 mg",tablet,حبة,شريط,2,"Global Pharma","Yemen","Antiprtozoal Amoebiasis ,",491,3
bed7b949-897e-4848-81fa-3f9c4fe20722,MED-13420,"Shabynil","Shabynil (َضالد انجشد)","Diphenhydramin +ammonium chloride","",syrup,مل,قارورة,100,"shaphaco","Yemen","Respiratory drugs Common Cold",491,4
f8267184-0596-4b1a-847f-1f21f5a18aea,MED-13421,"Shamoxil","Shamoxil (Microbial Infections)","Amoxicillin","",syrup,مل,قارورة,1,"Shaphaco","Yemen","Antibiotics ًٍكشوث ٍخ األصبثبد ان",491,5
b42eeb9f-5601-4c1b-83a3-6b0538bd0b96,MED-13422,"Shamoxil","Shamoxil (Microbial Infections)","Amoxicillin","",capsule,كبسولة,شريط,20,"Shaphaco","Yemen","Antibiotics ًٍكشوث ٍخ األصبثبد ان",491,6
782de618-871c-4d4f-8960-0a076d043bb1,MED-13423,"Shamoxil","Shamoxil (Microbial Infections)","Amoxicillin 125 mg / 5 ml","125 mg / 5 ml",suspension,مل,قارورة,100,"Shaphaco","Yemen","Antibiotics ًٍكشوث ٍخ األصبثبد ان",491,7
fec92ed7-44a3-4a96-83c2-7d7625eef14b,MED-13424,"Shamoxil","Shamoxil (Microbial Infections)","Amoxicillin 250 mg / 5 ml","250 mg / 5 ml",suspension,مل,قارورة,100,"Shaphaco","Yemen","Antibiotics ًٍكشوث ٍخ األصبثبد ان",492,1
9b45e1c7-a1e6-4eb6-845b-012c3acd9dfe,MED-13425,"Shamoxil 250 DT","Shamoxil 250 DT (Microbial Infections)","Amoxicillin 250 mg Dispersable tablets","250 mg",tablet,حبة,شريط,20,"Shaphaco","Yemen","Antibiotics ًٍكشوث ٍخ األصبثبد ان",492,2
33056667-ad82-40ff-8cee-750d8fc70d07,MED-13426,"Sharizol","Sharizol (Gardiasis جبسد ٌب واي ٍج ٍب)","Metronidazole 200 mg","200 mg",tablet,حبة,شريط,1000,"Shaphaco","Yemen","Antiprtozoal Amoebiasis ,",492,3
b3eec86b-d2ba-49fe-8b3f-82f0cfa5a018,MED-13427,"Shark Liver Oil","Shark Liver Oil (Deficiency َمص ف ٍتبي ٍُبد)","Cod Liver Oil","",capsule,كبسولة,شريط,30,"Vitex pharma","Unknown","Vitamines and Menirals Vitamins",492,4
2040b61b-713e-4100-80dd-8c4a73880837,MED-13428,"Shatrim","Shatrim (Infections األصبثبد انجكت ٍش ٌخ)","Trimethoprim/Sulf amethoxazole (Co-trimoxazole)","",tablet,حبة,شريط,20,"Shaphaco","Yemen","Antibacterial Bacterial",492,5
99405fbd-32ed-47e1-8e0c-d0fa670af742,MED-13429,"Shatrim","Shatrim (Infections األصبثبد انجكت ٍش ٌخ)","Trimethoprim/Sulf amethoxazole (Co-trimoxazole)","",tablet,حبة,شريط,500,"Shaphaco","Yemen","Antibacterial Bacterial",492,6
11122282-77e5-4b82-80f6-63b91291a7d4,MED-13430,"Shatrim","Shatrim (Infections األصبثبد انجكت ٍش ٌخ)","Trimethoprim/Sulf amethoxazole (Co-trimoxazole)","",suspension,مل,قارورة,50,"Shaphaco","Yemen","Antibacterial Bacterial",492,7
e9a1cfa1-e3d1-4124-8889-36f70e337340,MED-13431,"Shatrim","Shatrim (Infections األصبثبد انجكت ٍش ٌخ)","Trimethoprim/Sulf amethoxazole (Co-trimoxazole)","",suspension,مل,قارورة,100,"Shaphaco","Yemen","Antibacterial Bacterial",493,1
ec7d8364-ccbf-4b6e-8111-bb6a8ec4179a,MED-13432,"SHINCEF","SHINCEF (Infections األصبثبد انجكت ٍش ٌخ)","Cefuroxime 500 mg","500 mg",injection,أمبولة,باكت,10,"SHIN POONG","Korea","Antibacterial Bacterial",493,2
0a9af8a1-6414-41ca-808f-d4f79d1b6d70,MED-13433,"SHINTAXIME","SHINTAXIME (Infections األصبثبد انجكت ٍش ٌخ)","Cefotaxime Sodium","",injection,أمبولة,باكت,10,"SHIN POONG","Korea","Antibacterial Bacterial",493,3
d06ba2be-0182-42aa-8824-96e623c68feb,MED-13434,"Sianrex","Sianrex","Antimalarial kit , composed of 9 tablets , 6 tablets ( round ) each of artesunate 100 mg , 3","100 mg",tablet,حبة,شريط,9,"pharmacare","Yemen","Antimalarial medicines Malaria ان ًالس ٌب",493,4
a2dc5692-63aa-4511-8e88-6732e464c520,MED-13435,"Sifloks 500","Sifloks 500 (Infections األصبثبد انجكت ٍش ٌخ)","Ciprofloxacin*","",tablet,حبة,شريط,1,"Zentiva","Unknown","Antibacterial Bacterial",493,5
5e8ee262-0cb3-4abf-870c-68dc6477c7e0,MED-13436,"Silca","Silca (انغغىالد انف ًى ٌخ)","Herbal extract","",syrup,مل,قارورة,1,"Unknown","Unknown","Health Care Mouth Wash",493,6
d7cdb879-490e-4bdb-8df5-592313eeb378,MED-13437,"Silymarin plus","Silymarin plus (Disorders اضطشاثبد انكجذ)","silymarin","",capsule,كبسولة,شريط,20,"SEDICO","Egypt","Gastro Intestinal drugs Hepatic",493,7
971d4acf-9f98-40f2-8ca4-72d0a2932bf7,MED-13438,"Silymarin plus","Silymarin plus (Disorders اضطشاثبد انكجذ)","Silymarin 140 mg or 70 mg / Sofet gelatin capsule .","140 mg",capsule,كبسولة,شريط,20,"SEDICO","Egypt","Gastro Intestinal drugs Hepatic",494,1
89cb900e-275e-4216-8b5f-c25b146c351e,MED-13439,"Simepar","Simepar (Disorders اضطشاثبد انكجذ)","silymarin +vit b complex","",capsule,كبسولة,شريط,40,"Mepha","Unknown","Gastro Intestinal drugs Hepatic",494,2
78a463af-37ae-4e2b-882e-fb1a301b630d,MED-13440,"Simepar","Simepar (Disorders اضطشاثبد انكجذ)","Silymarin","",capsule,كبسولة,شريط,40,"Unknown","Unknown","Gastro Intestinal drugs Hepatic",494,3
c079bb57-3d61-4674-84e1-aa396b7ad983,MED-13441,"SIMETHICONE","SIMETHICONE (انهضى)","actived dimethicone","",drops,مل,قطارة,30,"MUP","Egypt","Gastro Intestinal drugs Indigestion عىء",494,4
901c300a-4195-4443-8e6f-e1b4af002040,MED-13442,"Simethicone","Simethicone (انهضى)","Semethicone","",other,وحدة,علبة,30,"MUP","Egypt","Gastro Intestinal drugs Indigestion عىء",494,5
82559524-633a-45a1-8c1a-deb4c2eb0ebc,MED-13443,"Simva - Denk 20","Simva - Denk 20 (ً انذو ٌ ف ص ٌبدح انذهى)","simvastatin 20 mg Cardio Vascular","20 mg",tablet,حبة,شريط,28,"Denk Pharma","Germany","System drugs Hyperlipidaemias",494,6
1166cea3-cf55-4452-85ca-463eba053233,MED-13444,"Simvagen 10","Simvagen 10 (ً انذو ٌ ف ص ٌبدح انذهى)","Simvastatin Cardio Vascular","",tablet,حبة,شريط,30,"RIYADH PHARMA","","System drugs Hyperlipidaemias Saudi Arabia",494,7
d48d491e-dd7e-450d-8a6a-4e96270a7b64,MED-13445,"Simvagen 20 mg","Simvagen 20 mg (ً انذو ٌ ف ص ٌبدح انذهى)","simvastatin 20 mg Cardio Vascular","20 mg",tablet,حبة,شريط,30,"RIYADH PHARMA","","System drugs Hyperlipidaemias Saudi Arabia",495,1
305c05ee-3e01-4042-8406-ee07b02ab4ab,MED-13446,"simvalip 20","simvalip 20 (ً انذو ٌ ف ص ٌبدح انذهى)","Simvastatin 20 mg Cardio Vascular","20 mg",tablet,حبة,شريط,28,"BIOPHARM","Yemen","System drugs Hyperlipidaemias",495,2
837e3fae-ea7f-4106-8fc1-2c02ef481893,MED-13447,"Simvast 20 mg","Simvast 20 mg (ً انذو ٌ ف ص ٌبدح انذهى)","Simvastatin Cardio Vascular","20 mg",tablet,حبة,شريط,28,"Julphar","UAE","System drugs Hyperlipidaemias",495,3
5d3c7c96-8c3d-488a-860a-909ea5cc12f9,MED-13448,"Simvast 40 mg","Simvast 40 mg (ً انذو ٌ ف ص ٌبدح انذهى)","Simvastatin 40 mg Cardio Vascular","40 mg",tablet,حبة,شريط,30,"Julphar","UAE","System drugs Hyperlipidaemias",495,4
c34634f3-379a-498a-872c-785691af0878,MED-13449,"Simvatin 10","Simvatin 10 (ً انذو ٌ ف ص ٌبدح انذهى)","simvastatin 10 mg Cardio Vascular","10 mg",tablet,حبة,شريط,30,"Pharma International","Jordan","System drugs Hyperlipidaemias",495,5
abfdce0c-279d-458b-86d7-1b334cdb9b9f,MED-13450,"Simvatin 20","Simvatin 20 (ً انذو ٌ ف ص ٌبدح انذهى)","simvastatin 20 mg Cardio Vascular","20 mg",tablet,حبة,شريط,30,"Pharma International","Jordan","System drugs Hyperlipidaemias",495,6
a21e667e-6504-49ea-8aa1-287e55ec39ad,MED-13451,"Simvo - Denk 20","Simvo - Denk 20 (ً انذو ٌ ف ص ٌبدح انذهى)","Simvastatin 20 mg Cardio Vascular","20 mg",tablet,حبة,شريط,30,"Denk Pharma","Germany","System drugs Hyperlipidaemias",495,7
c963d005-8a05-47b9-8308-287fa461e4bc,MED-13452,"Sinarex","Sinarex","Antimalarial kit of : Artesunate 100 mg + Sulfadoxine 500 mg + Ptrimethamine 25","100 mg",tablet,حبة,شريط,9,"Pharmacare","Yemen","Antimalarial medicines Malaria ان ًالس ٌب",496,1
f2ce75c2-96a0-4b11-8b99-5c79dbef439d,MED-13453,"SINAWET","SINAWET (َضالد انجشد)","Herbal extract","",syrup,مل,قارورة,120,"Sina Pharm","Unknown","Respiratory drugs Common Cold",496,2
cd529440-ae9a-4834-828e-2e649b72e18c,MED-13454,"Sincomin","Sincomin (َضالد انجشد)","Butamirate citrate 5 mg / ml with Vanila Flavour","5 mg",syrup,مل,قارورة,1,"Modern Pharama","Yemen","Respiratory drugs Common Cold",496,3
bbfa8b34-39eb-4323-80be-0b9eccace4d0,MED-13455,"Sincomin","Sincomin (َضالد انجشد)","Butamirate citrate 7.5 mg / 5 ml","7.5 mg / 5 ml",syrup,مل,قارورة,1,"Modern Pharama","Yemen","Respiratory drugs Common Cold",496,4
08a7925d-868f-418d-8545-351e145e39e6,MED-13456,"Sincuf","Sincuf (َضالد انجشد)","Butamirate citrate","",syrup,مل,قارورة,120,"Y.E.PHARMA","Yemen","Respiratory drugs Common Cold",496,5
f1961671-d002-4df4-8c0b-e723fb49abcf,MED-13457,"Sinecod","Sinecod (َضالد انجشد)","Butamirate citrate","",syrup,مل,قارورة,200,"NOVARTIS","Switzerland","Respiratory drugs Common Cold",496,6
96c6accc-5498-4cea-858c-81ef1cc298b7,MED-13458,"Sinecod","Sinecod (َضالد انجشد)","Butamirate citrate","",drops,مل,قطارة,20,"NOVARTIS","Switzerland","Respiratory drugs Common Cold",496,7
2bdd4a4b-664c-4233-8fc7-a8fa4db819d5,MED-13459,"Sinemet","Sinemet (disease يشض انشػبػ)","Carbidopa / Levodo Central Nervous pa tablet ( 25/250 ) mg","",tablet,حبة,شريط,20,"ALGORITHM","Lebanon","system drugs Parkinson ' s",497,1
68750906-9c4c-4691-8b7e-441f4b70be5d,MED-13460,"Sinerdol - 150","Sinerdol - 150 (( T . B ) ٌ انذس)","Rifampicin 300 mg + isoniazid 150 mg","300 mg",capsule,كبسولة,شريط,10,"Unknown","Unknown","Antibiotics Tuberculosis",497,2
a87a289d-f54d-43bf-80ea-385814618935,MED-13461,"SINOMOL","SINOMOL (Analgesic يهذئبد األوجبع وانح ًى)","Paracetamol 300 mg + Lignocaine 2 mg / 2 ml","300 mg",injection,أمبولة,باكت,10,"Sinochem Ningbo","China","Nonsteroidal Anti- Antipyretic -",497,3
6ddc8a50-652b-4ba6-8cab-9b0d9b08c48e,MED-13462,"sinopryl 10","sinopryl 10 (استفبع ضغظ انذو)","Lisinopril Cardio Vascular","",tablet,حبة,شريط,30,"Unknown","Unknown","System drugs Hypertension",497,4
284a6bd2-38e6-4489-892c-a372fcdd656a,MED-13463,"Sinotaxim","Sinotaxim (Infections األصبثبد انجكت ٍش ٌخ)","Cefotaxime Sodium","",injection,أمبولة,باكت,1,"Unknown","Unknown","Antibacterial Bacterial",497,5
e1ed7ed3-d62c-4f50-8210-c0f30014039e,MED-13464,"Sinotrim","Sinotrim (Infections األصبثبد انجكت ٍش ٌخ)","Trimethoprim/Sulf amethoxazole (Co-trimoxazole)","",tablet,حبة,شريط,10,"ILDONG","Korea","Antibacterial Bacterial",497,6
20ae6cf6-c3ee-404a-831b-6c6e3fd13bd0,MED-13465,"Sinuven Adult N/D","Sinuven Adult N/D (( E . N . T ) األ َف ٌ وانح ُجشح واألر)","Oxymetazoline HCL 0.5%","0.5%",drops,مل,قطارة,1,"ALPHA","Syria","Respiratory drugs Ear Nose Throat",497,7
1cc6369a-a894-46ce-8a2e-5db3ff1cca6d,MED-13466,"Sinuven Pedi/N/D","Sinuven Pedi/N/D (( E . N . T ) األ َف ٌ وانح ُجشح واألر)","Oxymetazoline HCL 0.25%","0.25%",drops,مل,قطارة,10,"ALPHA","Syria","Respiratory drugs Ear Nose Throat",498,1
803a710e-0de7-4007-86ad-f719e058b123,MED-13467,"Sipro 500","Sipro 500 (Infections األصبثبد انجكت ٍش ٌخ)","Ciprofloxacin","",tablet,حبة,شريط,1,"ASIA","Syria","Antibacterial Bacterial",498,2
226d600f-e88c-421e-87e2-718578efb71d,MED-13468,"Siprodrogsan 500","Siprodrogsan 500 (Infections األصبثبد انجكت ٍش ٌخ)","Ciprofloxacin","",tablet,حبة,شريط,14,"Drogsan","Unknown","Antibacterial Bacterial",498,3
68329000-72af-45ca-8683-989ac804de47,MED-13469,"SIRAGYL","SIRAGYL (Gardiasis جبسد ٌب واي ٍج ٍب)","Metronidazole 125 mg + spiramycin 750000 I . U","125 mg",tablet,حبة,شريط,2,"Pharo Pharma","Egypt","Antiprtozoal Amoebiasis ,",498,4
c00ff3ad-6575-4c8b-83a9-9a73bf884d2b,MED-13470,"SIRAGYL FORTE","SIRAGYL FORTE (Gardiasis جبسد ٌب واي ٍج ٍب)","Metronidazole 250 mg + soiramycin 1500000 I . U","250 mg",tablet,حبة,شريط,10,"Pharo Pharma","Egypt","Antiprtozoal Amoebiasis ,",498,5
d795fa92-c345-4b90-816b-16b3f0200707,MED-13471,"Sirdalud","Sirdalud (يشخ ٍبد انؼضالد)","Tizanidine Central Nervous Hydrochloride 2 mg","2 mg",tablet,حبة,شريط,30,"NOVARTIS","Switzerland","system drugs Muscle relaxation",498,6
1685795b-ed88-4eb5-858e-d5ecabf3f28a,MED-13472,"Sitaram - 20","Sitaram - 20 (األيشاض انؼمه ٍخ)","Citalopram tablet Central Nervous 20 mg","20 mg",tablet,حبة,شريط,20,"Mediotic","Unknown","system drugs Mental Disorders",498,7
3234effb-46f1-4364-811d-4e1d61069d2f,MED-13473,"Sizodon - 3","Sizodon - 3 (األيشاض انؼمه ٍخ)","Risperidone Central Nervous tablet 3 mg","3 mg",tablet,حبة,شريط,50,"SUN","India","system drugs Mental Disorders",499,1
460b5d1f-e17f-4939-8469-c0c13328a734,MED-13474,"SizodonMD - 2","SizodonMD - 2 (األيشاض انؼمه ٍخ)","Risperidone Central Nervous tablet 2 mg","2 mg",tablet,حبة,شريط,50,"SUN","India","system drugs Mental Disorders",499,2
30872370-45e1-42ad-8bee-f7e635cac408,MED-13475,"Sleep- Fine","Sleep- Fine (Insumnea األسق وانمهك)","Zaleplon 5 mg Central Nervous","5 mg",tablet,حبة,شريط,10,"Shiba pharma","Yemen","system drugs Anxiety ,",499,3
da1f82de-d7b4-4603-826c-98b11b630547,MED-13476,"Sleep- Fine","Sleep- Fine (Insumnea األسق وانمهك)","Zaleplon 10 mg Central Nervous","10 mg",tablet,حبة,شريط,10,"Shiba pharma","Yemen","system drugs Anxiety ,",499,4
72182cdc-a2b0-4e54-852b-c5ced8440f06,MED-13477,"Slimcal","Slimcal","Each capsule contains 120 mg of orlistat .","120 mg",capsule,كبسولة,شريط,4,"Pharmacare","Yemen","Gastro Intestinal drugs Obesity",499,5
e402645f-d1ee-47c7-8317-b2934f1d4df6,MED-13478,"Sobycor","Sobycor (استفبع ضغظ انذو)","Bisoprolol Cardio Vascular Fumarate 2.5 mg / tab","2.5 mg",tablet,حبة,شريط,30,"KRKA","India","System drugs Hypertension",499,6
7582e13b-e898-4750-800f-f023320b0254,MED-13479,"Sobycor","Sobycor (استفبع ضغظ انذو)","Bisoprolol Cardio Vascular Fumarate 5 mg / tab","5 mg",tablet,حبة,شريط,30,"KRKA","India","System drugs Hypertension",499,7
9b007bfe-61dd-4e4b-875f-e80fe3bd46d0,MED-13480,"Sodi vag","Sodi vag","Sodium Bicarbonate 4% + Sodium carbonate 0.025%","4%",syrup,مل,قارورة,200,"Shiba pharma","Yemen","Health Care Vaginal ان ًهجم",500,1
242339cf-53ee-4225-83fa-212b1c1e09a2,MED-13481,"Sodi vag","Sodi vag","Sodium Bicarbonate 2% + Sodium carbonate 0.025%","2%",syrup,مل,قارورة,200,"Shiba pharma","Yemen","Health Care Vaginal ان ًهجم",500,2
c34df2c8-e7b3-42d1-8914-ba2d8c198a08,MED-13482,"Sodium Chloride","Sodium Chloride","Sodium Chloride 5 %","5 %",syrup,مل,قارورة,15,"Orchidia Pharma","Egypt","Antiseptic and Desinfectants Eye ٍٍ انؼ",500,3
f156c716-1f63-48e9-8723-dc3e755a3cb4,MED-13483,"Sodium nitroprusside","Sodium nitroprusside (استفبع ضغظ انذو)","Sodium Cardio Vascular nitroprusside","",injection,أمبولة,باكت,1,"Unknown","Unknown","System drugs Hypertension",500,4
6774c4c8-ef40-402f-8621-d00a2edb1c3b,MED-13484,"Solamin","Solamin (َضالد انجشد)","Combination","",syrup,مل,قارورة,100,"Modern Pharama","Yemen","Respiratory drugs Common Cold",500,5
016a07a0-75c6-4aa0-8fc2-17f77031f71c,MED-13485,"Solcogyn","Solcogyn","acetic acid - nitric acid - zinc nitrare - oxalic acid","",syrup,مل,قارورة,1,"MEDA","Unknown","Health Care Vaginal ان ًهجم",500,6
315cdd0d-9d72-4c51-8246-934b4aff5b7e,MED-13486,"Solcoseryl","Solcoseryl","Solcoseryl (Calf blood extract)","",ointment,أنبوب,علبة,20,"MEDA","Unknown","Skin Disorders Burns انحشوق",500,7
f40a8aff-3399-494e-823a-1a4a9f5ab04e,MED-13487,"Solcoseryl","Solcoseryl","Solcoseryl comp","",ointment,أنبوب,علبة,5,"Unknown","Unknown","Unknown Eye ٍٍ انؼ",501,1
470f333f-278f-43df-8d99-863f4c204567,MED-13488,"Solcoseryl eye gel","Solcoseryl eye gel","Solcoseryl (Calf blood extract)","",ointment,أنبوب,علبة,5,"Solco","Switzerland","Ophthalmic drugs Eye ٍٍ انؼ",501,2
2eda23de-b14b-4af3-8a4f-9dcc21ccbc07,MED-13490,"Solofresh","Solofresh","Sodium Hyaluronate 0.2%","0.2%",syrup,مل,قارورة,10,"Orchidia Pharma","Egypt","Ophthalmic drugs Eye ٍٍ انؼ",501,4
46071ff9-53ef-4fd5-8e58-a668fe591a34,MED-13491,"Solpadeine","Solpadeine (Analgesic يهذئبد األوجبع وانح ًى)","Paracetamol 500 mg + caffein 30 mg + codein 8 mg per tablet .","500 mg",tablet,حبة,شريط,24,"gskGlaxoSmith klin","UK","Nonsteroidal Anti- Antipyretic -",501,5
c16d664d-3f78-47a1-80f8-307593b2c9cc,MED-13492,"Solpadeine","Solpadeine (َضالد انجشد)","paracetamol+code ine phosphate +caffeine","",tablet,حبة,شريط,24,"glaxosmithkline","UK","Non-Steroidal Anti- Common Cold",501,6
d9c2a1fd-62cd-4d01-8252-833257c45a4a,MED-13493,"Solu-Medrol","Solu-Medrol (األنتهبثبد)","Methylprednisolo ne 1000 mg","1000 mg",syrup,مل,قارورة,1,"Pfizer","USA","Corticosteroid Inflammations",501,7
62b9705d-fdee-4727-8d7d-334052c19b7b,MED-13494,"SOLUS one A day","SOLUS one A day (Deficiency َمص ف ٍتبي ٍُبد)","Multi vitamin and Menirals","",tablet,حبة,شريط,30,"LIFEPLAN","Unknown","Vitamines and Menirals Vitamins",502,1
58d76f4d-a251-424b-8e65-6c5f5e87ca05,MED-13495,"Solvin","Solvin (Disorders اضطشاثبد انجهبص ً انت ُفغ)","Bromhexine ( 2 mg / ml )","2 mg",syrup,مل,قارورة,120,"ADCO","Egypt","Respiratory drugs Respiratory",502,2
241e07a5-1340-49a7-8651-e8bf738402eb,MED-13496,"Solvin","Solvin (Disorders اضطشاثبد انجهبص ً انت ُفغ)","Bromhexine","",tablet,حبة,شريط,20,"ADCO","Egypt","Respiratory drugs Respiratory",502,3
b56f124f-6525-4980-8af0-70a621d72e40,MED-13497,"Solvin Drops","Solvin Drops (Disorders اضطشاثبد انجهبص ً انت ُفغ)","bromhexine ( 2 mg / ml )","2 mg",syrup,مل,قارورة,1,"ADCO","Egypt","Respiratory drugs Respiratory",502,4
785c865a-d6a1-4c5b-87b7-17c8ffe90dcf,MED-13498,"Solvin Tablets","Solvin Tablets (Disorders اضطشاثبد انجهبص ً انت ُفغ)","Bromhexine ( 8 mg )","8 mg",tablet,حبة,شريط,20,"ADCO","Egypt","Respiratory drugs Respiratory",502,5
a7bf8b5b-bd12-4b67-89b7-1d2eb9217ed6,MED-13499,"SomaCare","SomaCare","Combination","",syrup,مل,قارورة,1,"BioCare Pharma","Egypt","Antiseptic and Desinfectants Antiseptic يطهشاد",502,6
2a5d9ddb-5b9f-4ddc-8dcc-997ed8a63fd3,MED-13500,"Sompraz","Sompraz (ان ًؼذح)","Esomeprazole","",capsule,كبسولة,شريط,14,"SUN Pharma","India","Gastro Intestinal drugs Peptic ulcer لشحخ",502,7
b8081e27-d9f2-4a04-8671-f09b77e10d71,MED-13501,"Soolan Pediatric","Soolan Pediatric (َضالد انجشد)","Each 5 ml contains : Chlorphenamine Maleate 1 mg + Phenylephrine Hydrochloride","5 ml",syrup,مل,قارورة,100,"Unknown","Unknown","Antihistamines Common Cold",503,1
ee876406-4fce-4af9-855d-7c2f996d6296,MED-13502,"Sopalgin","Sopalgin (َضالد انجشد)","paracetamol 500 mg + codeine phosphate 8 mg + caffeine 30 mg","500 mg",tablet,حبة,شريط,24,"Modern Pharama","Yemen","NSAID Common Cold",503,2
95961d13-bd9c-48c4-8ddc-9ebf07300a7b,MED-13503,"Soral","Soral (األوجبع)","Tenoxicam 20 mg supp .","20 mg",other,وحدة,علبة,5,"GLOBAL NAPI","Egypt","Nonsteroidal Anti- Analgesic يهذئبد",503,3
42d83366-84e8-48e0-88e1-d8c29558b787,MED-13504,"Sotilen","Sotilen (األوجبع)","Piroxicam 10 mg","10 mg",capsule,كبسولة,شريط,30,"Unknown","Unknown","Non-Steroidal Anti- Analgesic يهذئبد",503,4
f995d6cb-9010-46f4-8076-c7cfa1b09161,MED-13505,"Spasmcil","Spasmcil (Spasm ٍ آالو انجط)","Dicycloverine Hydrochloride","",tablet,حبة,شريط,3,"HUONS","","Gastro Intestinal drugs Abdominal",503,5
0a25281a-0b57-4b1c-82b3-1883c64bdf99,MED-13506,"Spasmcil","Spasmcil (Gardiasis جبسد ٌب واي ٍج ٍب)","Secnidazole 1000 mg","1000 mg",tablet,حبة,شريط,2,"Global Pharma","Yemen","Antiprtozoal Amoebiasis ,",503,6
13aa58b6-57ee-4569-8bcf-a1c531782500,MED-13507,"Spasmo","Spasmo (Spasm ٍ آالو انجط)","Homatropine methyl bromide","",syrup,مل,قارورة,15,"Shaphaco","Yemen","Gastro Intestinal drugs Abdominal",503,7
17b567ea-a7c9-440a-8c19-0e6a57f3b566,MED-13508,"Spasmo - H","Spasmo - H (Spasm ٍ آالو انجط)","Homatropine methyl bromide 10 mg","10 mg",tablet,حبة,شريط,20,"Shaphaco","Yemen","Gastro Intestinal drugs Abdominal",504,1
63306c20-ada1-442d-8a90-ff0fde1d6fae,MED-13509,"Spasmo-Canulase","Spasmo-Canulase (Spasm ٍ آالو انجط)","Methexin + celluos e + pepsin + glutami c acid + pancreatin + NaHco 3","",tablet,حبة,شريط,1,"NOVARTIS","Switzerland","Gastro Intestinal drugs Abdominal",504,2
9074c544-e287-44f6-8acc-5e9708f8237c,MED-13510,"Spasmocil","Spasmocil (Spasm ٍ آالو انجط)","Alerine citrate","",tablet,حبة,شريط,30,"Huons","Korea","Gastro Intestinal drugs Abdominal",504,3
8b0a210c-b2ab-4481-8ce6-57174c74dd36,MED-13511,"spasmocin","spasmocin (Spasm ٍ آالو انجط)","Hyoscine - N - Butylbromide 10 mg","10 mg",tablet,حبة,شريط,20,"Memphis","Egypt","Gastro Intestinal drugs Abdominal",504,4
3b8aaf14-5b77-4181-8369-85288e5eb514,MED-13512,"Spasmocure","Spasmocure (Spasm ٍ آالو انجط)","Drotaverine","",tablet,حبة,شريط,20,"Alphamoun","Egypt","Gastro Intestinal drugs Abdominal",504,5
8a10cc68-9960-49f0-8bcf-f81b4c5c225b,MED-13513,"Spasmocure","Spasmocure (Spasm ٍ آالو انجط)","Drotaverine","",tablet,حبة,شريط,20,"APIC","Egypt","Gastro Intestinal drugs Abdominal",504,6
a42000a8-1459-4688-8270-3574d4486e75,MED-13514,"SPASMO- DIGESTIN","SPASMO- DIGESTIN (انهضى)","Methexin + celluos e + pepsin + glutami c acid + pancreatin + NaHco 3","",tablet,حبة,شريط,30,"PHARCO","Egypt","Gastro Intestinal drugs Indigestion عىء",504,7
c97dcb79-4186-4018-8014-b3a6a57ca709,MED-13515,"Spasmokid","Spasmokid (Spasm ٍ آالو انجط)","Hyoscyamine 0.125 mg / 1 ml","0.125 mg / 1 ml",syrup,مل,قارورة,1,"Shiba pharma","Yemen","Gastro Intestinal drugs Abdominal",505,1
9398b292-e086-42c2-84ae-55dd451b036d,MED-13516,"Spasmoline","Spasmoline (Spasm ٍ آالو انجط)","Homatropine methyl bromide","",syrup,مل,قارورة,15,"YEDCO","Yemen","Gastro Intestinal drugs Abdominal",505,2
b64efc86-3e9c-4116-86d9-f08b1c2fab5f,MED-13517,"Spasmomen","Spasmomen (Spasm ٍ آالو انجط)","Otilonium Bromide 40 mg","40 mg",other,وحدة,علبة,1,"MENARINI","Italy","Gastro Intestinal drugs Abdominal",505,3
c07bca01-00f6-4c6b-832b-d084b34b7713,MED-13518,"spasmopan Syrup","spasmopan Syrup (Spasm ٍ آالو انجط)","Hyoscine- N- Butylbromide","",syrup,مل,قارورة,100,"APM","Jordan","Gastro Intestinal drugs Abdominal",505,4
6b5f3794-47dd-4ad3-8e77-14f25e270f9f,MED-13519,"SPASMOSAFE","SPASMOSAFE (Spasm ٍ آالو انجط)","Drotaverine 60 mg","60 mg",tablet,حبة,شريط,20,"Modern Pharama","Yemen","Gastro Intestinal drugs Abdominal",505,5
3226438b-4763-4cdd-8eb3-608c20873cf7,MED-13520,"spasmoson","spasmoson (Spasm ٍ آالو انجط)","Hyoscine- N- Butylbromide","",injection,أمبولة,باكت,10,"Jayson","Unknown","Gastro Intestinal drugs Abdominal",505,6
201c8e91-3b45-48c8-8a97-5f3ed84a9373,MED-13521,"Spazmo-max","Spazmo-max (Spasm ٍ آالو انجط)","Hyoscine - N - Butylbromide 10 mg","10 mg",tablet,حبة,شريط,20,"Shiba pharma","Yemen","Gastro Intestinal drugs Abdominal",505,7
cc14fa3a-ac26-43d4-8214-819304237130,MED-13522,"Spazmo-max","Spazmo-max (Spasm ٍ آالو انجط)","Hyoscine - N - Butylbromide 5 mg / 5 ml","5 mg / 5 ml",syrup,مل,قارورة,60,"Shiba pharma","Yemen","Gastro Intestinal drugs Abdominal",506,1
0711c393-36de-443f-8480-8a2d7cf31c9b,MED-13523,"Spazmotek","Spazmotek (Spasm ٍ آالو انجط)","Hyoscine Butylbromide 20 mg / ml","20 mg",injection,أمبولة,باكت,6,"Bilim","Turkey","Gastro Intestinal drugs Abdominal",506,2
4daa1a22-f376-4da0-8ec9-de60f9e852bd,MED-13524,"Spazmotek plus","Spazmotek plus (Spasm ٍ آالو انجط)","Hyoscine - N - Butylbromide 10 mg + paracetamol 500 mg","10 mg",tablet,حبة,شريط,20,"Bilim","Turkey","Gastro Intestinal drugs Abdominal",506,3
fd3db14c-e93f-4940-8c4c-52a410d6bc92,MED-13525,"Spazomo-max","Spazomo-max (Spasm ٍ آالو انجط)","Hyoscine - N - Butylbromide 10 mg","10 mg",tablet,حبة,شريط,20,"Shiba pharma","Yemen","Gastro Intestinal drugs Abdominal",506,4
cfd510b9-b138-4d00-8a11-077c933fb572,MED-13526,"spectrum","spectrum (Deficiency َمص ف ٍتبي ٍُبد)","High potency Multivitamin and Multimineral formula with beta carotene.","",tablet,حبة,شريط,30,"CENTURY","USA","Vitamines and Menirals Vitamins",506,5
0ec80c64-940f-4123-855c-459a6c69361b,MED-13527,"Spedifen - 400","Spedifen - 400 (األوجبع)","Ibuprofen f . c . tablet 400 mg .","400 mg",tablet,حبة,شريط,12,"Zambon","Unknown","Nonsteroidal Anti- Analgesic يهذئبد",506,6
c2a440b3-fc64-42e5-823f-ede303cf8a6d,MED-13528,"Spiradent","Spiradent (Gardiasis جبسد ٌب واي ٍج ٍب)","Metronidazole 125 mg + spiramycin 750000 I . U","125 mg",tablet,حبة,شريط,20,"BIOPHARM","Yemen","Antiprtozoal Amoebiasis ,",506,7
3ea1d312-a4c7-4c15-88a4-e171b586b9be,MED-13529,"Spiradent","Spiradent","Spiramycin 750,000 IU + Metronidazol 125 mg / tablet","000 IU",tablet,حبة,شريط,2,"BIOPHARM","Yemen","antibacterial Dental ٌ األع ُب",507,1
533f8354-0872-4bf9-806e-46d23e25c4e0,MED-13530,"Spiradent","Spiradent (انجشثىيخ انطف ٍه ٍخ)","Spiramycin 759,600 IU + Metronidazole 125 mg","600 IU",tablet,حبة,شريط,20,"Unknown","Unknown","Antibacterial Toxoplasmosis",507,2
9cdfa058-a400-449d-8bbe-a6f14643416f,MED-13531,"Spiragyl","Spiragyl","Spiramycin 750.000 I u + Metronidazol 125 mg / tablet","125 mg",tablet,حبة,شريط,2,"Pharo pharma","Egypt","Antibacterial Dental ٌ األع ُب",507,3
96b7eb0c-53da-4c1c-8b57-91a35ea6788a,MED-13532,"Spiragyl Fort","Spiragyl Fort","Spiramycin 1500000 IU + / Metronidazol 250 mg","1500000 IU",tablet,حبة,شريط,1,"Pharo pharma","Egypt","antibacterial Dental ٌ األع ُب",507,4
5e4864a5-6789-4610-8452-78cc78b1b250,MED-13533,"Spiramed","Spiramed (انجشثىيخ انطف ٍه ٍخ)","Spiramycin*","",tablet,حبة,شريط,1,"Modern Pharama","Yemen","Antibacterial Toxoplasmosis",507,5
55117c4d-136c-45d2-84d4-ce133a407633,MED-13534,"Spiramycine","Spiramycine (انجشثىيخ انطف ٍه ٍخ)","Spiramycin*","",tablet,حبة,شريط,1,"BALSAM","Syria","Antibacterial Toxoplasmosis",507,6
cf88de74-7cfc-4303-811b-5aef1f0071b3,MED-13535,"Spiratin 1.5","Spiratin 1.5 (انجشثىيخ انطف ٍه ٍخ)","Spiramycin 1.5 M . I . U / caplets","",capsule,كبسولة,شريط,1,"Shiba pharma","Yemen","Antibacterial Toxoplasmosis",507,7
ef266ca3-1cd8-46cb-84bd-346b8d0bdb7b,MED-13536,"Spiratin 3","Spiratin 3 (انجشثىيخ انطف ٍه ٍخ)","Spiramycin 3 M . I . U / caplets","",capsule,كبسولة,شريط,1,"Shiba pharma","Yemen","Antibacterial Toxoplasmosis",508,1
deb152ac-48dc-46aa-8348-e0276dde3abc,MED-13537,"Spirazine","Spirazine (انجشثىيخ انطف ٍه ٍخ)","Spiramycin 750,000 . I . U + 125 mg / tablet","125 mg",tablet,حبة,شريط,1,"Shiba pharma","Yemen","Antibacterial Toxoplasmosis",508,2
67b368f7-5476-4c20-8316-7fbcf5142f7f,MED-13538,"SPIRAZOLE","SPIRAZOLE (Gardiasis جبسد ٌب واي ٍج ٍب)","Metronidazole 125 mg + siramycin 750000 I . U","125 mg",tablet,حبة,شريط,20,"BALSAM","Syria","Antiprtozoal Amoebiasis ,",508,3
da8f2605-b0c3-48e2-8b71-3058b4372a40,MED-13539,"Spirazole","Spirazole","Spiramycin+Metr onidazol","",tablet,حبة,شريط,2,"BALSAM","Syria","Antibacterial Dental ٌ األع ُب",508,4
dc9d1d3c-9ae6-4f58-88cd-5a7e870d37df,MED-13540,"Spirex","Spirex (انجشثىيخ انطف ٍه ٍخ)","Spiramycin*","",tablet,حبة,شريط,2,"MUP","Egypt","Antibacterial Toxoplasmosis",508,5
47bb3810-606b-4ac7-8669-5700e0a7b66e,MED-13541,"Spirex","Spirex (انجشثىيخ انطف ٍه ٍخ)","Spiramycin","",tablet,حبة,شريط,10,"Unknown","Unknown","Antibacterial Toxoplasmosis",508,6
b0391ae9-88a2-4b5b-8c0b-31eea7a2ba7d,MED-13542,"Spirocare","Spirocare (استفبع ضغظ انذو)","Each tablet Cardio Vascular contains spironolactone 100 mg .","100 mg",tablet,حبة,شريط,10,"Pharmacare","Yemen","System drugs Hypertension",508,7
19bcfa09-f436-4d31-8618-b46394b9f2d5,MED-13543,"Spirulina","Spirulina (Disorders اضطشاثبد انكجذ)","Silymarin","",capsule,كبسولة,شريط,1,"Unknown","Unknown","Gastro Intestinal drugs Hepatic",509,1
d2ee5298-c078-4443-851b-02cca88a6a64,MED-13544,"Sporanex","Sporanex (األنتهبثبد انجذنذ ٌخ)","Itraconazole","",capsule,كبسولة,شريط,14,"Janssen-Cilag","Switzerland","Antifungals Dermatitis",509,2
1bbec6b1-a5bf-4654-86ab-33c6f8c23cff,MED-13545,"Sporanox","Sporanox (األنتهبثبد انجذنذ ٌخ)","Itraconazole 100 mg","100 mg",capsule,كبسولة,شريط,15,"Janssen-Cilag","Switzerland","Antifungals Dermatitis",509,3
7319e611-cc90-4d3d-85ca-8a7d624f5333,MED-13546,"Sporanox Solutions","Sporanox Solutions (األنتهبثبد انجذنذ ٌخ)","Itraconazole 10 mg / ml","10 mg",syrup,مل,قارورة,150,"Janssen-cilag","Sweden","Antifungals Dermatitis",509,4
333c4f83-e4bc-4dd4-8f54-f71f813d2a9b,MED-13547,"Sporinex","Sporinex (Gardiasis جبسد ٌب واي ٍج ٍب)","Tinidazole","",tablet,حبة,شريط,4,"Unknown","Unknown","Antiprtozoal Amoebiasis ,",509,5
8980df17-041a-41ed-8235-1247c80d6b7a,MED-13548,"Spplin","Spplin (Gardiasis جبسد ٌب واي ٍج ٍب)","Metronidazole","",tablet,حبة,شريط,20,"Sandoz","Unknown","Antiprtozoal Amoebiasis ,",509,6
398b505f-b124-4d34-8727-e0db39d61810,MED-13549,"S-prazo","S-prazo (ان ًؼذح)","Esomeprazole","",tablet,حبة,شريط,10,"Flaming - pharma = India","Unknown","Gastro Intestinal drugs Peptic ulcer لشحخ",509,7
d5d122bf-830f-4fa4-8eb6-f80fd683c97c,MED-13550,"SR Ketoprofen","SR Ketoprofen (األوجبع)","Ketoprofen 150 mg","150 mg",capsule,كبسولة,شريط,10,"UNICHiMA","Syria","Nonsteroidal Anti- Analgesic يهذئبد",510,1
3dbd9347-c8f0-40a0-8c8f-63838a8ca0d3,MED-13551,"SR Ketoprofen","SR Ketoprofen (األوجبع)","Ketoprofen","",capsule,كبسولة,شريط,10,"Unknown","Unknown","Nonsteroidal Anti- Analgesic يهذئبد",510,2
b03c1708-e213-46ae-86d2-5591f5fd7c31,MED-13552,"STALENE 200","STALENE 200 (األنتهبثبد انجذنذ ٌخ)","Fluconazole 200 mg","200 mg",capsule,كبسولة,شريط,1,"UNISON","Thailand","Antifungals Dermatitis",510,3
6c20898b-5bc1-4ec8-8427-ea1208a12905,MED-13553,"STATIX 10","STATIX 10 (ً انذو ٌ ف ص ٌبدح انذهى)","Atorvastatin 10 mg Cardio Vascular","10 mg",tablet,حبة,شريط,30,"NeoBiocon","UAE","System drugs Hyperlipidaemias",510,4
b0dcf2b3-a847-4a79-8219-ede3fabad92a,MED-13554,"Stdoxin","Stdoxin (Infections األصبثبد انجكت ٍش ٌخ)","Ofloxacin*","",tablet,حبة,شريط,1,"Stada","Unknown","Antibacterial Bacterial",510,5
2197deec-bd13-4431-8105-c1f8292fc0bd,MED-13555,"Stellasil","Stellasil (األيشاض انؼمه ٍخ)","Trifluoperazine Central Nervous tablet 5 mg","5 mg",tablet,حبة,شريط,30,"KAHIRA PHARM","Egypt","system drugs Mental Disorders",510,6
1e6dffb8-fdd2-4bf6-80f8-c442e5561323,MED-13556,"Sterema","Sterema (vomiting ٌ انغث ٍب وانطشػ)","Prochlorperazine Malate 5 mg / tab","5 mg",tablet,حبة,شريط,1,"REMEDICA","Cyprus","Gastro Intestinal drugs Nausea and",510,7
8bf1c3e8-02c7-4f91-86e1-4f513571787c,MED-13557,"Stericef - 1 gm","Stericef - 1 gm (Infections األصبثبد انجكت ٍش ٌخ)","Ceftriaxone Sodium","1 g",injection,أمبولة,باكت,1,"Ipca","Unknown","Antibacterial Bacterial",511,1
1f7756cb-3e6f-459a-8c49-894da1ce331c,MED-13558,"Stericef - 250 mg","Stericef - 250 mg (Infections األصبثبد انجكت ٍش ٌخ)","Ceftriaxone Sodium","250 mg",injection,أمبولة,باكت,1,"Ipca","Unknown","Antibacterial Bacterial",511,2
88856589-9bd3-43d3-8839-716634c2c32e,MED-13559,"Stilnox","Stilnox (Insumnea األسق وانمهك)","Zolpidem Tartrate Central Nervous","",tablet,حبة,شريط,20,"Sanofi Aventis","France","system drugs Anxiety ,",511,3
51772361-239d-40ac-8d0a-831e375b7539,MED-13560,"Stimulan","Stimulan (األيشاض انؼمه ٍخ)","Piracetam 1 g / 5 ml Central Nervous","1 g / 5 ml",syrup,مل,قارورة,1,"Unknown","Unknown","system drugs Mental Disorders",511,4
a86901c9-8332-4520-8395-36f68fd7702e,MED-13561,"Stimulan","Stimulan (األيشاض انؼمه ٍخ)","Piracetam Central Nervous","",tablet,حبة,شريط,30,"Unknown","Unknown","system drugs Mental Disorders",511,5
d566f09f-ac5a-4ae1-894d-6ecf63484fa5,MED-13562,"Storilat","Storilat","carbamazepin Central Nervous tablet 200 mg","200 mg",tablet,حبة,شريط,50,"REMEDICA","Cyprus","system drugs Epilepsy انصشع",511,6
e52e5f71-b99a-45df-8783-eafb7b48c90c,MED-13563,"Strepsils","Strepsils (َضالد انجشد)","Different Lozenges Ingredients","",other,وحدة,علبة,24,"reckitt benckiser","Unknown","Antiseptic and Desinfectants Common Cold",511,7
d513cd38-eb05-44c9-815a-f9fb98d8048b,MED-13564,"stroka","stroka (انجهطبد)","Clopidogrel Cardio Vascular bisulphate ........ 75 mg","75 mg",tablet,حبة,شريط,20,"Apex Pharma","Unknown","System drugs Thrombosis",512,1
c1f79eab-4c17-407d-80f0-b949437a78a6,MED-13565,"Structum 500 mg","Structum 500 mg (انتهبثبد انؼظبو)","Chondrotin sulphate , Na 500 mg","500 mg",capsule,كبسولة,شريط,60,"Unknown","Unknown","Osteoarthritis drugs Osteoarthritis",512,2
4656e5e6-9018-463b-875d-3366c47d2f67,MED-13566,"Stugeron","Stugeron (انذوخخ)","Cinnarizine","",tablet,حبة,شريط,25,"Janssen-Cilag","Sweden","Antihistamines Vertigo انذواس او",512,3
1c9d267a-bf58-4bc1-8500-e33fbcf2fa45,MED-13567,"Stugeron","Stugeron (انذوخخ)","Cinnarizine","",tablet,حبة,شريط,50,"Janssen","Switzerland","Antihistamines Vertigo انذواس او",512,4
03c12019-e84f-4771-8f5a-63feaccb46e4,MED-13568,"Stugeron","Stugeron (انذوخخ)","Cinnarizine","",tablet,حبة,شريط,50,"Janssen-Cilag","Switzerland","Antihistamines Vertigo انذواس او",512,5
4fcd203c-5c03-4a47-8f0b-3e032fe74e3c,MED-13569,"SUCRATE gel","SUCRATE gel (ان ًؼذح)","Each bags of 5 ml sucralfate suspension","5 ml",ointment,أنبوب,علبة,5,"Lisapharma","Egypt","Gastro Intestinal drugs Peptic ulcer لشحخ",512,6
b9fa2a08-06eb-4d55-873f-569f0c259d78,MED-13570,"Sucratec","Sucratec (أيشاض انغكشي)","Glimepiride 2 mg","2 mg",tablet,حبة,شريط,30,"Neopharma","UAE","Antidiabetics Diabetes Mellitus",512,7
26c8daf8-8274-4380-805b-0ca4ea99f4b1,MED-13571,"Sucratec 3","Sucratec 3 (أيشاض انغكشي)","Glimepiride 3 mg","3 mg",tablet,حبة,شريط,30,"Neo pharma","Unknown","Antidiabetics Diabetes Mellitus",513,1
821ef552-aa28-40af-82a1-79b21d67126c,MED-13572,"Sulba 750","Sulba 750 (Microbial Infections)","Ampicillin Sodium/Sulbacta m Sodium","",injection,أمبولة,باكت,1,"ALPHA","Syria","Antibiotics ًٍكشوث ٍخ األصبثبد ان",513,2
c39b32a7-4a6f-40c5-8aed-4e50abac422a,MED-13573,"Sulfadiazine Silver","Sulfadiazine Silver (انتئبو انجشوح)","Sulfadiazine Silver 1%","1%",cream,أنبوب,علبة,250,"Shiba pharma","Yemen","Antibacterial Wounds Healing",513,3
2c40cb46-440f-4448-8c27-50cb7c0362ae,MED-13574,"Sulptiac 200","Sulptiac 200 (األيشاض انؼمه ٍخ)","Amisulpride Central Nervous","",tablet,حبة,شريط,30,"SUN Pharma","India","system drugs Mental Disorders",513,4
d1c2b743-5a43-4388-86af-783df196bea1,MED-13575,"Sulptiac 400","Sulptiac 400 (األيشاض انؼمه ٍخ)","Amisulpride Central Nervous","",tablet,حبة,شريط,30,"SUN Pharma","India","system drugs Mental Disorders",513,5
b9aa139d-d23a-4483-856c-7ce7edc67e2b,MED-13576,"Super GC","Super GC (انتهبثبد انؼظبو)","Glucosamine + Chondrotin","",capsule,كبسولة,شريط,30,"Power Health","Unknown","Osteoarthritis drugs Osteoarthritis",513,6
a24bb11d-5bdd-489f-83c7-5e7c46bd3d61,MED-13577,"Super Joint","Super Joint (انتهبثبد انؼظبو)","Glucosamine + Chondrotin","",tablet,حبة,شريط,30,"Nutraveda","Unknown","Osteoarthritis drugs Osteoarthritis",513,7
2fcf3ef2-5445-4aa7-8d86-94be8aef5f98,MED-13578,"Super Sliming","Super Sliming (supplementation ًٍه ٍخ تغز ٌخ تك)","Combination","",capsule,كبسولة,شريط,30,"Tri Pharma not present","","Gastro Intestinal drugs Nutrition",514,1
d49c722c-6d5e-46ae-8d84-4e4cbae11f09,MED-13579,"SUPIM","SUPIM (Infections األصبثبد انجكت ٍش ٌخ)","Trimethoprim/Sulf amethoxazole (Co-trimoxazole)","",tablet,حبة,شريط,2,"BMP","Thailand","Antibacterial Bacterial",514,2
d2facbc1-9887-4800-802d-e000273ad4f9,MED-13580,"Supplin 500 mg","Supplin 500 mg (Gardiasis جبسد ٌب واي ٍج ٍب)","Metronidazole","500 mg",tablet,حبة,شريط,20,"Sandoz","Unknown","Antiprtozoal Amoebiasis ,",514,3
1c8adfe7-6e62-44fc-828d-8f80b2195034,MED-13581,"Supra 25","Supra 25 (ي ُشطبد ج ُغ ٍخ)","Sildenafil citrate 25 mg","25 mg",tablet,حبة,شريط,10,"Shiba pharma","Yemen","Sex Stimulants Sex Stimulants",514,4
7d59e4ba-d65e-4ccb-8afe-b6f105e18ce4,MED-13582,"Supra 25","Supra 25 (ي ُشطبد ج ُغ ٍخ)","Sildenafil citrate 25 mg","25 mg",tablet,حبة,شريط,4,"Shiba pharma","Yemen","Sex Stimulants Sex Stimulants",514,5
115bcd7a-919b-4787-8c4c-f647b871c928,MED-13583,"Supra 50","Supra 50 (ي ُشطبد ج ُغ ٍخ)","Sildenafil citrate 50 mg","50 mg",tablet,حبة,شريط,4,"Shiba pharma","Yemen","Sex Stimulants Sex Stimulants",514,6
9d7a488d-cb81-4bd6-8fb2-721ceec1690b,MED-13584,"SUPRA F & S 50","SUPRA F & S 50 (ي ُشطبد ج ُغ ٍخ)","Sildenafil Citrate","",tablet,حبة,شريط,4,"Shiba pharma","Yemen","Sex Stimulants Sex Stimulants",514,7
26526440-36dc-4b65-819f-bf0ea468b273,MED-13585,"SUPRA VIT","SUPRA VIT (انتهبثبد انؼظبو)","Calcium + Vit c","",other,وحدة,علبة,1,"Unknown","Unknown","Vitamines and Menirals Osteoarthritis",515,1
f5587f76-10ea-4f0a-896d-ed3e30f8f75d,MED-13586,"Supradyn","Supradyn (Deficiency َمص ف ٍتبي ٍُبد)","Multi vitamin and Menirals","",capsule,كبسولة,شريط,30,"BAYER","Germany","Vitamines and Menirals Vitamins",515,2
cf9bd1d6-86b1-4851-8a1d-050375dc1d62,MED-13587,"Supranil","Supranil (األيشاض انؼمه ٍخ)","Clomipramine Central Nervous capsules 25 mg","25 mg",capsule,كبسولة,شريط,20,"Alphamoun","Egypt","system drugs Mental Disorders",515,3
aa354daf-ee4e-4983-8feb-c111987635f0,MED-13588,"Supranil","Supranil (األيشاض انؼمه ٍخ)","Clomipramine Central Nervous Hydrochloride 25 mg","25 mg",capsule,كبسولة,شريط,20,"ACAPI","Unknown","system drugs Mental Disorders",515,4
b106dfb5-19da-4ef9-8c86-84688e9f37d9,MED-13589,"Supravit","Supravit (Deficiency َمص ف ٍتبي ٍُبد)","Multi Vitamines","",capsule,كبسولة,شريط,30,"YEDCO","Yemen","Vitamines and Menirals Vitamins",515,5
ec5e0c41-322d-406b-84a2-12e8e73069bc,MED-13590,"SUPRAX 100","SUPRAX 100 (Infections األصبثبد انجكت ٍش ٌخ)","Cefixime","",syrup,مل,قارورة,60,"Hikma","Jordan","Antibacterial Bacterial",515,6
160d3d73-0085-40fe-8741-51c1bbc60d47,MED-13591,"SUPRAX 100","SUPRAX 100 (Infections األصبثبد انجكت ٍش ٌخ)","Cefixime","",syrup,مل,قارورة,30,"Hikma","Jordan","Antibacterial Bacterial",515,7
f468e127-cf9c-4e1f-8e07-b17f69286ad5,MED-13592,"Suprax Capsules","Suprax Capsules (Infections األصبثبد انجكت ٍش ٌخ)","Cefixime","",capsule,كبسولة,شريط,1,"Hikma","Jordan","Antibacterial Bacterial",516,1
f6bfe53e-946a-4920-808c-2a2374b21a7e,MED-13593,"Suprax TTT","Suprax TTT (Infections األصبثبد انجكت ٍش ٌخ)","Cefixime","",syrup,مل,قارورة,30,"Hikma","Jordan","Antibacterial Bacterial",516,2
3c235131-8d91-42f6-87b1-a0cdbca15092,MED-13594,"SureCure","SureCure","Adapalene","",ointment,أنبوب,علبة,30,"Jamjoum Pharma","","Skin Disorders Acne حت انشجبة Saudi Arabia",516,3
4bd2758d-6d71-46eb-8630-ede337733da4,MED-13595,"Surgical Spirit","Surgical Spirit","Surgical Spirit","",syrup,مل,قارورة,60,"Shiba pharma","Yemen","Antiseptic and Desinfectants Antiseptic يطهشاد",516,4
dfb35502-4405-4415-8acf-024c190c9021,MED-13596,"Surgical Spirit","Surgical Spirit","Surgical Spirit","",syrup,مل,قارورة,100,"Shiba pharma","Yemen","Antiseptic and Desinfectants Antiseptic يطهشاد",516,5
ea047f63-5e92-4e64-80d8-e0aa2182b6d2,MED-13597,"Surgical Spirit","Surgical Spirit","Castor Oil 2.5 % + Diethyl Phthalate 2.0 % + Methyl Salicylate 0.5 % + Industrial","2.5 %",syrup,مل,قارورة,100,"Pharmacare","Yemen","Antiseptic and Desinfectants Antiseptic يطهشاد",516,6
113104ab-19e7-4131-822f-f9a68844f5af,MED-13598,"susten 200","susten 200 (ا َمطبع انط ًث)","progesterone","",capsule,كبسولة,شريط,1,"sun","India","Gynaecology drugs Amenorrhea",516,7
dd22e837-f097-4b6d-81da-4f4fbbc845a7,MED-13599,"Sutrim","Sutrim (Infections األصبثبد انجكت ٍش ٌخ)","Trimethoprim/Sulf amethoxazole (Co-trimoxazole)","",syrup,مل,قارورة,100,"Memphis","Egypt","Antibacterial Bacterial",517,1
6ba2321d-c550-4d1e-87a3-d894a6a1665e,MED-13600,"Suvikan - 20 mg","Suvikan - 20 mg (ً انذو ٌ ف ص ٌبدح انذهى)","Rosuvastatin Cardio Vascular calcium 20.8 mg ( equivalnt to 20 mgRosuvastatin )","20 mg",tablet,حبة,شريط,28,"HIKMA","Jordan","System drugs Hyperlipidaemias",517,2
4f8ee1dd-06a2-46b3-8195-cc9888ff3fc6,MED-13601,"Suzin","Suzin","Flunarizine Hydrochloride 5 mg","5 mg",capsule,كبسولة,شريط,2,"STANDARD CHEM","Unknown","Antihistamines Migraine",517,3
e674d85b-d377-423b-87ff-33dc36e2cbfb,MED-13602,"sylate - 250","sylate - 250 (ان ُض ٌف)","etamsylate 250 mg","250 mg",tablet,حبة,شريط,20,"RAF pharmaceutical","Unknown","Antihaemorrhag es Haemorrhage",517,4
fc9fc49b-46b6-49b4-834f-c2e148f952c3,MED-13603,"sylate - 500 mg","sylate - 500 mg (ان ُض ٌف)","etamsylate 500 mg","500 mg",tablet,حبة,شريط,20,"RAF PHARMACEU TICLE","Unknown","Antihaemorrhag es Haemorrhage",517,5
85e59968-58ff-4108-8078-2cb21b25dc2d,MED-13604,"Synchrogit","Synchrogit (vomiting ٌ انغث ٍب وانطشػ)","Domperidone 10 mg","10 mg",tablet,حبة,شريط,20,"RAMEDA","Egypt","Gastro Intestinal drugs Nausea and",517,6
0322f05b-498e-4f93-8b8f-6f43ee63950c,MED-13605,"Synclar - 500","Synclar - 500 (Disorders اضطشاثبد انجهبص ً انت ُفغ)","Clarithromycin","",tablet,حبة,شريط,2,"CIPLA","India","Antibiotics Respiratory",517,7
d006e871-4a61-4785-8300-019dfea178e6,MED-13606,"Synclar - 250","Synclar - 250 (Disorders اضطشاثبد انجهبص ً انت ُفغ)","Clarithromycin","",tablet,حبة,شريط,2,"CIPLA","India","Antibiotics Respiratory",518,1
40cc7967-4780-47d0-88c0-a1a098f65bcf,MED-13607,"Synclar - 500","Synclar - 500 (Disorders اضطشاثبد انجهبص ً انت ُفغ)","Clarithromycin","",tablet,حبة,شريط,1,"CIPLA","India","Antibiotics Respiratory",518,2
f6fe2e83-c4e6-482f-8a36-717312851c9c,MED-13608,"SYNDOPA - 275","SYNDOPA - 275 (disease يشض انشػبػ)","Carbidopa / Levodo Central Nervous pa tablet ( 25/250 ) mg","",tablet,حبة,شريط,50,"SUN","India","system drugs Parkinson ' s",518,3
b5ab55fa-b837-45ac-83b1-ce15dcf50d7b,MED-13609,"Systane","Systane","0.7 ml / vial","0.7 ml",syrup,مل,قارورة,1,"Alcon","Ireland","Ophthalmic drugs Eye ٍٍ انؼ",518,4
c8ac5e72-69ba-4535-8f62-926646a12e8a,MED-13610,"Tabiclor","Tabiclor (Microbial Infections)","Cefaclor","",capsule,كبسولة,شريط,3,"Tabuk pharma","","Antibiotics ًٍكشوث ٍخ األصبثبد ان Saudi Arabia",518,5
93a40597-68fc-463a-8629-d094189e60de,MED-13611,"Tabiclor","Tabiclor (Microbial Infections)","Cefaclor","",syrup,مل,قارورة,75,"Tabuk pharma","","Antibiotics ًٍكشوث ٍخ األصبثبد ان Saudi Arabia",518,6
50ef2876-6504-4146-83ff-1766b4c25091,MED-13612,"Talcef","Talcef (Infections األصبثبد انجكت ٍش ٌخ)","Cefotaxime Sodium","",injection,أمبولة,باكت,1,"Ipca","Unknown","Antibacterial Bacterial",518,7
75298a8a-509a-4613-80d2-537591c7d572,MED-13613,"Talizol","Talizol (ان ًؼذح)","Esomeprazole","",injection,أمبولة,باكت,1,"Vitalis","USA","Gastro Intestinal drugs Peptic ulcer لشحخ",519,1
f6a38034-7411-41cb-832d-2a999981673c,MED-13614,"Tamadol","Tamadol (األوجبع)","Tramadol Hydrochloride","",capsule,كبسولة,شريط,10,"Shiba pharma","Yemen","Opioid analgesics Analgesic يهذئبد",519,2
7038f32a-1dde-49d9-843f-44439574bfb7,MED-13615,"Tambac 100","Tambac 100 (Microbial Infections)","Cefpodoxime Proxetil","",tablet,حبة,شريط,1,"CADILA","India","Antibiotics ًٍكشوث ٍخ األصبثبد ان",519,3
9b35a992-252d-40d1-8c7e-69121de49ffb,MED-13616,"Tambac 200","Tambac 200 (Microbial Infections)","Cefpodoxime Proxetil","",tablet,حبة,شريط,1,"CADILA","India","Antibiotics ًٍكشوث ٍخ األصبثبد ان",519,4
f26810fa-0c15-4503-8898-c85d7c9c8f45,MED-13617,"Tambac 200","Tambac 200 (Microbial Infections)","Cefpodoxime Proxetil","",tablet,حبة,شريط,10,"Unknown","Unknown","Antibiotics ًٍكشوث ٍخ األصبثبد ان",519,5
508c0b50-d3b7-4e32-87b1-55c696d15cd9,MED-13618,"Tamol 200 mg","Tamol 200 mg (األوجبع)","Tramadol Hydrochloride 200 mg","200 mg",tablet,حبة,شريط,10,"Hikma","Jordan","Opioid analgesics Analgesic يهذئبد",519,6
8a0f8296-44b2-47a8-8391-b8357622f4bb,MED-13619,"tamoxifen","tamoxifen","tamoxifen 20 mg","20 mg",tablet,حبة,شريط,30,"WOCKHADT","UK","Gynaecology drugs Infertility انؼمى",519,7
9afc2933-b157-4d00-873a-4c132e40484e,MED-13620,"tamoxifen ???","tamoxifen ???","tamoxifen 10 mg","10 mg",tablet,حبة,شريط,30,"WOCKHADT","UK","Gynaecology drugs Infertility انؼمى",520,1
0a4e115b-75e8-4a96-8e30-02588814baa8,MED-13621,"Tamsiflow","Tamsiflow (Infection اصبثبد ً انجهبص انجىن)","Tamsulosin Hydrochloride 0.4 mg","0.4 mg",capsule,كبسولة,شريط,30,"Shiba pharma","Yemen","Urinary tract drugs Urinary Tract",520,2
6e52b15c-4a4d-48c1-8fd7-8459ac9a3110,MED-13622,"Tamsulosin","Tamsulosin (Infection اصبثبد ً انجهبص انجىن)","Tamsulosin Hydrochloride 0.4 mg","0.4 mg",capsule,كبسولة,شريط,30,"Shaphaco","Yemen","Urinary tract drugs Urinary Tract",520,3
9b907c20-a481-4841-826d-5b7f62dab10f,MED-13623,"TANTUM","TANTUM (انغغىالد انف ًى ٌخ)","Benzydamine hydrochloride","",other,وحدة,علبة,1,"EIPICO","Egypt","Antiseptic and Desinfectants Mouth Wash",520,4
26e6396b-99e8-4ea7-8e68-13a5705f1e21,MED-13624,"TANTUM ROSA","TANTUM ROSA","Benzydamine hydrochloride","",other,وحدة,علبة,5,"EIPICO","Egypt","Antiseptic and Desinfectants Vaginal ان ًهجم",520,5
02e99fa9-d58c-499c-85e4-9b9fee72cc11,MED-13625,"TANTUM VERDE","TANTUM VERDE (( E . N . T ) األ َف ٌ وانح ُجشح واألر)","Benzydamine hydrochloride","",other,وحدة,علبة,20,"EIPICO","Egypt","Antiseptic and Desinfectants Ear Nose Throat",520,6
5fffccaf-cc10-490e-8dd9-9636a5c609ae,MED-13626,"TardyFeron","TardyFeron","Ferrous sulphate 80 mg","80 mg",tablet,حبة,شريط,30,"Pierr Fabre","Unknown","Vitamines and Menirals Anaemia فمش انذو",520,7
be43c623-9e64-4097-8747-fdf12c1b57e6,MED-13627,"Tardyferon 80 mg","Tardyferon 80 mg","Ferrous Sulfate","80 mg",tablet,حبة,شريط,30,"Unknown","Unknown","Vitamines and Menirals Anaemia فمش انذو",521,1
9a6e08c5-79f5-40b7-848e-2605567a1f12,MED-13628,"Tavacin 500 mg","Tavacin 500 mg (Infections األصبثبد انجكت ٍش ٌخ)","Levofloxacin","500 mg",tablet,حبة,شريط,5,"Unknown","Unknown","Antibacterial Bacterial",521,2
02e23841-676b-4518-8a69-ca855ea0ce90,MED-13629,"Tavanic","Tavanic (Infections األصبثبد انجكت ٍش ٌخ)","Levofloxacin","",tablet,حبة,شريط,1,"Sanofi Aventis","France","Antibacterial Bacterial",521,3
b867047a-dbd2-4470-8f85-38d9f1c3f968,MED-13630,"Tazotalis","Tazotalis (Microbial Infections)","Piperacillin","",injection,أمبولة,باكت,1,"Unknown","Unknown","Antibiotics ًٍكشوث ٍخ األصبثبد ان",521,4
5436f1b7-21e7-4a63-88d4-2d28dd38f902,MED-13631,"Tears Guard","Tears Guard","Hydroxy Propyl Methyl Cellulose 0.3 %","0.3 %",syrup,مل,قارورة,10,"Orchidia Pharma","Egypt","Ophthalmic drugs Eye ٍٍ انؼ",521,5
06287aae-177e-49f7-8860-c1e2d6bd0e51,MED-13632,"Tefanyl","Tefanyl (انشؼت انهىائ ٍخ)","Ketotifen Fumarate","",syrup,مل,قارورة,100,"JPM","Jordan","Respiratory drugs Bronchitis انتهبة",521,6
4a4d8c3e-42ae-403a-87ac-2e06bb925655,MED-13633,"TEFANYL 1","TEFANYL 1 (انشؼت انهىائ ٍخ)","Ketotifen Fumarate","",tablet,حبة,شريط,30,"JPM","Jordan","Respiratory drugs Bronchitis انتهبة",521,7
9902e4e8-f02e-43d5-8b44-5099cc932a43,MED-13634,"Tegral 200","Tegral 200","carbamazepin Central Nervous tablet 200 mg","200 mg",tablet,حبة,شريط,50,"Interbat","Egypt","system drugs Epilepsy انصشع",522,1
b5b85832-9368-407e-8287-6d72570527d4,MED-13635,"Tegranol","Tegranol","carbamazepin Central Nervous tablet 200 mg","200 mg",tablet,حبة,شريط,50,"Biopharm","Yemen","system drugs Epilepsy انصشع",522,2
e5b8d88d-cff0-47a5-850f-2b2bb7a93130,MED-13636,"Tegretol 200","Tegretol 200","Carbamazepin Central Nervous","",tablet,حبة,شريط,50,"Unknown","Unknown","system drugs Epilepsy انصشع",522,3
de0da541-1aed-433c-8866-86a6f1ea2d34,MED-13638,"Tegretol 200 mg","Tegretol 200 mg","carbamazepin Central Nervous tablet 200 mg","200 mg",tablet,حبة,شريط,50,"NOVARTIS","Switzerland","system drugs Epilepsy انصشع",522,5
1e60b266-bb69-4e5c-89c0-d99b0831575c,MED-13639,"Tegretol 400","Tegretol 400","Carbamazepin Central Nervous 400 mg","400 mg",tablet,حبة,شريط,1,"NOVARTIS","Switzerland","system drugs Epilepsy انصشع",522,6
b9807478-a530-4b82-82b7-d4466279f14e,MED-13640,"Tegretol CR 200 mg","Tegretol CR 200 mg","carbamazepin Central Nervous tablet 200 mg","200 mg",tablet,حبة,شريط,50,"NOVARTIS","Switzerland","system drugs Epilepsy انصشع",522,7
c36789eb-159e-4f4e-83b9-93f79c1e40f6,MED-13641,"Tegretol CR 400 mg","Tegretol CR 400 mg","carbamazepin Central Nervous tablet 400 mg","400 mg",tablet,حبة,شريط,50,"NOVARTIS","Switzerland","system drugs Epilepsy انصشع",523,1
cb6e2a06-7d2d-4210-8bd7-49de83bd68ea,MED-13642,"Tegretol syrap","Tegretol syrap","carbamazepin Central Nervous syrap 2%","2%",syrup,مل,قارورة,100,"NOVARTIS","Switzerland","system drugs Epilepsy انصشع",523,2
3c7eb40b-3883-4827-84fb-820eaa42b71f,MED-13643,"Tegrsed","Tegrsed","Carbamazepine Central Nervous 20 o mg","",tablet,حبة,شريط,50,"SEDICO","Egypt","system drugs Epilepsy انصشع",523,3
1878bdf0-8211-47b3-8f5b-e61bab162951,MED-13644,"Tehral 200","Tehral 200","Carbamazepin Central Nervous","",tablet,حبة,شريط,50,"Unknown","Unknown","system drugs Epilepsy انصشع",523,4
8008058c-6279-408c-8ba4-8ece7c7abadf,MED-13645,"Telfast 120 mg","Telfast 120 mg","Fexofenadine Hydrochloride","120 mg",tablet,حبة,شريط,15,"SANOFI","France","Antihistamines Allergy انحغبع ٍخ",523,5
becfacf8-7dfe-40d5-891c-e33c1f34a58c,MED-13646,"Tenedone","Tenedone (استفبع ضغظ انذو)","Atenolol + Cardio Vascular Chlorthalidone","",tablet,حبة,شريط,20,"SIGMA","Egypt","System drugs Hypertension",523,6
2b4a0bb7-2ab2-4294-87af-6a1422851965,MED-13647,"TENIACID","TENIACID (انذودح انشش ٌط ٍخ)","Niclosamide 500 mg / tab","500 mg",tablet,حبة,شريط,4,"BMP","Thailand","Anthelmentic Tape Worms",523,7
f8b7d745-4efd-40c9-85a6-1c889fe3096e,MED-13648,"tenoretic ???","tenoretic ??? (استفبع ضغظ انذو)","Atenolol Cardio Vascular","",tablet,حبة,شريط,14,"ASTRAZENEC A","Unknown","System drugs Hypertension",524,1
0e2c9d2b-85ad-4f21-81f1-040163d2322d,MED-13649,"Tenoretic ???","Tenoretic ??? (استفبع ضغظ انذو)","Atenolol + Cardio Vascular Chlorthalidone","",tablet,حبة,شريط,28,"ASTRAZENEC A","Unknown","System drugs Hypertension",524,2
9a410fa8-876d-44ce-8275-562bd2270727,MED-13650,"Tenormin ??","Tenormin ?? (استفبع ضغظ انذو)","Atenolol Cardio Vascular","",tablet,حبة,شريط,28,"ASTRAZENEC A","Unknown","System drugs Hypertension",524,3
d443f0d4-dc8c-4966-885a-d1a5f46cd0b7,MED-13652,"tenormin mite","tenormin mite (استفبع ضغظ انذو)","Atenolol Cardio Vascular","",tablet,حبة,شريط,30,"ASTRAZENEC A","Unknown","System drugs Hypertension",524,5
83e79175-de92-4edf-820e-6bc3553aca74,MED-13653,"Tenormin Tablets","Tenormin Tablets (استفبع ضغظ انذو)","Atenolol Cardio Vascular","",tablet,حبة,شريط,14,"ASTRAZENEC A","Unknown","System drugs Hypertension",524,6
31c8db5b-6ab9-4228-8798-77c1ea6ca5a7,MED-13654,"Tenox 20","Tenox 20 (األوجبع)","Tenoxicam 20 mg / cap","20 mg",capsule,كبسولة,شريط,8,"Unknown","Unknown","Nonsteroidal Anti- Analgesic يهذئبد",524,7
788525c3-4885-4c26-8dbf-961ba54ca256,MED-13655,"Tenoxam 20","Tenoxam 20 (األوجبع)","Tenoxicam 20 mg","20 mg",capsule,كبسولة,شريط,10,"Shiba pharma","Yemen","NSAID Analgesic يهذئبد",525,1
5ccf9a3e-e4f6-4b9e-8c2f-f9c1e8e215fa,MED-13656,"Terbin","Terbin (األنتهبثبد انجذنذ ٌخ)","Terbinafine","",cream,أنبوب,علبة,15,"GNP","Unknown","Antifungals Dermatitis",525,2
f046a9af-0eaf-4099-81bc-93aa6e27672b,MED-13657,"testovirone depot","testovirone depot (هشيى َبد ج ُغ ٍخ)","testosterone enanthate","",injection,أمبولة,باكت,1,"BAYER","Germany","Hormones Sex Hormones",525,3
2b73e873-94ac-475e-86af-0c1acb236663,MED-13658,"Tetracycline","Tetracycline (األنتهبثبد انجذنذ ٌخ)","Tetracycline","",ointment,أنبوب,علبة,20,"Julphar","UAE","Antibiotics Dermatitis",525,4
dc8174dc-f135-4559-8387-8be18918a361,MED-13659,"Tetracycline","Tetracycline","Tetracycline 1 %","1 %",ointment,أنبوب,علبة,4,"Unknown","Unknown","Antibiotics Eye ٍٍ انؼ",525,5
18ba91f1-ceca-4f35-80d1-d8516362ff3d,MED-13660,"Tetracycline","Tetracycline (Microbial Infections)","Tetracycline HCl","",capsule,كبسولة,شريط,10,"ADCO","Egypt","Antibiotics ًٍكشوث ٍخ األصبثبد ان",525,6
ec0f3e80-1a2e-4c08-85b1-07ab8902f72f,MED-13661,"Tetracycline 250 mg","Tetracycline 250 mg (Microbial Infections)","Tetracycline 250 mg","250 mg",capsule,كبسولة,شريط,10,"ZMC","China","Antibiotics ًٍكشوث ٍخ األصبثبد ان",525,7
23d50819-0aa2-4ae2-855a-1e99958ec0a5,MED-13662,"Tetracycline Hydrochloride","Tetracycline Hydrochloride (Microbial Infections)","Tetracycline","",ointment,أنبوب,علبة,14,"ZHEJIANG","China","Antibiotics ًٍكشوث ٍخ األصبثبد ان",526,1
bceb044b-aad9-4398-8780-c348a253461e,MED-13663,"Tetracycline skin","Tetracycline skin (Microbial Infections)","Tetracycline 3%","3%",ointment,أنبوب,علبة,14,"Unknown","Unknown","Antibiotics ًٍكشوث ٍخ األصبثبد ان",526,2
248f95e3-5082-4443-82ff-39e3893e962b,MED-13664,"Theobid 200","Theobid 200 (Asthma انشثى ً انشؼج)","Theophyllin 200 mg","200 mg",tablet,حبة,شريط,1,"CIPLA","India","Respiratory drugs Bronchial",526,3
8f012582-62ff-4f46-8711-f2631f24722f,MED-13665,"Theobid - 300","Theobid - 300 (Asthma انشثى ً انشؼج)","Theophyllin 300 mg","300 mg",tablet,حبة,شريط,15,"CIPLA","India","Respiratory drugs Bronchial",526,4
ba4793e1-e720-41fb-8cf1-7eba76d68f70,MED-13666,"three-B","three-B (Deficiency َمص ف ٍتبي ٍُبد)","vitamineB 1 100 mg + vitamineB 6 200 mg + vitamineB 12 200 mg","100 mg",tablet,حبة,شريط,20,"BIOPHARM","Yemen","Vitamines and Menirals Vitamins",526,5
749b281c-ba41-460d-8f79-66f517911185,MED-13667,"Three-B Amp","Three-B Amp (Deficiency َمص ف ٍتبي ٍُبد)","vit B 1 100 mg + B 6 200 mg + B 12 200 Mg","100 mg",injection,أمبولة,باكت,5,"BIOPHARM","Yemen","Vitamines and Menirals Vitamins",526,6
86dd1fb7-c890-4e44-86af-9788915161bc,MED-13668,"Three-B Tablets","Three-B Tablets (Deficiency َمص ف ٍتبي ٍُبد)","vit B 1 100 mg + B 6 200 mg + B 12 200 Mg","100 mg",tablet,حبة,شريط,20,"BIOPHARM","Yemen","Vitamines and Menirals Vitamins",526,7
71831cc6-85aa-4ef3-8543-9f141079b601,MED-13669,"Thri-B","Thri-B (Deficiency َمص ف ٍتبي ٍُبد)","vit B 1 100 mg + B 6 200 mg + B 12 200 Mg","100 mg",tablet,حبة,شريط,20,"NILE CO.","Egypt","Vitamines and Menirals Vitamins",527,1
a00cad13-1085-406d-8775-7a4f2aa0955b,MED-13670,"Thrombocid","Thrombocid (انجىاع ٍش)","Pentosan Polysulfate Sodium + Guaiazulene","",other,وحدة,علبة,10,"Unknown","","Antihaemorrhag es Haemorrhoids",527,2
e540c6f3-bf70-4ac1-8748-7cdb6c91ec4d,MED-13671,"Thymolyt","Thymolyt (َضالد انجشد)","thyme 250 mg","250 mg",syrup,مل,قارورة,100,"Modern Pharama","Yemen","Antiseptic and Desinfectants Common Cold",527,3
19206c91-72f8-4bfa-8775-4c318c476cc8,MED-13672,"Thymy","Thymy (َضالد انجشد)","lozenges+ thyme &ginger extract","",other,وحدة,علبة,12,"Pharo pharma","Egypt","Antiseptic and Desinfectants Common Cold",527,4
967d5e44-0a37-4ad5-8d19-54581c7bc343,MED-13673,"Thymy s","Thymy s (َضالد انجشد)","lozenges+ thyme &ginger extract","",other,وحدة,علبة,12,"Pharo pharma","Egypt","Antiseptic and Desinfectants Common Cold",527,5
83bc38d7-97ee-4c60-8d4b-7a9e4573ddf3,MED-13674,"Tiazol","Tiazol (Gardiasis جبسد ٌب واي ٍج ٍب)","Tinidazole 500 mg / tab","500 mg",tablet,حبة,شريط,4,"Shiba Pharma","Yemen","Antiprtozoal Amoebiasis ,",527,6
94ebab49-3ab5-417d-8919-f5daf2e60674,MED-13675,"TIBEZOLE 500","TIBEZOLE 500 (Gardiasis جبسد ٌب واي ٍج ٍب)","Orinidazole","",tablet,حبة,شريط,10,"Pharo Pharma","Egypt","Antiprtozoal Amoebiasis ,",527,7
d501089e-31d0-45bc-8186-06bdc76b3414,MED-13676,"Tibezole 500","Tibezole 500 (Gardiasis جبسد ٌب واي ٍج ٍب)","Ornidazole","",tablet,حبة,شريط,10,"Unknown","Unknown","Antiprtozoal Amoebiasis ,",528,1
b280656c-f084-4996-89be-50e2f3fcfec6,MED-13677,"Tidilor","Tidilor","Loratadine 5 mg / 5 ml","5 mg / 5 ml",syrup,مل,قارورة,100,"PHARMA","Unknown","Antihistamines Allergy انحغبع ٍخ",528,2
421b3a36-a64d-4d94-8027-8194f704ecbf,MED-13678,"Tindaz","Tindaz (Gardiasis جبسد ٌب واي ٍج ٍب)","Tinidazole 500 mg / tab","500 mg",tablet,حبة,شريط,4,"Pharmacare","Yemen","Antiprtozoal Amoebiasis ,",528,3
00e75c24-9223-40db-83ba-0d991044a266,MED-13679,"Tobradex","Tobradex","Tobramycin","",drops,مل,قطارة,5,"Alcon","Unknown","Antibiotics Eye ٍٍ انؼ",528,4
2d2cad78-4472-4c61-899d-6f21d82c93e5,MED-13680,"Tolux lozenges","Tolux lozenges (َضالد انجشد)","Different Lozenges Ingredients","",other,وحدة,علبة,20,"MEDICO LABS","Syria","Antiseptic and Desinfectants Common Cold",528,5
a3f073cd-44e4-463e-8630-8d51c79153f3,MED-13681,"TONIC-Z","TONIC-Z (Deficiency َمص ف ٍتبي ٍُبد)","Zink Sulfate 55.6 , Ferrous Sulphate 150 mg + Folic acid 500 mcg","150 mg",capsule,كبسولة,شريط,20,"Unipharma","Unknown","Vitamines and Menirals Vitamins",528,6
8c247925-c0b8-4af3-8989-796dbd3e8497,MED-13682,"Topaamate - 100","Topaamate - 100","Topiramate 100 Central Nervous mg / tab","",tablet,حبة,شريط,10,"Unknown","Unknown","system drugs Epilepsy انصشع",528,7
8b13e213-afce-416c-8498-0cc232898c71,MED-13683,"Topamate - 25","Topamate - 25","Topiramate tablet Central Nervous 25 mg","25 mg",tablet,حبة,شريط,10,"CIPLA","India","system drugs Epilepsy انصشع",529,1
a23a39ab-b6c4-45ca-89d9-29cb409acb67,MED-13684,"Topamate - 25","Topamate - 25","Topiramate Central Nervous","",tablet,حبة,شريط,10,"CIPLA","India","system drugs Epilepsy انصشع",529,2
6d5f38c1-5b81-4351-8dc9-f50253075e4d,MED-13685,"Topirol - 25","Topirol - 25","Topiramate tablet Central Nervous 25 mg","25 mg",tablet,حبة,شريط,30,"SUN","India","system drugs Epilepsy انصشع",529,3
78faf011-6b41-41fb-8d3e-0492c6c02d58,MED-13686,"Topirol - 50","Topirol - 50","Topiramate tablet Central Nervous 50 mg","50 mg",tablet,حبة,شريط,30,"SUN","India","system drugs Epilepsy انصشع",529,4
a7034b78-5089-44e0-89d0-a61c15119fe0,MED-13687,"Toplexil","Toplexil (َضالد انجشد)","Oxomemazine Hydrochloride 0.33 mg / ml","0.33 mg",syrup,مل,قارورة,150,"Sanofi Aventis","France","Respiratory drugs Common Cold",529,5
42ae4f18-8273-4fdb-8625-c3ad739b0f90,MED-13688,"Topzol","Topzol (األنتهبثبد انجذنذ ٌخ)","Tioconazole 1%","1%",cream,أنبوب,علبة,20,"HIKMA","Jordan","Antifungals Dermatitis",529,6
4dfaea2b-770d-4619-80be-6d44a3ae9933,MED-13689,"Topzol-v","Topzol-v","Tioconazole 2 %","2 %",cream,أنبوب,علبة,20,"HIKMA","Jordan","Antifungals Vaginal ان ًهجم",529,7
be9b185f-03a0-469c-8398-28c4cffe7cbd,MED-13690,"torfacol - 10 mg","torfacol - 10 mg (ً انذو ٌ ف ص ٌبدح انذهى)","atorvastatin 10 mg Cardio Vascular","10 mg",tablet,حبة,شريط,30,"JPM","Jordan","System drugs Hyperlipidaemias",530,1
6904cc72-6bf7-4116-86a1-63143619c6d6,MED-13691,"torlex - 10 mg","torlex - 10 mg (ً انذو ٌ ف ص ٌبدح انذهى)","atorvastatin 10 mg Cardio Vascular","10 mg",tablet,حبة,شريط,30,"ALPHA","Syria","System drugs Hyperlipidaemias",530,2
cef133d5-2daf-4434-8bcc-8bcc953052f2,MED-13692,"TORMOXIN - 500","TORMOXIN - 500 (Microbial Infections)","Amoxicillin","",capsule,كبسولة,شريط,10,"Torrent","India","Antibiotics ًٍكشوث ٍخ األصبثبد ان",530,3
f3d72538-b134-4f28-840f-49cd99173b0f,MED-13693,"TORVACOL - 10 m g","TORVACOL - 10 m g (ً انذو ٌ ف ص ٌبدح انذهى)","Atorvastatin Cardio Vascular Calcium","",tablet,حبة,شريط,30,"JPM","Jordan","System drugs Hyperlipidaemias",530,4
aa708649-c825-4ced-80f2-0033680d27a7,MED-13694,"TORVACOL - 40 m g","TORVACOL - 40 m g (ً انذو ٌ ف ص ٌبدح انذهى)","Atorvastatin 40 mg Cardio Vascular","40 mg",tablet,حبة,شريط,30,"JPM","Jordan","System drugs Hyperlipidaemias",530,5
1f2ccb3c-106c-41c0-8a59-8d343f49cc3a,MED-13695,"TORVAST 10 mg","TORVAST 10 mg (ً انذو ٌ ف ص ٌبدح انذهى)","Atorvastatin 10 Cardio Vascular mg","10 mg",tablet,حبة,شريط,30,"Y.E.PHARMA","Yemen","System drugs Hyperlipidaemias",530,6
a2b57aa3-f84f-41fb-8ab8-60a42e27272d,MED-13696,"TORVAST 20 mg","TORVAST 20 mg (ً انذو ٌ ف ص ٌبدح انذهى)","Atorvastatin 20 Cardio Vascular mg","20 mg",tablet,حبة,شريط,30,"Y.E.PHARMA","Yemen","System drugs Hyperlipidaemias",530,7
0cd26967-e522-4b8e-8e6e-16d877cea585,MED-13697,"tostonon","tostonon (هشيى َبد ج ُغ ٍخ)","Testosterone Cypionate 250 mg / 1 ml","250 mg / 1 ml",injection,أمبولة,باكت,1,"Unknown","Unknown","Hormones Sex Hormones",531,1
983c734f-578f-41f0-8538-3377bfe8a83b,MED-13698,"tot hema","tot hema","iron gluconate quantity equivalent in iron to 50.00 mg","50.00 mg",syrup,مل,قارورة,20,"INNOTECH","France","Vitamines and Menirals Anaemia فمش انذو",531,2
43ffb704-cea9-40ff-813c-e6e55f382ae3,MED-13699,"totamol","totamol (استفبع ضغظ انذو)","Atenolol Cardio Vascular","",tablet,حبة,شريط,28,"WOCKHADT","UK","System drugs Hypertension",531,3
47651ae5-c49b-450a-85ce-689275898728,MED-13700,"TOTAVIT","TOTAVIT (Deficiency َمص ف ٍتبي ٍُبد)","Multi vitamin and Menirals + omega 3","",tablet,حبة,شريط,15,"EGYPHAR","Egypt","Vitamines and Menirals Vitamins",531,4
780a718c-2e2a-428b-80d9-528b3f72ee4f,MED-13701,"TOTAVIT","TOTAVIT (Deficiency َمص ف ٍتبي ٍُبد)","Multi vitamin and Menirals + omega 3","",syrup,مل,قارورة,100,"EGYPHAR","Egypt","Vitamines and Menirals Vitamins",531,5
0cef21e9-f8bb-487f-81fc-da37b18ea481,MED-13702,"Tradol 50","Tradol 50 (األوجبع)","Tramadol Hydrochloride 50 mg","50 mg",capsule,كبسولة,شريط,10,"Modern Pharama","Yemen","Opioid analgesics Analgesic يهذئبد",531,6
f646862c-234a-4299-8d9c-d0ecbbe6b0e2,MED-13703,"TradyFeron","TradyFeron","Ferrous Sulfate 80 mg coated tablet .","80 mg",tablet,حبة,شريط,30,"FierreFabre","Unknown","Vitamines and Menirals Anaemia فمش انذو",531,7
3ae912dd-3e0b-454e-8a90-7ae246078762,MED-13704,"TRAGESIC 50","TRAGESIC 50 (األوجبع)","Tramadol Hydrochloride 50 mg","50 mg",capsule,كبسولة,شريط,10,"Global Pharma","Yemen","Opioid analgesics Analgesic يهذئبد",532,1
7dc4887e-60a8-42f7-8060-8c76193e95c3,MED-13705,"Tramadol","Tramadol (األوجبع)","Tramadol Hydrochloride 50 mg / Capsule","50 mg",capsule,كبسولة,شريط,10,"PHARCO","Egypt","Opioid analgesics Analgesic يهذئبد",532,2
363d68bc-5959-4b5b-8a76-c7caf16dfd03,MED-13706,"TRAMADOL","TRAMADOL (األوجبع)","Tramadol Hydrochloride","",injection,أمبولة,باكت,2,"AMRIYA PHARMA","Egypt","Opioid analgesics Analgesic يهذئبد",532,3
32cbb56a-e289-4c5c-86a2-f65d97f3f3f8,MED-13707,"TRAMADOL","TRAMADOL (األوجبع)","Each amp 2 ml contains 100 mg of tramadol","2 ml",injection,أمبولة,باكت,10,"hameln","Germany","Opioid analgesics Analgesic يهذئبد",532,4
d1974f0e-0ae9-41cf-80ea-6754e61334e5,MED-13708,"Tramadol","Tramadol (األوجبع)","Tramadol Hydrochloride 100 mg / 2 ml","100 mg / 2 ml",injection,أمبولة,باكت,5,"BIOPHARM","Yemen","Opioid analgesics Analgesic يهذئبد",532,5
980ec52f-1440-40cc-86b1-27d1523e4cbd,MED-13709,"Tramadol","Tramadol (األوجبع)","Tramadol Hydrochloride 100 mg / 2 ml","100 mg / 2 ml",injection,أمبولة,باكت,5,"KRKA","India","Opioid analgesics Analgesic يهذئبد",532,6
5598d816-8144-477d-8770-4c9b0f149a78,MED-13710,"Tramadol 50 mg","Tramadol 50 mg (األوجبع)","Tramadol Hydrochloride 50 mg / cap .","50 mg",capsule,كبسولة,شريط,10,"BIOPHARM","Yemen","Opioid analgesics Analgesic يهذئبد",532,7
181da4fe-33da-4046-82a3-4e21818f761e,MED-13711,"Tramal","Tramal (األوجبع)","Tramadol Hydrochloride","",drops,مل,قطارة,10,"GRUNENTHA L","Unknown","Opioid analgesics Analgesic يهذئبد",533,1
64c7b393-7360-4197-86df-839e56db71c8,MED-13712,"Tramal","Tramal (األوجبع)","Tramadol Hydrochloride","",capsule,كبسولة,شريط,10,"GRUNENTHA L","Unknown","Opioid analgesics Analgesic يهذئبد",533,2
a236b898-dd2b-492e-87c3-609a53e126db,MED-13713,"Tramal 100","Tramal 100 (األوجبع)","Each amp contains 100 mg Tramadol Hydrochloride","100 mg",injection,أمبولة,باكت,5,"Unknown","Unknown","Opioid analgesics Analgesic يهذئبد",533,3
ebb1df2c-4858-478a-8611-c3d8bfed8c00,MED-13714,"Tramal Gelules","Tramal Gelules (األوجبع)","Tramadol Hydrochloride","",tablet,حبة,شريط,10,"GRUNENTHA L","Unknown","Opioid analgesics Analgesic يهذئبد",533,4
4acb7ec8-4d91-471d-8c7c-54eb82d13161,MED-13715,"Tramal Retard","Tramal Retard (األوجبع)","Tramadol Hydrochloride","",tablet,حبة,شريط,30,"GRUNENTHA L","Unknown","Opioid analgesics Analgesic يهذئبد",533,5
0ea7723e-c6f7-44b7-867f-ec1f028f50af,MED-13716,"TRAMALGIN","TRAMALGIN (األوجبع)","Unknown","",tablet,حبة,شريط,20,"OUBARY PHARMA","Syria","Opioid analgesics Analgesic يهذئبد",533,6
6dbcdda2-b384-45c2-8be0-c69ad5e4bd3d,MED-13717,"TRAMZIC 100","TRAMZIC 100 (األوجبع)","Tramadol Hydrochloride 100 mg","100 mg",capsule,كبسولة,شريط,10,"RFA","Yemen","Opioid analgesics Analgesic يهذئبد",533,7
8077a2a2-527a-4551-8615-0192215a6e95,MED-13718,"TRAMZIC 50","TRAMZIC 50 (األوجبع)","Tramadol Hydrochloride","",capsule,كبسولة,شريط,10,"RFA","Yemen","Opioid analgesics Analgesic يهذئبد",534,1
db85b5f6-1e03-4121-8cf3-f728a91c7d6d,MED-13719,"TRAMZIC 50","TRAMZIC 50 (األوجبع)","Tramadol Hydrochloride 50 mg","50 mg",capsule,كبسولة,شريط,10,"RFA","Yemen","Opioid analgesics Analgesic يهذئبد",534,2
8d4bf5f1-562d-4232-8284-9cba67188e17,MED-13720,"TRAMZIC Plus","TRAMZIC Plus (األوجبع)","Tramadol +paracetamol","",tablet,حبة,شريط,20,"RFA","Yemen","Opioid analgesics Analgesic يهذئبد",534,3
13b4f9ae-9bd1-4199-8cc4-d5539802bcee,MED-13721,"TRANEXAMIC ACID","TRANEXAMIC ACID (ان ُض ٌف)","Tranexamic Acid","",injection,أمبولة,باكت,5,"SHIN POONG","Korea","Antihaemorrhag es Haemorrhage",534,4
81be86f1-661b-48cd-8910-c045e96f78a2,MED-13722,"tranexamic acid","tranexamic acid (ان ُض ٌف)","tranexamic acid 500 mg","500 mg",injection,أمبولة,باكت,5,"SHIN POONG","Korea","Antihaemorrhag es Haemorrhage",534,5
30774da1-7e2b-442f-8546-e2dd4500ce87,MED-13723,"Tranfib","Tranfib (ان ُض ٌف)","Tranexamic Acid","",tablet,حبة,شريط,10,"CIPLA","India","Antihaemorrhag es Haemorrhage",534,6
8ac43af2-2d63-4611-8ab7-0f816d7da614,MED-13724,"Tranfib","Tranfib (ان ُض ٌف)","Tranexamic Acid","",injection,أمبولة,باكت,5,"CIPLA","India","Antihaemorrhag es Haemorrhage",534,7
117d74d0-084f-4c4f-81f3-a92f13988ffb,MED-13725,"Tratul Retard","Tratul Retard (األوجبع)","Diclofenac Sodium","",tablet,حبة,شريط,10,"GEROT LANNACH Viena,","Austria","Non-Steroidal Anti- Analgesic يهذئبد",535,1
9cb3c886-226f-4b2e-8b6a-a8e8ab6b72d9,MED-13726,"Travazol","Travazol (األنتهبثبد انجذنذ ٌخ)","Unknown","",cream,أنبوب,علبة,15,"Bilim","Turkey","Antifungals Dermatitis",535,2
a081adfe-280e-4920-87e6-a1cbe64a0bec,MED-13727,"Travisil","Travisil (َضالد انجشد)","herbal extract","",syrup,مل,قارورة,100,"plethico","Unknown","Respiratory drugs Common Cold",535,3
688f9844-6766-4757-81c5-c0a4305ca95e,MED-13728,"Travisil","Travisil (َضالد انجشد)","Different Lozenges Ingredients","",other,وحدة,علبة,16,"Unknown","Unknown","Antiseptic and Desinfectants Common Cold",535,4
09afcefa-6e8a-4efc-8d01-88c50b808938,MED-13729,"Travonorm","Travonorm","Travoprost 0.004%","0.004%",syrup,مل,قارورة,5,"Orchidia Pharma","Egypt","Ophthalmic drugs Eye ٍٍ انؼ",535,5
ece7e27b-afc3-4f90-8c28-f6d685baf281,MED-13730,"TRAZOL","TRAZOL (Gardiasis جبسد ٌب واي ٍج ٍب)","Metronidazole 250 mg","250 mg",tablet,حبة,شريط,20,"Modern Pharama","Yemen","Antiprtozoal Amoebiasis ,",535,6
d30c40e8-41a3-4578-8a7d-3c2aefdc7cc1,MED-13731,"TRAZOL","TRAZOL (Gardiasis جبسد ٌب واي ٍج ٍب)","Metronidazole 200 mg","200 mg",suspension,مل,قارورة,100,"Modern Pharama","Yemen","Antiprtozoal Amoebiasis ,",535,7
02534ca5-85c2-4d9e-83ee-b9cdbd70aa14,MED-13732,"Trazol Forte","Trazol Forte (Gardiasis جبسد ٌب واي ٍج ٍب)","Metronidazole 500 mg","500 mg",tablet,حبة,شريط,20,"Modern Pharama","Yemen","Antiprtozoal Amoebiasis ,",536,1
5bb98503-3f55-415b-8cdc-478b9352b3ec,MED-13733,"TRAZOL PLUS","TRAZOL PLUS (Gardiasis جبسد ٌب واي ٍج ٍب)","Metronidazole 200 mg + diloxnaide 250 mg","200 mg",tablet,حبة,شريط,20,"Modern Pharama","Yemen","Antiprtozoal Amoebiasis ,",536,2
9fcafb51-341e-44c8-8fa3-35f67d90fab9,MED-13734,"Trazol Plus","Trazol Plus (Gardiasis جبسد ٌب واي ٍج ٍب)","Metronidazole","",suspension,مل,قارورة,100,"Modern Pharama","Yemen","Antiprtozoal Amoebiasis ,",536,3
e6699ebb-6669-4b0e-81f8-740dbfefe77b,MED-13735,"trenaxa 500 mg","trenaxa 500 mg (ان ُض ٌف)","Tranexamic acid","500 mg",tablet,حبة,شريط,5,"MACLEODS","India","Antihaemorrhag es Haemorrhage",536,4
ed9d643c-03e8-49d9-894a-96a19a6ecc05,MED-13736,"Trental","Trental (استفبع ضغظ انذو)","Pentoxifylline Cardio Vascular","",tablet,حبة,شريط,20,"SANFOI","Unknown","System drugs Hypertension",536,5
4004c966-fd84-45cc-819e-080c3e1fb4f0,MED-13737,"TRI - REGOL","TRI - REGOL (يىا َغ انح ًم)","ethiynilestradiol - levonorgesttrel","",tablet,حبة,شريط,21,"GEDON Richter","HUNGARY","Gynaecology drugs Contraceptives",536,6
98d0f2a0-b8eb-4959-8dc0-ee016c6d314a,MED-13738,"TRIACTIN","TRIACTIN (Stimulant ي ُشطبد انشه ٍخ)","Cyproheptadine Hydrochloride 4 mg / tab","4 mg",tablet,حبة,شريط,20,"KAHIRA PHARM","Egypt","Antihistamines Appetizer",536,7
265ff91e-69d1-428b-88b7-c36ec3da53ef,MED-13739,"Triamcinolone","Triamcinolone (األنتهبثبد انجذنذ ٌخ)","Triamcinolone Acetonide","",injection,أمبولة,باكت,5,"Caspian","IRAN","Corticosteroid Dermatitis",537,1
f6e9990a-a804-4c41-8529-ab43ce7bd6e5,MED-13740,"Triamcinolone","Triamcinolone (األنتهبثبد)","Triamcinolone Acetonide","",injection,أمبولة,باكت,5,"SHIN POONG","Korea","Corticosteroid Inflammations",537,2
1d6a5f5a-1dad-4f9f-842d-949cd9d63600,MED-13741,"Trianil - 25","Trianil - 25 (األيشاض انؼمه ٍخ)","Clomipramine Central Nervous tablet 25 mg","25 mg",tablet,حبة,شريط,30,"RAM PHARMA","Jordan","system drugs Mental Disorders",537,3
8f51845b-ef07-4bdb-825c-e1149ba0e5d2,MED-13742,"Tri-B","Tri-B (Deficiency َمص ف ٍتبي ٍُبد)","Vitamin B 1 100 mg + Vitamin B 6 100 mg + Vitamin B 12 1 mg","100 mg",injection,أمبولة,باكت,3,"NILE CO.","Egypt","Vitamines and Menirals Vitamins",537,4
9f9778b4-3f47-4bcc-8370-75d39757e4a0,MED-13743,"Tricefine","Tricefine (Infections األصبثبد انجكت ٍش ٌخ)","Ceftriaxone Sodium","",injection,أمبولة,باكت,1,"Sothema","Morocco","Antibacterial Bacterial",537,5
7f18fa3d-021d-4834-8152-1b1e537b368c,MED-13744,"Tricho vag","Tricho vag","Acetic acid 2%","2%",syrup,مل,قارورة,200,"Shiba pharma","Yemen","Health Care Vaginal ان ًهجم",537,6
129249a4-3f43-48b2-8499-547b1570e893,MED-13745,"Trileptal 600","Trileptal 600","Oxcarbazepine Central Nervous","",tablet,حبة,شريط,50,"Unknown","Unknown","system drugs Epilepsy انصشع",537,7
4a32f48c-4d50-4def-8a97-72b5c92ed96f,MED-13746,"Trimedat","Trimedat (Spasm ٍ آالو انجط)","Trimebutline maleate","",tablet,حبة,شريط,30,"Unknown","Unknown","Gastro Intestinal drugs Abdominal",538,1
827ca2ea-4ccf-4a3b-8b20-40a01383785b,MED-13747,"Tri-OMEGA","Tri-OMEGA (ً انذو ٌ ف ص ٌبدح انذهى)","fish oil continig 500 mg + EPA % + DHA 12% / cap .","500 mg",capsule,كبسولة,شريط,20,"Y.E.PHARMA","Yemen","Vitamines and Menirals Hyperlipidaemias",538,2
5ebf6302-ba5d-4b74-8fef-178b8d8f3dd9,MED-13748,"Tritace 2.5 mg","Tritace 2.5 mg (استفبع ضغظ انذو)","Ramipril Cardio Vascular","2.5 mg",tablet,حبة,شريط,14,"SANOFI AVENTIS","France","System drugs Hypertension",538,3
7a592671-79c9-47f2-8412-1513f98d00a3,MED-13749,"Tritace 5 mg","Tritace 5 mg (استفبع ضغظ انذو)","Ramipril Cardio Vascular","5 mg",tablet,حبة,شريط,14,"SANOFI AVENTIS","France","System drugs Hypertension",538,4
56cebf93-f3b3-43ac-8f6f-01da51f89b9f,MED-13750,"Trittico","Trittico (األيشاض انؼمه ٍخ)","Trazodone tablet Central Nervous 50 mg","50 mg",tablet,حبة,شريط,20,"EIPICO","Egypt","system drugs Mental Disorders",538,5
14043b28-9340-489e-8569-87101bd05c6d,MED-13751,"TriVag forte","TriVag forte","Each vaginal Tablet contains Metronidazole 750 mg and Miconazole nitrate 200 mg .","750 mg",tablet,حبة,شريط,1,"Pharmacare","Yemen","Health Care Vaginal ان ًهجم",538,6
a888780f-1b03-4dd9-8889-46c19066a65b,MED-13752,"Tryptizol","Tryptizol (األيشاض انؼمه ٍخ)","Amitriptyline Central Nervous tablet 25 mg","25 mg",tablet,حبة,شريط,30,"ALGORITHM","Lebanon","system drugs Mental Disorders",538,7
ff5afdbf-ccc6-45cf-8cbc-376b376e0969,MED-13753,"Tryptoline 10 mg","Tryptoline 10 mg (األيشاض انؼمه ٍخ)","Amitriptyline Central Nervous tablet 10 mg","10 mg",tablet,حبة,شريط,100,"KAHIRA PHARM","Egypt","system drugs Mental Disorders",539,1
d9e25d7e-7f74-487d-8f87-673226627052,MED-13754,"TRYPTOLINE 25 mg","TRYPTOLINE 25 mg (األيشاض انؼمه ٍخ)","Amitriptyline 25 Central Nervous mg","25 mg",tablet,حبة,شريط,30,"KAHIRA PHARM","Egypt","system drugs Mental Disorders",539,2
19417b2f-c222-47f7-8a29-46aa6351e0eb,MED-13755,"Tryptophen 10","Tryptophen 10 (األيشاض انؼمه ٍخ)","Amitriptyline Central Nervous tablet 10 mg","10 mg",tablet,حبة,شريط,20,"IBN- HYYANpharm a","Syria","system drugs Mental Disorders",539,3
1503fc16-cce7-46ac-8805-dd3ade9dd784,MED-13756,"Tullin-D","Tullin-D (َضالد انجشد)","pseudoephedrine +paracetamol+chl oraphiniramine","",capsule,كبسولة,شريط,20,"ASIA","Syria","Respiratory drugs Common Cold",539,4
3350edc1-bfad-46e3-87be-0ebfb52a952d,MED-13758,"Tusil","Tusil (َضالد انجشد)","Dextromethorphan 7.5 mg + psedoephedrine 15 mg + Chlorpheniramine 1 mg","7.5 mg",syrup,مل,قارورة,125,"Shifa","Syria","Respiratory drugs Common Cold",539,6
a2249ead-78de-4c4e-874a-245436e83f2e,MED-13759,"Tuspel","Tuspel (َضالد انجشد)","Pseudoephedrine + Guaifenesin","",syrup,مل,قارورة,100,"andoco remedies lid","Unknown","Respiratory drugs Common Cold",539,7
0ab21ea5-c6ff-4304-8272-23e0fbb86853,MED-13760,"Tussifen without codiene","Tussifen without codiene (َضالد انجشد)","Pseudoephedrine + Guaifenesin ??????? ٍ نهتؤكذ ي ان ًكى َبد","",syrup,مل,قارورة,120,"APM","Jordan","Respiratory drugs Common Cold",540,1
5a96154d-438e-4540-8c1e-e85739e50851,MED-13761,"Tussifin with codeine","Tussifin with codeine (َضالد انجشد)","Codiene phosphate + Chlorpheniramine + Glyceryl + Potassium citrate + sodium","",syrup,مل,قارورة,120,"APM","Jordan","Respiratory drugs Common Cold",540,2
8fddc24e-44d3-4273-8888-5a157dff1efe,MED-13762,"TUSSIflu","TUSSIflu (َضالد انجشد)","Chlorphenamine Maleate 4 mg + Dexamethasone 6.25 mg","4 mg",syrup,مل,قارورة,120,"RFA","Yemen","Antihistamines Common Cold",540,3
b2e5b307-9362-4bd9-896b-79f742c7ff42,MED-13763,"Tussilar","Tussilar (َضالد انجشد)","Dextromethorphan + Chlorpheniramine + Ephedrine + Guaifensine","",syrup,مل,قارورة,125,"KAHIRA PHARM","Egypt","Respiratory drugs Common Cold",540,4
bb9e8087-9097-434b-8def-0a220abbe08c,MED-13764,"Tussilar","Tussilar (َضالد انجشد)","Dextromethorphan","",syrup,مل,قارورة,1,"KAHIRA PHARM","Egypt","Respiratory drugs Common Cold",540,5
1c8b4925-04f3-4e21-89b2-3972f4c77c3e,MED-13765,"Tussilar","Tussilar (َضالد انجشد)","dextromethorphan","",tablet,حبة,شريط,20,"KAHIRA PHARM","Egypt","Respiratory drugs Common Cold",540,6
8d5027d8-3791-47ba-8d33-b2ebdbe7ba5d,MED-13766,"Tussimax","Tussimax (َضالد انجشد)","Dextromethorphan + Chlorpheniramine + Ephedrine + Guaifensine","",syrup,مل,قارورة,100,"Shiba pharma","Yemen","Respiratory drugs Common Cold",540,7
b2d5df30-f521-4d24-8361-817311e36257,MED-13767,"Tussin","Tussin (َضالد انجشد)","Calcium","",syrup,مل,قارورة,100,"YEDCO","Yemen","Antihistamines Common Cold",541,1
b7778d6e-80d4-4c54-84dd-5e70fce15a5a,MED-13768,"Tussinor","Tussinor (َضالد انجشد)","Chlorphenamine Maleate 4 mg + Dexamethasone 6.25 mg","4 mg",syrup,مل,قارورة,100,"Global Pharma","Yemen","Antihistamines Common Cold",541,2
038ae537-cb64-464c-84c0-54651fdcec5d,MED-13769,"Tussivan Syrup","Tussivan Syrup (َضالد انجشد)","Chloropheniramin e 2 mg + phenylephrine 5 mg + ephedrine 5 mg + codiene phosphate 8 mg","2 mg",syrup,مل,قارورة,125,"MISR","Egypt","Respiratory drugs Common Cold",541,3
49dc6d71-0556-4952-82f6-95f2460a4b39,MED-13770,"Tusskan TTT","Tusskan TTT (َضالد انجشد)","Pseudoephedrine + guaifenesin+diphe nhydramine","",syrup,مل,قارورة,100,"HIKMA","Jordan","Respiratory drugs Common Cold",541,4
72dea868-bf38-4ab9-83f8-f66d11ba1960,MED-13771,"Twinzol","Twinzol","Dorzolamide Hydrochloride 2% + Timolol 0.5%","2%",syrup,مل,قارورة,5,"Orchidia Pharma","Egypt","Ophthalmic drugs Eye ٍٍ انؼ",541,5
539ac0b9-d867-4c29-8eff-f873d32d0038,MED-13772,"Tymer","Tymer","Gatifloxacin","",syrup,مل,قارورة,5,"Jamjoom Pharma","","Antibacterial Eye ٍٍ انؼ Saudi Arabia",541,6
22dece05-761c-4ec8-8ffc-b3761a6d43a1,MED-13773,"Tymer","Tymer","Gatifloxacin","",suspension,مل,قارورة,1,"Unknown","Unknown","Antibacterial Eye ٍٍ انؼ",541,7
d7891306-8eba-4377-8b93-b4e1caf508e6,MED-13774,"Tyrotab","Tyrotab (َضالد انجشد)","Tyrothircin 1 mg + Tetracaine HCL 0.1 mg","1 mg",other,وحدة,علبة,1,"PHARMEDIC JSC","","Antiseptic and Desinfectants Common Cold",542,1
95357368-714e-4df9-8d9c-4fe1c37cc1ad,MED-13775,"Ulcedex","Ulcedex (ان ًؼذح)","Chlordiazepoxide +Clidinium Bromide","",tablet,حبة,شريط,25,"Pharmadex","Unknown","Gastro Intestinal drugs Peptic ulcer لشحخ",542,2
ef301c99-e01a-4a9e-89f9-720aa74bdf9e,MED-13776,"Ulcinorm","Ulcinorm (ان ًؼذح)","Ranitidine","",tablet,حبة,شريط,100,"AUROBINDO","Unknown","Gastro Intestinal drugs Peptic ulcer لشحخ",542,3
ae3cc378-b591-4897-84a2-c09c3da1cbe3,MED-13777,"Ulgel","Ulgel (انهضى)","dimethicone +","",suspension,مل,قارورة,1,"Unknown","Unknown","Gastro Intestinal drugs Indigestion عىء",542,4
394d0b44-470f-4203-8b43-2d95cba1b96d,MED-13778,"Ulgel","Ulgel (انهضى)","A combination of aluminium and magnesium hydroxides and sulfates.","",syrup,مل,قارورة,170,"Alembic","Unknown","Gastro Intestinal drugs Indigestion عىء",542,5
ec98a484-fcc8-48bf-8da1-631cbde7c31c,MED-13779,"Ulstop","Ulstop (ان ًؼذح)","Omeprazole","",capsule,كبسولة,شريط,14,"PHARCO","Egypt","Gastro Intestinal drugs Peptic ulcer لشحخ",542,6
c2d9b381-81f7-4471-8297-9520937eceda,MED-13780,"Ultac - 150","Ultac - 150 (ان ًؼذح)","Ranitidine","",tablet,حبة,شريط,100,"CIPLA","India","Gastro Intestinal drugs Peptic ulcer لشحخ",542,7
d2461446-e0d5-469b-862e-41ea462aa893,MED-13781,"Ultop hard","Ultop hard (ان ًؼذح)","Omeprazole 20 mg / cap","20 mg",capsule,كبسولة,شريط,14,"KRKA","India","Gastro Intestinal drugs Peptic ulcer لشحخ",543,1
4e47b35d-0b68-432c-8d2b-d195a8360836,MED-13782,"Ultradex.G","Ultradex.G (األنتهبثبد انجذنذ ٌخ)","Unknown","",cream,أنبوب,علبة,40,"MEDICO LABS","Syria","Skin Disorders Dermatitis",543,2
1dcaf278-edc6-4cf3-857a-fe8c1cd7a9ce,MED-13783,"Ultraflox - 500","Ultraflox - 500 (Infections األصبثبد انجكت ٍش ٌخ)","Ciprofloxacin 500 mg","500 mg",tablet,حبة,شريط,1,"Bal pharma","Unknown","Antibacterial Bacterial",543,3
9e565bc1-a6fc-416e-8186-3fc10f198bca,MED-13784,"Ultraflox IV","Ultraflox IV (Infections األصبثبد انجكت ٍش ٌخ)","Ciprofloxacin 200 mg / 100 ml","200 mg / 100 ml",injection,أمبولة,باكت,1,"Bal pharma","Unknown","Antibacterial Bacterial",543,4
933df27a-1c2c-45bc-830b-9d6afb3117ca,MED-13785,"Ultra - Omega - 3","Ultra - Omega - 3 (ً انذو ٌ ف ص ٌبدح انذهى)","Omega - 3 Fish Oil 540 mg + Cod Liver Oil 540 mg + EPA 116 mg + DHA 106 mg Vitami D ( as","540 mg",capsule,كبسولة,شريط,60,"VITABIOTICS","Unknown","Vitamines and Menirals Hyperlipidaemias",543,5
7cd0f0a7-00e0-4346-850e-da3bdd16adf1,MED-13786,"Ultravit-M","Ultravit-M (Deficiency َمص ف ٍتبي ٍُبد)","Ascorbic Acid ) 50 mg / ml + D 3 400 IU / ml Vitamin A 2000 IU / ml + B 1 0.5 mg / ml , B 2 0.5 mg / ml , B 6","50 mg",syrup,مل,قارورة,200,"ASIA","Syria","Vitamines and Menirals Vitamins",543,6
1c6b2772-20b6-40c8-879e-2d0ef824b542,MED-13787,"Unicam - 20","Unicam - 20 (Analgesic يهذئبد األوجبع وانح ًى)","Piroxicam capsule 20 mg .","20 mg",capsule,كبسولة,شريط,10,"United","Jordan","Nonsteroidal Anti- Antipyretic -",543,7
f1abda1f-a733-4241-81a9-0041c53f5a7e,MED-13788,"Unicefin","Unicefin (Infections األصبثبد انجكت ٍش ٌخ)","Ceftriaxone Sodium","",injection,أمبولة,باكت,1,"Unknown","Unknown","Antibacterial Bacterial",544,1
1e5c74f0-142f-44f6-880a-a9ff0ca7f327,MED-13789,"Uniceftam","Uniceftam (األيشاض انؼمه ٍخ)","Piracetam Central Nervous","",capsule,كبسولة,شريط,20,"Unknown","Unknown","system drugs Mental Disorders",544,2
cae47e30-a0dc-4803-879c-20d539a19bcf,MED-13790,"UNICRON","UNICRON (أيشاض انغكشي)","Gliclazide 80 mg","80 mg",tablet,حبة,شريط,30,"UNICHiMA","Unknown","Antidiabetics Diabetes Mellitus",544,3
750b0fa1-8499-4b66-8d2d-3fea154511c1,MED-13791,"Unidox","Unidox (Microbial Infections)","Doxycycline","",capsule,كبسولة,شريط,1,"United","Jordan","Antibiotics ًٍكشوث ٍخ األصبثبد ان",544,4
f0c5d3cb-a147-4c16-8316-6ce59322942f,MED-13792,"UNIMAX","UNIMAX (األوجبع)","Meloxicam","",tablet,حبة,شريط,10,"SUN Pharma","India","Non-Steroidal Anti- Analgesic يهذئبد",544,5
13dedb05-c806-4c71-8041-e63811bafff4,MED-13793,"Uniphyllin","Uniphyllin (Asthma انشثى ً انشؼج)","Theophyllin 150 mg","150 mg",capsule,كبسولة,شريط,20,"UNICHiMA","Syria","Respiratory drugs Bronchial",544,6
ef83067c-1f4b-417d-8fd9-d7ef8ba1aa34,MED-13794,"uniphyllin 150","uniphyllin 150 (Asthma انشثى ً انشؼج)","Theophylline 150 mg / cap","150 mg",capsule,كبسولة,شريط,20,"UNICHIMA","Syria","Respiratory drugs Bronchial",544,7
b901f688-6fc8-4d66-80d6-88df4c74ce4d,MED-13795,"Unispa","Unispa (Spasm ٍ آالو انجط)","Drotaverine","",tablet,حبة,شريط,20,"UNICHiMA","Syria","Gastro Intestinal drugs Abdominal",545,1
409091b1-9cd6-4043-896a-c36537c19ee1,MED-13796,"Unispira","Unispira (انجشثىيخ انطف ٍه ٍخ)","Spiramycin*","",tablet,حبة,شريط,1,"UNICHiMA","Syria","Antibacterial Toxoplasmosis",545,2
f0682893-3fdb-45bf-8dce-d7266cc7cf2e,MED-13797,"univan","univan (استفبع ضغظ انذو)","Valsartan Cardio Vascular","",capsule,كبسولة,شريط,20,"Unknown","Unknown","System drugs Hypertension",545,3
4b277eb3-d11b-40da-89f9-b9c94bbf097e,MED-13798,"UNOCRON","UNOCRON (أيشاض انغكشي)","Gliclazide","",tablet,حبة,شريط,30,"EGYPHAR","Egypt","Antidiabetics Diabetes Mellitus",545,4
c611e5ae-5809-493d-8504-71c1a162d484,MED-13799,"UNTANO","UNTANO (األنتهبثبد انجذنذ ٌخ)","Unknown","",cream,أنبوب,علبة,30,"Unknown","Unknown","Skin Disorders Dermatitis",545,5
2390bfc4-664c-4ace-89a5-0cf20a20dd30,MED-13800,"Uri soda","Uri soda (Infection اصبثبد ً انجهبص انجىن)","Sodium citrate + sodium bicarbonate + tartaric acid + citric acid","",other,وحدة,علبة,10,"CIPLA","India","Urinary tract drugs Urinary Tract",545,6
1487cc1d-1d0c-4f74-8c5d-2c0dd2f060a6,MED-13801,"URICARE","URICARE (Infection اصبثبد ً انجهبص انجىن)","Combination","",other,وحدة,علبة,12,"Global Pharma","Yemen","Urinary tract drugs Urinary Tract",545,7
2a32e626-3134-4ddd-8a5e-4f17b61d4066,MED-13802,"URICOL","URICOL (Infection اصبثبد ً انجهبص انجىن)","Combination","",other,وحدة,علبة,12,"PHARCO","Egypt","Urinary tract drugs Urinary Tract",546,1
27844fd7-6a9e-44f2-8e67-f93381ce38bb,MED-13803,"URIKIN","URIKIN (Infection اصبثبد ً انجهبص انجىن)","Hexamine 500 mg + Piprazine 190 . mg + Khelline 1.83 mg","500 mg",other,وحدة,علبة,12,"Modern Pharama","Yemen","Urinary tract drugs Urinary Tract",546,2
1409f7bf-c0e7-48f3-8042-f93dbaf932e7,MED-13804,"URINEX","URINEX (Infection اصبثبد ً انجهبص انجىن)","Pinene 31 mg + Camphene 15 mh + Borneol 10 mg …etc .","31 mg",capsule,كبسولة,شريط,24,"PHARCO","Egypt","Urinary tract drugs Urinary Tract",546,3
0dd0b5d3-40be-4388-822a-1a3ccf99867d,MED-13805,"Uripan","Uripan (Enuresis)","Oxybutynin syrup 120 gm","120 g",syrup,مل,قارورة,120,"ADWIA","Egypt","Urinary tract drugs Nocturnal",546,4
009711d7-d236-4685-8a17-7fbb9682bba3,MED-13806,"Uripan","Uripan (Infection اصبثبد ً انجهبص انجىن)","Oxybutynin Hydrochloride","",tablet,حبة,شريط,20,"ADWIA","Egypt","Urinary tract drugs Urinary Tract",546,5
cee6a336-0b61-4c40-8b7b-42cb2bfda3a3,MED-13807,"Urisept","Urisept (Infection اصبثبد ً انجهبص انجىن)","Hexamine + Piprazine + Khelline","",other,وحدة,علبة,12,"Shiba pharma","Yemen","Urinary tract drugs Urinary Tract",546,6
6cb809fa-09ad-4be1-8bd0-dcdb2baadf23,MED-13808,"URISpas","URISpas (Infection اصبثبد ً انجهبص انجىن)","Flavoxate tablet 200 mg .","200 mg",tablet,حبة,شريط,30,"ALGORITHM","Lebanon","Antispasmodic Urinary Tract",546,7
02adec4c-4439-4939-8662-9303ecc4476a,MED-13809,"UROPIMID","UROPIMID (Infection اصبثبد ً انجهبص انجىن)","Pipemidic acid","",capsule,كبسولة,شريط,2,"CT Lap","Unknown","Antibacterial Urinary Tract",547,1
9287a880-d29d-4235-8603-9933d3f267b3,MED-13810,"Ursochol cap","Ursochol cap (Disorders اضطشاثبد انكجذ)","ursodeoxycholic acid 250 mg","250 mg",capsule,كبسولة,شريط,20,"MUP","Egypt","Gastro Intestinal drugs Hepatic",547,2
fcb01720-cd04-46b4-8a98-d83499b9ab00,MED-13811,"Ursofalk","Ursofalk (Disorders اضطشاثبد انكجذ)","ursodeoxycholic acid 250 mg","250 mg",capsule,كبسولة,شريط,20,"MINA PHARMA","Unknown","Gastro Intestinal drugs Hepatic",547,3
126cffec-be18-4bb6-8627-f111029b9724,MED-13812,"ursoflor","ursoflor","ursodeoxycholic acid","",capsule,كبسولة,شريط,20,"Sa.Sa Pharm","Unknown","Gastro Intestinal drugs hepatic disorers",547,4
0ea9f432-8807-48c7-8d23-295860769473,MED-13813,"Ursoflor 300 mg","Ursoflor 300 mg (Disorders اضطشاثبد انكجذ)","ursodeoxycholic acid 300 mg","300 mg",capsule,كبسولة,شريط,20,"So.Se.PHARM","Unknown","Gastro Intestinal drugs Hepatic",547,5
57c6fdb8-0154-4ee3-8062-52cc255027a8,MED-13814,"Ursogal - 300","Ursogal - 300","Ursodeoxycholic acid capsule 300 mg .","300 mg",capsule,كبسولة,شريط,20,"SIGMA","Egypt","Gastro Intestinal drugs hepatic disorers",547,6
c7b84340-9d17-4604-8d02-19636484ba2c,MED-13815,"Ursogall 300","Ursogall 300 (Disorders اضطشاثبد انكجذ)","ursodeoxycholic acid 300 mg","300 mg",capsule,كبسولة,شريط,20,"SIGMA","Egypt","Gastro Intestinal drugs Hepatic",547,7
d3058ec0-4db9-47a6-8185-fb351bbaea61,MED-13816,"USIX","USIX (استفبع ضغظ انذو)","Furosemide 40 mg Cardio Vascular","40 mg",tablet,حبة,شريط,30,"RFA","Yemen","System drugs Hypertension",548,1
5b8700fd-4023-4894-89c5-a47c4c821801,MED-13817,"V 2 plus","V 2 plus (Deficiency َمص ف ٍتبي ٍُبد)","vit ( A , D 3 , E , B 1 , B 2 , B 6 , B 12 , C ) And menirals","",capsule,كبسولة,شريط,24,"PHARCO","Egypt","Vitamines and Menirals Vitamins",548,2
4abc983b-f790-4c97-8b5b-3d62efbf2328,MED-13818,"Vagi balance","Vagi balance","Acetic acid 1.25%","1.25%",syrup,مل,قارورة,200,"Shiba pharma","Yemen","Health Care Vaginal ان ًهجم",548,3
4ed72202-5bc4-489d-8b5b-873e44499f20,MED-13819,"Vagi-Atheer","Vagi-Atheer","Chlorhexidine + Cetrimide + Menthol + Glycerine","",syrup,مل,قارورة,200,"Atheer","Yemen","Health Care Vaginal ان ًهجم",548,4
aaaae4e6-64e5-4cac-809d-9f57df58eda4,MED-13821,"Vagilisse","Vagilisse (األنتهبثبد انجذنذ ٌخ)","Antiseptic","",syrup,مل,قارورة,1,"Unknown","Unknown","Antiseptic and Desinfectants Dermatitis",548,6
00b2655d-f5da-4f2b-894e-da00b0cc51b0,MED-13822,"Vagyl","Vagyl","Sodium chloride + Sodium carbonate","",other,وحدة,علبة,10,"MUP","Egypt","Antiseptic and Desinfectants Vaginal ان ًهجم",548,7
4b5e3f84-f161-454c-8e54-68436dc95358,MED-13823,"Valacyclovir","Valacyclovir (األصبثبد انف ٍشوع ٍخ)","Valacyclovir 500 mg","500 mg",tablet,حبة,شريط,14,"MBTC","Unknown","Antivirals Viral Infections",549,1
37b9ed2c-1090-4515-8a24-b3c9a2062050,MED-13824,"Valian-X","Valian-X (Insumnea األسق وانمهك)","Valerian + melissa","",capsule,كبسولة,شريط,3,"MEGA We Care","Unknown","Health Care Anxiety ,",549,2
38d92507-62ad-472c-8b59-664be71bccd3,MED-13825,"valium","valium (Insumnea األسق وانمهك)","diazepam Central Nervous","",tablet,حبة,شريط,25,"ROCHE","Germany","system drugs Anxiety ,",549,3
2ab2f44b-2803-44a4-870d-d5a3323a18b8,MED-13826,"Valiuzam","Valiuzam (Insumnea األسق وانمهك)","Diazepam Central Nervous","",tablet,حبة,شريط,20,"Unknown","Unknown","system drugs Anxiety ,",549,4
d60e0ab4-f8a3-44c1-8fe9-55e4063f69d3,MED-13827,"Valokeen","Valokeen (األنتهبثبد انجذنذ ٌخ)","Combination","",ointment,أنبوب,علبة,1,"Unknown","Unknown","Antifungals Dermatitis",549,5
d888afbb-44e7-4573-80e5-251e4d80bf36,MED-13828,"Valricaps","Valricaps (Spasm ٍ آالو انجط)","Valerian","",capsule,كبسولة,شريط,20,"Unknown","Unknown","Gastro Intestinal drugs Abdominal",549,6
2b595a88-bdd9-4e23-869b-bbb7421cc9b5,MED-13829,"Valtec CR - 200","Valtec CR - 200","Valproic Acid & Na valproate tablet 200 mg","200 mg",tablet,حبة,شريط,10,"CIPLA","India","Antiepileptics Epilepsy انصشع",549,7
bb581fac-3073-42a9-897a-c877d3852097,MED-13830,"Valtec CR - 500","Valtec CR - 500","Valproic Central Nervous Acid & Na valproate tablet 500 mg","500 mg",tablet,حبة,شريط,10,"CIPLA","India","system drugs Epilepsy انصشع",550,1
a8185770-c08e-478e-8d53-9ee2e1180221,MED-13831,"Vanbiotic","Vanbiotic (Infections ًٍكشوث ٍخ األصبثبد ان انخط ٍشح)","Vancomycin","",injection,أمبولة,باكت,1,"Unknown","Unknown","Antibiotics Serious M .",550,2
6f38a46d-6b10-42d0-8c89-b617611c247d,MED-13832,"Vancolon","Vancolon (Infections ًٍكشوث ٍخ األصبثبد ان انخط ٍشح)","Vancomycin","",injection,أمبولة,باكت,1,"Julphar","UAE","Antibiotics Serious M .",550,3
db224bfc-4770-4d60-8b9e-b2f2b39fbd16,MED-13833,"Vancotech - 1000","Vancotech - 1000 (Infections ًٍكشوث ٍخ األصبثبد ان انخط ٍشح)","Vancomycin","",injection,أمبولة,باكت,1,"Unknown","Unknown","Antibiotics Serious M .",550,4
fb251709-a8f3-4f3d-8777-2693624830af,MED-13834,"VANLID","VANLID (Infections ًٍكشوث ٍخ األصبثبد ان انخط ٍشح)","Vancomycin","",injection,أمبولة,باكت,1,"Unknown","Unknown","Antibiotics Serious M .",550,5
6eeec9c9-ccda-4ce9-82c5-e03f087f25f9,MED-13835,"Varcovit B 12","Varcovit B 12 (Disorders اضطشاثبد انكجذ)","essential phospholipids + vit b 1 , b 2 , b 12 , E","",capsule,كبسولة,شريط,24,"PHARCO","Egypt","Gastro Intestinal drugs Hepatic",550,6
657afa82-72c6-49f7-8fc9-c759ee06c3dc,MED-13836,"vassco dipine","vassco dipine (استفبع ضغظ انذو)","Amlodipine Cardio Vascular","",tablet,حبة,شريط,30,"Unknown","Unknown","System drugs Hypertension",550,7
a5ffc078-6cf5-42ae-8461-b2ef5787282b,MED-13837,"VASTAREL 20 mg","VASTAREL 20 mg (انصذس ٌخ)","Trimetazidine Cardio Vascular Hydrochloride","20 mg",tablet,حبة,شريط,60,"Servier","Denmark","System drugs Angina انزثحخ",551,1
fe1b281f-92d1-45a3-84fe-26977d3d515f,MED-13838,"VASTAREL MR","VASTAREL MR (انصذس ٌخ)","Trimetazidine Cardio Vascular Hydrochloride","",tablet,حبة,شريط,30,"Servier","Denmark","System drugs Angina انزثحخ",551,2
075e2162-f1b6-408c-8810-64fe90df3df9,MED-13839,"vazkor","vazkor (استفبع ضغظ انذو)","Amlodipine Cardio Vascular","",tablet,حبة,شريط,20,"Unknown","Unknown","System drugs Hypertension",551,3
440e7654-be8a-41b9-8ffe-fb3530718acd,MED-13840,"VB Complex","VB Complex (Deficiency َمص ف ٍتبي ٍُبد)","Vit . B 1 20 mg + Vit . B 6 2 mg + Riboflavine 2 mg + nicotinamide 30 mg","20 mg",injection,أمبولة,باكت,10,"SHAPHAR","China","Vitamines and Menirals Vitamins",551,4
dc6bb341-c081-4e7c-8be2-4afc6c16f28f,MED-13841,"V - D 3","V - D 3","Vitamin D Substances","",syrup,مل,قارورة,10,"Razi Pharma","Syria","Vitamines and Menirals Ricketsia انكغبح",551,5
297cb6a5-2f0e-4ad8-8636-366b05cbcb09,MED-13842,"Vectavir","Vectavir (األصبثبد انف ٍشوع ٍخ)","Penciclovir 1%","1%",cream,أنبوب,علبة,1,"Unknown","Unknown","Antivirals Viral Infections",551,6
a2dd0b57-b8dc-46a9-81c6-354759d9b297,MED-13843,"Vental","Vental (Asthma انشثى ً انشؼج)","Salbutamol 2 mg","2 mg",tablet,حبة,شريط,20,"ADCO","Egypt","Respiratory drugs Bronchial",551,7
5452cff1-ddb7-4c7c-8805-f51219ccb41e,MED-13844,"Vental","Vental (Asthma انشثى ً انشؼج)","Salbutamol 0.1 mg / dose","0.1 mg",spray,بخة,علبة,200,"ADCO","Egypt","Respiratory drugs Bronchial",552,1
4d30d063-52ba-451a-86df-8d577c1e94df,MED-13845,"Ventol","Ventol (Asthma انشثى ً انشؼج)","Each 5 ml contains Salbutamol 2 mg","5 ml",syrup,مل,قارورة,100,"Shiba pharma","Yemen","Respiratory drugs Bronchial",552,2
d5f97666-8c39-4f21-8981-2c8dbe8a6358,MED-13846,"Ventol 4","Ventol 4 (Asthma انشثى ً انشؼج)","Salbutamol","",tablet,حبة,شريط,20,"Shiba pharma","Yemen","Respiratory drugs Bronchial",552,3
1015b5c3-3f4b-41d3-8cff-1cd988de29ea,MED-13847,"Ventolin","Ventolin (Asthma انشثى ً انشؼج)","Salbutamol 2 mg","2 mg",tablet,حبة,شريط,100,"gsk glaxosmithkline","UK","Respiratory drugs Bronchial",552,4
f484e659-cd5d-449b-8fc8-d87a4ba73fbe,MED-13849,"Ventolin","Ventolin (Asthma انشثى ً انشؼج)","salbutamol 100 mcg","100 mcg",spray,بخة,علبة,200,"GlaxoWellcome","Unknown","Respiratory drugs Bronchial",552,6
195e62e9-baa5-44f5-8457-6df0e202139e,MED-13850,"Ventolin","Ventolin (Asthma انشثى ً انشؼج)","salbutamol 2 mg / 5 ml","2 mg / 5 ml",syrup,مل,قارورة,150,"gsk glaxosmithkline","UK","Respiratory drugs Bronchial",552,7
88cd1a41-a665-434f-80b0-aa49f4a62947,MED-13851,"Verapamail","Verapamail (استفبع ضغظ انذو)","Verapamil Cardio Vascular","",tablet,حبة,شريط,1,"Unknown","Unknown","System drugs Hypertension",553,1
6c539123-6212-4926-8ff6-bbf674b974a2,MED-13852,"VERBEN","VERBEN (ٌ انشبئؼخ انذ ٌذا)","Albendazole 400 mg","400 mg",tablet,حبة,شريط,2,"Unknown","Unknown","Anthelmentic Common Worms",553,2
98b90d13-510d-4e1c-8000-68b436ff593c,MED-13853,"VERBEN","VERBEN (ٌ انشبئؼخ انذ ٌذا)","Albendazole 400 mg","400 mg",tablet,حبة,شريط,1,"SHIN POONG","Korea","Anthelmentic Common Worms",553,3
b95148e9-a65c-4af1-86c3-f6cc39995cae,MED-13854,"Verdol","Verdol","Combination","",syrup,مل,قارورة,250,"Unknown","Unknown","Antiseptic and Desinfectants Antiseptic يطهشاد",553,4
63624bd6-f588-43c9-8280-1113a745cab4,MED-13855,"Verine","Verine (Spasm ٍ آالو انجط)","mebeverine","",tablet,حبة,شريط,30,"SIGMACO","","Gastro Intestinal drugs Abdominal Saudi Arabia",553,5
c9a2e571-101e-4283-871b-c8d110fc02de,MED-13856,"Vermed","Vermed (ٌ انشبئؼخ انذ ٌذا)","Mebendazole 100 mg","100 mg",suspension,مل,قارورة,30,"Modern Pharama","Yemen","Anthelmentic Common Worms",553,6
95538b8c-c30f-4b0f-8bfc-24505c524a2c,MED-13857,"Vermed","Vermed (ٌ انشبئؼخ انذ ٌذا)","Mebendazole 100 mg","100 mg",tablet,حبة,شريط,6,"Modern Pharama","Yemen","Anthelmentic Common Worms",553,7
752cd2d1-6a59-42c0-8ce3-b11c917a6078,MED-13858,"Vermox","Vermox (ٌ انشبئؼخ انذ ٌذا)","Mebendazole","",tablet,حبة,شريط,48,"Janssen","Switzerland","Anthelmentic Common Worms",554,1
c8476442-b572-47f0-8b83-00b7d748aaa7,MED-13859,"Vermox","Vermox (ٌ انشبئؼخ انذ ٌذا)","Mebendazole 2%","2%",suspension,مل,قارورة,30,"JANSSEN- CILAG","Belgium","Anthelmentic Common Worms",554,2
155fac53-96f7-452d-866b-c30a2fdf7ccb,MED-13860,"Vertizin - 75","Vertizin - 75 (انذوخخ)","Cinnarizine","",capsule,كبسولة,شريط,20,"RAM PHARMA","Jordan","Antihistamines Vertigo انذواس او",554,3
a1b3f388-b29c-478e-85f5-c5bed15cd76e,MED-13861,"Vfend","Vfend (األصبثبد انفطش ٌخ)","Voriconazole 50 mg","50 mg",tablet,حبة,شريط,14,"Pfzer","Unknown","Antifungals Fungal Infections",554,4
cd43fa2a-967b-4d04-810f-3388bc111721,MED-13862,"VG-Norm","VG-Norm (انغغىالد األ َثى ٌخ)","Combination","",syrup,مل,قارورة,200,"PIXEL","Unknown","Antiseptic and Desinfectants Feminine wash",554,5
2f1ef358-b6c7-4aa9-8cb2-57456d3b8db6,MED-13863,"Vibramycin","Vibramycin (Microbial Infections)","Doxycycline","",tablet,حبة,شريط,1,"Pfizer","USA","Antibiotics ًٍكشوث ٍخ األصبثبد ان",554,6
8862d61c-60e2-4936-8c95-b16065501b00,MED-13864,"Vibrocil Gel","Vibrocil Gel","Dimetindene maleate + neomycin","",ointment,أنبوب,علبة,1,"NOVARTIS","Switzerland","Antihistamines Allergy انحغبع ٍخ",554,7
89aaf237-5b4a-47e9-8b56-9b04b88adcea,MED-13865,"Vibrocil N/D","Vibrocil N/D (َضالد انجشد)","Dimetindene maleate + neomycin","",drops,مل,قطارة,1,"NOVARTIS","Switzerland","Antihistamines Common Cold",555,1
1e2d91e6-53da-4b5d-84b8-b1be2bf7db9e,MED-13866,"Vibrocil N/Spray","Vibrocil N/Spray (َضالد انجشد)","Dimetindene maleate + neomycin","",spray,بخة,علبة,1,"NOVARTIS","Switzerland","Antihistamines Common Cold",555,2
bc9f1c1f-f4ad-408a-859e-a6c00a509840,MED-13867,"Vibron","Vibron (َضالد انجشد)","Dimetindene maleate 0.25 mg + phenyla","0.25 mg",drops,مل,قطارة,15,"Modern Pharama","Yemen","Antihistamines Common Cold",555,3
0afc7bae-0dcc-43fb-8db8-f08cde0c63d6,MED-13868,"Vibronas","Vibronas (َضالد انجشد)","Dimetindene maleate + neomycin","",spray,بخة,علبة,1,"Global Pharma","Yemen","Antihistamines Common Cold",555,4
e761e978-2525-4b9e-8af1-e7c78155944e,MED-13869,"Vibronas","Vibronas (َضالد انجشد)","Dimetindene maleate + neomycin","",ointment,أنبوب,علبة,15,"Global Pharma","Yemen","Antihistamines Common Cold",555,5
802c532b-6adf-488b-89ae-0d724ef5d4c8,MED-13870,"Vibsix 300","Vibsix 300 (B deficiency)","Vitamine B 6 = Pyridoxine Hydrochloride 300 mh / 3 ml","3 ml",injection,أمبولة,باكت,5,"Unknown","Unknown","Vitamines and Menirals Neuritis; vitamin",555,6
398bb3d9-e83b-4968-8b32-1c53103a85ff,MED-13871,"VIDROP","VIDROP","Vitamin D Substances","",drops,مل,قطارة,15,"Unknown","Unknown","Vitamines and Menirals Ricketsia انكغبح",555,7
b31e6dcb-a470-4869-8b05-b9a39643e8a2,MED-13872,"Vifenac","Vifenac (األوجبع)","Diclofenac Sodium ampoule 75 mg / 3 ml .","75 mg / 3 ml",injection,أمبولة,باكت,10,"Vitalis","USA","Nonsteroidal Anti- Analgesic يهذئبد",556,1
e7df12e3-38be-4a9d-8072-05faf48f1c7d,MED-13873,"Vigamox","Vigamox (Infections األصبثبد انجكت ٍش ٌخ)","Moxifloxacin HCl*","",drops,مل,قطارة,5,"Alcon","Unknown","Antibacterial Bacterial",556,2
45f6837e-a839-4092-8493-eb283a8354b4,MED-13874,"Vikadic","Vikadic (ان ُض ٌف)","Phytomenadione 10 mg / ml","10 mg",injection,أمبولة,باكت,10,"Caspian","IRAN","Antihaemorrhag es Haemorrhage",556,3
b9b484f7-0815-48c0-809c-722384a8385b,MED-13875,"Vinor","Vinor (vomiting ٌ انغث ٍب وانطشػ)","Meclozine Hydrochloride 25 mg + Pyridoxine 50 mg","25 mg",tablet,حبة,شريط,20,"Global Pharma","Unknown","Gastro Intestinal drugs Nausea and",556,4
27180950-05b9-467c-885f-949f93f975fb,MED-13876,"Viramed","Viramed","Acyclovir","",cream,أنبوب,علبة,20,"MEDICO LABS","Syria","Antivirals Eye ٍٍ انؼ",556,5
2859aac9-6709-43f8-8730-ccdc29434dc9,MED-13877,"Viramed 400","Viramed 400 (األصبثبد انف ٍشوع ٍخ)","Acyclovir 400 mg","400 mg",tablet,حبة,شريط,20,"MEDICO LABS","Syria","Antivirals Viral Infections",556,6
a480714c-06a3-4b93-8980-482c4ce9710f,MED-13878,"Viranet","Viranet (األصبثبد انفطش ٌخ)","Valacyclovir","",other,وحدة,علبة,1,"Kampel martian","Unknown","Antifungals Fungal Infections",556,7
c87ef8c9-77ae-4a80-837b-9a897f568b0e,MED-13879,"Virovir","Virovir (األصبثبد انف ٍشوع ٍخ)","Famciclovir 250 mg","250 mg",tablet,حبة,شريط,1,"FDC","Unknown","Antivirals Viral Infections",557,1
494fad19-9a63-4529-8732-27a1c837ec79,MED-13880,"Visalgine","Visalgine (Spasm ٍ آالو انجط)","Tiemonium","",tablet,حبة,شريط,15,"Biomed = syria","Unknown","Gastro Intestinal drugs Abdominal",557,2
d8c9a2f5-ab92-4057-82a4-4175ef4ac93e,MED-13881,"Viscor 20","Viscor 20 (ً انذو ٌ ف ص ٌبدح انذهى)","Simvastatin Cardio Vascular","",tablet,حبة,شريط,30,"NP","Unknown","System drugs Hyperlipidaemias",557,3
b446a193-7181-4ebf-8c43-7f2c2d9cf95e,MED-13882,"Visionace original","Visionace original (Deficiency َمص ف ٍتبي ٍُبد)","Vit , A vit . E , vit . C , capper + manganes e sulphate + zinc + , sel enium +","",capsule,كبسولة,شريط,30,"VITABIOTICS","Unknown","Vitamines and Menirals Vitamins",557,4
eab7ed3a-55e2-4429-86b0-ebc8dc3082fb,MED-13883,"Visionace plus","Visionace plus (Deficiency َمص ف ٍتبي ٍُبد)","Vit , A vit . E , vit . C , capper + manganes e sulphate + zinc + , sel enium +","",capsule,كبسولة,شريط,30,"VITABIOTICS","Unknown","Vitamines and Menirals Vitamins",557,5
9fa08097-b519-498f-8f38-d80f68c3ac4d,MED-13884,"Vit.A","Vit.A (Deficiency َمص ف ٍتبي ٍُبد)","vit . A 5000 IU","5000 IU",capsule,كبسولة,شريط,20,"PHARCO","Egypt","Vitamines and Menirals Vitamins",557,6
26700882-beb2-454e-83ae-9ff527a0bac6,MED-13885,"Vita C","Vita C (Deficiency َمص ف ٍتبي ٍُبد)","Ascorbic acid 500 mg / ampoule .","500 mg",injection,أمبولة,باكت,10,"Shanghai pharmaceutical","China","Vitamines and Menirals Vitamins",557,7
a9a1ca47-8f0a-4667-8369-fd91443ed52f,MED-13886,"Vita globin","Vita globin (Deficiency َمص ف ٍتبي ٍُبد)","Multi Vitamines","",syrup,مل,قارورة,200,"Vitane pharma","Germany","Vitamines and Menirals Vitamins",558,1
002cdd53-0011-4c37-88ff-4e2a89638b47,MED-13887,"Vitacal","Vitacal (انتهبثبد انؼظبو)","Each 5 ml contains : Calcium Levulinate 50 mg + Vitamin D 3 1,000 IU + Vitamin B 12 10","5 ml",syrup,مل,قارورة,120,"Unknown","Egypt","Vitamines and EVA PHARMA Menirals Osteoarthritis",558,2
d9939827-1069-4a70-815d-db94bf2ee5ea,MED-13888,"Vitacap","Vitacap (Deficiency َمص ف ٍتبي ٍُبد)","Multi vitamin and Menirals","",capsule,كبسولة,شريط,30,"MEGA","Thailand","Vitamines and Menirals Vitamins",558,3
4842bd86-31b6-4e2b-85d8-e0c3d8bbb2d6,MED-13889,"VITACID CALCIUM","VITACID CALCIUM (َضالد انجشد)","Calcium + Vit C 1000 mg + 800 mg / E ffer , tab .","1000 mg",tablet,حبة,شريط,10,"CID","Egypt","Vitamines and Menirals Common Cold",558,4
6ab019f5-2151-47cd-8337-dca2b6521d57,MED-13890,"VITADAY","VITADAY (Deficiency َمص ف ٍتبي ٍُبد)","Multi Vitamines","",tablet,حبة,شريط,50,"Pharmetics","Unknown","Vitamines and Menirals Vitamins",558,5
ea45e2db-f3f7-4f31-8583-23c6e8664469,MED-13891,"Vitadol - D","Vitadol - D","Vitamin D Substances","",injection,أمبولة,باكت,1,"HANSEL","Unknown","Vitamines and Menirals Ricketsia انكغبح",558,6
28041050-e076-43be-8183-5d64c1776da0,MED-13892,"vitaferrol","vitaferrol","iron+vitamine","",syrup,مل,قارورة,1,"Unknown","Egypt","Vitamines and EVA PHARMA Menirals Anaemia فمش انذو",558,7
fc9e0384-d1f5-4ec1-8a24-8f920fcf379f,MED-13893,"vitaferrol","vitaferrol","ferrous fumarate 350 mg + c yanocobalamin 7.5 mg + folic acid 1 mg + ascorbic","350 mg",capsule,كبسولة,شريط,20,"Unknown","Egypt","Vitamines and EVA PHARMA Menirals Anaemia فمش انذو",559,1
de6de71d-4dad-4bfa-857b-ff5ba3af87d1,MED-13894,"Vitaferrol","Vitaferrol","Ferrous Fumarate 350 mg , Cyanocobalamin 7.5 mcg , Folic Acid 1 mg , Ascorbic Acid 150","350 mg",capsule,كبسولة,شريط,30,"EVA- PHARMA","Unknown","Vitamines and Menirals Anaemia فمش انذو",559,2
c1b3edd9-2767-492c-88ce-fe305d925e44,MED-13895,"VITALJECT","VITALJECT (B deficiency)","Vitamin B Substances","",injection,أمبولة,باكت,3,"Unknown","Unknown","Vitamines and Menirals Neuritis; vitamin",559,3
9367759a-5bc5-46b6-86e9-b83605392aa5,MED-13896,"VITAM","VITAM (Deficiency َمص ف ٍتبي ٍُبد)","Multi vitamin and Menirals","",syrup,مل,قارورة,1,"PHARCO","Egypt","Vitamines and Menirals Vitamins",559,4
1de8b92e-8290-45c6-8df8-bba1ab6516a9,MED-13897,"Vitamax plus","Vitamax plus (Deficiency َمص ف ٍتبي ٍُبد)","vitamin,amino acids,mineral,gins eng,royal jelly","",capsule,كبسولة,شريط,10,"GlaxoWellcome","Unknown","Vitamines and Menirals Vitamins",559,5
8fc12ecd-f5f1-44f1-8867-8af260e02d4f,MED-13898,"VITAMEDINE CO","VITAMEDINE CO (Deficiency َمص ف ٍتبي ٍُبد)","Vit. B Complex ampule.","",injection,أمبولة,باكت,10,"Kunming Pharma","Unknown","Vitamines and Menirals Vitamins",559,6
f4f3b7b2-2f99-4554-8e6b-3c371817de84,MED-13899,"Vitamin A","Vitamin A (Deficiency َمص ف ٍتبي ٍُبد)","Vitamin A","",capsule,كبسولة,شريط,24,"PHARCO","Egypt","Vitamines and Menirals Vitamins",559,7
3ddf3072-3088-4841-8e71-c4edf6c7f4b6,MED-13900,"Vitamin A+E","Vitamin A+E (Deficiency َمص ف ٍتبي ٍُبد)","Vit A 30000 IU + E 70 mg / capsule","30000 IU",capsule,كبسولة,شريط,24,"PHARCO","Egypt","Vitamines and Menirals Vitamins",560,1
0149f813-c987-48f7-8d8a-34a1b8ec3a0e,MED-13901,"Vitamin B 6","Vitamin B 6 (vomiting ٌ انغث ٍب وانطشػ)","pyridoxine","",injection,أمبولة,باكت,10,"Jinlling pharmaceutical","China","Gastro Intestinal drugs Nausea and",560,2
03473509-0619-4ecb-8826-4e6396d519b1,MED-13902,"Vitamin c","Vitamin c (Deficiency َمص ف ٍتبي ٍُبد)","Ascorbic acid 1000 mg / ampoule .","1000 mg",injection,أمبولة,باكت,10,"Normon","Spain","Vitamines and Menirals Vitamins",560,3
ffc835ab-c622-431b-8f5b-57bb25381d7a,MED-13903,"VITAMIN C","VITAMIN C (Deficiency َمص ف ٍتبي ٍُبد)","Vitamin c 240 mg","240 mg",tablet,حبة,شريط,20,"hansal","Unknown","Vitamines and Menirals Vitamins",560,4
bf4461f0-a5b3-48d5-8bf3-c6cb0943cb2b,MED-13904,"Vitamin C","Vitamin C (Deficiency َمص ف ٍتبي ٍُبد)","Ascorbic acid 1 gm / Sachets","1 g",other,وحدة,علبة,10,"Shiba pharma","Yemen","Vitamines and Menirals Vitamins",560,5
9ed55dbd-3641-48a5-8bcc-3fc8adc37d3f,MED-13905,"Vitamin -c","Vitamin -c (Deficiency َمص ف ٍتبي ٍُبد)","Vitamin c 1000 mg","1000 mg",other,وحدة,علبة,10,"Global Pharma","Yemen","Vitamines and Menirals Vitamins",560,6
03d8210a-fdec-47e0-8734-140ca452ee68,MED-13906,"VITAMIN C GALENICA","VITAMIN C GALENICA (Deficiency َمص ف ٍتبي ٍُبد)","Vitamin c 1000 mg / Effervescent tab .","1000 mg",tablet,حبة,شريط,10,"GALENICA","Unknown","Vitamines and Menirals Vitamins",560,7
9f3c6684-9c03-4407-82ef-96badb9988f8,MED-13907,"Vitamin C-Sedico","Vitamin C-Sedico (Deficiency َمص ف ٍتبي ٍُبد)","Ascorbic acid","",tablet,حبة,شريط,1,"SEDICO","Egypt","Vitamines and Menirals Vitamins",561,1
327f14e1-6c46-4a95-8406-ea2b229f456f,MED-13908,"Vitamin D 3","Vitamin D 3","Vitamin D 50 , 000 I . U","",capsule,كبسولة,شريط,14,"BOSCOGEN","USA","Vitamines and Menirals Ricketsia انكغبح",561,2
e6e3af78-4853-441e-85cb-63056682d05b,MED-13909,"VITAMIN E","VITAMIN E (Deficiency َمص ف ٍتبي ٍُبد)","Vit . E ( tocopherols ) 100 mg","100 mg",capsule,كبسولة,شريط,24,"PHARCO","Egypt","Vitamines and Menirals Vitamins",561,3
62f35331-1fd1-4015-8c2c-5b5401c6d158,MED-13910,"VITAMIN E","VITAMIN E (Deficiency َمص ف ٍتبي ٍُبد)","Vitamin E 400 I . U","",capsule,كبسولة,شريط,30,"SUN Naturals","Unknown","Unknown Vitamins",561,4
ee3e62fd-5bb8-4e8e-8092-82ccb505de70,MED-13911,"VITAMIN E soft","VITAMIN E soft (Deficiency َمص ف ٍتبي ٍُبد)","Vit . E ( tocopherols ) 400 I . U / capsule .","",capsule,كبسولة,شريط,20,"HUONS","Korea","Vitamines and Menirals Vitamins",561,5
9431d8cb-8ce1-4413-893e-ed7a48869db2,MED-13912,"Vitamine B complex","Vitamine B complex (Deficiency َمص ف ٍتبي ٍُبد)","Vitamin B Substances","",injection,أمبولة,باكت,10,"NCPC","China","Vitamines and Menirals Vitamins",561,6
46ef1fa1-c87c-4e74-81ef-36158995a8d3,MED-13913,"Vitamount","Vitamount (Deficiency َمص ف ٍتبي ٍُبد)","vit , A 1800 I . U , vit . E 30 I . U , vit . C 60 mg , vit . B 1 2.5 mg , vit . B 2 1.7 mg , vit . vit . B 3","60 mg",syrup,مل,قارورة,120,"Amoun co. Egypt","Unknown","Vitamines and Menirals pharmaceutical Vitamins",561,7
b31c6c48-0d75-4aef-82f6-438e7b91e513,MED-13914,"Vitane","Vitane (Deficiency َمص ف ٍتبي ٍُبد)","vit . A , vit . D 3 , vit . E , vit . B 1 , vit . B 12 , vit . B 12 , vit . B 6 , vit . C , niacinamid , l ysin","",syrup,مل,قارورة,200,"Vitane pharma","Germany","Vitamines and Menirals Vitamins",562,1
910bf424-d1ad-4839-870a-4a3f936bc602,MED-13915,"Vitane","Vitane (Deficiency َمص ف ٍتبي ٍُبد)","Multi Vitamines","",syrup,مل,قارورة,1,"Vitane pharma","Germany","Vitamines and Menirals Vitamins",562,2
be0437fb-7248-4678-8fc3-f2cf2057f58c,MED-13916,"VITA-PHOS","VITA-PHOS (Deficiency َمص ف ٍتبي ٍُبد)","vit ( B 1 + B 2 + B 6 + ni cotinamide + calciu m glycerophosphate + sodium glycerophosphate","",other,وحدة,علبة,1,"mataria .egypt","Egypt","Vitamines and Menirals Vitamins",562,3
9e9608d2-8b8e-40ae-885d-6ec4ba3761e8,MED-13917,"Vitarenew","Vitarenew (األنتهبثبد انجذنذ ٌخ)","Unknown","",tablet,حبة,شريط,30,"Unknown","Unknown","Skin Disorders Dermatitis",562,4
d89ff844-a03b-4f42-8801-d6ee1c20fd5a,MED-13918,"vitazinc","vitazinc (Deficiency َمص ف ٍتبي ٍُبد)","zinc gluconate,vit.A,vit .E","",capsule,كبسولة,شريط,30,"EIPICO","Egypt","Vitamines and Menirals Vitamins",562,5
f28d6fc1-97e7-4cbb-8d2c-ea81b9c5e974,MED-13919,"Vit-C","Vit-C (Deficiency َمص ف ٍتبي ٍُبد)","Ascorbic acid","",tablet,حبة,شريط,10,"Medical Bahri","Syria","Vitamines and Menirals Vitamins",562,6
ae93a2d2-bd39-45ba-81fe-b57042b6e4ee,MED-13920,"VIT-G","VIT-G (Deficiency َمص ف ٍتبي ٍُبد)","Multivitamins- minerals","",capsule,كبسولة,شريط,24,"Global Pharma","Yemen","Vitamines and Menirals Vitamins",562,7
ea90b668-4aef-48e4-861a-badbd492ebac,MED-13921,"VITIX","VITIX (Deficiency َمص ف ٍتبي ٍُبد)","vitamins ( C , E , B 9 , B 12 ) minerals ( Selenium , Copper , Zinc )","",tablet,حبة,شريط,30,"ACM","Unknown","Vitamines and Menirals Vitamins",563,1
84678106-374f-4c96-86af-d1931173cf90,MED-13922,"VITONA","VITONA (Deficiency َمص ف ٍتبي ٍُبد)","Multi vitamin and Menirals + omega 3","",capsule,كبسولة,شريط,12,"EIPICO","Egypt","Vitamines and Menirals Vitamins",563,2
6a2c0822-2d53-4d52-8cb3-a9ee8f15eb23,MED-13923,"Vitop","Vitop (Deficiency َمص ف ٍتبي ٍُبد)","Multi vitamin and minerals.","",capsule,كبسولة,شريط,30,"MISR","Egypt","Vitamines and Menirals Vitamins",563,3
dd35a397-6cf8-463e-8169-c24bf16c48a6,MED-13924,"vitron","vitron (Deficiency َمص ف ٍتبي ٍُبد)","Multivitamins- minerals","",capsule,كبسولة,شريط,30,"Mepha","Unknown","Vitamines and Menirals Vitamins",563,4
c6acc253-0cbc-4b2f-84b6-e989a860e0b6,MED-13925,"ViVA","ViVA (Deficiency َمص ف ٍتبي ٍُبد)","ginsing 50 mg , garlic 15 mg , fat solubl vit . 4 type , water solubl vit . 9 type , phsphlipid , mi","50 mg",capsule,كبسولة,شريط,7,"Alpha chem advanced","Unknown","Vitamines and Menirals pharmaceutical Vitamins",563,5
8bce0b45-6701-45b4-8908-cf16f2933252,MED-13926,"Vokam","Vokam (األوجبع)","Diclofenac Potassium","",tablet,حبة,شريط,10,"Y.S.P.","Malaysia","Non-Steroidal Anti- Analgesic يهذئبد",563,6
120defd3-6062-41cd-8c02-d4a814cf29ca,MED-13927,"Voldic-K","Voldic-K (األوجبع)","Diclofenac Potassium tablet 50 mg .","50 mg",tablet,حبة,شريط,20,"PHARMA INTERNATIO NAL","Jordan","Non-Steroidal Anti- Analgesic يهذئبد",563,7
e0a7f3b0-6c56-4265-866e-7d3114ad4ed5,MED-13928,"Volna-k","Volna-k (األوجبع)","Diclofenac Potassium","",tablet,حبة,شريط,10,"STANDARD CHEM","China","Non-Steroidal Anti- Analgesic يهذئبد",564,1
1df2572b-9633-4e83-8948-a7f691b0c91a,MED-13929,"Voltack 25 mg","Voltack 25 mg (األوجبع)","Diclofenac Sodium","25 mg",tablet,حبة,شريط,20,"BIOPHARM","Yemen","NSAID Analgesic يهذئبد",564,2
398292f8-9a24-4e1a-8527-5dfb919137cc,MED-13930,"Voltack 50 mg","Voltack 50 mg (األوجبع)","Diclofenac Sodium","50 mg",tablet,حبة,شريط,20,"Y.E.PHARMA","Yemen","NSAID Analgesic يهذئبد",564,3
31db0f50-2b33-4e84-87ea-b823363fff2f,MED-13931,"Voltages","Voltages (األوجبع)","Diclofenac","",injection,أمبولة,باكت,1,"Unknown","Unknown","Non-Steroidal Anti- Analgesic يهذئبد",564,4
775db636-d6c3-4371-86e3-de430c99dc23,MED-13932,"Voltagesic - 50","Voltagesic - 50 (األوجبع)","Diclofenac Sodium tablet 50 mg .","50 mg",tablet,حبة,شريط,20,"ALPHA","Syria","Nonsteroidal Anti- Analgesic يهذئبد",564,5
6e6d50e7-1d10-4144-8f63-44f86823c7d2,MED-13933,"Voltaren","Voltaren (األوجبع)","Diclofenac Sodium 1 % gel .","1 %",ointment,أنبوب,علبة,1,"NOARTIS","Switzerland","Nonsteroidal Anti- Analgesic يهذئبد",564,6
f4329715-23ec-40d9-891f-57c528f2b38e,MED-13934,"Voltaren","Voltaren (األوجبع)","Diclofenac Sodium ampoule 75 mg / 3 ml .","75 mg / 3 ml",injection,أمبولة,باكت,5,"NOARTIS","Switzerland","Nonsteroidal Anti- Analgesic يهذئبد",564,7
5106d5ad-909d-458a-88c6-81b18a82800d,MED-13935,"Voltaren 100 mg","Voltaren 100 mg (األوجبع)","Diclofenac Potassium","100 mg",tablet,حبة,شريط,1,"NOVARTIS","Switzerland","Non-Steroidal Anti- Analgesic يهذئبد",565,1
59797ae6-b3f7-4ed2-869e-508542289d3d,MED-13936,"Voltaren D 50","Voltaren D 50 (األوجبع)","Diclofenac Sodium","",tablet,حبة,شريط,20,"NOVARTIS","Switzerland","Non-Steroidal Anti- Analgesic يهذئبد",565,2
9720d3d6-8f7c-4fc4-86f2-16718bf73031,MED-13937,"Voltaren Retard","Voltaren Retard (األوجبع)","Diclofenac Sodium 10 mg","10 mg",tablet,حبة,شريط,10,"NOVARTIS","Switzerland","Non-Steroidal Anti- Analgesic يهذئبد",565,3
23c8f4b4-6d90-4baa-8192-aa85e3224e9b,MED-13938,"Voltaren Retard 100","Voltaren Retard 100 (األوجبع)","Diclofenac Sodium","",tablet,حبة,شريط,10,"NOVARTIS","Switzerland","Non-Steroidal Anti- Analgesic يهذئبد",565,4
2dbcba3f-2c51-441f-8071-a331987a6d97,MED-13939,"Voltaren SR","Voltaren SR (األوجبع)","Diclofenac Sodium tablet 75 mg","75 mg",tablet,حبة,شريط,10,"NOVARTIS","Switzerland","Nonsteroidal Anti- Analgesic يهذئبد",565,5
482fb6c6-92af-4c29-8bf5-60b6f0e006c0,MED-13940,"Voltfast - 50","Voltfast - 50 (األوجبع)","Diclofenac Potassium sachet with powder for oral solution containing 50 mg .","50 mg",other,وحدة,علبة,30,"NOVARTIS","Switzerland","Non-Steroidal Anti- Analgesic يهذئبد",565,6
40189179-6dd1-497a-8223-7b5f15676899,MED-13941,"Voltine","Voltine (األوجبع)","Diclofenac dieyhylamine 1% .","1%",ointment,أنبوب,علبة,30,"Shaphaco","Yemen","NSAID Analgesic يهذئبد",565,7
49b6e926-87d8-4056-897e-cc3673409fca,MED-13942,"Voltine","Voltine (األوجبع)","Diclofenac Potassium 50 mg","50 mg",tablet,حبة,شريط,20,"Shaphaco","Yemen","NSAID Analgesic يهذئبد",566,1
62d3799c-0268-4a11-884e-b27f9a8f313a,MED-13943,"Voltine","Voltine (األوجبع)","Diclofenac Potassium 75 mg / 3 ml","75 mg / 3 ml",injection,أمبولة,باكت,5,"Shaphaco","Yemen","NSAID Analgesic يهذئبد",566,2
24107159-9e88-48b3-8f7d-96c0600c27ef,MED-13944,"Voltine","Voltine (األوجبع)","Diclofenac Potassium 12.5 mg","12.5 mg",other,وحدة,علبة,5,"Shaphaco","Yemen","NSAID Analgesic يهذئبد",566,3
b4e0eef4-f9a7-46a2-808e-4c7ba670edf8,MED-13945,"Vomin","Vomin (vomiting ٌ انغث ٍب وانطشػ)","Meclozine 25 mg + Pyrodixine 50 mg","25 mg",tablet,حبة,شريط,20,"Modern Pharama","Yemen","Gastro Intestinal drugs Nausea and",566,4
a5f4b162-35d5-42e9-8903-5b06e89ce6c7,MED-13947,"Vominore","Vominore (vomiting ٌ انغث ٍب وانطشػ)","Meclozine + Pyrodixine","",tablet,حبة,شريط,20,"JPM","Jordan","Gastro Intestinal drugs Nausea and",566,6
5ab7d941-fa21-40b4-86be-7b15d790fb47,MED-13948,"Vomistop","Vomistop (vomiting ٌ انغث ٍب وانطشػ)","Meclozine 25 mg + Pyrodixine 50 mg","25 mg",capsule,كبسولة,شريط,20,"Shiba pharma","Yemen","Gastro Intestinal drugs Nausea and",566,7
ccdc550a-ed2f-494b-8a34-5ea45940aeb3,MED-13949,"Vomitin","Vomitin (vomiting ٌ انغث ٍب وانطشػ)","metoclopramide","",injection,أمبولة,باكت,10,"NIDA","Thailand","Gastro Intestinal drugs Nausea and",567,1
5e1b965e-ab41-4c25-8ce5-ce71c42c384f,MED-13950,"Voriconazole","Voriconazole (األصبثبد انفطش ٌخ)","Voriconazole 200 mg","200 mg",injection,أمبولة,باكت,1,"Sandoz","Unknown","Antifungals Fungal Infections",567,2
b1f3a2de-8ca0-4a85-8ff6-b442072a6ac4,MED-13951,"Votrex","Votrex (األوجبع)","Diclofenac Sodium ampoule 75 mg / 3 ml .","75 mg / 3 ml",injection,أمبولة,باكت,5,"HIKMA","Jordan","Nonsteroidal Anti- Analgesic يهذئبد",567,3
a8fe429c-f9a8-4943-894e-fc3dfb924ddd,MED-13952,"VOTREX Retard","VOTREX Retard (األوجبع)","Diclofenac Sodium tablet 100 mg","100 mg",tablet,حبة,شريط,10,"HIKMA","Jordan","Nonsteroidal Anti- Analgesic يهذئبد",567,4
27d2005c-2683-49be-8115-43f71778d23e,MED-13953,"VovoNorm 1 mg","VovoNorm 1 mg (أيشاض انغكشي)","Repaglinide 1 mg","1 mg",tablet,حبة,شريط,30,"Novo Nordisk","Denmark","Antidiabetics Diabetes Mellitus",567,5
97ab827c-741e-4db7-8c3c-362bc32a3d41,MED-13954,"Vurdon","Vurdon (األوجبع)","Diclofenac Sodium ampoule 75 mg / 3 ml .","75 mg / 3 ml",injection,أمبولة,باكت,5,"Help pharmaceutical","Unknown","Nonsteroidal Anti- Analgesic يهذئبد",567,6
78770aa7-89ea-4355-8852-226c0cdd6384,MED-13955,"warfa 5 mg","warfa 5 mg (انجهطبد)","warfarin Cardio Vascular sodium 5 mg","5 mg",tablet,حبة,شريط,100,"national company","Unknown","System drugs Thrombosis",567,7
ec71817e-87c5-47d0-8043-672e706e8eb0,MED-13956,"Warfarin 5 mg","Warfarin 5 mg (انجهطبد)","Warfarin Sodium Cardio Vascular 5 mg","5 mg",tablet,حبة,شريط,100,"Unknown","Unknown","System drugs Thrombosis",568,1
15c47d24-29c7-4fec-868e-3c16df6f0ddb,MED-13957,"Warimazol Vag 1%","Warimazol Vag 1% (األنتهبثبد انجذنذ ٌخ)","Clotrimazole 1%","1%",cream,أنبوب,علبة,35,"Walter Ritter","Germany","Antifungals Dermatitis",568,2
c65a9c65-8761-4b85-8e19-6b39b5607900,MED-13958,"Warimazol Vag 200 mg","Warimazol Vag 200 mg","Clotrimazole","200 mg",tablet,حبة,شريط,3,"Unknown","Unknown","Antifungals Vaginal ان ًهجم",568,3
f22c7acb-a7bc-47e1-8623-162fb842f39e,MED-13959,"Warimazole derm 1%","Warimazole derm 1% (األنتهبثبد انجذنذ ٌخ)","Clotrimazole 20 g","1%",cream,أنبوب,علبة,20,"Walter Ritter","Germany","Antifungals Dermatitis",568,4
02c282e3-db2c-4c9f-8785-4e1636af3c06,MED-13960,"Warm-Up","Warm-Up (يشخ ٍبد انؼضالد)","Unknown","",ointment,أنبوب,علبة,1,"Unknown","Unknown","Skin Disorders Muscle relaxation",568,5
e5b3dbf2-c061-4c21-8e16-ea72662660fb,MED-13961,"welcain","welcain (Local انتخذ ٌش ً ان ًىضؼ)","Lidocaine 2% Central Nervous","2%",injection,أمبولة,باكت,50,"SHAPHAR","Unknown","system drugs Anaesthetics",568,6
03de8b25-c695-4fd3-81eb-d44d5d3b3833,MED-13962,"Welcain","Welcain (Local انتخذ ٌش ً ان ًىضؼ)","Lidocaine Central Nervous","",injection,أمبولة,باكت,10,"SHAPHAR","Unknown","system drugs Anaesthetics",568,7
0241834d-181f-4134-8d70-d8e55c204956,MED-13963,"welcynon - 250","welcynon - 250 (ان ُض ٌف)","etamsylate - 250 mg","250 mg",injection,أمبولة,باكت,6,"shaphar","Unknown","Antihaemorrhag es Haemorrhage",569,1
adcd3d62-cb38-4f25-8394-41540b1b6f09,MED-13964,"Welmox 500 mg","Welmox 500 mg (Microbial Infections)","Amoxicillin 500 mg","500 mg",capsule,كبسولة,شريط,10,"CSPC","China","Antibiotics ًٍكشوث ٍخ األصبثبد ان",569,2
097081b3-edf1-4d73-836f-5dc013556b91,MED-13965,"Welpime","Welpime (Infections األصبثبد انجكت ٍش ٌخ)","Cefepime Hydrochloride 500 mg / vial","500 mg",injection,أمبولة,باكت,1,"Unknown","Unknown","Antibacterial Bacterial",569,3
479e9f8a-0c7f-43d9-89cd-841c43a2c015,MED-13966,"Welstan","Welstan (األوجبع)","Mefenamic Acid 500 mg","500 mg",tablet,حبة,شريط,20,"WOM","China","Nonsteroidal Anti- Analgesic يهذئبد",569,4
ec5e0674-965f-4dfd-8bbf-d89f3b47ed4a,MED-13967,"Welstan Forte","Welstan Forte (األوجبع)","Mefenamic Acid","",tablet,حبة,شريط,20,"SHANDONG","China","Nonsteroidal Anti- Analgesic يهذئبد",569,5
76101f0f-1e30-4bc5-89de-fd2c869b1fd6,MED-13968,"Weltac","Weltac (ان ًؼذح)","Ranitidine 150 mg","150 mg",tablet,حبة,شريط,100,"WOM","China","Gastro Intestinal drugs Peptic ulcer لشحخ",569,6
578ec603-c574-4d18-8b10-bd07c1468ece,MED-13969,"WONTIZEM Retard","WONTIZEM Retard (استفبع ضغظ انذو)","Diltiazem Cardio Vascular Hydrochloride","",tablet,حبة,شريط,20,"KGMP","Korea","System drugs Hypertension",569,7
50cd2cb5-2d0f-45f8-8b42-578b79759434,MED-13970,"Xaltec","Xaltec","Levocetirizine","",tablet,حبة,شريط,10,"BORG","Egypt","Antihistamines Allergy انحغبع ٍخ",570,1
947cc257-4acd-4885-85f2-5af5222dbaeb,MED-13971,"xanax 0.25","xanax 0.25 (Insumnea األسق وانمهك)","Alprazolam tablet Central Nervous 0.25 mg","0.25 mg",tablet,حبة,شريط,30,"Pfizer","USA","system drugs Anxiety ,",570,2
868b8c06-1822-461b-8459-446ac3005603,MED-13972,"xanax 0.5","xanax 0.5 (Insumnea األسق وانمهك)","Alprazolam tablet Central Nervous 0.5 mg","0.5 mg",tablet,حبة,شريط,30,"Pfizer","USA","system drugs Anxiety ,",570,3
bdeed9ff-9ba1-477c-8011-fca3d4fbd325,MED-13973,"Xantid","Xantid (ان ًؼذح)","Ranitidine 150 mg","150 mg",tablet,حبة,شريط,100,"ACI Bangladesh","","Gastro Intestinal drugs Peptic ulcer لشحخ",570,4
3dba1ebe-7151-4e00-8ff1-822d03c6669e,MED-13974,"Xefo - 8","Xefo - 8 (األوجبع)","Lornoxicam f . c . tablet 8 mg / tab","8 mg",tablet,حبة,شريط,10,"Nycomed Viena,","Austria","Nonsteroidal Anti- Analgesic يهذئبد",570,5
1416d2bd-c90b-47b6-8fb8-bd4db08b907a,MED-13975,"Xefo - 8","Xefo - 8 (األوجبع)","Lornoxicam vail 8 mg / Vail .","8 mg",injection,أمبولة,باكت,1,"Nycomed Viena,","Austria","Nonsteroidal Anti- Analgesic يهذئبد",570,6
b43bffb3-b9f5-4a4b-8096-3305f546788b,MED-13976,"Xyex","Xyex","Levocetirizine 5 mg / tab","5 mg",tablet,حبة,شريط,20,"Shiba pharma","Yemen","Antihistamines Allergy انحغبع ٍخ",570,7
24e26e0a-6e8c-4ded-8c01-19da766d2070,MED-13977,"Xylo-Comod","Xylo-Comod (َضالد انجشد)","Unknown","",spray,بخة,علبة,1,"URSAPHARM A","Unknown","Respiratory drugs Common Cold",571,1
0503c349-5f82-4f5a-85b1-a7c91ac94ff6,MED-13978,"Xylo-Comod","Xylo-Comod (( E . N . T ) األ َف ٌ وانح ُجشح واألر)","Xylometazoline Hydrochloride","",drops,مل,قطارة,15,"Unknown","Unknown","Respiratory drugs Ear Nose Throat",571,2
96acb97d-5112-43a0-8514-d05cc5d2d3b7,MED-13979,"Xylomet","Xylomet (َضالد انجشد)","Xylometazoline Hydrochloride","",drops,مل,قطارة,15,"Unknown","Unknown","Respiratory drugs Common Cold",571,3
bb897cd0-6066-4e91-80aa-47f8999944da,MED-13980,"Xyzal","Xyzal","Levocetirizine","",tablet,حبة,شريط,30,"UCB","Unknown","Antihistamines Allergy انحغبع ٍخ",571,4
adc33428-3992-42f6-8614-4f32f064ed54,MED-13981,"Yagra 50","Yagra 50 (ي ُشطبد ج ُغ ٍخ)","Sildenafil Citrate 50 mg / tablet","50 mg",tablet,حبة,شريط,4,"Global Pharma","Yemen","Sex Stimulants Sex Stimulants",571,5
4299c1c7-c8d1-4ae8-8cfd-6f89471e3b08,MED-13982,"Yasmin","Yasmin (يىا َغ انح ًم)","drospirenone 3.000 mg -- ethinylestradiol 0.030","3.000 mg",tablet,حبة,شريط,21,"BAYER","Germany","Gynaecology drugs Contraceptives",571,6
c4ecc7af-df73-4c3b-807d-6052f6f36728,MED-13983,"Yedcoflox 500","Yedcoflox 500 (Infections األصبثبد انجكت ٍش ٌخ)","Levofloxacin 500 mg","500 mg",tablet,حبة,شريط,10,"YEDCO","Yemen","Antibacterial Bacterial",571,7
80d7811f-741d-43a7-86bc-b2938c2d9d56,MED-13984,"Yedcomine Adult","Yedcomine Adult (َضالد انجشد)","Diphenhydramin 14 mg + Ammonium chloride 135 mg + Sodium citrate 57 mg + Menthol","14 mg",syrup,مل,قارورة,100,"YEDCO","Yemen","Respiratory drugs Common Cold",572,1
f292389a-541f-4193-8311-87c9e57eedf1,MED-13985,"Yedcomine child","Yedcomine child (َضالد انجشد)","Diphenhydramin+ sodium citrate","",syrup,مل,قارورة,100,"YEDCO","Yemen","Respiratory drugs Common Cold",572,2
fd8513a8-bcdc-4a25-85d8-58ada3a51cb4,MED-13986,"Yedconazole","Yedconazole","Miconazole Nitrate 2 %","2 %",cream,أنبوب,علبة,15,"YEDCO","Yemen","Antifungals Vaginal ان ًهجم",572,3
d67da926-283c-4ece-87a0-badf2fc6ebb7,MED-13987,"Yedcopan","Yedcopan (Spasm ٍ آالو انجط)","Hyoscine- N- Butylbromide","",tablet,حبة,شريط,30,"YEDCO","Yemen","Gastro Intestinal drugs Abdominal",572,4
4d128031-d2ae-4580-8e54-72bfddc9be59,MED-13988,"Yedcotrim","Yedcotrim (Infections األصبثبد انجكت ٍش ٌخ)","Co-trimoxazole","",suspension,مل,قارورة,100,"YEDCO","Yemen","Antibacterial Bacterial",572,5
c78e895f-1733-4708-860a-1dcba7fc3265,MED-13989,"Yedcotrim","Yedcotrim (Infections األصبثبد انجكت ٍش ٌخ)","Co-trimoxazole","",tablet,حبة,شريط,100,"YEDCO","Yemen","Antibacterial Bacterial",572,6
4edc7556-3e09-442a-8940-bf59712e475f,MED-13990,"Yostiretic","Yostiretic (استفبع ضغظ انذو)","Amiloride + Cardio Vascular Hydrochlorothiazi de","",tablet,حبة,شريط,10,"Unknown","Unknown","System drugs Hypertension",572,7
f673cec2-6144-4801-88e0-80dd1719be19,MED-13991,"Youcare","Youcare (Infections األصبثبد انجكت ٍش ٌخ)","Ceftriaxone Sodium 1 gm","1 g",injection,أمبولة,باكت,1,"Youcare","Unknown","Antibacterial Bacterial",573,1
639bb999-4968-46c3-8614-25c4046cad8f,MED-13992,"Z Mox 500","Z Mox 500 (Microbial Infections)","Amoxicillin","",capsule,كبسولة,شريط,10,"Aurobindo","India","Antibiotics ًٍكشوث ٍخ األصبثبد ان",573,2
69d8d3b3-656a-4b9a-809f-0afc3a8ae3eb,MED-13993,"Zaclofen 10","Zaclofen 10 (انفىاق)","Baclofen 10 mg / tab","10 mg",tablet,حبة,شريط,100,"Zahravi","Unknown","Muscle relaxations Hiccup انفهمخ او",573,3
6bb2cae3-e125-4d84-8c0b-39c5e7c7fa2e,MED-13994,"ZADIPHEN","ZADIPHEN (انشؼت انهىائ ٍخ)","Ketotifen Fumarate","",tablet,حبة,شريط,20,"Unknown","Unknown","Respiratory drugs Bronchitis انتهبة",573,4
fb2ee7d5-15ee-428c-8e61-62e65abd1bcb,MED-13995,"Zadiphen","Zadiphen (انشؼت انهىائ ٍخ)","Ketotifen Fumarate","",tablet,حبة,شريط,20,"IBN Al Haytham","Syria","Respiratory drugs Bronchitis انتهبة",573,5
2513dc79-4466-4560-85ff-f68f0139b0eb,MED-13996,"Zaditen Syrup","Zaditen Syrup (انشؼت انهىائ ٍخ)","Ketotifen Fumarate 1 mg / 5 ml","1 mg / 5 ml",syrup,مل,قارورة,100,"NOVARTIS","Switzerland","Respiratory drugs Bronchitis انتهبة",573,6
8be6fcf6-1040-4550-80ae-8abece963159,MED-13997,"Zaditen Tablets","Zaditen Tablets (انشؼت انهىائ ٍخ)","Ketotifen Fumarate 1 mg","1 mg",tablet,حبة,شريط,30,"NOVARTIS","Switzerland","Respiratory drugs Bronchitis انتهبة",573,7
f0b046de-4f70-4118-8877-7850fb74ef8a,MED-13998,"Zaditofin","Zaditofin (انشؼت انهىائ ٍخ)","Ketotifen Fumarate","",tablet,حبة,شريط,20,"Domina","Unknown","Respiratory drugs Bronchitis انتهبة",574,1
daa73ecd-3447-420e-818b-00e247e100a0,MED-13999,"Zadro","Zadro (Infections األصبثبد انجكت ٍش ٌخ)","Cefadroxil 250 mg / 5 ml","250 mg / 5 ml",syrup,مل,قارورة,50,"RFA","Yemen","Antibacterial Bacterial",574,2
56a48cdc-bde3-4664-81b8-aceadd4fa346,MED-14000,"Zadro 500","Zadro 500 (Infections األصبثبد انجكت ٍش ٌخ)","Cefadroxil 500 mg","500 mg",capsule,كبسولة,شريط,10,"RFA","Yemen","Antibacterial Bacterial",574,3
850f4059-1d2d-4f4d-8d17-6adb06134582,MED-14001,"Zafixime","Zafixime (Infections األصبثبد انجكت ٍش ٌخ)","Cefotaxime Sodium 1 gm","1 g",injection,أمبولة,باكت,1,"ZAFA","Pakistan","Antibacterial Bacterial",574,4
1301a147-7ad8-4bcc-8065-5025df08277a,MED-14002,"Zain","Zain (ي ُشطبد ج ُغ ٍخ)","Vardenafil 10 mg","10 mg",tablet,حبة,شريط,4,"Shaphaco","Yemen","Sex Stimulants Sex Stimulants",574,5
ee74ff7c-7625-46d3-867c-0ef1b1f5ba5e,MED-14003,"Zalastin","Zalastin (( E . N . T ) األ َف ٌ وانح ُجشح واألر)","Unknown","",spray,بخة,علبة,1,"Unknown","Unknown","Antihistamines Ear Nose Throat",574,6
67af4525-4e73-4fc0-872f-cacff1692aa5,MED-14004,"Zaldiar","Zaldiar (األوجبع)","Tramadol Hydrochloride","",tablet,حبة,شريط,10,"GRUNENTHA L","Unknown","Opioid analgesics Analgesic يهذئبد",574,7
6b4e3a74-5395-44e6-81b4-8ac9e6518c11,MED-14005,"Zantac 150 mg","Zantac 150 mg (ان ًؼذح)","Ranitidine 150 mg / tablet","150 mg",tablet,حبة,شريط,60,"gsk glaxosmithkline","UK","Gastro Intestinal drugs Peptic ulcer لشحخ",575,1
5bb8aba1-30c9-462b-868d-3a51a2aeeffe,MED-14006,"Zantac 75 mg Tab","Zantac 75 mg Tab (ان ًؼذح)","Ranitidine","75 mg",tablet,حبة,شريط,12,"gsk glaxosmithkline","UK","Gastro Intestinal drugs Peptic ulcer لشحخ",575,2
9d8e4cc0-add5-460f-8d54-472eb74a8780,MED-14007,"Zatin","Zatin (انشؼت انهىائ ٍخ)","Ketotifen Fumarate","",tablet,حبة,شريط,20,"Shiba pharma","Yemen","Respiratory drugs Bronchitis انتهبة",575,3
d925e4b5-3f31-4b28-8251-9bce9153d3b2,MED-14008,"Zatin","Zatin (انشؼت انهىائ ٍخ)","Ketotifen Fumarate","",syrup,مل,قارورة,100,"Shiba pharma","Yemen","Respiratory drugs Bronchitis انتهبة",575,4
0a429763-0b3a-4dba-815e-cb49031ed886,MED-14009,"Zatin Syrup","Zatin Syrup (انشؼت انهىائ ٍخ)","Ketotifen Fumarate","",syrup,مل,قارورة,100,"Shiba pharma","Yemen","Respiratory drugs Bronchitis انتهبة",575,5
bf11f112-b267-48ae-808d-d810ab447125,MED-14010,"Zaxime 400","Zaxime 400 (Infections األصبثبد انجكت ٍش ٌخ)","Cefixime","",capsule,كبسولة,شريط,10,"Unknown","Unknown","Antibacterial Bacterial",575,6
9276c276-bfe4-4119-8345-91f61809e597,MED-14011,"ZEBEN","ZEBEN (ٌ انشبئؼخ انذ ٌذا)","Albendazole","",suspension,مل,قارورة,20,"MEDREICH","Unknown","Anthelmentic Common Worms",575,7
e86bfd5f-1684-4307-8e1d-febf72514a64,MED-14012,"ZEBEN","ZEBEN (ٌ انشبئؼخ انذ ٌذا)","Albendazole","",tablet,حبة,شريط,2,"MEDREICH","Unknown","Anthelmentic Common Worms",576,1
764a1201-a4a9-48ac-8e90-ba5fdb222857,MED-14013,"Zecuf","Zecuf (َضالد انجشد)","Herbal extract","",syrup,مل,قارورة,100,"UNIQUE","India","Respiratory drugs Common Cold",576,2
2156e60b-af45-430b-8eee-7d2267048707,MED-14014,"Zedex 40","Zedex 40 (ان ًؼذح)","Famitidine 40 mg / tablet","40 mg",tablet,حبة,شريط,20,"ALPHA","Syria","Gastro Intestinal drugs Peptic ulcer لشحخ",576,3
686c76fe-ee08-4d26-8bd2-e901cf99f7ee,MED-14015,"Zednad","Zednad (Infections األصبثبد انجكت ٍش ٌخ)","Cefuroxime","",syrup,مل,قارورة,50,"Diamond","Unknown","Antibacterial Bacterial",576,4
385d5762-21f3-471e-8333-ae898b54442e,MED-14016,"Zeffix","Zeffix (Disorders اضطشاثبد انكجذ)","Lamivudine","",tablet,حبة,شريط,28,"GlaxoWellcome","Unknown","Antivirals Hepatic",576,5
5c437134-3606-446c-8b82-d1118589031b,MED-14017,"Zelax - 10","Zelax - 10 (األيشاض انؼمه ٍخ)","Escitalopram Central Nervous tablet 10 mg","10 mg",capsule,كبسولة,شريط,1,"JOSWE","Jordan","system drugs Mental Disorders",576,6
6ecb09bf-f379-4089-8dc9-b76d38ac32c7,MED-14018,"Zelcom","Zelcom (األيغبن)","Lactulose 3.5 mg / 5 ml","3.5 mg / 5 ml",syrup,مل,قارورة,30,"AC Pharma","","Gastro Intestinal drugs Constipation Saudi Arabia",576,7
dc7bab81-440e-40c5-8b8f-2b3266d7423f,MED-14019,"ZELOXIM","ZELOXIM (األوجبع)","meloxicom 7.5 mg / t ablet .","7.5 mg",tablet,حبة,شريط,20,"Bilim","Turkey","Nonsteroidal Anti- Analgesic يهذئبد",577,1
da422c0a-57c7-4c89-8a15-ef0dd07a1129,MED-14020,"ZEMAN SX","ZEMAN SX (Deficiency َمص ف ٍتبي ٍُبد)","magnesium 83.52 mg , zinc 5.58 mg , vit B 6 1.935 mg , L - carnitine L - tartrate 146.8","83.52 mg",capsule,كبسولة,شريط,3,"Mega Lifesciences Pty Ltd.","Unknown","Vitamines and Menirals Vitamins",577,2
de6ed4c1-a251-4184-8a17-3438dfba6fbc,MED-14021,"ZENNAMED 125","ZENNAMED 125 (Infections األصبثبد انجكت ٍش ٌخ)","Cefuroxime 125 mg","125 mg",syrup,مل,قارورة,60,"Medeco labs","Unknown","Antibacterial Bacterial",577,3
341d8718-955d-4d51-8e01-ec2dd39ae09b,MED-14022,"ZENNAMED 250","ZENNAMED 250 (Infections األصبثبد انجكت ٍش ٌخ)","Cefuroxime 250 mg","250 mg",suspension,مل,قارورة,60,"Medeco laps","Unknown","Antibacterial Bacterial",577,4
1621bf45-54f7-4033-8f01-cc0854944e36,MED-14023,"Zenon","Zenon (Infections األصبثبد انجكت ٍش ٌخ)","Cefuroxime 125 mg","125 mg",suspension,مل,قارورة,100,"Unknown","Unknown","Antibacterial Bacterial",577,5
e9763379-20ab-4612-84c4-0b69ff8b2e2b,MED-14024,"zenoril - 10","zenoril - 10 (استفبع ضغظ انذو)","Lisinopril Cardio Vascular","",tablet,حبة,شريط,28,"Unknown","Unknown","System drugs Hypertension",577,6
4add0e2f-541e-432d-83a8-2c1c08a37df7,MED-14025,"ZENTEL","ZENTEL (ٌ انشبئؼخ انذ ٌذا)","Albendazole","",suspension,مل,قارورة,20,"gsk glaxosmithkline","UK","Anthelmentic Common Worms",577,7
0d4e4a37-32e4-4ed9-8f4d-7c9c2d4df2e2,MED-14026,"Zentel","Zentel (ٌ انشبئؼخ انذ ٌذا)","Albendazole 200 mg / tab","200 mg",tablet,حبة,شريط,2,"CIPLA","India","Anthelmentic Common Worms",578,1
56ef3fa0-f45f-43a4-85b6-12c63f4043de,MED-14027,"ZENTIDIN","ZENTIDIN (ان ًؼذح)","Ranitidine 50 mg / 2 ml","50 mg / 2 ml",injection,أمبولة,باكت,10,"CSPC","China","Gastro Intestinal drugs Peptic ulcer لشحخ",578,2
116fc45d-614b-436e-87ec-30c2fb4f6df7,MED-14028,"Zepam - 3","Zepam - 3 (Insumnea األسق وانمهك)","Bromazepam Central Nervous tablet 3 mg","3 mg",tablet,حبة,شريط,20,"Shiba pharma","Yemen","system drugs Anxiety ,",578,3
e5cc58c8-3e2f-4881-812d-52c63ec5d9b7,MED-14029,"Zepid - 3","Zepid - 3 (األيشاض انؼمه ٍخ)","Risperidone Central Nervous tablet 3 mg","3 mg",tablet,حبة,شريط,3,"pil","Unknown","system drugs Mental Disorders",578,4
3db645dc-4fcb-4abb-8a1a-131df1f57359,MED-14030,"Zepitol CR 200","Zepitol CR 200","carbamazepin Central Nervous tablet 200 mg","200 mg",tablet,حبة,شريط,30,"sun","India","system drugs Epilepsy انصشع",578,5
1f5b88a3-0547-48f9-837a-235397c5e827,MED-14031,"Zeptol 200","Zeptol 200","Carbamazepin Central Nervous","",tablet,حبة,شريط,1,"SUN","India","system drugs Epilepsy انصشع",578,6
3cc94fa2-b874-499c-89b3-c1006192ef94,MED-14032,"ZEPTOL CR 200","ZEPTOL CR 200","Carbamazepin Central Nervous","",tablet,حبة,شريط,1,"SUN Pharma","India","system drugs Epilepsy انصشع",578,7
074bc917-e7e2-43a6-8d9e-99476c06ee7f,MED-14033,"Zeptol CR 400","Zeptol CR 400","Carbamazepin Central Nervous Tablet 400 mg","400 mg",tablet,حبة,شريط,30,"sun","India","system drugs Epilepsy انصشع",579,1
6352fa12-9a74-411e-8170-9e173424ab71,MED-14034,"Zertan","Zertan","Cetirizine Hydrochloride 10 mg / 1 ml","10 mg / 1 ml",syrup,مل,قارورة,20,"Shiba pharma","Yemen","Antihistamines Allergy انحغبع ٍخ",579,2
79e1ae1a-f06c-4595-82ad-f3c97fa26133,MED-14035,"Zertan","Zertan","Cetirizine Hydrochloride 5 mg / 5 ml","5 mg / 5 ml",syrup,مل,قارورة,100,"Shiba pharma","Yemen","Antihistamines Allergy انحغبع ٍخ",579,3
52345764-92ed-42d6-883d-e81aabbcf2c3,MED-14036,"Zertan","Zertan","Cetirizine Hydrochloride 10 mg / tab","10 mg",tablet,حبة,شريط,20,"Shiba pharma","Yemen","Antihistamines Allergy انحغبع ٍخ",579,4
07842b12-591d-4850-8672-3f2371437358,MED-14037,"Zespira","Zespira (Asthma انشثى ً انشؼج)","Montelukast Sodium","",tablet,حبة,شريط,28,"Bilim","Turkey","Respiratory drugs Bronchial",579,5
d39ab215-866a-47e4-82f4-74d5b220b4d4,MED-14038,"Zestopril - 10","Zestopril - 10 (استفبع ضغظ انذو)","Lisinopril Cardio Vascular","",tablet,حبة,شريط,20,"Modern Pharama","Yemen","System drugs Hypertension",579,6
0aabaf04-4bd4-4ffe-83a7-00077af4b6f1,MED-14039,"Zestopril - 5","Zestopril - 5 (استفبع ضغظ انذو)","Lisinopril Cardio Vascular","",tablet,حبة,شريط,20,"Modern Pharama","Yemen","System drugs Hypertension",579,7
96f337d9-8da6-4017-8a2c-c7800cb2df93,MED-14040,"Zestoretic - 20","Zestoretic - 20 (استفبع ضغظ انذو)","Lisinopril 20 mg Cardio Vascular","20 mg",tablet,حبة,شريط,28,"ASTRAZENEC A","Unknown","System drugs Hypertension",580,1
e9576e67-551a-402f-8d29-951d44426280,MED-14041,"zestril 10","zestril 10 (استفبع ضغظ انذو)","Lisinopril 10 mg Cardio Vascular","10 mg",tablet,حبة,شريط,28,"ASTRAZENEC A","Unknown","System drugs Hypertension",580,2
dc2fd7a8-2a6d-4e86-804c-f99b18ba9b21,MED-14042,"Zestril 20","Zestril 20 (استفبع ضغظ انذو)","Lisinopril 20 mg Cardio Vascular","20 mg",tablet,حبة,شريط,28,"ASTRAZENEC A","Unknown","System drugs Hypertension",580,3
990789cd-17ad-408d-858d-51830c6bad98,MED-14043,"Zidovudine","Zidovudine (األصبثبد انف ٍشوع ٍخ)","Zidovudine 50 mg / 5 ml","50 mg / 5 ml",syrup,مل,قارورة,240,"NDC","Unknown","Antivirals Viral Infections",580,4
1a129250-8725-4f5e-8b31-123ff1620177,MED-14044,"Zidovudine","Zidovudine (األصبثبد انف ٍشوع ٍخ)","Zidovudine 300 mg","300 mg",tablet,حبة,شريط,60,"NDC","Unknown","Antivirals Viral Infections",580,5
509abd61-96ed-4235-8063-bef4c9f60f4d,MED-14045,"Zimaks Syrup","Zimaks Syrup (Infections األصبثبد انجكت ٍش ٌخ)","Cefixime","",syrup,مل,قارورة,50,"Bilim","Turkey","Antibacterial Bacterial",580,6
c097ac3f-7d42-4795-84d0-f26dce96d924,MED-14046,"Zimaks Tablets","Zimaks Tablets (Infections األصبثبد انجكت ٍش ٌخ)","Cefixime 400 mg","400 mg",tablet,حبة,شريط,1,"Bilim","Turkey","Antibacterial Bacterial",580,7
7558ea9e-da75-45e2-85cf-f0bc97003ae5,MED-14047,"Zimasafe","Zimasafe (Infections األصبثبد انجكت ٍش ٌخ)","Cefixime 400 mg","400 mg",capsule,كبسولة,شريط,1,"Modern Pharama","Yemen","Antibacterial Bacterial",581,1
17350d01-afa4-4bc6-8b7a-613bce4522d9,MED-14048,"Zimasafe","Zimasafe (Infections األصبثبد انجكت ٍش ٌخ)","Cefixime 100 mg / 5 ml","100 mg / 5 ml",suspension,مل,قارورة,60,"Modern Pharama","Yemen","Antibacterial Bacterial",581,2
351e890c-5e66-437d-8004-278d8e5283c4,MED-14049,"Zimasafe","Zimasafe (Infections األصبثبد انجكت ٍش ٌخ)","Cefixime 100 mg / 5 ml","100 mg / 5 ml",suspension,مل,قارورة,30,"Modern Pharama","Yemen","Antibacterial Bacterial",581,3
db631229-da7e-4a22-8ea0-26b84d478ee2,MED-14050,"Zimasafe 200","Zimasafe 200 (Infections األصبثبد انجكت ٍش ٌخ)","Cefixime 200 mg","200 mg",capsule,كبسولة,شريط,8,"Modern Pharama","Yemen","Antibacterial Bacterial",581,4
3c43324e-9e5a-45ba-8d5e-1da2781e6ed3,MED-14051,"ZINAROX","ZINAROX (Infections األصبثبد انجكت ٍش ٌخ)","Cefuroxime 500 mg","500 mg",tablet,حبة,شريط,10,"Global Pharma","Yemen","Antibacterial Bacterial",581,5
2dfe64f3-9aed-4e64-806e-6ed94fa24790,MED-14052,"ZINAROX","ZINAROX (Infections األصبثبد انجكت ٍش ٌخ)","Cefuroxime 250 mg","250 mg",tablet,حبة,شريط,10,"Global Pharma","Yemen","Antibacterial Bacterial",581,6
7cbb73f4-a089-4b85-8176-c5121d0180bb,MED-14053,"Zinaxil","Zinaxil (Infections األصبثبد انجكت ٍش ٌخ)","Cefuroxime 125 mg / 5 ml","125 mg / 5 ml",syrup,مل,قارورة,60,"Modern Pharama","Yemen","Antibacterial Bacterial",581,7
4bc094af-0092-45b3-8c98-a805318bd4f5,MED-14054,"Zinaxil","Zinaxil (Infections األصبثبد انجكت ٍش ٌخ)","Cefuroxime 250 mg","250 mg",tablet,حبة,شريط,10,"Modern Pharama","Yemen","Antibacterial Bacterial",582,1
8894abef-0328-4907-8d30-549cebed2109,MED-14055,"Zinaxil 500","Zinaxil 500 (Infections األصبثبد انجكت ٍش ٌخ)","Cefuroxime 500 mg","500 mg",tablet,حبة,شريط,10,"Modern Pharama","Yemen","Antibacterial Bacterial",582,2
950e6087-f9e9-4788-89ee-4924992fed80,MED-14056,"Zinc Oxide","Zinc Oxide (األنتهبثبد انجذنذ ٌخ)","Zinc Oxide","",ointment,أنبوب,علبة,30,"Shaphaco","Yemen","Health Care Dermatitis",582,3
945757ea-9f09-4565-8cd5-47199ddac3c5,MED-14057,"Zinc Oxide","Zinc Oxide (األنتهبثبد انجذنذ ٌخ)","Zinc Oxide 10 gm + hystatin 100000 i . u / 100 gm","10 g",ointment,أنبوب,علبة,20,"Modern Pharama","Yemen","Health Care Dermatitis",582,4
5e7ea8a3-25e9-4ac7-8bb4-47fb398db3d6,MED-14058,"Zink Sulfate","Zink Sulfate (Deficiency َمص ف ٍتبي ٍُبد)","Zink Sulfate 200 mg","200 mg",tablet,حبة,شريط,90,"Health Aid","Thailand","Vitamines and Menirals Vitamins",582,5
fff65367-65e2-4110-8c74-d8a0e6fcd45e,MED-14059,"Zinnacef","Zinnacef (Infections األصبثبد انجكت ٍش ٌخ)","Cefuroxime 750 mg","750 mg",injection,أمبولة,باكت,1,"GlaxoWellcome","Unknown","Antibacterial Bacterial",582,6
73d3f32d-60c1-4595-8572-bd843967ec0f,MED-14060,"Zinnat - 500 mg","Zinnat - 500 mg (Infections األصبثبد انجكت ٍش ٌخ)","Cefuroxime 500 mg","500 mg",tablet,حبة,شريط,10,"glaxosmithkline","UK","Antibacterial Bacterial",582,7
18c19bd1-88cf-44af-878e-609932dcaa1c,MED-14061,"Zinnat 250 mg","Zinnat 250 mg (Infections األصبثبد انجكت ٍش ٌخ)","Cefuroxime 250 mg / tab","250 mg",tablet,حبة,شريط,1,"gsk glaxosmithkline","UK","Antibacterial Bacterial",583,1
1146561b-2c5a-45f9-8a8f-2df64bde381d,MED-14062,"Zinnat Suspension","Zinnat Suspension (Infections األصبثبد انجكت ٍش ٌخ)","Cefuroxime 250 mg / 5 ml","250 mg / 5 ml",suspension,مل,قارورة,1,"gsk glaxosmithkline","UK","Antibacterial Bacterial",583,2
0c503682-f03c-465c-835b-25fd22e6c4c7,MED-14063,"Zinnat syrup","Zinnat syrup (Infections األصبثبد انجكت ٍش ٌخ)","Cefuroxime","",suspension,مل,قارورة,125,"gsk glaxosmithkline","UK","Antibacterial Bacterial",583,3
b6938b04-20a3-4108-8194-131e4c56e041,MED-14064,"Zinoximor","Zinoximor (Infections األصبثبد انجكت ٍش ٌخ)","Cefuroxime 250 mg / tab","250 mg",tablet,حبة,شريط,2,"Tabuk pharma","","Antibacterial Bacterial Saudi Arabia",583,4
36f07265-2982-4a01-891e-1626844ee7d9,MED-14065,"ZISROCIN","ZISROCIN (Microbial Infections)","Azithromycin 100 mg / 5 ml","100 mg / 5 ml",syrup,مل,قارورة,30,"EGYPHAR","Egypt","Antibiotics ًٍكشوث ٍخ األصبثبد ان",583,5
30632fcc-9f6d-48ea-80ef-85d2430efd5d,MED-14066,"Zithrokan","Zithrokan (Microbial Infections)","Azithromycin 200 mg / 5 ml","200 mg / 5 ml",suspension,مل,قارورة,15,"Unknown","Unknown","Antibiotics ًٍكشوث ٍخ األصبثبد ان",583,6
322c440d-4840-43c3-8cdc-45e3f6c98122,MED-14067,"Zithrokan","Zithrokan (Microbial Infections)","Azithromycin 500 mg","500 mg",capsule,كبسولة,شريط,1,"Hikma","Jordan","Antibiotics ًٍكشوث ٍخ األصبثبد ان",583,7
4ce7a355-57dd-4e63-8169-0dfcc12f855e,MED-14068,"Zithrokan Syrup","Zithrokan Syrup (Microbial Infections)","200 mg Azithromycin / 5 ml","200 mg",syrup,مل,قارورة,15,"Hikma","Jordan","Antibiotics ًٍكشوث ٍخ األصبثبد ان",584,1
df83c27c-a81e-4fad-8dd7-6e1af06e01e4,MED-14069,"Zithromax","Zithromax (Microbial Infections)","300 mg / 7.5 ml","300 mg / 7.5 ml",suspension,مل,قارورة,5,"Pfizer","USA","Antibiotics ًٍكشوث ٍخ األصبثبد ان",584,2
76977416-2bee-4997-8a8e-72f6ed6165cc,MED-14070,"Zithromax 250","Zithromax 250 (Microbial Infections)","250 mg","250 mg",capsule,كبسولة,شريط,6,"Pfizer","USA","Antibiotics ًٍكشوث ٍخ األصبثبد ان",584,3
905fd7b6-f0f2-4983-8e36-48d86b69412b,MED-14071,"ZITHROX","ZITHROX (Microbial Infections)","Azithromycin 200 mg / 5 nl","200 mg",suspension,مل,قارورة,15,"Shiba pharma","Yemen","Antibiotics ًٍكشوث ٍخ األصبثبد ان",584,4
6f08a47c-8c3d-465a-83ee-dec98f707a4a,MED-14072,"ZITHROX","ZITHROX (Microbial Infections)","Azithromycin 250 mg / cap","250 mg",capsule,كبسولة,شريط,6,"Shiba pharma","Yemen","Antibiotics ًٍكشوث ٍخ األصبثبد ان",584,5
af3415fd-ee4c-4f10-8d96-3d914a6b4b6a,MED-14073,"ZITHROX","ZITHROX (Microbial Infections)","Azithromycin 500 mg / tab","500 mg",tablet,حبة,شريط,3,"Shiba pharma","Yemen","Antibiotics ًٍكشوث ٍخ األصبثبد ان",584,6
35ecedf0-6c9b-4f6f-82dc-f95e5ad0a6df,MED-14074,"ZOCOR 40 mg","ZOCOR 40 mg (ً انذو ٌ ف ص ٌبدح انذهى)","Simvastatin Cardio Vascular","40 mg",tablet,حبة,شريط,30,"MSD","USA","System drugs Hyperlipidaemias",584,7
a7abd8c6-9004-4bbe-8181-305473827a6c,MED-14075,"ZODIXAM","ZODIXAM (األوجبع)","Meloxicam tablet 7.5 mg .","7.5 mg",tablet,حبة,شريط,20,"OUBARY PHARMA","Syria","Non-Steroidal Anti- Analgesic يهذئبد",585,1
d0255df9-6ab1-40cd-8cba-163a67adbbf7,MED-14076,"ZODIXAM Forte","ZODIXAM Forte (األوجبع)","Meloxicam tablet 15 mg .","15 mg",tablet,حبة,شريط,20,"OUBARY PHARMA","Syria","Nonsteroidal Anti- Analgesic يهذئبد",585,2
886cc35f-baf1-45a0-8708-65810815e1a3,MED-14077,"Zokacef","Zokacef (Infections األصبثبد انجكت ٍش ٌخ)","Ceftriaxone Sodium","",tablet,حبة,شريط,10,"Hammi","Unknown","Antibacterial Bacterial",585,3
4baac311-f960-476a-8477-27da97eafe5e,MED-14078,"Zolam - 0.25","Zolam - 0.25 (Insumnea األسق وانمهك)","Alprazolam tablet Central Nervous 0.25 mg","0.25 mg",tablet,حبة,شريط,30,"RAM PHARMA","Jordan","system drugs Anxiety ,",585,4
951d22f7-7a47-46fe-8e59-1bb7491e6fcf,MED-14079,"Zolam - 0.5","Zolam - 0.5 (Insumnea األسق وانمهك)","Alprazolam tablet Central Nervous 0.5 mg","0.5 mg",tablet,حبة,شريط,30,"RAM PHARMA","Jordan","system drugs Anxiety ,",585,5
38d3b6ba-2262-47d6-8420-2542462d4185,MED-14080,"Zollipak","Zollipak (ان ًؼذح)","Lansoprazole 30 mg","30 mg",capsule,كبسولة,شريط,10,"SEDICO","Egypt","Gastro Intestinal drugs Peptic ulcer لشحخ",585,6
26ef68e4-acb0-426b-88f9-1299c0525fa9,MED-14081,"Zolofet","Zolofet (األيشاض انؼمه ٍخ)","Sertraline tablet Central Nervous 50 mg","50 mg",tablet,حبة,شريط,15,"pfizer","USA","system drugs Mental Disorders",585,7
57ae8b34-389f-4346-88a5-f8ed9a705a32,MED-14082,"Zosert - 50","Zosert - 50 (األيشاض انؼمه ٍخ)","Sertraline tablet Central Nervous 50 mg","50 mg",tablet,حبة,شريط,30,"SUN","India","system drugs Mental Disorders",586,1
ff467d39-12af-4ab7-8909-fa34f9437ae9,MED-14083,"Zovirax","Zovirax (األصبثبد انف ٍشوع ٍخ)","Acyclovir 200 mg","200 mg",tablet,حبة,شريط,4,"Unknown","Unknown","Antivirals Viral Infections",586,2
fba74fee-cb32-43f5-8b99-905afdad4872,MED-14084,"Zovirax cream","Zovirax cream (األصبثبد انف ٍشوع ٍخ)","Acyclovir cream 5% w / w","5%",cream,أنبوب,علبة,2,"gsk glaxosmithkline","UK","Antivirals Viral Infections",586,3
40456871-4b6c-4025-89ea-1edbcd6ddb91,MED-14085,"Ztrax 400","Ztrax 400 (ٌ انشبئؼخ انذ ٌذا)","Albendazole 400 mg / tab","400 mg",tablet,حبة,شريط,1,"STADA","","Anthelmentic Common Worms",586,4
906a4370-b563-4c83-8cd5-435861f6dd68,MED-14086,"ZWAG","ZWAG (ي ُشطبد ج ُغ ٍخ)","Sildenafil Citrate 50 mg","50 mg",tablet,حبة,شريط,4,"Shaphaco","Yemen","Sex Stimulants Sex Stimulants",586,5
b30970d6-f7d4-4c6c-8133-0e6757e28e80,MED-14087,"ZWAGRA","ZWAGRA (ي ُشطبد ج ُغ ٍخ)","Sildenafil Citrate 25 mg","25 mg",tablet,حبة,شريط,10,"Shaphaco","Yemen","Sex Stimulants Sex Stimulants",586,6
79291d7b-371d-4c39-8d94-e795fddb6919,MED-14088,"ZWAGRA","ZWAGRA (ي ُشطبد ج ُغ ٍخ)","Sildenafil Citrate 50 mg","50 mg",tablet,حبة,شريط,2,"Shaphaco","Yemen","Sex Stimulants Sex Stimulants",586,7
c46c4849-9941-456c-809d-3cf102787c19,MED-14089,"ZYCAL","ZYCAL (انتهبثبد انؼظبو)","Calcum , Vit - D 3 , M inerals","",tablet,حبة,شريط,30,"ZYNOVA","Unknown","Vitamines and Menirals Osteoarthritis",587,1
69f425fe-b7e3-43fa-8815-60a3da7d251f,MED-14090,"Zyllt 75 mg","Zyllt 75 mg (انجهطبد)","Clopidogrel 75 mg Cardio Vascular","75 mg",tablet,حبة,شريط,28,"KRKA","India","System drugs Thrombosis",587,2
72b7a916-fcc4-4172-85ac-2cf835ab14f4,MED-14091,"Zyloric","Zyloric","allopurinol 100 mg","100 mg",tablet,حبة,شريط,50,"aspen","Ireland","Hyperuricaemia Gout ان ُمشط",587,3
d3d423fe-9aee-49f5-811a-43e1e104d0e9,MED-14092,"Zymogen Forte","Zymogen Forte (انهضى)","Pepsin + analase 50 00 IU + Lipase 800 mg + protease 500 IU + ox bile 20 mg + hemicelluose","00 IU",tablet,حبة,شريط,20,"NILE CO.","Egypt","Gastro Intestinal drugs Indigestion عىء",587,4
2e7e8df2-a6da-4a66-80d3-09271e7b83b3,MED-14093,"Zyracin","Zyracin","Cetirizine Hydrochloride 10 mg","10 mg",tablet,حبة,شريط,20,"Global Pharma","Yemen","Antihistamines Allergy انحغبع ٍخ",587,5
4294d4ab-4791-4202-8f96-f551697874d8,MED-14094,"Zyracin","Zyracin","Cetirizine Hydrochloride 5 mg / 5 ml","5 mg / 5 ml",syrup,مل,قارورة,60,"Global Pharma","Yemen","Antihistamines Allergy انحغبع ٍخ",587,6
fd30378d-bd4f-4013-8b02-4409db3a65ff,MED-14095,"بذوى اسن حجبسي","بذوى اسن حجبسي (General انتخذ ٌش انؼبو)","Atracurium Central Nervous Besilate","",other,وحدة,علبة,1,"Unknown","Unknown","system drugs Anaesthetics",587,7
3977159c-82a5-42a6-8065-be8fcc2f3ed1,MED-14096,"س ٍذاالك","س ٍذاالك (األيغبن)","Lactulose","",syrup,مل,قارورة,120,"Unknown","Unknown","Gastro Intestinal drugs Constipation",588,1
cd73798b-b638-4ef6-8b5c-ce9d5e0f9b41,MED-14097,"س ٌٍب و ٌج","س ٌٍب و ٌج (َضالد انجشد)","Herbal extract","",syrup,مل,قارورة,120,"Sina Pharma","Unknown","Respiratory drugs Common Cold",588,2
35486e3a-42ab-42ed-8c71-b45f3c118629,MED-14098,"ل ٍىكبئ ٍي","ل ٍىكبئ ٍي (Local انتخذ ٌش ً ان ًىضؼ)","Lidocaine 10 gm Central Nervous + Cetrimide 0.07 gm / 100 ml","10 g",spray,بخة,علبة,100,"Unknown","Unknown","system drugs Anaesthetics",588,3
fc98a9a2-fef9-4e8b-8b52-40bd62b28a2f,MED-14099,"T ه ٍذاس ٍي","T ه ٍذاس ٍي (Infections ًٍكشوثبد انالهىائ ٍخ ان)","Clindamycin","",syrup,مل,قارورة,30,"Unknown","Unknown","Antibiotics Anaerobic",588,4
44c6684c-0c03-4d4f-8b2b-dfc63374ed63,MED-14100,"ًٍىهىكس","ًٍىهىكس (Microbial Infections)","Amoxicillin*","",capsule,كبسولة,شريط,10,"Neo pharma","Unknown","Antibiotics ًٍكشوث ٍخ األصبثبد ان",588,5
2ff249cd-3a2e-4a39-8dc6-565c2147069f,MED-14101,"ه ٍبىصاس","ه ٍبىصاس (استفبع ضغظ انذو)","Losartan Cardio Vascular potassium 50 mg","50 mg",other,وحدة,علبة,20,"Unknown","Syria","System drugs Hypertension",588,6